run,fit1,node1,fit2,node2
1,5671203,-1.47978_4.48991_2.50000_1.50504_-3.46957,3438002,-2.50210_-0.50660_3.48439_-0.50660_-3.49986
1,3438002,-2.50210_-0.50660_3.48439_-0.50660_-3.49986,2994558,-3.49986_0.49115_1.48890_0.49115_-2.50210
1,2994558,-3.49986_0.49115_1.48890_0.49115_-2.50210,2689740,-3.49986_-0.50660_1.48890_0.49115_-2.50211
1,2689740,-3.49986_-0.50660_1.48890_0.49115_-2.50211,1902725,-1.50435_-1.50435_0.49115_-0.50660_-3.49986
1,1902725,-1.50435_-1.50435_0.49115_-0.50660_-3.49986,1814036,-1.50435_-2.50211_-0.50660_0.49115_-2.50210
1,1814036,-1.50435_-2.50211_-0.50660_0.49115_-2.50210,1814036,0.49115_-2.50211_-2.50210_-0.50660_-1.50435
1,1814036,0.49115_-2.50211_-2.50210_-0.50660_-1.50435,1775285,-0.50660_-2.50210_-3.49986_0.49115_-1.50435
1,1775285,-0.50660_-2.50210_-3.49986_0.49115_-1.50435,1254337,-1.50435_-1.50435_-3.49986_-0.50660_-2.50210
1,1254337,-1.50435_-1.50435_-3.49986_-0.50660_-2.50210,1176835,-0.50660_-2.50210_-4.49761_-1.50435_-2.50210
1,1176835,-0.50660_-2.50210_-4.49761_-1.50435_-2.50210,1126896,-1.50435_-3.49986_-2.50211_-2.50211_-0.50660
1,1126896,-1.50435_-3.49986_-2.50211_-2.50211_-0.50660,910767,-1.50435_-2.50210_-3.49986_-2.50211_-1.50435
1,910767,-1.50435_-2.50210_-3.49986_-2.50211_-1.50435,744576,-1.50435_-2.50210_-3.49986_-3.49986_-2.50210
1,744576,-1.50435_-2.50210_-3.49986_-3.49986_-2.50210,667073,-2.50210_-2.50210_-3.49986_-4.49761_-2.50211
1,667073,-2.50210_-2.50210_-3.49986_-4.49761_-2.50211,628322,-2.50211_-2.50211_-3.49986_-4.49761_-3.49986
1,628322,-2.50211_-2.50211_-3.49986_-4.49761_-3.49986,589571,-3.49986_-2.50210_-3.49986_-4.49761_-3.49986
1,589571,-3.49986_-2.50210_-3.49986_-4.49761_-3.49986,578384,-2.50210_-2.50210_-3.49986_-3.49986_-3.49986
1,578384,-2.50210_-2.50210_-3.49986_-3.49986_-3.49986,578384,-2.50210_-2.50210_-3.49986_-3.49986_-3.49986
1,578384,-2.50210_-2.50210_-3.49986_-3.49986_-3.49986,578384,-2.50210_-3.49986_-3.49986_-2.50210_-3.49986
1,578384,-2.50210_-3.49986_-3.49986_-2.50210_-3.49986,578384,-2.50210_-3.49986_-3.49986_-2.50210_-3.49986
1,578384,-2.50210_-3.49986_-3.49986_-2.50210_-3.49986,578384,-2.50210_-3.49986_-3.49986_-2.50210_-3.49986
1,578384,-2.50210_-3.49986_-3.49986_-2.50210_-3.49986,578384,-3.49986_-3.49986_-3.49986_-2.50210_-2.50210
1,578384,-3.49986_-3.49986_-3.49986_-2.50210_-2.50210,500882,-3.49986_-3.49986_-3.49986_-3.49986_-3.49986
1,500882,-3.49986_-3.49986_-3.49986_-3.49986_-3.49986,500882,-3.49986_-3.49986_-3.49986_-3.49986_-3.49986
1,500882,-3.49986_-3.49986_-3.49986_-3.49986_-3.49986,500882,-3.49986_-3.49986_-3.49986_-3.49986_-3.49986
1,500882,-3.49986_-3.49986_-3.49986_-3.49986_-3.49986,500882,-3.49986_-3.49986_-3.49986_-3.49986_-3.49986
1,500882,-3.49986_-3.49986_-3.49986_-3.49986_-3.49986,500882,-3.49986_-3.49986_-3.49986_-3.49986_-3.49986
1,500882,-3.49986_-3.49986_-3.49986_-3.49986_-3.49986,500882,-3.49986_-3.49986_-3.49986_-3.49986_-3.49986
1,500882,-3.49986_-3.49986_-3.49986_-3.49986_-3.49986,500882,-3.49986_-3.49986_-3.49986_-3.49986_-3.49986
1,500882,-3.49986_-3.49986_-3.49986_-3.49986_-3.49986,500882,-3.49986_-3.49986_-3.49986_-3.49986_-3.49986
1,500882,-3.49986_-3.49986_-3.49986_-3.49986_-3.49986,500882,-3.49986_-3.49986_-3.49986_-3.49986_-3.49986
1,500882,-3.49986_-3.49986_-3.49986_-3.49986_-3.49986,500882,-3.49986_-3.49986_-3.49986_-3.49986_-3.49986
1,500882,-3.49986_-3.49986_-3.49986_-3.49986_-3.49986,500882,-3.49986_-3.49986_-3.49986_-3.49986_-3.49986
1,500882,-3.49986_-3.49986_-3.49986_-3.49986_-3.49986,500882,-3.49986_-3.49986_-3.49986_-3.49986_-3.49986
1,500882,-3.49986_-3.49986_-3.49986_-3.49986_-3.49986,500882,-3.49986_-3.49986_-3.49986_-3.49986_-3.49986
1,500882,-3.49986_-3.49986_-3.49986_-3.49986_-3.49986,500882,-3.49986_-3.49986_-3.49986_-3.49986_-3.49986
1,500882,-3.49986_-3.49986_-3.49986_-3.49986_-3.49986,500882,-3.49986_-3.49986_-3.49986_-3.49986_-3.49986
1,500882,-3.49986_-3.49986_-3.49986_-3.49986_-3.49986,500882,-3.49986_-3.49986_-3.49986_-3.49986_-3.49986
1,500882,-3.49986_-3.49986_-3.49986_-3.49986_-3.49986,500882,-3.49986_-3.49986_-3.49986_-3.49986_-3.49986
1,500882,-3.49986_-3.49986_-3.49986_-3.49986_-3.49986,500882,-3.49986_-3.49986_-3.49986_-3.49986_-3.49986
1,500882,-3.49986_-3.49986_-3.49986_-3.49986_-3.49986,500882,-3.49986_-3.49986_-3.49986_-3.49986_-3.49986
2,3881447,-3.49986_3.48439_1.48891_-1.50435_-3.49986,3349314,-2.50209_2.48666_1.48887_-1.50435_-3.49985
2,3349314,-2.50209_2.48666_1.48887_-1.50435_-3.49985,2878304,-2.50210_2.48665_0.49115_-2.50210_-4.49761
2,2878304,-2.50210_2.48665_0.49115_-2.50210_-4.49761,2573486,-2.50211_2.48665_-0.50660_-2.50210_-4.49761
2,2573486,-2.50211_2.48665_-0.50660_-2.50210_-4.49761,2495984,-3.49986_-0.50660_2.48665_-3.49986_-4.49761
2,2495984,-3.49986_-0.50660_2.48665_-3.49986_-4.49761,2484797,-3.49986_0.49115_1.48890_-1.50435_-4.49761
2,2484797,-3.49986_0.49115_1.48890_-1.50435_-4.49761,1659031,-4.49761_-0.50660_0.49115_-3.49986_-2.50210
2,1659031,-4.49761_-0.50660_0.49115_-3.49986_-2.50210,1647844,-3.49986_-0.50660_0.49115_-2.50210_-2.50210
2,1647844,-3.49986_-0.50660_0.49115_-2.50210_-2.50210,1559155,-3.49986_-1.50435_0.49115_-2.50210_-1.50435
2,1559155,-3.49986_-1.50435_0.49115_-2.50210_-1.50435,1420528,-2.50210_-1.50435_-0.50660_-1.50435_-1.50435
2,1420528,-2.50210_-1.50435_-0.50660_-1.50435_-1.50435,1165648,-2.50210_-2.50210_-1.50435_-2.50210_-0.50660
2,1165648,-2.50210_-2.50210_-1.50435_-2.50210_-0.50660,910767,-3.49986_-2.50210_-1.50435_-2.50210_-1.50435
2,910767,-3.49986_-2.50210_-1.50435_-2.50210_-1.50435,910767,-3.49986_-2.50210_-1.50435_-1.50435_-2.50210
2,910767,-3.49986_-2.50210_-1.50435_-1.50435_-2.50210,744576,-3.49986_-3.49986_-2.50211_-1.50435_-2.50211
2,744576,-3.49986_-3.49986_-2.50211_-1.50435_-2.50211,667073,-4.49761_-3.49986_-2.50211_-2.50210_-2.50211
2,667073,-4.49761_-3.49986_-2.50211_-2.50210_-2.50211,655886,-3.49986_-2.50210_-2.50210_-2.50210_-2.50210
2,655886,-3.49986_-2.50210_-2.50210_-2.50210_-2.50210,655886,-3.49986_-2.50210_-2.50210_-2.50210_-2.50210
2,655886,-3.49986_-2.50210_-2.50210_-2.50210_-2.50210,578384,-3.49986_-3.49986_-2.50210_-3.49986_-2.50210
2,578384,-3.49986_-3.49986_-2.50210_-3.49986_-2.50210,539633,-3.49986_-2.50210_-3.49986_-3.49986_-3.49986
2,539633,-3.49986_-2.50210_-3.49986_-3.49986_-3.49986,539633,-3.49986_-2.50210_-3.49986_-3.49986_-3.49986
2,539633,-3.49986_-2.50210_-3.49986_-3.49986_-3.49986,539633,-3.49986_-3.49986_-3.49986_-3.49986_-2.50210
2,539633,-3.49986_-3.49986_-3.49986_-3.49986_-2.50210,500882,-3.49986_-3.49986_-3.49986_-3.49986_-3.49986
2,500882,-3.49986_-3.49986_-3.49986_-3.49986_-3.49986,500882,-3.49986_-3.49986_-3.49986_-3.49986_-3.49986
2,500882,-3.49986_-3.49986_-3.49986_-3.49986_-3.49986,500882,-3.49986_-3.49986_-3.49986_-3.49986_-3.49986
2,500882,-3.49986_-3.49986_-3.49986_-3.49986_-3.49986,500882,-3.49986_-3.49986_-3.49986_-3.49986_-3.49986
2,500882,-3.49986_-3.49986_-3.49986_-3.49986_-3.49986,500882,-3.49986_-3.49986_-3.49986_-3.49986_-3.49986
2,500882,-3.49986_-3.49986_-3.49986_-3.49986_-3.49986,500882,-3.49986_-3.49986_-3.49986_-3.49986_-3.49986
2,500882,-3.49986_-3.49986_-3.49986_-3.49986_-3.49986,500882,-3.49986_-3.49986_-3.49986_-3.49986_-3.49986
2,500882,-3.49986_-3.49986_-3.49986_-3.49986_-3.49986,500882,-3.49986_-3.49986_-3.49986_-3.49986_-3.49986
2,500882,-3.49986_-3.49986_-3.49986_-3.49986_-3.49986,500882,-3.49986_-3.49986_-3.49986_-3.49986_-3.49986
2,500882,-3.49986_-3.49986_-3.49986_-3.49986_-3.49986,500882,-3.49986_-3.49986_-3.49986_-3.49986_-3.49986
2,500882,-3.49986_-3.49986_-3.49986_-3.49986_-3.49986,500882,-3.49986_-3.49986_-3.49986_-3.49986_-3.49986
2,500882,-3.49986_-3.49986_-3.49986_-3.49986_-3.49986,500882,-3.49986_-3.49986_-3.49986_-3.49986_-3.49986
2,500882,-3.49986_-3.49986_-3.49986_-3.49986_-3.49986,500882,-3.49986_-3.49986_-3.49986_-3.49986_-3.49986
2,500882,-3.49986_-3.49986_-3.49986_-3.49986_-3.49986,500882,-3.49986_-3.49986_-3.49986_-3.49986_-3.49986
2,500882,-3.49986_-3.49986_-3.49986_-3.49986_-3.49986,500882,-3.49986_-3.49986_-3.49986_-3.49986_-3.49986
2,500882,-3.49986_-3.49986_-3.49986_-3.49986_-3.49986,500882,-3.49986_-3.49986_-3.49986_-3.49986_-3.49986
2,500882,-3.49986_-3.49986_-3.49986_-3.49986_-3.49986,500882,-3.49986_-3.49986_-3.49986_-3.49986_-3.49986
3,1790922,2.50000_0.51009_1.50504_0.51009_-0.48486,696471,3.49496_2.50000_0.51009_1.50504_1.50504
3,696471,3.49496_2.50000_0.51009_1.50504_1.50504,596975,2.50000_1.50504_0.51009_1.50504_2.50000
3,596975,2.50000_1.50504_0.51009_1.50504_2.50000,596975,2.50000_1.50504_0.51009_1.50504_2.50000
3,596975,2.50000_1.50504_0.51009_1.50504_2.50000,198992,1.50504_2.50000_1.50504_2.50000_2.50000
3,198992,1.50504_2.50000_1.50504_2.50000_2.50000,99496,2.50000_1.50504_2.50000_2.50000_2.50000
3,99496,2.50000_1.50504_2.50000_2.50000_2.50000,99496,2.50000_1.50504_2.50000_2.50000_2.50000
3,99496,2.50000_1.50504_2.50000_2.50000_2.50000,0,2.50000_2.50000_2.50000_2.50000_2.50000
3,0,2.50000_2.50000_2.50000_2.50000_2.50000,0,2.50000_2.50000_2.50000_2.50000_2.50000
3,0,2.50000_2.50000_2.50000_2.50000_2.50000,0,2.50000_2.50000_2.50000_2.50000_2.50000
3,0,2.50000_2.50000_2.50000_2.50000_2.50000,0,2.50000_2.50000_2.50000_2.50000_2.50000
3,0,2.50000_2.50000_2.50000_2.50000_2.50000,0,2.50000_2.50000_2.50000_2.50000_2.50000
3,0,2.50000_2.50000_2.50000_2.50000_2.50000,0,2.50000_2.50000_2.50000_2.50000_2.50000
3,0,2.50000_2.50000_2.50000_2.50000_2.50000,0,2.50000_2.50000_2.50000_2.50000_2.50000
3,0,2.50000_2.50000_2.50000_2.50000_2.50000,0,2.50000_2.50000_2.50000_2.50000_2.50000
3,0,2.50000_2.50000_2.50000_2.50000_2.50000,0,2.50000_2.50000_2.50000_2.50000_2.50000
3,0,2.50000_2.50000_2.50000_2.50000_2.50000,0,2.50000_2.50000_2.50000_2.50000_2.50000
3,0,2.50000_2.50000_2.50000_2.50000_2.50000,0,2.50000_2.50000_2.50000_2.50000_2.50000
3,0,2.50000_2.50000_2.50000_2.50000_2.50000,0,2.50000_2.50000_2.50000_2.50000_2.50000
3,0,2.50000_2.50000_2.50000_2.50000_2.50000,0,2.50000_2.50000_2.50000_2.50000_2.50000
3,0,2.50000_2.50000_2.50000_2.50000_2.50000,0,2.50000_2.50000_2.50000_2.50000_2.50000
3,0,2.50000_2.50000_2.50000_2.50000_2.50000,0,2.50000_2.50000_2.50000_2.50000_2.50000
3,0,2.50000_2.50000_2.50000_2.50000_2.50000,0,2.50000_2.50000_2.50000_2.50000_2.50000
3,0,2.50000_2.50000_2.50000_2.50000_2.50000,0,2.50000_2.50000_2.50000_2.50000_2.50000
3,0,2.50000_2.50000_2.50000_2.50000_2.50000,0,2.50000_2.50000_2.50000_2.50000_2.50000
3,0,2.50000_2.50000_2.50000_2.50000_2.50000,0,2.50000_2.50000_2.50000_2.50000_2.50000
3,0,2.50000_2.50000_2.50000_2.50000_2.50000,0,2.50000_2.50000_2.50000_2.50000_2.50000
3,0,2.50000_2.50000_2.50000_2.50000_2.50000,0,2.50000_2.50000_2.50000_2.50000_2.50000
3,0,2.50000_2.50000_2.50000_2.50000_2.50000,0,2.50000_2.50000_2.50000_2.50000_2.50000
4,3426817,0.49112_-2.50210_-2.50210_1.48889_1.48891,2867117,-0.50660_-2.50211_-3.49986_-0.50660_2.48665
4,2867117,-0.50660_-2.50211_-3.49986_-0.50660_2.48665,497480,3.49496_1.50504_1.50504_3.49496_3.49496
4,497480,3.49496_1.50504_1.50504_3.49496_3.49496,397984,3.49496_1.50504_1.50504_3.49496_2.50000
4,397984,3.49496_1.50504_1.50504_3.49496_2.50000,198992,3.49496_2.50000_2.50000_3.49496_2.50000
4,198992,3.49496_2.50000_2.50000_3.49496_2.50000,198992,3.49496_2.50000_3.49496_2.50000_2.50000
4,198992,3.49496_2.50000_3.49496_2.50000_2.50000,99496,3.49496_2.50000_2.50000_2.50000_2.50000
4,99496,3.49496_2.50000_2.50000_2.50000_2.50000,99496,2.50000_2.50000_2.50000_2.50000_1.50504
4,99496,2.50000_2.50000_2.50000_2.50000_1.50504,0,2.50000_2.50000_2.50000_2.50000_2.50000
4,0,2.50000_2.50000_2.50000_2.50000_2.50000,0,2.50000_2.50000_2.50000_2.50000_2.50000
4,0,2.50000_2.50000_2.50000_2.50000_2.50000,0,2.50000_2.50000_2.50000_2.50000_2.50000
4,0,2.50000_2.50000_2.50000_2.50000_2.50000,0,2.50000_2.50000_2.50000_2.50000_2.50000
4,0,2.50000_2.50000_2.50000_2.50000_2.50000,0,2.50000_2.50000_2.50000_2.50000_2.50000
4,0,2.50000_2.50000_2.50000_2.50000_2.50000,0,2.50000_2.50000_2.50000_2.50000_2.50000
4,0,2.50000_2.50000_2.50000_2.50000_2.50000,0,2.50000_2.50000_2.50000_2.50000_2.50000
4,0,2.50000_2.50000_2.50000_2.50000_2.50000,0,2.50000_2.50000_2.50000_2.50000_2.50000
4,0,2.50000_2.50000_2.50000_2.50000_2.50000,0,2.50000_2.50000_2.50000_2.50000_2.50000
4,0,2.50000_2.50000_2.50000_2.50000_2.50000,0,2.50000_2.50000_2.50000_2.50000_2.50000
4,0,2.50000_2.50000_2.50000_2.50000_2.50000,0,2.50000_2.50000_2.50000_2.50000_2.50000
4,0,2.50000_2.50000_2.50000_2.50000_2.50000,0,2.50000_2.50000_2.50000_2.50000_2.50000
4,0,2.50000_2.50000_2.50000_2.50000_2.50000,0,2.50000_2.50000_2.50000_2.50000_2.50000
4,0,2.50000_2.50000_2.50000_2.50000_2.50000,0,2.50000_2.50000_2.50000_2.50000_2.50000
4,0,2.50000_2.50000_2.50000_2.50000_2.50000,0,2.50000_2.50000_2.50000_2.50000_2.50000
4,0,2.50000_2.50000_2.50000_2.50000_2.50000,0,2.50000_2.50000_2.50000_2.50000_2.50000
4,0,2.50000_2.50000_2.50000_2.50000_2.50000,0,2.50000_2.50000_2.50000_2.50000_2.50000
4,0,2.50000_2.50000_2.50000_2.50000_2.50000,0,2.50000_2.50000_2.50000_2.50000_2.50000
4,0,2.50000_2.50000_2.50000_2.50000_2.50000,0,2.50000_2.50000_2.50000_2.50000_2.50000
4,0,2.50000_2.50000_2.50000_2.50000_2.50000,0,2.50000_2.50000_2.50000_2.50000_2.50000
4,0,2.50000_2.50000_2.50000_2.50000_2.50000,0,2.50000_2.50000_2.50000_2.50000_2.50000
4,0,2.50000_2.50000_2.50000_2.50000_2.50000,0,2.50000_2.50000_2.50000_2.50000_2.50000
4,0,2.50000_2.50000_2.50000_2.50000_2.50000,0,2.50000_2.50000_2.50000_2.50000_2.50000
4,0,2.50000_2.50000_2.50000_2.50000_2.50000,0,2.50000_2.50000_2.50000_2.50000_2.50000
5,1790922,2.49999_-0.48486_0.51008_4.48991_1.50504,1293445,3.49496_0.51009_0.51009_4.48991_2.50000
5,1293445,3.49496_0.51009_0.51009_4.48991_2.50000,1094454,4.48991_0.51009_1.50504_3.49496_1.50505
5,1094454,4.48991_0.51009_1.50504_3.49496_1.50505,994958,3.49496_0.51009_2.50000_4.48991_1.50504
5,994958,3.49496_0.51009_2.50000_4.48991_1.50504,994956,2.50000_-0.48486_2.50000_3.49496_2.49999
5,994956,2.50000_-0.48486_2.50000_3.49496_2.49999,497480,3.49496_1.50504_3.49496_3.49496_3.49496
5,497480,3.49496_1.50504_3.49496_3.49496_3.49496,198992,1.50504_2.50000_2.50000_3.49496_2.50000
5,198992,1.50504_2.50000_2.50000_3.49496_2.50000,198992,1.50504_3.49496_2.50000_2.50000_2.50000
5,198992,1.50504_3.49496_2.50000_2.50000_2.50000,198992,1.50504_3.49496_2.50000_2.50000_2.50000
5,198992,1.50504_3.49496_2.50000_2.50000_2.50000,198992,2.50000_3.49496_1.50504_2.50000_2.50000
5,198992,2.50000_3.49496_1.50504_2.50000_2.50000,99496,2.50000_2.50000_1.50504_2.50000_2.50000
5,99496,2.50000_2.50000_1.50504_2.50000_2.50000,99496,2.50000_2.50000_1.50504_2.50000_2.50000
5,99496,2.50000_2.50000_1.50504_2.50000_2.50000,99496,2.50000_2.50000_1.50504_2.50000_2.50000
5,99496,2.50000_2.50000_1.50504_2.50000_2.50000,99496,2.50000_2.50000_1.50504_2.50000_2.50000
5,99496,2.50000_2.50000_1.50504_2.50000_2.50000,99496,2.50000_2.50000_1.50504_2.50000_2.50000
5,99496,2.50000_2.50000_1.50504_2.50000_2.50000,99496,2.50000_2.50000_1.50504_2.50000_2.50000
5,99496,2.50000_2.50000_1.50504_2.50000_2.50000,99496,2.50000_2.50000_1.50504_2.50000_2.50000
5,99496,2.50000_2.50000_1.50504_2.50000_2.50000,0,2.50000_2.50000_2.50000_2.50000_2.50000
5,0,2.50000_2.50000_2.50000_2.50000_2.50000,0,2.50000_2.50000_2.50000_2.50000_2.50000
5,0,2.50000_2.50000_2.50000_2.50000_2.50000,0,2.50000_2.50000_2.50000_2.50000_2.50000
5,0,2.50000_2.50000_2.50000_2.50000_2.50000,0,2.50000_2.50000_2.50000_2.50000_2.50000
5,0,2.50000_2.50000_2.50000_2.50000_2.50000,0,2.50000_2.50000_2.50000_2.50000_2.50000
5,0,2.50000_2.50000_2.50000_2.50000_2.50000,0,2.50000_2.50000_2.50000_2.50000_2.50000
5,0,2.50000_2.50000_2.50000_2.50000_2.50000,0,2.50000_2.50000_2.50000_2.50000_2.50000
5,0,2.50000_2.50000_2.50000_2.50000_2.50000,0,2.50000_2.50000_2.50000_2.50000_2.50000
5,0,2.50000_2.50000_2.50000_2.50000_2.50000,0,2.50000_2.50000_2.50000_2.50000_2.50000
5,0,2.50000_2.50000_2.50000_2.50000_2.50000,0,2.50000_2.50000_2.50000_2.50000_2.50000
5,0,2.50000_2.50000_2.50000_2.50000_2.50000,0,2.50000_2.50000_2.50000_2.50000_2.50000
5,0,2.50000_2.50000_2.50000_2.50000_2.50000,0,2.50000_2.50000_2.50000_2.50000_2.50000
5,0,2.50000_2.50000_2.50000_2.50000_2.50000,0,2.50000_2.50000_2.50000_2.50000_2.50000
5,0,2.50000_2.50000_2.50000_2.50000_2.50000,0,2.50000_2.50000_2.50000_2.50000_2.50000
6,3382847,-0.48486_0.51009_-1.47978_4.48991_3.49496,2785876,-0.48486_-0.48486_-0.48486_3.49496_2.49999
6,2785876,-0.48486_-0.48486_-0.48486_3.49496_2.49999,2586886,-0.48486_-0.48486_0.51009_4.48991_2.50000
6,2586886,-0.48486_-0.48486_0.51009_4.48991_2.50000,2487387,-1.47978_0.51009_0.51009_3.49496_2.50000
6,2487387,-1.47978_0.51009_0.51009_3.49496_2.50000,2387891,-1.47978_0.51009_0.51009_2.50000_2.50000
6,2387891,-1.47978_0.51009_0.51009_2.50000_2.50000,1790922,-0.48486_0.51009_0.51009_2.50000_1.50504
6,1790922,-0.48486_0.51009_0.51009_2.50000_1.50504,1392941,0.51009_0.51009_1.50504_1.50504_0.51009
6,1392941,0.51009_0.51009_1.50504_1.50504_0.51009,994958,1.50504_0.51009_1.50504_2.50000_0.51009
6,994958,1.50504_0.51009_1.50504_2.50000_0.51009,895462,2.50000_0.51009_2.50000_1.50504_0.51009
6,895462,2.50000_0.51009_2.50000_1.50504_0.51009,596975,2.50000_1.50504_1.50504_2.50000_0.51009
6,596975,2.50000_1.50504_1.50504_2.50000_0.51009,397984,1.50504_1.50504_1.50505_2.50000_1.50504
6,397984,1.50504_1.50504_1.50505_2.50000_1.50504,397984,1.50504_2.50000_1.50504_1.50504_1.50504
6,397984,1.50504_2.50000_1.50504_1.50504_1.50504,198992,1.50504_2.50000_1.50504_2.50000_2.50000
6,198992,1.50504_2.50000_1.50504_2.50000_2.50000,198992,1.50504_2.50000_2.50000_2.50000_1.50504
6,198992,1.50504_2.50000_2.50000_2.50000_1.50504,198992,1.50504_2.50000_2.50000_2.50000_1.50504
6,198992,1.50504_2.50000_2.50000_2.50000_1.50504,99496,2.50000_2.50000_2.50000_2.50000_1.50504
6,99496,2.50000_2.50000_2.50000_2.50000_1.50504,0,2.50000_2.50000_2.50000_2.50000_2.50000
6,0,2.50000_2.50000_2.50000_2.50000_2.50000,0,2.50000_2.50000_2.50000_2.50000_2.50000
6,0,2.50000_2.50000_2.50000_2.50000_2.50000,0,2.50000_2.50000_2.50000_2.50000_2.50000
6,0,2.50000_2.50000_2.50000_2.50000_2.50000,0,2.50000_2.50000_2.50000_2.50000_2.50000
6,0,2.50000_2.50000_2.50000_2.50000_2.50000,0,2.50000_2.50000_2.50000_2.50000_2.50000
6,0,2.50000_2.50000_2.50000_2.50000_2.50000,0,2.50000_2.50000_2.50000_2.50000_2.50000
6,0,2.50000_2.50000_2.50000_2.50000_2.50000,0,2.50000_2.50000_2.50000_2.50000_2.50000
6,0,2.50000_2.50000_2.50000_2.50000_2.50000,0,2.50000_2.50000_2.50000_2.50000_2.50000
6,0,2.50000_2.50000_2.50000_2.50000_2.50000,0,2.50000_2.50000_2.50000_2.50000_2.50000
6,0,2.50000_2.50000_2.50000_2.50000_2.50000,0,2.50000_2.50000_2.50000_2.50000_2.50000
6,0,2.50000_2.50000_2.50000_2.50000_2.50000,0,2.50000_2.50000_2.50000_2.50000_2.50000
6,0,2.50000_2.50000_2.50000_2.50000_2.50000,0,2.50000_2.50000_2.50000_2.50000_2.50000
6,0,2.50000_2.50000_2.50000_2.50000_2.50000,0,2.50000_2.50000_2.50000_2.50000_2.50000
6,0,2.50000_2.50000_2.50000_2.50000_2.50000,0,2.50000_2.50000_2.50000_2.50000_2.50000
6,0,2.50000_2.50000_2.50000_2.50000_2.50000,0,2.50000_2.50000_2.50000_2.50000_2.50000
6,0,2.50000_2.50000_2.50000_2.50000_2.50000,0,2.50000_2.50000_2.50000_2.50000_2.50000
6,0,2.50000_2.50000_2.50000_2.50000_2.50000,0,2.50000_2.50000_2.50000_2.50000_2.50000
6,0,2.50000_2.50000_2.50000_2.50000_2.50000,0,2.50000_2.50000_2.50000_2.50000_2.50000
6,0,2.50000_2.50000_2.50000_2.50000_2.50000,0,2.50000_2.50000_2.50000_2.50000_2.50000
6,0,2.50000_2.50000_2.50000_2.50000_2.50000,0,2.50000_2.50000_2.50000_2.50000_2.50000
6,0,2.50000_2.50000_2.50000_2.50000_2.50000,0,2.50000_2.50000_2.50000_2.50000_2.50000
6,0,2.50000_2.50000_2.50000_2.50000_2.50000,0,2.50000_2.50000_2.50000_2.50000_2.50000
6,0,2.50000_2.50000_2.50000_2.50000_2.50000,0,2.50000_2.50000_2.50000_2.50000_2.50000
7,3499124,-3.49986_-1.50435_4.48213_-2.50211_-3.49986,2612237,-1.50435_-0.50660_2.48665_-3.49986_-3.49986
7,2612237,-1.50435_-0.50660_2.48665_-3.49986_-3.49986,2130041,-1.50435_-0.50660_1.48890_-3.49986_-3.49986
7,2130041,-1.50435_-0.50660_1.48890_-3.49986_-3.49986,1786472,0.49115_-1.50435_-0.50660_-3.49986_-4.49761
7,1786472,0.49115_-1.50435_-0.50660_-3.49986_-4.49761,1520404,0.49115_-1.50435_-1.50435_-3.49986_-3.49986
7,1520404,0.49115_-1.50435_-1.50435_-3.49986_-3.49986,1442902,-1.50435_-2.50210_0.49115_-4.49761_-3.49986
7,1442902,-1.50435_-2.50210_0.49115_-4.49761_-3.49986,1404151,-1.50435_-3.49986_0.49115_-4.49761_-3.49986
7,1404151,-1.50435_-3.49986_0.49115_-4.49761_-3.49986,1021830,-2.50210_-4.49761_-0.50660_-4.49761_-3.49986
7,1021830,-2.50210_-4.49761_-0.50660_-4.49761_-3.49986,794514,-3.49986_-4.49761_-2.50210_-2.50211_-1.50435
7,794514,-3.49986_-4.49761_-2.50210_-2.50211_-1.50435,744576,-3.49986_-3.49986_-1.50435_-2.50210_-2.50210
7,744576,-3.49986_-3.49986_-1.50435_-2.50210_-2.50210,717011,-3.49986_-4.49761_-1.50435_-3.49986_-3.49986
7,717011,-3.49986_-4.49761_-1.50435_-3.49986_-3.49986,628322,-3.49986_-4.49761_-2.50211_-2.50211_-3.49986
7,628322,-3.49986_-4.49761_-2.50211_-2.50211_-3.49986,600758,-3.49986_-4.49761_-3.49986_-3.49986_-4.49761
7,600758,-3.49986_-4.49761_-3.49986_-3.49986_-4.49761,600758,-3.49986_-4.49761_-3.49986_-3.49986_-4.49761
7,600758,-3.49986_-4.49761_-3.49986_-3.49986_-4.49761,589571,-2.50210_-3.49986_-3.49986_-4.49761_-3.49986
7,589571,-2.50210_-3.49986_-3.49986_-4.49761_-3.49986,500882,-3.49986_-3.49986_-3.49986_-3.49986_-3.49986
7,500882,-3.49986_-3.49986_-3.49986_-3.49986_-3.49986,500882,-3.49986_-3.49986_-3.49986_-3.49986_-3.49986
7,500882,-3.49986_-3.49986_-3.49986_-3.49986_-3.49986,500882,-3.49986_-3.49986_-3.49986_-3.49986_-3.49986
7,500882,-3.49986_-3.49986_-3.49986_-3.49986_-3.49986,500882,-3.49986_-3.49986_-3.49986_-3.49986_-3.49986
7,500882,-3.49986_-3.49986_-3.49986_-3.49986_-3.49986,500882,-3.49986_-3.49986_-3.49986_-3.49986_-3.49986
7,500882,-3.49986_-3.49986_-3.49986_-3.49986_-3.49986,500882,-3.49986_-3.49986_-3.49986_-3.49986_-3.49986
7,500882,-3.49986_-3.49986_-3.49986_-3.49986_-3.49986,500882,-3.49986_-3.49986_-3.49986_-3.49986_-3.49986
7,500882,-3.49986_-3.49986_-3.49986_-3.49986_-3.49986,500882,-3.49986_-3.49986_-3.49986_-3.49986_-3.49986
7,500882,-3.49986_-3.49986_-3.49986_-3.49986_-3.49986,500882,-3.49986_-3.49986_-3.49986_-3.49986_-3.49986
7,500882,-3.49986_-3.49986_-3.49986_-3.49986_-3.49986,500882,-3.49986_-3.49986_-3.49986_-3.49986_-3.49986
7,500882,-3.49986_-3.49986_-3.49986_-3.49986_-3.49986,500882,-3.49986_-3.49986_-3.49986_-3.49986_-3.49986
7,500882,-3.49986_-3.49986_-3.49986_-3.49986_-3.49986,500882,-3.49986_-3.49986_-3.49986_-3.49986_-3.49986
7,500882,-3.49986_-3.49986_-3.49986_-3.49986_-3.49986,500882,-3.49986_-3.49986_-3.49986_-3.49986_-3.49986
7,500882,-3.49986_-3.49986_-3.49986_-3.49986_-3.49986,500882,-3.49986_-3.49986_-3.49986_-3.49986_-3.49986
8,2396107,-3.49986_-1.50435_2.48665_-3.49986_-1.50435,2307418,-3.49986_-1.50435_2.48665_-2.50210_-2.50211
8,2307418,-3.49986_-1.50435_2.48665_-2.50210_-2.50211,1991414,-0.50660_0.49115_-0.50660_-2.50210_-3.49986
8,1991414,-0.50660_0.49115_-0.50660_-2.50210_-3.49986,1902725,-0.50660_0.49115_-1.50435_-1.50435_-3.49986
8,1902725,-0.50660_0.49115_-1.50435_-1.50435_-3.49986,1775285,-0.50660_0.49115_-2.50211_-1.50435_-3.49986
8,1775285,-0.50660_0.49115_-2.50211_-1.50435_-3.49986,1636658,-2.50210_-0.50660_-1.50435_-0.50660_-1.50435
8,1636658,-2.50210_-0.50660_-1.50435_-0.50660_-1.50435,1547969,-0.50660_-1.50435_-1.50435_-1.50435_-1.50435
8,1547969,-0.50660_-1.50435_-1.50435_-1.50435_-1.50435,1204399,-1.50435_-2.50211_-1.50435_-1.50435_-1.50435
8,1204399,-1.50435_-2.50211_-1.50435_-1.50435_-1.50435,949518,-1.50435_-2.50210_-2.50210_-2.50210_-1.50435
8,949518,-1.50435_-2.50210_-2.50210_-2.50210_-1.50435,872016,-1.50435_-2.50211_-3.49986_-3.49986_-1.50435
8,872016,-1.50435_-2.50211_-3.49986_-3.49986_-1.50435,783327,-2.50210_-2.50211_-3.49986_-1.50435_-2.50210
8,783327,-2.50210_-2.50211_-3.49986_-1.50435_-2.50210,744576,-3.49986_-2.50210_-3.49986_-1.50435_-2.50211
8,744576,-3.49986_-2.50210_-3.49986_-1.50435_-2.50211,705825,-4.49761_-2.50210_-2.50210_-2.50210_-2.50210
8,705825,-4.49761_-2.50210_-2.50210_-2.50210_-2.50210,578384,-3.49986_-2.50210_-2.50210_-3.49986_-3.49986
8,578384,-3.49986_-2.50210_-2.50210_-3.49986_-3.49986,550820,-3.49986_-3.49986_-3.49986_-3.49986_-4.49761
8,550820,-3.49986_-3.49986_-3.49986_-3.49986_-4.49761,539633,-3.49986_-3.49986_-2.50210_-3.49986_-3.49986
8,539633,-3.49986_-3.49986_-2.50210_-3.49986_-3.49986,539633,-3.49986_-3.49986_-2.50210_-3.49986_-3.49986
8,539633,-3.49986_-3.49986_-2.50210_-3.49986_-3.49986,500882,-3.49986_-3.49986_-3.49986_-3.49986_-3.49986
8,500882,-3.49986_-3.49986_-3.49986_-3.49986_-3.49986,500882,-3.49986_-3.49986_-3.49986_-3.49986_-3.49986
8,500882,-3.49986_-3.49986_-3.49986_-3.49986_-3.49986,500882,-3.49986_-3.49986_-3.49986_-3.49986_-3.49986
8,500882,-3.49986_-3.49986_-3.49986_-3.49986_-3.49986,500882,-3.49986_-3.49986_-3.49986_-3.49986_-3.49986
8,500882,-3.49986_-3.49986_-3.49986_-3.49986_-3.49986,500882,-3.49986_-3.49986_-3.49986_-3.49986_-3.49986
8,500882,-3.49986_-3.49986_-3.49986_-3.49986_-3.49986,500882,-3.49986_-3.49986_-3.49986_-3.49986_-3.49986
8,500882,-3.49986_-3.49986_-3.49986_-3.49986_-3.49986,500882,-3.49986_-3.49986_-3.49986_-3.49986_-3.49986
8,500882,-3.49986_-3.49986_-3.49986_-3.49986_-3.49986,500882,-3.49986_-3.49986_-3.49986_-3.49986_-3.49986
8,500882,-3.49986_-3.49986_-3.49986_-3.49986_-3.49986,500882,-3.49986_-3.49986_-3.49986_-3.49986_-3.49986
8,500882,-3.49986_-3.49986_-3.49986_-3.49986_-3.49986,500882,-3.49986_-3.49986_-3.49986_-3.49986_-3.49986
8,500882,-3.49986_-3.49986_-3.49986_-3.49986_-3.49986,500882,-3.49986_-3.49986_-3.49986_-3.49986_-3.49986
8,500882,-3.49986_-3.49986_-3.49986_-3.49986_-3.49986,500882,-3.49986_-3.49986_-3.49986_-3.49986_-3.49986
8,500882,-3.49986_-3.49986_-3.49986_-3.49986_-3.49986,500882,-3.49986_-3.49986_-3.49986_-3.49986_-3.49986
8,500882,-3.49986_-3.49986_-3.49986_-3.49986_-3.49986,500882,-3.49986_-3.49986_-3.49986_-3.49986_-3.49986
8,500882,-3.49986_-3.49986_-3.49986_-3.49986_-3.49986,500882,-3.49986_-3.49986_-3.49986_-3.49986_-3.49986
8,500882,-3.49986_-3.49986_-3.49986_-3.49986_-3.49986,500882,-3.49986_-3.49986_-3.49986_-3.49986_-3.49986
9,2229916,-4.49761_2.48665_-2.50210_-2.50210_-2.50210,2191165,-4.49761_2.48665_-2.50210_-2.50210_-3.49986
9,2191165,-4.49761_2.48665_-2.50210_-2.50210_-3.49986,1836409,-3.49986_1.48890_-2.50210_-1.50435_-4.49761
9,1836409,-3.49986_1.48890_-2.50210_-1.50435_-4.49761,1570342,-1.50435_0.49115_-3.49986_-1.50435_-4.49761
9,1570342,-1.50435_0.49115_-3.49986_-1.50435_-4.49761,1354213,-0.50660_-0.50660_-3.49986_-2.50211_-4.49761
9,1354213,-0.50660_-0.50660_-3.49986_-2.50211_-4.49761,1088145,-1.50435_-0.50660_-3.49986_-2.50210_-3.49986
9,1088145,-1.50435_-0.50660_-3.49986_-2.50210_-3.49986,910767,-2.50210_-1.50435_-3.49986_-2.50211_-1.50435
9,910767,-2.50210_-1.50435_-3.49986_-2.50211_-1.50435,833265,-2.50210_-2.50210_-4.49761_-2.50210_-1.50435
9,833265,-2.50210_-2.50210_-4.49761_-2.50210_-1.50435,667073,-2.50210_-3.49986_-4.49761_-2.50210_-2.50210
9,667073,-2.50210_-3.49986_-4.49761_-2.50210_-2.50210,578384,-3.49986_-2.50210_-3.49986_-2.50210_-3.49986
9,578384,-3.49986_-2.50210_-3.49986_-2.50210_-3.49986,578384,-3.49986_-2.50210_-3.49986_-2.50210_-3.49986
9,578384,-3.49986_-2.50210_-3.49986_-2.50210_-3.49986,578384,-3.49986_-2.50210_-3.49986_-2.50210_-3.49986
9,578384,-3.49986_-2.50210_-3.49986_-2.50210_-3.49986,578384,-3.49986_-3.49986_-3.49986_-2.50210_-2.50210
9,578384,-3.49986_-3.49986_-3.49986_-2.50210_-2.50210,578384,-3.49986_-3.49986_-3.49986_-2.50210_-2.50210
9,578384,-3.49986_-3.49986_-3.49986_-2.50210_-2.50210,550820,-4.49761_-3.49986_-3.49986_-3.49986_-3.49986
9,550820,-4.49761_-3.49986_-3.49986_-3.49986_-3.49986,500882,-3.49986_-3.49986_-3.49986_-3.49986_-3.49986
9,500882,-3.49986_-3.49986_-3.49986_-3.49986_-3.49986,500882,-3.49986_-3.49986_-3.49986_-3.49986_-3.49986
9,500882,-3.49986_-3.49986_-3.49986_-3.49986_-3.49986,500882,-3.49986_-3.49986_-3.49986_-3.49986_-3.49986
9,500882,-3.49986_-3.49986_-3.49986_-3.49986_-3.49986,500882,-3.49986_-3.49986_-3.49986_-3.49986_-3.49986
9,500882,-3.49986_-3.49986_-3.49986_-3.49986_-3.49986,500882,-3.49986_-3.49986_-3.49986_-3.49986_-3.49986
9,500882,-3.49986_-3.49986_-3.49986_-3.49986_-3.49986,500882,-3.49986_-3.49986_-3.49986_-3.49986_-3.49986
9,500882,-3.49986_-3.49986_-3.49986_-3.49986_-3.49986,500882,-3.49986_-3.49986_-3.49986_-3.49986_-3.49986
9,500882,-3.49986_-3.49986_-3.49986_-3.49986_-3.49986,500882,-3.49986_-3.49986_-3.49986_-3.49986_-3.49986
9,500882,-3.49986_-3.49986_-3.49986_-3.49986_-3.49986,500882,-3.49986_-3.49986_-3.49986_-3.49986_-3.49986
9,500882,-3.49986_-3.49986_-3.49986_-3.49986_-3.49986,500882,-3.49986_-3.49986_-3.49986_-3.49986_-3.49986
9,500882,-3.49986_-3.49986_-3.49986_-3.49986_-3.49986,500882,-3.49986_-3.49986_-3.49986_-3.49986_-3.49986
9,500882,-3.49986_-3.49986_-3.49986_-3.49986_-3.49986,500882,-3.49986_-3.49986_-3.49986_-3.49986_-3.49986
9,500882,-3.49986_-3.49986_-3.49986_-3.49986_-3.49986,500882,-3.49986_-3.49986_-3.49986_-3.49986_-3.49986
9,500882,-3.49986_-3.49986_-3.49986_-3.49986_-3.49986,500882,-3.49986_-3.49986_-3.49986_-3.49986_-3.49986
9,500882,-3.49986_-3.49986_-3.49986_-3.49986_-3.49986,500882,-3.49986_-3.49986_-3.49986_-3.49986_-3.49986
10,1126896,-2.50210_-0.50660_-3.49986_-2.50211_-1.50435,833265,-1.50435_-2.50210_-4.49761_-2.50210_-2.50210
10,833265,-1.50435_-2.50210_-4.49761_-2.50210_-2.50210,755763,-1.50435_-2.50211_-4.49761_-3.49986_-3.49986
10,755763,-1.50435_-2.50211_-4.49761_-3.49986_-3.49986,667073,-2.50210_-2.50210_-3.49986_-2.50211_-4.49761
10,667073,-2.50210_-2.50210_-3.49986_-2.50211_-4.49761,578384,-2.50210_-3.49986_-3.49986_-2.50210_-3.49986
10,578384,-2.50210_-3.49986_-3.49986_-2.50210_-3.49986,550820,-3.49986_-4.49761_-3.49986_-3.49986_-3.49986
10,550820,-3.49986_-4.49761_-3.49986_-3.49986_-3.49986,550820,-3.49986_-3.49986_-4.49761_-3.49986_-3.49986
10,550820,-3.49986_-3.49986_-4.49761_-3.49986_-3.49986,550820,-3.49986_-3.49986_-4.49761_-3.49986_-3.49986
10,550820,-3.49986_-3.49986_-4.49761_-3.49986_-3.49986,539633,-3.49986_-3.49986_-3.49986_-3.49986_-2.50210
10,539633,-3.49986_-3.49986_-3.49986_-3.49986_-2.50210,500882,-3.49986_-3.49986_-3.49986_-3.49986_-3.49986
10,500882,-3.49986_-3.49986_-3.49986_-3.49986_-3.49986,500882,-3.49986_-3.49986_-3.49986_-3.49986_-3.49986
10,500882,-3.49986_-3.49986_-3.49986_-3.49986_-3.49986,500882,-3.49986_-3.49986_-3.49986_-3.49986_-3.49986
10,500882,-3.49986_-3.49986_-3.49986_-3.49986_-3.49986,500882,-3.49986_-3.49986_-3.49986_-3.49986_-3.49986
10,500882,-3.49986_-3.49986_-3.49986_-3.49986_-3.49986,500882,-3.49986_-3.49986_-3.49986_-3.49986_-3.49986
10,500882,-3.49986_-3.49986_-3.49986_-3.49986_-3.49986,500882,-3.49986_-3.49986_-3.49986_-3.49986_-3.49986
10,500882,-3.49986_-3.49986_-3.49986_-3.49986_-3.49986,500882,-3.49986_-3.49986_-3.49986_-3.49986_-3.49986
10,500882,-3.49986_-3.49986_-3.49986_-3.49986_-3.49986,500882,-3.49986_-3.49986_-3.49986_-3.49986_-3.49986
10,500882,-3.49986_-3.49986_-3.49986_-3.49986_-3.49986,500882,-3.49986_-3.49986_-3.49986_-3.49986_-3.49986
10,500882,-3.49986_-3.49986_-3.49986_-3.49986_-3.49986,500882,-3.49986_-3.49986_-3.49986_-3.49986_-3.49986
11,1504027,-4.49761_-1.50435_-4.49761_-4.49761_0.49115,1354213,-2.50211_-0.50660_-4.49761_-3.49986_-0.50660
11,1354213,-2.50211_-0.50660_-4.49761_-3.49986_-0.50660,1138083,-0.50660_-1.50435_-4.49761_-3.49986_-2.50210
11,1138083,-0.50660_-1.50435_-4.49761_-3.49986_-2.50210,921954,-1.50435_-1.50435_-3.49986_-4.49761_-2.50211
11,921954,-1.50435_-1.50435_-3.49986_-4.49761_-2.50211,844452,-1.50435_-2.50210_-4.49761_-4.49761_-2.50210
11,844452,-1.50435_-2.50210_-4.49761_-4.49761_-2.50210,783327,-1.50435_-3.49986_-2.50210_-2.50210_-2.50211
11,783327,-1.50435_-3.49986_-2.50210_-2.50210_-2.50211,744576,-2.50211_-3.49986_-1.50435_-2.50211_-3.49986
11,744576,-2.50211_-3.49986_-1.50435_-2.50211_-3.49986,705824,-1.50435_-3.49986_-2.50210_-3.49986_-3.49986
11,705824,-1.50435_-3.49986_-2.50210_-3.49986_-3.49986,705824,-1.50435_-3.49986_-2.50210_-3.49986_-3.49986
11,705824,-1.50435_-3.49986_-2.50210_-3.49986_-3.49986,678260,-2.50210_-4.49761_-2.50210_-3.49986_-4.49761
11,678260,-2.50210_-4.49761_-2.50210_-3.49986_-4.49761,578384,-2.50210_-3.49986_-2.50210_-3.49986_-3.49986
11,578384,-2.50210_-3.49986_-2.50210_-3.49986_-3.49986,578384,-2.50210_-3.49986_-2.50210_-3.49986_-3.49986
11,578384,-2.50210_-3.49986_-2.50210_-3.49986_-3.49986,578384,-3.49986_-3.49986_-2.50210_-3.49986_-2.50210
11,578384,-3.49986_-3.49986_-2.50210_-3.49986_-2.50210,550820,-3.49986_-3.49986_-3.49986_-4.49761_-3.49986
11,550820,-3.49986_-3.49986_-3.49986_-4.49761_-3.49986,550820,-3.49986_-3.49986_-3.49986_-4.49761_-3.49986
11,550820,-3.49986_-3.49986_-3.49986_-4.49761_-3.49986,550820,-3.49986_-3.49986_-3.49986_-4.49761_-3.49986
11,550820,-3.49986_-3.49986_-3.49986_-4.49761_-3.49986,550820,-3.49986_-3.49986_-4.49761_-3.49986_-3.49986
11,550820,-3.49986_-3.49986_-4.49761_-3.49986_-3.49986,500882,-3.49986_-3.49986_-3.49986_-3.49986_-3.49986
11,500882,-3.49986_-3.49986_-3.49986_-3.49986_-3.49986,500882,-3.49986_-3.49986_-3.49986_-3.49986_-3.49986
11,500882,-3.49986_-3.49986_-3.49986_-3.49986_-3.49986,500882,-3.49986_-3.49986_-3.49986_-3.49986_-3.49986
11,500882,-3.49986_-3.49986_-3.49986_-3.49986_-3.49986,500882,-3.49986_-3.49986_-3.49986_-3.49986_-3.49986
11,500882,-3.49986_-3.49986_-3.49986_-3.49986_-3.49986,500882,-3.49986_-3.49986_-3.49986_-3.49986_-3.49986
11,500882,-3.49986_-3.49986_-3.49986_-3.49986_-3.49986,500882,-3.49986_-3.49986_-3.49986_-3.49986_-3.49986
11,500882,-3.49986_-3.49986_-3.49986_-3.49986_-3.49986,500882,-3.49986_-3.49986_-3.49986_-3.49986_-3.49986
11,500882,-3.49986_-3.49986_-3.49986_-3.49986_-3.49986,500882,-3.49986_-3.49986_-3.49986_-3.49986_-3.49986
11,500882,-3.49986_-3.49986_-3.49986_-3.49986_-3.49986,500882,-3.49986_-3.49986_-3.49986_-3.49986_-3.49986
11,500882,-3.49986_-3.49986_-3.49986_-3.49986_-3.49986,500882,-3.49986_-3.49986_-3.49986_-3.49986_-3.49986
11,500882,-3.49986_-3.49986_-3.49986_-3.49986_-3.49986,500882,-3.49986_-3.49986_-3.49986_-3.49986_-3.49986
11,500882,-3.49986_-3.49986_-3.49986_-3.49986_-3.49986,500882,-3.49986_-3.49986_-3.49986_-3.49986_-3.49986
11,500882,-3.49986_-3.49986_-3.49986_-3.49986_-3.49986,500882,-3.49986_-3.49986_-3.49986_-3.49986_-3.49986
11,500882,-3.49986_-3.49986_-3.49986_-3.49986_-3.49986,500882,-3.49986_-3.49986_-3.49986_-3.49986_-3.49986
11,500882,-3.49986_-3.49986_-3.49986_-3.49986_-3.49986,500882,-3.49986_-3.49986_-3.49986_-3.49986_-3.49986
11,500882,-3.49986_-3.49986_-3.49986_-3.49986_-3.49986,500882,-3.49986_-3.49986_-3.49986_-3.49986_-3.49986
11,500882,-3.49986_-3.49986_-3.49986_-3.49986_-3.49986,500882,-3.49986_-3.49986_-3.49986_-3.49986_-3.49986
11,500882,-3.49986_-3.49986_-3.49986_-3.49986_-3.49986,500882,-3.49986_-3.49986_-3.49986_-3.49986_-3.49986
12,3808348,0.51009_2.50000_1.50504_5.12000_-0.48486,3410367,0.51008_1.50504_1.50504_5.12000_0.51009
12,3410367,0.51008_1.50504_1.50504_5.12000_0.51009,3111879,1.50504_1.50503_1.50504_5.12000_0.51009
12,3111879,1.50504_1.50503_1.50504_5.12000_0.51009,1392941,0.51009_0.51009_1.50504_4.48991_1.50504
12,1392941,0.51009_0.51009_1.50504_4.48991_1.50504,895462,1.50504_0.51008_2.50000_2.50000_0.51009
12,895462,1.50504_0.51008_2.50000_2.50000_0.51009,298488,1.50504_1.50504_2.50000_2.50000_1.50504
12,298488,1.50504_1.50504_2.50000_2.50000_1.50504,198992,2.50000_2.50000_1.50504_1.50504_2.50000
12,198992,2.50000_2.50000_1.50504_1.50504_2.50000,198992,2.50000_1.50504_2.50000_1.50504_2.50000
12,198992,2.50000_1.50504_2.50000_1.50504_2.50000,198992,2.50000_2.50000_3.49496_1.50504_2.50000
12,198992,2.50000_2.50000_3.49496_1.50504_2.50000,99496,2.50000_2.50000_2.50000_1.50504_2.50000
12,99496,2.50000_2.50000_2.50000_1.50504_2.50000,99496,2.50000_2.50000_2.50000_1.50504_2.50000
12,99496,2.50000_2.50000_2.50000_1.50504_2.50000,0,2.50000_2.50000_2.50000_2.50000_2.50000
12,0,2.50000_2.50000_2.50000_2.50000_2.50000,0,2.50000_2.50000_2.50000_2.50000_2.50000
12,0,2.50000_2.50000_2.50000_2.50000_2.50000,0,2.50000_2.50000_2.50000_2.50000_2.50000
12,0,2.50000_2.50000_2.50000_2.50000_2.50000,0,2.50000_2.50000_2.50000_2.50000_2.50000
12,0,2.50000_2.50000_2.50000_2.50000_2.50000,0,2.50000_2.50000_2.50000_2.50000_2.50000
12,0,2.50000_2.50000_2.50000_2.50000_2.50000,0,2.50000_2.50000_2.50000_2.50000_2.50000
12,0,2.50000_2.50000_2.50000_2.50000_2.50000,0,2.50000_2.50000_2.50000_2.50000_2.50000
12,0,2.50000_2.50000_2.50000_2.50000_2.50000,0,2.50000_2.50000_2.50000_2.50000_2.50000
12,0,2.50000_2.50000_2.50000_2.50000_2.50000,0,2.50000_2.50000_2.50000_2.50000_2.50000
12,0,2.50000_2.50000_2.50000_2.50000_2.50000,0,2.50000_2.50000_2.50000_2.50000_2.50000
12,0,2.50000_2.50000_2.50000_2.50000_2.50000,0,2.50000_2.50000_2.50000_2.50000_2.50000
12,0,2.50000_2.50000_2.50000_2.50000_2.50000,0,2.50000_2.50000_2.50000_2.50000_2.50000
12,0,2.50000_2.50000_2.50000_2.50000_2.50000,0,2.50000_2.50000_2.50000_2.50000_2.50000
12,0,2.50000_2.50000_2.50000_2.50000_2.50000,0,2.50000_2.50000_2.50000_2.50000_2.50000
12,0,2.50000_2.50000_2.50000_2.50000_2.50000,0,2.50000_2.50000_2.50000_2.50000_2.50000
12,0,2.50000_2.50000_2.50000_2.50000_2.50000,0,2.50000_2.50000_2.50000_2.50000_2.50000
13,3708852,2.50000_-0.48485_5.12000_0.51009_2.50000,2288395,1.50504_-1.47979_4.48991_1.50504_3.49496
13,2288395,1.50504_-1.47979_4.48991_1.50504_3.49496,2188899,-1.47979_1.50505_1.50504_2.50000_4.48991
13,2188899,-1.47979_1.50505_1.50504_2.50000_4.48991,1890412,-1.47978_1.50504_2.50000_3.49496_3.49496
13,1890412,-1.47978_1.50504_2.50000_3.49496_3.49496,1193948,-0.48486_2.50000_3.49496_1.50504_1.50504
13,1193948,-0.48486_2.50000_3.49496_1.50504_1.50504,596975,0.51009_2.50000_3.49496_2.50000_1.50504
13,596975,0.51009_2.50000_3.49496_2.50000_1.50504,298488,1.50504_1.50504_2.50000_3.49496_2.50000
13,298488,1.50504_1.50504_2.50000_3.49496_2.50000,298488,1.50504_1.50504_1.50504_2.50000_2.50000
13,298488,1.50504_1.50504_1.50504_2.50000_2.50000,198992,2.50000_1.50504_2.50000_1.50504_2.50000
13,198992,2.50000_1.50504_2.50000_1.50504_2.50000,198992,3.49496_2.50000_2.50000_1.50504_2.50000
13,198992,3.49496_2.50000_2.50000_1.50504_2.50000,99496,2.50000_2.50000_1.50504_2.50000_2.50000
13,99496,2.50000_2.50000_1.50504_2.50000_2.50000,0,2.50000_2.50000_2.50000_2.50000_2.50000
13,0,2.50000_2.50000_2.50000_2.50000_2.50000,0,2.50000_2.50000_2.50000_2.50000_2.50000
13,0,2.50000_2.50000_2.50000_2.50000_2.50000,0,2.50000_2.50000_2.50000_2.50000_2.50000
13,0,2.50000_2.50000_2.50000_2.50000_2.50000,0,2.50000_2.50000_2.50000_2.50000_2.50000
13,0,2.50000_2.50000_2.50000_2.50000_2.50000,0,2.50000_2.50000_2.50000_2.50000_2.50000
13,0,2.50000_2.50000_2.50000_2.50000_2.50000,0,2.50000_2.50000_2.50000_2.50000_2.50000
13,0,2.50000_2.50000_2.50000_2.50000_2.50000,0,2.50000_2.50000_2.50000_2.50000_2.50000
13,0,2.50000_2.50000_2.50000_2.50000_2.50000,0,2.50000_2.50000_2.50000_2.50000_2.50000
13,0,2.50000_2.50000_2.50000_2.50000_2.50000,0,2.50000_2.50000_2.50000_2.50000_2.50000
13,0,2.50000_2.50000_2.50000_2.50000_2.50000,0,2.50000_2.50000_2.50000_2.50000_2.50000
13,0,2.50000_2.50000_2.50000_2.50000_2.50000,0,2.50000_2.50000_2.50000_2.50000_2.50000
13,0,2.50000_2.50000_2.50000_2.50000_2.50000,0,2.50000_2.50000_2.50000_2.50000_2.50000
13,0,2.50000_2.50000_2.50000_2.50000_2.50000,0,2.50000_2.50000_2.50000_2.50000_2.50000
13,0,2.50000_2.50000_2.50000_2.50000_2.50000,0,2.50000_2.50000_2.50000_2.50000_2.50000
13,0,2.50000_2.50000_2.50000_2.50000_2.50000,0,2.50000_2.50000_2.50000_2.50000_2.50000
13,0,2.50000_2.50000_2.50000_2.50000_2.50000,0,2.50000_2.50000_2.50000_2.50000_2.50000
13,0,2.50000_2.50000_2.50000_2.50000_2.50000,0,2.50000_2.50000_2.50000_2.50000_2.50000
13,0,2.50000_2.50000_2.50000_2.50000_2.50000,0,2.50000_2.50000_2.50000_2.50000_2.50000
14,6935725,-1.50435_1.48890_-2.50210_-1.50435_5.12000,3947764,-0.50660_1.48890_-2.50210_-0.50660_2.48665
14,3947764,-0.50660_1.48890_-2.50210_-0.50660_2.48665,2288399,1.50504_-0.48486_-0.48486_0.51009_2.50000
14,2288399,1.50504_-0.48486_-0.48486_0.51009_2.50000,1094454,1.50504_0.51009_0.51009_1.50504_3.49496
14,1094454,1.50504_0.51009_0.51009_1.50504_3.49496,1094452,2.50000_-0.48486_1.50504_2.50000_3.49496
14,1094452,2.50000_-0.48486_1.50504_2.50000_3.49496,596975,2.50000_0.51009_1.50504_2.50000_3.49496
14,596975,2.50000_0.51009_1.50504_2.50000_3.49496,397984,2.50000_1.50504_1.50504_1.50504_3.49496
14,397984,2.50000_1.50504_1.50504_1.50504_3.49496,0,2.50000_2.50000_2.50000_2.50000_2.50000
14,0,2.50000_2.50000_2.50000_2.50000_2.50000,0,2.50000_2.50000_2.50000_2.50000_2.50000
14,0,2.50000_2.50000_2.50000_2.50000_2.50000,0,2.50000_2.50000_2.50000_2.50000_2.50000
14,0,2.50000_2.50000_2.50000_2.50000_2.50000,0,2.50000_2.50000_2.50000_2.50000_2.50000
14,0,2.50000_2.50000_2.50000_2.50000_2.50000,0,2.50000_2.50000_2.50000_2.50000_2.50000
14,0,2.50000_2.50000_2.50000_2.50000_2.50000,0,2.50000_2.50000_2.50000_2.50000_2.50000
14,0,2.50000_2.50000_2.50000_2.50000_2.50000,0,2.50000_2.50000_2.50000_2.50000_2.50000
14,0,2.50000_2.50000_2.50000_2.50000_2.50000,0,2.50000_2.50000_2.50000_2.50000_2.50000
14,0,2.50000_2.50000_2.50000_2.50000_2.50000,0,2.50000_2.50000_2.50000_2.50000_2.50000
14,0,2.50000_2.50000_2.50000_2.50000_2.50000,0,2.50000_2.50000_2.50000_2.50000_2.50000
14,0,2.50000_2.50000_2.50000_2.50000_2.50000,0,2.50000_2.50000_2.50000_2.50000_2.50000
14,0,2.50000_2.50000_2.50000_2.50000_2.50000,0,2.50000_2.50000_2.50000_2.50000_2.50000
14,0,2.50000_2.50000_2.50000_2.50000_2.50000,0,2.50000_2.50000_2.50000_2.50000_2.50000
14,0,2.50000_2.50000_2.50000_2.50000_2.50000,0,2.50000_2.50000_2.50000_2.50000_2.50000
14,0,2.50000_2.50000_2.50000_2.50000_2.50000,0,2.50000_2.50000_2.50000_2.50000_2.50000
14,0,2.50000_2.50000_2.50000_2.50000_2.50000,0,2.50000_2.50000_2.50000_2.50000_2.50000
14,0,2.50000_2.50000_2.50000_2.50000_2.50000,0,2.50000_2.50000_2.50000_2.50000_2.50000
14,0,2.50000_2.50000_2.50000_2.50000_2.50000,0,2.50000_2.50000_2.50000_2.50000_2.50000
14,0,2.50000_2.50000_2.50000_2.50000_2.50000,0,2.50000_2.50000_2.50000_2.50000_2.50000
14,0,2.50000_2.50000_2.50000_2.50000_2.50000,0,2.50000_2.50000_2.50000_2.50000_2.50000
14,0,2.50000_2.50000_2.50000_2.50000_2.50000,0,2.50000_2.50000_2.50000_2.50000_2.50000
14,0,2.50000_2.50000_2.50000_2.50000_2.50000,0,2.50000_2.50000_2.50000_2.50000_2.50000
14,0,2.50000_2.50000_2.50000_2.50000_2.50000,0,2.50000_2.50000_2.50000_2.50000_2.50000
14,0,2.50000_2.50000_2.50000_2.50000_2.50000,0,2.50000_2.50000_2.50000_2.50000_2.50000
14,0,2.50000_2.50000_2.50000_2.50000_2.50000,0,2.50000_2.50000_2.50000_2.50000_2.50000
14,0,2.50000_2.50000_2.50000_2.50000_2.50000,0,2.50000_2.50000_2.50000_2.50000_2.50000
15,2423673,1.48890_-0.50660_-2.50210_-0.50660_-2.50211,2080103,0.49115_0.49115_-2.50211_-1.50435_-3.49986
15,2080103,0.49115_0.49115_-2.50211_-1.50435_-3.49986,1913912,0.49115_0.49115_-3.49986_-2.50210_-3.49986
15,1913912,0.49115_0.49115_-3.49986_-2.50210_-3.49986,1138083,-0.50660_-1.50435_-4.49761_-2.50210_-3.49986
15,1138083,-0.50660_-1.50435_-4.49761_-2.50210_-3.49986,1138083,-0.50660_-1.50435_-4.49761_-2.50210_-3.49986
15,1138083,-0.50660_-1.50435_-4.49761_-2.50210_-3.49986,1138083,-0.50660_-1.50435_-4.49761_-2.50210_-3.49986
15,1138083,-0.50660_-1.50435_-4.49761_-2.50210_-3.49986,1088145,-0.50660_-1.50435_-3.49986_-2.50210_-3.49986
15,1088145,-0.50660_-1.50435_-3.49986_-2.50210_-3.49986,667073,-2.50210_-2.50210_-3.49986_-2.50211_-4.49761
15,667073,-2.50210_-2.50210_-3.49986_-2.50211_-4.49761,639509,-2.50210_-3.49986_-4.49761_-3.49986_-4.49761
15,639509,-2.50210_-3.49986_-4.49761_-3.49986_-4.49761,628322,-2.50210_-2.50210_-3.49986_-3.49986_-4.49761
15,628322,-2.50210_-2.50210_-3.49986_-3.49986_-4.49761,617135,-2.50211_-2.50210_-2.50211_-3.49986_-3.49986
15,617135,-2.50211_-2.50210_-2.50211_-3.49986_-3.49986,617135,-2.50211_-2.50210_-3.49986_-2.50210_-3.49986
15,617135,-2.50211_-2.50210_-3.49986_-2.50210_-3.49986,578384,-3.49986_-2.50210_-3.49986_-2.50210_-3.49986
15,578384,-3.49986_-2.50210_-3.49986_-2.50210_-3.49986,539633,-3.49986_-2.50210_-3.49986_-3.49986_-3.49986
15,539633,-3.49986_-2.50210_-3.49986_-3.49986_-3.49986,500882,-3.49986_-3.49986_-3.49986_-3.49986_-3.49986
15,500882,-3.49986_-3.49986_-3.49986_-3.49986_-3.49986,500882,-3.49986_-3.49986_-3.49986_-3.49986_-3.49986
15,500882,-3.49986_-3.49986_-3.49986_-3.49986_-3.49986,500882,-3.49986_-3.49986_-3.49986_-3.49986_-3.49986
15,500882,-3.49986_-3.49986_-3.49986_-3.49986_-3.49986,500882,-3.49986_-3.49986_-3.49986_-3.49986_-3.49986
15,500882,-3.49986_-3.49986_-3.49986_-3.49986_-3.49986,500882,-3.49986_-3.49986_-3.49986_-3.49986_-3.49986
15,500882,-3.49986_-3.49986_-3.49986_-3.49986_-3.49986,500882,-3.49986_-3.49986_-3.49986_-3.49986_-3.49986
15,500882,-3.49986_-3.49986_-3.49986_-3.49986_-3.49986,500882,-3.49986_-3.49986_-3.49986_-3.49986_-3.49986
15,500882,-3.49986_-3.49986_-3.49986_-3.49986_-3.49986,500882,-3.49986_-3.49986_-3.49986_-3.49986_-3.49986
15,500882,-3.49986_-3.49986_-3.49986_-3.49986_-3.49986,500882,-3.49986_-3.49986_-3.49986_-3.49986_-3.49986
15,500882,-3.49986_-3.49986_-3.49986_-3.49986_-3.49986,500882,-3.49986_-3.49986_-3.49986_-3.49986_-3.49986
15,500882,-3.49986_-3.49986_-3.49986_-3.49986_-3.49986,500882,-3.49986_-3.49986_-3.49986_-3.49986_-3.49986
15,500882,-3.49986_-3.49986_-3.49986_-3.49986_-3.49986,500882,-3.49986_-3.49986_-3.49986_-3.49986_-3.49986
15,500882,-3.49986_-3.49986_-3.49986_-3.49986_-3.49986,500882,-3.49986_-3.49986_-3.49986_-3.49986_-3.49986
15,500882,-3.49986_-3.49986_-3.49986_-3.49986_-3.49986,500882,-3.49986_-3.49986_-3.49986_-3.49986_-3.49986
15,500882,-3.49986_-3.49986_-3.49986_-3.49986_-3.49986,500882,-3.49986_-3.49986_-3.49986_-3.49986_-3.49986
15,500882,-3.49986_-3.49986_-3.49986_-3.49986_-3.49986,500882,-3.49986_-3.49986_-3.49986_-3.49986_-3.49986
15,500882,-3.49986_-3.49986_-3.49986_-3.49986_-3.49986,500882,-3.49986_-3.49986_-3.49986_-3.49986_-3.49986
15,500882,-3.49986_-3.49986_-3.49986_-3.49986_-3.49986,500882,-3.49986_-3.49986_-3.49986_-3.49986_-3.49986
15,500882,-3.49986_-3.49986_-3.49986_-3.49986_-3.49986,500882,-3.49986_-3.49986_-3.49986_-3.49986_-3.49986
15,500882,-3.49986_-3.49986_-3.49986_-3.49986_-3.49986,500882,-3.49986_-3.49986_-3.49986_-3.49986_-3.49986
15,500882,-3.49986_-3.49986_-3.49986_-3.49986_-3.49986,500882,-3.49986_-3.49986_-3.49986_-3.49986_-3.49986
16,4568585,0.49116_-0.50660_4.48213_-1.50436_-2.50211,2955806,-1.50435_0.49115_2.48665_-2.50211_-3.49986
16,2955806,-1.50435_0.49115_2.48665_-2.50211_-3.49986,2828366,-1.50435_-0.50660_2.48664_-1.50435_-4.49761
16,2828366,-1.50435_-0.50660_2.48664_-1.50435_-4.49761,2257481,-1.50435_-1.50435_0.49115_0.49115_-4.49761
16,2257481,-1.50435_-1.50435_0.49115_0.49115_-4.49761,2257481,-1.50435_-1.50435_0.49115_0.49115_-4.49761
16,2257481,-1.50435_-1.50435_0.49115_0.49115_-4.49761,1636658,-2.50210_-0.50660_-1.50435_-0.50660_-1.50435
16,1636658,-2.50210_-0.50660_-1.50435_-0.50660_-1.50435,1254337,-3.49986_-1.50435_-1.50435_-0.50660_-2.50210
16,1254337,-3.49986_-1.50435_-1.50435_-0.50660_-2.50210,999456,-3.49986_-1.50435_-1.50435_-1.50435_-3.49986
16,999456,-3.49986_-1.50435_-1.50435_-1.50435_-3.49986,921954,-4.49761_-1.50435_-1.50435_-2.50210_-3.49986
16,921954,-4.49761_-1.50435_-1.50435_-2.50210_-3.49986,844452,-4.49761_-1.50435_-2.50210_-2.50210_-4.49761
16,844452,-4.49761_-1.50435_-2.50210_-2.50210_-4.49761,678260,-4.49761_-2.50210_-2.50210_-3.49986_-4.49761
16,678260,-4.49761_-2.50210_-2.50210_-3.49986_-4.49761,628322,-4.49761_-2.50210_-3.49986_-2.50210_-3.49986
16,628322,-4.49761_-2.50210_-3.49986_-2.50210_-3.49986,539633,-3.49986_-3.49986_-2.50210_-3.49986_-3.49986
16,539633,-3.49986_-3.49986_-2.50210_-3.49986_-3.49986,539633,-3.49986_-3.49986_-2.50210_-3.49986_-3.49986
16,539633,-3.49986_-3.49986_-2.50210_-3.49986_-3.49986,539633,-3.49986_-3.49986_-2.50210_-3.49986_-3.49986
16,539633,-3.49986_-3.49986_-2.50210_-3.49986_-3.49986,500882,-3.49986_-3.49986_-3.49986_-3.49986_-3.49986
16,500882,-3.49986_-3.49986_-3.49986_-3.49986_-3.49986,500882,-3.49986_-3.49986_-3.49986_-3.49986_-3.49986
16,500882,-3.49986_-3.49986_-3.49986_-3.49986_-3.49986,500882,-3.49986_-3.49986_-3.49986_-3.49986_-3.49986
16,500882,-3.49986_-3.49986_-3.49986_-3.49986_-3.49986,500882,-3.49986_-3.49986_-3.49986_-3.49986_-3.49986
16,500882,-3.49986_-3.49986_-3.49986_-3.49986_-3.49986,500882,-3.49986_-3.49986_-3.49986_-3.49986_-3.49986
16,500882,-3.49986_-3.49986_-3.49986_-3.49986_-3.49986,500882,-3.49986_-3.49986_-3.49986_-3.49986_-3.49986
16,500882,-3.49986_-3.49986_-3.49986_-3.49986_-3.49986,500882,-3.49986_-3.49986_-3.49986_-3.49986_-3.49986
16,500882,-3.49986_-3.49986_-3.49986_-3.49986_-3.49986,500882,-3.49986_-3.49986_-3.49986_-3.49986_-3.49986
16,500882,-3.49986_-3.49986_-3.49986_-3.49986_-3.49986,500882,-3.49986_-3.49986_-3.49986_-3.49986_-3.49986
16,500882,-3.49986_-3.49986_-3.49986_-3.49986_-3.49986,500882,-3.49986_-3.49986_-3.49986_-3.49986_-3.49986
16,500882,-3.49986_-3.49986_-3.49986_-3.49986_-3.49986,500882,-3.49986_-3.49986_-3.49986_-3.49986_-3.49986
16,500882,-3.49986_-3.49986_-3.49986_-3.49986_-3.49986,500882,-3.49986_-3.49986_-3.49986_-3.49986_-3.49986
16,500882,-3.49986_-3.49986_-3.49986_-3.49986_-3.49986,500882,-3.49986_-3.49986_-3.49986_-3.49986_-3.49986
16,500882,-3.49986_-3.49986_-3.49986_-3.49986_-3.49986,500882,-3.49986_-3.49986_-3.49986_-3.49986_-3.49986
16,500882,-3.49986_-3.49986_-3.49986_-3.49986_-3.49986,500882,-3.49986_-3.49986_-3.49986_-3.49986_-3.49986
16,500882,-3.49986_-3.49986_-3.49986_-3.49986_-3.49986,500882,-3.49986_-3.49986_-3.49986_-3.49986_-3.49986
16,500882,-3.49986_-3.49986_-3.49986_-3.49986_-3.49986,500882,-3.49986_-3.49986_-3.49986_-3.49986_-3.49986
17,5328296,0.51009_5.12000_3.49496_5.12000_2.50000,2487387,-1.47978_0.51009_1.50504_4.48991_2.50000
17,2487387,-1.47978_0.51009_1.50504_4.48991_2.50000,1591931,-0.48486_0.51009_1.50504_3.49496_3.49496
17,1591931,-0.48486_0.51009_1.50504_3.49496_3.49496,696471,0.51009_1.50504_1.50504_2.50000_3.49496
17,696471,0.51009_1.50504_1.50504_2.50000_3.49496,298488,1.50504_1.50504_1.50504_2.50000_2.50000
17,298488,1.50504_1.50504_1.50504_2.50000_2.50000,198992,2.50000_1.50505_1.50504_2.50000_2.50000
17,198992,2.50000_1.50505_1.50504_2.50000_2.50000,198992,1.50504_2.50000_2.50000_2.50000_1.50504
17,198992,1.50504_2.50000_2.50000_2.50000_1.50504,99496,2.50000_2.50000_1.50504_2.50000_2.50000
17,99496,2.50000_2.50000_1.50504_2.50000_2.50000,99496,2.50000_2.50000_1.50504_2.50000_2.50000
17,99496,2.50000_2.50000_1.50504_2.50000_2.50000,99496,2.50000_2.50000_1.50504_2.50000_2.50000
17,99496,2.50000_2.50000_1.50504_2.50000_2.50000,0,2.50000_2.50000_2.50000_2.50000_2.50000
17,0,2.50000_2.50000_2.50000_2.50000_2.50000,0,2.50000_2.50000_2.50000_2.50000_2.50000
17,0,2.50000_2.50000_2.50000_2.50000_2.50000,0,2.50000_2.50000_2.50000_2.50000_2.50000
17,0,2.50000_2.50000_2.50000_2.50000_2.50000,0,2.50000_2.50000_2.50000_2.50000_2.50000
17,0,2.50000_2.50000_2.50000_2.50000_2.50000,0,2.50000_2.50000_2.50000_2.50000_2.50000
17,0,2.50000_2.50000_2.50000_2.50000_2.50000,0,2.50000_2.50000_2.50000_2.50000_2.50000
17,0,2.50000_2.50000_2.50000_2.50000_2.50000,0,2.50000_2.50000_2.50000_2.50000_2.50000
17,0,2.50000_2.50000_2.50000_2.50000_2.50000,0,2.50000_2.50000_2.50000_2.50000_2.50000
17,0,2.50000_2.50000_2.50000_2.50000_2.50000,0,2.50000_2.50000_2.50000_2.50000_2.50000
17,0,2.50000_2.50000_2.50000_2.50000_2.50000,0,2.50000_2.50000_2.50000_2.50000_2.50000
17,0,2.50000_2.50000_2.50000_2.50000_2.50000,0,2.50000_2.50000_2.50000_2.50000_2.50000
17,0,2.50000_2.50000_2.50000_2.50000_2.50000,0,2.50000_2.50000_2.50000_2.50000_2.50000
17,0,2.50000_2.50000_2.50000_2.50000_2.50000,0,2.50000_2.50000_2.50000_2.50000_2.50000
17,0,2.50000_2.50000_2.50000_2.50000_2.50000,0,2.50000_2.50000_2.50000_2.50000_2.50000
17,0,2.50000_2.50000_2.50000_2.50000_2.50000,0,2.50000_2.50000_2.50000_2.50000_2.50000
17,0,2.50000_2.50000_2.50000_2.50000_2.50000,0,2.50000_2.50000_2.50000_2.50000_2.50000
17,0,2.50000_2.50000_2.50000_2.50000_2.50000,0,2.50000_2.50000_2.50000_2.50000_2.50000
17,0,2.50000_2.50000_2.50000_2.50000_2.50000,0,2.50000_2.50000_2.50000_2.50000_2.50000
17,0,2.50000_2.50000_2.50000_2.50000_2.50000,0,2.50000_2.50000_2.50000_2.50000_2.50000
18,2462424,-1.50435_-0.50660_-2.50210_0.49115_0.49115,2462424,-1.50435_0.49115_-2.50211_0.49115_-0.50660
18,2462424,-1.50435_0.49115_-2.50211_0.49115_-0.50660,2089408,-0.48486_3.49496_-0.48486_3.49496_1.50504
18,2089408,-0.48486_3.49496_-0.48486_3.49496_1.50504,1989912,-0.48486_2.50000_-0.48486_3.49496_1.50504
18,1989912,-0.48486_2.50000_-0.48486_3.49496_1.50504,1492435,-0.48486_1.50504_0.51009_2.50000_1.50504
18,1492435,-0.48486_1.50504_0.51009_2.50000_1.50504,1094454,0.51009_1.50504_1.50504_1.50504_0.51009
18,1094454,0.51009_1.50504_1.50504_1.50504_0.51009,1094454,1.50504_1.50504_0.51009_1.50504_0.51009
18,1094454,1.50504_1.50504_0.51009_1.50504_0.51009,994958,0.51009_1.50504_0.51009_2.50000_1.50504
18,994958,0.51009_1.50504_0.51009_2.50000_1.50504,994958,0.51009_1.50504_0.51009_2.50000_1.50504
18,994958,0.51009_1.50504_0.51009_2.50000_1.50504,696471,0.51009_1.50504_1.50504_2.50000_1.50504
18,696471,0.51009_1.50504_1.50504_2.50000_1.50504,596975,0.51009_2.50000_2.50000_3.49496_1.50504
18,596975,0.51009_2.50000_2.50000_3.49496_1.50504,596975,0.51009_2.50000_3.49496_2.50000_1.50504
18,596975,0.51009_2.50000_3.49496_2.50000_1.50504,397984,1.50504_2.50000_3.49496_1.50504_1.50504
18,397984,1.50504_2.50000_3.49496_1.50504_1.50504,298488,2.50000_3.49496_2.50000_1.50504_1.50504
18,298488,2.50000_3.49496_2.50000_1.50504_1.50504,198992,2.50000_3.49496_2.50000_1.50504_2.50000
18,198992,2.50000_3.49496_2.50000_1.50504_2.50000,198992,2.50000_3.49496_2.50000_1.50504_2.50000
18,198992,2.50000_3.49496_2.50000_1.50504_2.50000,99496,2.50000_2.50000_2.50000_1.50504_2.50000
18,99496,2.50000_2.50000_2.50000_1.50504_2.50000,0,2.50000_2.50000_2.50000_2.50000_2.50000
18,0,2.50000_2.50000_2.50000_2.50000_2.50000,0,2.50000_2.50000_2.50000_2.50000_2.50000
18,0,2.50000_2.50000_2.50000_2.50000_2.50000,0,2.50000_2.50000_2.50000_2.50000_2.50000
18,0,2.50000_2.50000_2.50000_2.50000_2.50000,0,2.50000_2.50000_2.50000_2.50000_2.50000
18,0,2.50000_2.50000_2.50000_2.50000_2.50000,0,2.50000_2.50000_2.50000_2.50000_2.50000
18,0,2.50000_2.50000_2.50000_2.50000_2.50000,0,2.50000_2.50000_2.50000_2.50000_2.50000
18,0,2.50000_2.50000_2.50000_2.50000_2.50000,0,2.50000_2.50000_2.50000_2.50000_2.50000
18,0,2.50000_2.50000_2.50000_2.50000_2.50000,0,2.50000_2.50000_2.50000_2.50000_2.50000
18,0,2.50000_2.50000_2.50000_2.50000_2.50000,0,2.50000_2.50000_2.50000_2.50000_2.50000
18,0,2.50000_2.50000_2.50000_2.50000_2.50000,0,2.50000_2.50000_2.50000_2.50000_2.50000
18,0,2.50000_2.50000_2.50000_2.50000_2.50000,0,2.50000_2.50000_2.50000_2.50000_2.50000
18,0,2.50000_2.50000_2.50000_2.50000_2.50000,0,2.50000_2.50000_2.50000_2.50000_2.50000
18,0,2.50000_2.50000_2.50000_2.50000_2.50000,0,2.50000_2.50000_2.50000_2.50000_2.50000
18,0,2.50000_2.50000_2.50000_2.50000_2.50000,0,2.50000_2.50000_2.50000_2.50000_2.50000
18,0,2.50000_2.50000_2.50000_2.50000_2.50000,0,2.50000_2.50000_2.50000_2.50000_2.50000
18,0,2.50000_2.50000_2.50000_2.50000_2.50000,0,2.50000_2.50000_2.50000_2.50000_2.50000
18,0,2.50000_2.50000_2.50000_2.50000_2.50000,0,2.50000_2.50000_2.50000_2.50000_2.50000
18,0,2.50000_2.50000_2.50000_2.50000_2.50000,0,2.50000_2.50000_2.50000_2.50000_2.50000
18,0,2.50000_2.50000_2.50000_2.50000_2.50000,0,2.50000_2.50000_2.50000_2.50000_2.50000
18,0,2.50000_2.50000_2.50000_2.50000_2.50000,0,2.50000_2.50000_2.50000_2.50000_2.50000
18,0,2.50000_2.50000_2.50000_2.50000_2.50000,0,2.50000_2.50000_2.50000_2.50000_2.50000
18,0,2.50000_2.50000_2.50000_2.50000_2.50000,0,2.50000_2.50000_2.50000_2.50000_2.50000
19,3283351,2.50000_-1.47978_0.51009_-0.48485_0.51009,2586882,1.50504_-1.47978_1.50504_0.51009_0.51009
19,2586882,1.50504_-1.47978_1.50504_0.51009_0.51009,1343026,-2.50210_0.49115_-2.50210_-2.50210_-2.50210
19,1343026,-2.50210_0.49115_-2.50210_-2.50210_-2.50210,1343026,-2.50210_0.49115_-2.50210_-2.50210_-2.50210
19,1343026,-2.50210_0.49115_-2.50210_-2.50210_-2.50210,1126896,-2.50210_-0.50660_-2.50210_-3.49986_-1.50435
19,1126896,-2.50210_-0.50660_-2.50210_-3.49986_-1.50435,1049394,-3.49986_-1.50435_-1.50435_-4.49761_-1.50435
19,1049394,-3.49986_-1.50435_-1.50435_-4.49761_-1.50435,971892,-4.49761_-2.50210_-1.50435_-4.49761_-1.50435
19,971892,-4.49761_-2.50210_-1.50435_-4.49761_-1.50435,971892,-4.49761_-1.50435_-2.50210_-4.49761_-1.50435
19,971892,-4.49761_-1.50435_-2.50210_-4.49761_-1.50435,844452,-4.49761_-2.50210_-1.50435_-4.49761_-2.50210
19,844452,-4.49761_-2.50210_-1.50435_-4.49761_-2.50210,794514,-3.49986_-2.50210_-1.50435_-4.49761_-2.50210
19,794514,-3.49986_-2.50210_-1.50435_-4.49761_-2.50210,744576,-1.50435_-3.49986_-2.50210_-3.49986_-2.50210
19,744576,-1.50435_-3.49986_-2.50210_-3.49986_-2.50210,617135,-2.50211_-3.49986_-3.49986_-2.50211_-2.50210
19,617135,-2.50211_-3.49986_-3.49986_-2.50211_-2.50210,617135,-2.50211_-3.49986_-3.49986_-2.50211_-2.50210
19,617135,-2.50211_-3.49986_-3.49986_-2.50211_-2.50210,578384,-2.50210_-3.49986_-3.49986_-2.50210_-3.49986
19,578384,-2.50210_-3.49986_-3.49986_-2.50210_-3.49986,578384,-2.50210_-3.49986_-3.49986_-2.50210_-3.49986
19,578384,-2.50210_-3.49986_-3.49986_-2.50210_-3.49986,539633,-2.50211_-3.49986_-3.49986_-3.49986_-3.49986
19,539633,-2.50211_-3.49986_-3.49986_-3.49986_-3.49986,539633,-2.50211_-3.49986_-3.49986_-3.49986_-3.49986
19,539633,-2.50211_-3.49986_-3.49986_-3.49986_-3.49986,539633,-2.50211_-3.49986_-3.49986_-3.49986_-3.49986
19,539633,-2.50211_-3.49986_-3.49986_-3.49986_-3.49986,539633,-2.50211_-3.49986_-3.49986_-3.49986_-3.49986
19,539633,-2.50211_-3.49986_-3.49986_-3.49986_-3.49986,539633,-3.49986_-3.49986_-2.50210_-3.49986_-3.49986
19,539633,-3.49986_-3.49986_-2.50210_-3.49986_-3.49986,539633,-3.49986_-3.49986_-2.50210_-3.49986_-3.49986
19,539633,-3.49986_-3.49986_-2.50210_-3.49986_-3.49986,539633,-3.49986_-3.49986_-2.50210_-3.49986_-3.49986
19,539633,-3.49986_-3.49986_-2.50210_-3.49986_-3.49986,539633,-3.49986_-3.49986_-2.50210_-3.49986_-3.49986
19,539633,-3.49986_-3.49986_-2.50210_-3.49986_-3.49986,500882,-3.49986_-3.49986_-3.49986_-3.49986_-3.49986
19,500882,-3.49986_-3.49986_-3.49986_-3.49986_-3.49986,500882,-3.49986_-3.49986_-3.49986_-3.49986_-3.49986
19,500882,-3.49986_-3.49986_-3.49986_-3.49986_-3.49986,500882,-3.49986_-3.49986_-3.49986_-3.49986_-3.49986
19,500882,-3.49986_-3.49986_-3.49986_-3.49986_-3.49986,500882,-3.49986_-3.49986_-3.49986_-3.49986_-3.49986
19,500882,-3.49986_-3.49986_-3.49986_-3.49986_-3.49986,500882,-3.49986_-3.49986_-3.49986_-3.49986_-3.49986
19,500882,-3.49986_-3.49986_-3.49986_-3.49986_-3.49986,500882,-3.49986_-3.49986_-3.49986_-3.49986_-3.49986
19,500882,-3.49986_-3.49986_-3.49986_-3.49986_-3.49986,500882,-3.49986_-3.49986_-3.49986_-3.49986_-3.49986
19,500882,-3.49986_-3.49986_-3.49986_-3.49986_-3.49986,500882,-3.49986_-3.49986_-3.49986_-3.49986_-3.49986
19,500882,-3.49986_-3.49986_-3.49986_-3.49986_-3.49986,500882,-3.49986_-3.49986_-3.49986_-3.49986_-3.49986
19,500882,-3.49986_-3.49986_-3.49986_-3.49986_-3.49986,500882,-3.49986_-3.49986_-3.49986_-3.49986_-3.49986
19,500882,-3.49986_-3.49986_-3.49986_-3.49986_-3.49986,500882,-3.49986_-3.49986_-3.49986_-3.49986_-3.49986
19,500882,-3.49986_-3.49986_-3.49986_-3.49986_-3.49986,500882,-3.49986_-3.49986_-3.49986_-3.49986_-3.49986
19,500882,-3.49986_-3.49986_-3.49986_-3.49986_-3.49986,500882,-3.49986_-3.49986_-3.49986_-3.49986_-3.49986
19,500882,-3.49986_-3.49986_-3.49986_-3.49986_-3.49986,500882,-3.49986_-3.49986_-3.49986_-3.49986_-3.49986
19,500882,-3.49986_-3.49986_-3.49986_-3.49986_-3.49986,500882,-3.49986_-3.49986_-3.49986_-3.49986_-3.49986
19,500882,-3.49986_-3.49986_-3.49986_-3.49986_-3.49986,500882,-3.49986_-3.49986_-3.49986_-3.49986_-3.49986
19,500882,-3.49986_-3.49986_-3.49986_-3.49986_-3.49986,500882,-3.49986_-3.49986_-3.49986_-3.49986_-3.49986
20,5472236,-2.47469_-0.48486_-1.47978_3.49496_4.48991,1790922,0.51009_2.50000_0.51008_-0.48486_1.50504
20,1790922,0.51009_2.50000_0.51008_-0.48486_1.50504,1293443,-0.48486_2.50000_2.50000_0.51009_2.50000
20,1293443,-0.48486_2.50000_2.50000_0.51009_2.50000,596975,0.51009_3.49496_2.50000_1.50504_2.50000
20,596975,0.51009_3.49496_2.50000_1.50504_2.50000,397984,1.50504_1.50504_3.49496_2.50000_3.49496
20,397984,1.50504_1.50504_3.49496_2.50000_3.49496,298488,2.50000_1.50504_3.49496_1.50504_2.50000
20,298488,2.50000_1.50504_3.49496_1.50504_2.50000,198992,2.50000_2.50000_2.50000_1.50504_1.50504
20,198992,2.50000_2.50000_2.50000_1.50504_1.50504,198992,1.50504_2.50000_2.50000_2.50000_1.50504
20,198992,1.50504_2.50000_2.50000_2.50000_1.50504,99496,1.50504_2.50000_2.50000_2.50000_2.50000
20,99496,1.50504_2.50000_2.50000_2.50000_2.50000,99496,1.50504_2.50000_2.50000_2.50000_2.50000
20,99496,1.50504_2.50000_2.50000_2.50000_2.50000,99496,2.50000_2.50000_2.50000_3.49496_2.50000
20,99496,2.50000_2.50000_2.50000_3.49496_2.50000,99496,2.50000_2.50000_2.50000_3.49496_2.50000
20,99496,2.50000_2.50000_2.50000_3.49496_2.50000,99496,2.50000_2.50000_1.50504_2.50000_2.50000
20,99496,2.50000_2.50000_1.50504_2.50000_2.50000,99496,2.50000_2.50000_1.50504_2.50000_2.50000
20,99496,2.50000_2.50000_1.50504_2.50000_2.50000,99496,2.50000_2.50000_1.50504_2.50000_2.50000
20,99496,2.50000_2.50000_1.50504_2.50000_2.50000,99496,2.50000_2.50000_1.50504_2.50000_2.50000
20,99496,2.50000_2.50000_1.50504_2.50000_2.50000,99496,2.50000_2.50000_1.50504_2.50000_2.50000
20,99496,2.50000_2.50000_1.50504_2.50000_2.50000,0,2.50000_2.50000_2.50000_2.50000_2.50000
20,0,2.50000_2.50000_2.50000_2.50000_2.50000,0,2.50000_2.50000_2.50000_2.50000_2.50000
20,0,2.50000_2.50000_2.50000_2.50000_2.50000,0,2.50000_2.50000_2.50000_2.50000_2.50000
20,0,2.50000_2.50000_2.50000_2.50000_2.50000,0,2.50000_2.50000_2.50000_2.50000_2.50000
20,0,2.50000_2.50000_2.50000_2.50000_2.50000,0,2.50000_2.50000_2.50000_2.50000_2.50000
20,0,2.50000_2.50000_2.50000_2.50000_2.50000,0,2.50000_2.50000_2.50000_2.50000_2.50000
20,0,2.50000_2.50000_2.50000_2.50000_2.50000,0,2.50000_2.50000_2.50000_2.50000_2.50000
20,0,2.50000_2.50000_2.50000_2.50000_2.50000,0,2.50000_2.50000_2.50000_2.50000_2.50000
20,0,2.50000_2.50000_2.50000_2.50000_2.50000,0,2.50000_2.50000_2.50000_2.50000_2.50000
20,0,2.50000_2.50000_2.50000_2.50000_2.50000,0,2.50000_2.50000_2.50000_2.50000_2.50000
20,0,2.50000_2.50000_2.50000_2.50000_2.50000,0,2.50000_2.50000_2.50000_2.50000_2.50000
20,0,2.50000_2.50000_2.50000_2.50000_2.50000,0,2.50000_2.50000_2.50000_2.50000_2.50000
20,0,2.50000_2.50000_2.50000_2.50000_2.50000,0,2.50000_2.50000_2.50000_2.50000_2.50000
20,0,2.50000_2.50000_2.50000_2.50000_2.50000,0,2.50000_2.50000_2.50000_2.50000_2.50000
20,0,2.50000_2.50000_2.50000_2.50000_2.50000,0,2.50000_2.50000_2.50000_2.50000_2.50000
20,0,2.50000_2.50000_2.50000_2.50000_2.50000,0,2.50000_2.50000_2.50000_2.50000_2.50000
20,0,2.50000_2.50000_2.50000_2.50000_2.50000,0,2.50000_2.50000_2.50000_2.50000_2.50000
20,0,2.50000_2.50000_2.50000_2.50000_2.50000,0,2.50000_2.50000_2.50000_2.50000_2.50000
20,0,2.50000_2.50000_2.50000_2.50000_2.50000,0,2.50000_2.50000_2.50000_2.50000_2.50000
20,0,2.50000_2.50000_2.50000_2.50000_2.50000,0,2.50000_2.50000_2.50000_2.50000_2.50000
20,0,2.50000_2.50000_2.50000_2.50000_2.50000,0,2.50000_2.50000_2.50000_2.50000_2.50000
20,0,2.50000_2.50000_2.50000_2.50000_2.50000,0,2.50000_2.50000_2.50000_2.50000_2.50000
20,0,2.50000_2.50000_2.50000_2.50000_2.50000,0,2.50000_2.50000_2.50000_2.50000_2.50000
20,0,2.50000_2.50000_2.50000_2.50000_2.50000,0,2.50000_2.50000_2.50000_2.50000_2.50000
20,0,2.50000_2.50000_2.50000_2.50000_2.50000,0,2.50000_2.50000_2.50000_2.50000_2.50000
20,0,2.50000_2.50000_2.50000_2.50000_2.50000,0,2.50000_2.50000_2.50000_2.50000_2.50000
21,3183843,3.49496_-2.47469_3.49496_0.51009_3.49496,1890418,3.49496_0.51009_-0.48486_3.49496_4.48991
21,1890418,3.49496_0.51009_-0.48486_3.49496_4.48991,1591931,4.48991_1.50504_1.50504_3.49496_-0.48486
21,1591931,4.48991_1.50504_1.50504_3.49496_-0.48486,1094454,3.49496_1.50504_0.51009_3.49496_0.51009
21,1094454,3.49496_1.50504_0.51009_3.49496_0.51009,895462,4.48991_2.50000_1.50504_4.48991_2.50000
21,895462,4.48991_2.50000_1.50504_4.48991_2.50000,795966,2.50000_0.51009_2.50000_4.48991_2.50000
21,795966,2.50000_0.51009_2.50000_4.48991_2.50000,696471,1.50504_0.51009_2.50000_3.49496_3.49496
21,696471,1.50504_0.51009_2.50000_3.49496_3.49496,298488,1.50504_1.50504_2.50000_3.49496_2.50000
21,298488,1.50504_1.50504_2.50000_3.49496_2.50000,99496,2.50000_2.50000_2.50000_3.49496_2.50000
21,99496,2.50000_2.50000_2.50000_3.49496_2.50000,0,2.50000_2.50000_2.50000_2.50000_2.50000
21,0,2.50000_2.50000_2.50000_2.50000_2.50000,0,2.50000_2.50000_2.50000_2.50000_2.50000
21,0,2.50000_2.50000_2.50000_2.50000_2.50000,0,2.50000_2.50000_2.50000_2.50000_2.50000
21,0,2.50000_2.50000_2.50000_2.50000_2.50000,0,2.50000_2.50000_2.50000_2.50000_2.50000
21,0,2.50000_2.50000_2.50000_2.50000_2.50000,0,2.50000_2.50000_2.50000_2.50000_2.50000
21,0,2.50000_2.50000_2.50000_2.50000_2.50000,0,2.50000_2.50000_2.50000_2.50000_2.50000
21,0,2.50000_2.50000_2.50000_2.50000_2.50000,0,2.50000_2.50000_2.50000_2.50000_2.50000
21,0,2.50000_2.50000_2.50000_2.50000_2.50000,0,2.50000_2.50000_2.50000_2.50000_2.50000
21,0,2.50000_2.50000_2.50000_2.50000_2.50000,0,2.50000_2.50000_2.50000_2.50000_2.50000
21,0,2.50000_2.50000_2.50000_2.50000_2.50000,0,2.50000_2.50000_2.50000_2.50000_2.50000
21,0,2.50000_2.50000_2.50000_2.50000_2.50000,0,2.50000_2.50000_2.50000_2.50000_2.50000
21,0,2.50000_2.50000_2.50000_2.50000_2.50000,0,2.50000_2.50000_2.50000_2.50000_2.50000
21,0,2.50000_2.50000_2.50000_2.50000_2.50000,0,2.50000_2.50000_2.50000_2.50000_2.50000
21,0,2.50000_2.50000_2.50000_2.50000_2.50000,0,2.50000_2.50000_2.50000_2.50000_2.50000
21,0,2.50000_2.50000_2.50000_2.50000_2.50000,0,2.50000_2.50000_2.50000_2.50000_2.50000
21,0,2.50000_2.50000_2.50000_2.50000_2.50000,0,2.50000_2.50000_2.50000_2.50000_2.50000
21,0,2.50000_2.50000_2.50000_2.50000_2.50000,0,2.50000_2.50000_2.50000_2.50000_2.50000
21,0,2.50000_2.50000_2.50000_2.50000_2.50000,0,2.50000_2.50000_2.50000_2.50000_2.50000
21,0,2.50000_2.50000_2.50000_2.50000_2.50000,0,2.50000_2.50000_2.50000_2.50000_2.50000
21,0,2.50000_2.50000_2.50000_2.50000_2.50000,0,2.50000_2.50000_2.50000_2.50000_2.50000
21,0,2.50000_2.50000_2.50000_2.50000_2.50000,0,2.50000_2.50000_2.50000_2.50000_2.50000
21,0,2.50000_2.50000_2.50000_2.50000_2.50000,0,2.50000_2.50000_2.50000_2.50000_2.50000
21,0,2.50000_2.50000_2.50000_2.50000_2.50000,0,2.50000_2.50000_2.50000_2.50000_2.50000
21,0,2.50000_2.50000_2.50000_2.50000_2.50000,0,2.50000_2.50000_2.50000_2.50000_2.50000
21,0,2.50000_2.50000_2.50000_2.50000_2.50000,0,2.50000_2.50000_2.50000_2.50000_2.50000
21,0,2.50000_2.50000_2.50000_2.50000_2.50000,0,2.50000_2.50000_2.50000_2.50000_2.50000
21,0,2.50000_2.50000_2.50000_2.50000_2.50000,0,2.50000_2.50000_2.50000_2.50000_2.50000
21,0,2.50000_2.50000_2.50000_2.50000_2.50000,0,2.50000_2.50000_2.50000_2.50000_2.50000
22,4441146,0.49115_3.48439_1.48890_-3.49986_-2.50210,4263768,1.48890_3.48439_-0.50660_-3.49986_-1.50435
22,4263768,1.48890_3.48439_-0.50660_-3.49986_-1.50435,3909013,1.48890_2.48665_-0.50660_-3.49986_-0.50660
22,3909013,1.48890_2.48665_-0.50660_-3.49986_-0.50660,2785872,-0.48486_3.49496_1.50504_-1.47978_1.50504
22,2785872,-0.48486_3.49496_1.50504_-1.47978_1.50504,895462,0.51009_3.49496_2.50000_0.51009_2.50000
22,895462,0.51009_3.49496_2.50000_0.51009_2.50000,298488,2.50000_2.50000_3.49496_3.49496_3.49496
22,298488,2.50000_2.50000_3.49496_3.49496_3.49496,99496,3.49496_2.50000_2.50000_2.50000_2.50000
22,99496,3.49496_2.50000_2.50000_2.50000_2.50000,99496,3.49496_2.50000_2.50000_2.50000_2.50000
22,99496,3.49496_2.50000_2.50000_2.50000_2.50000,99496,2.50000_1.50504_2.50000_2.50000_2.50000
22,99496,2.50000_1.50504_2.50000_2.50000_2.50000,99496,2.50000_2.50000_2.50000_1.50504_2.50000
22,99496,2.50000_2.50000_2.50000_1.50504_2.50000,99496,2.50000_2.50000_2.50000_1.50504_2.50000
22,99496,2.50000_2.50000_2.50000_1.50504_2.50000,99496,2.50000_2.50000_2.50000_1.50504_2.50000
22,99496,2.50000_2.50000_2.50000_1.50504_2.50000,99496,2.50000_3.49496_2.50000_2.50000_2.50000
22,99496,2.50000_3.49496_2.50000_2.50000_2.50000,0,2.50000_2.50000_2.50000_2.50000_2.50000
22,0,2.50000_2.50000_2.50000_2.50000_2.50000,0,2.50000_2.50000_2.50000_2.50000_2.50000
22,0,2.50000_2.50000_2.50000_2.50000_2.50000,0,2.50000_2.50000_2.50000_2.50000_2.50000
22,0,2.50000_2.50000_2.50000_2.50000_2.50000,0,2.50000_2.50000_2.50000_2.50000_2.50000
22,0,2.50000_2.50000_2.50000_2.50000_2.50000,0,2.50000_2.50000_2.50000_2.50000_2.50000
22,0,2.50000_2.50000_2.50000_2.50000_2.50000,0,2.50000_2.50000_2.50000_2.50000_2.50000
22,0,2.50000_2.50000_2.50000_2.50000_2.50000,0,2.50000_2.50000_2.50000_2.50000_2.50000
22,0,2.50000_2.50000_2.50000_2.50000_2.50000,0,2.50000_2.50000_2.50000_2.50000_2.50000
22,0,2.50000_2.50000_2.50000_2.50000_2.50000,0,2.50000_2.50000_2.50000_2.50000_2.50000
22,0,2.50000_2.50000_2.50000_2.50000_2.50000,0,2.50000_2.50000_2.50000_2.50000_2.50000
22,0,2.50000_2.50000_2.50000_2.50000_2.50000,0,2.50000_2.50000_2.50000_2.50000_2.50000
22,0,2.50000_2.50000_2.50000_2.50000_2.50000,0,2.50000_2.50000_2.50000_2.50000_2.50000
22,0,2.50000_2.50000_2.50000_2.50000_2.50000,0,2.50000_2.50000_2.50000_2.50000_2.50000
22,0,2.50000_2.50000_2.50000_2.50000_2.50000,0,2.50000_2.50000_2.50000_2.50000_2.50000
22,0,2.50000_2.50000_2.50000_2.50000_2.50000,0,2.50000_2.50000_2.50000_2.50000_2.50000
22,0,2.50000_2.50000_2.50000_2.50000_2.50000,0,2.50000_2.50000_2.50000_2.50000_2.50000
22,0,2.50000_2.50000_2.50000_2.50000_2.50000,0,2.50000_2.50000_2.50000_2.50000_2.50000
22,0,2.50000_2.50000_2.50000_2.50000_2.50000,0,2.50000_2.50000_2.50000_2.50000_2.50000
22,0,2.50000_2.50000_2.50000_2.50000_2.50000,0,2.50000_2.50000_2.50000_2.50000_2.50000
22,0,2.50000_2.50000_2.50000_2.50000_2.50000,0,2.50000_2.50000_2.50000_2.50000_2.50000
22,0,2.50000_2.50000_2.50000_2.50000_2.50000,0,2.50000_2.50000_2.50000_2.50000_2.50000
22,0,2.50000_2.50000_2.50000_2.50000_2.50000,0,2.50000_2.50000_2.50000_2.50000_2.50000
22,0,2.50000_2.50000_2.50000_2.50000_2.50000,0,2.50000_2.50000_2.50000_2.50000_2.50000
23,2811989,-4.49761_1.48890_-4.49761_1.48890_-4.49761,1825223,-2.50210_0.49115_-1.50435_-0.50660_-4.49761
23,1825223,-2.50210_0.49115_-1.50435_-0.50660_-4.49761,1520404,-2.50210_-0.50660_-0.50660_-1.50435_-4.49761
23,1520404,-2.50210_-0.50660_-0.50660_-1.50435_-4.49761,1254337,-2.50210_-1.50435_-0.50660_-1.50435_-3.49986
23,1254337,-2.50210_-1.50435_-0.50660_-1.50435_-3.49986,1254337,-1.50435_-1.50435_-0.50660_-2.50210_-3.49986
23,1254337,-1.50435_-1.50435_-0.50660_-2.50210_-3.49986,1088145,-1.50435_-1.50435_-1.50435_-2.50211_-4.49761
23,1088145,-1.50435_-1.50435_-1.50435_-2.50211_-4.49761,1038207,-1.50435_-2.50210_-1.50435_-1.50435_-3.49986
23,1038207,-1.50435_-2.50210_-1.50435_-1.50435_-3.49986,1038207,-1.50435_-1.50435_-2.50210_-1.50435_-3.49986
23,1038207,-1.50435_-1.50435_-2.50210_-1.50435_-3.49986,833265,-1.50435_-2.50210_-2.50210_-2.50210_-4.49761
23,833265,-1.50435_-2.50210_-2.50210_-2.50210_-4.49761,667073,-2.50210_-2.50211_-2.50210_-3.49986_-4.49761
23,667073,-2.50210_-2.50211_-2.50210_-3.49986_-4.49761,578384,-3.49986_-2.50210_-2.50210_-3.49986_-3.49986
23,578384,-3.49986_-2.50210_-2.50210_-3.49986_-3.49986,578384,-3.49986_-2.50210_-3.49986_-2.50210_-3.49986
23,578384,-3.49986_-2.50210_-3.49986_-2.50210_-3.49986,539633,-2.50211_-3.49986_-3.49986_-3.49986_-3.49986
23,539633,-2.50211_-3.49986_-3.49986_-3.49986_-3.49986,539633,-3.49986_-2.50210_-3.49986_-3.49986_-3.49986
23,539633,-3.49986_-2.50210_-3.49986_-3.49986_-3.49986,539633,-3.49986_-2.50210_-3.49986_-3.49986_-3.49986
23,539633,-3.49986_-2.50210_-3.49986_-3.49986_-3.49986,539633,-3.49986_-2.50210_-3.49986_-3.49986_-3.49986
23,539633,-3.49986_-2.50210_-3.49986_-3.49986_-3.49986,539633,-3.49986_-2.50210_-3.49986_-3.49986_-3.49986
23,539633,-3.49986_-2.50210_-3.49986_-3.49986_-3.49986,539633,-3.49986_-2.50210_-3.49986_-3.49986_-3.49986
23,539633,-3.49986_-2.50210_-3.49986_-3.49986_-3.49986,539633,-3.49986_-2.50210_-3.49986_-3.49986_-3.49986
23,539633,-3.49986_-2.50210_-3.49986_-3.49986_-3.49986,539633,-3.49986_-2.50210_-3.49986_-3.49986_-3.49986
23,539633,-3.49986_-2.50210_-3.49986_-3.49986_-3.49986,539633,-3.49986_-3.49986_-3.49986_-3.49986_-2.50210
23,539633,-3.49986_-3.49986_-3.49986_-3.49986_-2.50210,500882,-3.49986_-3.49986_-3.49986_-3.49986_-3.49986
23,500882,-3.49986_-3.49986_-3.49986_-3.49986_-3.49986,500882,-3.49986_-3.49986_-3.49986_-3.49986_-3.49986
23,500882,-3.49986_-3.49986_-3.49986_-3.49986_-3.49986,500882,-3.49986_-3.49986_-3.49986_-3.49986_-3.49986
23,500882,-3.49986_-3.49986_-3.49986_-3.49986_-3.49986,500882,-3.49986_-3.49986_-3.49986_-3.49986_-3.49986
23,500882,-3.49986_-3.49986_-3.49986_-3.49986_-3.49986,500882,-3.49986_-3.49986_-3.49986_-3.49986_-3.49986
23,500882,-3.49986_-3.49986_-3.49986_-3.49986_-3.49986,500882,-3.49986_-3.49986_-3.49986_-3.49986_-3.49986
23,500882,-3.49986_-3.49986_-3.49986_-3.49986_-3.49986,500882,-3.49986_-3.49986_-3.49986_-3.49986_-3.49986
24,2723298,-3.49985_-3.49986_-2.50211_-4.49761_3.48439,2102477,-2.50210_-4.49761_-0.50660_-4.49761_1.48890
24,2102477,-2.50210_-4.49761_-0.50660_-4.49761_1.48890,1963849,-1.50435_-4.49761_-1.50435_-3.49986_1.48890
24,1963849,-1.50435_-4.49761_-1.50435_-3.49986_1.48890,1392964,-1.50435_-3.49986_-2.50210_-3.49986_0.49115
24,1392964,-1.50435_-3.49986_-2.50210_-3.49986_0.49115,805701,-2.50211_-4.49761_-3.49986_-4.49761_-1.50435
24,805701,-2.50211_-4.49761_-3.49986_-4.49761_-1.50435,794514,-2.50211_-2.50210_-3.49986_-4.49761_-1.50435
24,794514,-2.50211_-2.50210_-3.49986_-4.49761_-1.50435,655886,-2.50210_-2.50210_-2.50210_-3.49986_-2.50211
24,655886,-2.50210_-2.50210_-2.50210_-3.49986_-2.50211,617135,-2.50211_-2.50210_-2.50211_-3.49986_-3.49986
24,617135,-2.50211_-2.50210_-2.50211_-3.49986_-3.49986,589571,-3.49986_-2.50210_-3.49986_-3.49986_-4.49761
24,589571,-3.49986_-2.50210_-3.49986_-3.49986_-4.49761,539633,-3.49986_-2.50210_-3.49986_-3.49986_-3.49986
24,539633,-3.49986_-2.50210_-3.49986_-3.49986_-3.49986,539633,-3.49986_-2.50210_-3.49986_-3.49986_-3.49986
24,539633,-3.49986_-2.50210_-3.49986_-3.49986_-3.49986,539633,-3.49986_-2.50210_-3.49986_-3.49986_-3.49986
24,539633,-3.49986_-2.50210_-3.49986_-3.49986_-3.49986,539633,-3.49986_-2.50210_-3.49986_-3.49986_-3.49986
24,539633,-3.49986_-2.50210_-3.49986_-3.49986_-3.49986,539633,-3.49986_-2.50210_-3.49986_-3.49986_-3.49986
24,539633,-3.49986_-2.50210_-3.49986_-3.49986_-3.49986,539633,-3.49986_-2.50210_-3.49986_-3.49986_-3.49986
24,539633,-3.49986_-2.50210_-3.49986_-3.49986_-3.49986,539633,-3.49986_-3.49986_-3.49986_-3.49986_-2.50210
24,539633,-3.49986_-3.49986_-3.49986_-3.49986_-2.50210,539633,-3.49986_-3.49986_-3.49986_-3.49986_-2.50210
24,539633,-3.49986_-3.49986_-3.49986_-3.49986_-2.50210,500882,-3.49986_-3.49986_-3.49986_-3.49986_-3.49986
24,500882,-3.49986_-3.49986_-3.49986_-3.49986_-3.49986,500882,-3.49986_-3.49986_-3.49986_-3.49986_-3.49986
24,500882,-3.49986_-3.49986_-3.49986_-3.49986_-3.49986,500882,-3.49986_-3.49986_-3.49986_-3.49986_-3.49986
24,500882,-3.49986_-3.49986_-3.49986_-3.49986_-3.49986,500882,-3.49986_-3.49986_-3.49986_-3.49986_-3.49986
24,500882,-3.49986_-3.49986_-3.49986_-3.49986_-3.49986,500882,-3.49986_-3.49986_-3.49986_-3.49986_-3.49986
24,500882,-3.49986_-3.49986_-3.49986_-3.49986_-3.49986,500882,-3.49986_-3.49986_-3.49986_-3.49986_-3.49986
24,500882,-3.49986_-3.49986_-3.49986_-3.49986_-3.49986,500882,-3.49986_-3.49986_-3.49986_-3.49986_-3.49986
24,500882,-3.49986_-3.49986_-3.49986_-3.49986_-3.49986,500882,-3.49986_-3.49986_-3.49986_-3.49986_-3.49986
24,500882,-3.49986_-3.49986_-3.49986_-3.49986_-3.49986,500882,-3.49986_-3.49986_-3.49986_-3.49986_-3.49986
24,500882,-3.49986_-3.49986_-3.49986_-3.49986_-3.49986,500882,-3.49986_-3.49986_-3.49986_-3.49986_-3.49986
24,500882,-3.49986_-3.49986_-3.49986_-3.49986_-3.49986,500882,-3.49986_-3.49986_-3.49986_-3.49986_-3.49986
24,500882,-3.49986_-3.49986_-3.49986_-3.49986_-3.49986,500882,-3.49986_-3.49986_-3.49986_-3.49986_-3.49986
24,500882,-3.49986_-3.49986_-3.49986_-3.49986_-3.49986,500882,-3.49986_-3.49986_-3.49986_-3.49986_-3.49986
24,500882,-3.49986_-3.49986_-3.49986_-3.49986_-3.49986,500882,-3.49986_-3.49986_-3.49986_-3.49986_-3.49986
24,500882,-3.49986_-3.49986_-3.49986_-3.49986_-3.49986,500882,-3.49986_-3.49986_-3.49986_-3.49986_-3.49986
24,500882,-3.49986_-3.49986_-3.49986_-3.49986_-3.49986,500882,-3.49986_-3.49986_-3.49986_-3.49986_-3.49986
24,500882,-3.49986_-3.49986_-3.49986_-3.49986_-3.49986,500882,-3.49986_-3.49986_-3.49986_-3.49986_-3.49986
25,4197452,3.48439_-3.49986_-3.49986_2.48665_-3.49986,1520404,-1.50436_-3.49986_-3.49986_-1.50434_0.49115
25,1520404,-1.50436_-3.49986_-3.49986_-1.50434_0.49115,1293088,-1.50435_-2.50210_-2.50211_-1.50435_-0.50660
25,1293088,-1.50435_-2.50210_-2.50211_-1.50435_-0.50660,1165648,-1.50435_-1.50435_-3.49986_-1.50435_-1.50435
25,1165648,-1.50435_-1.50435_-3.49986_-1.50435_-1.50435,1038207,-1.50435_-1.50435_-3.49986_-2.50210_-1.50435
25,1038207,-1.50435_-1.50435_-3.49986_-2.50210_-1.50435,949518,-1.50435_-1.50435_-2.50211_-2.50210_-2.50211
25,949518,-1.50435_-1.50435_-2.50211_-2.50210_-2.50211,822078,-1.50435_-2.50211_-2.50210_-2.50210_-2.50211
25,822078,-1.50435_-2.50211_-2.50210_-2.50210_-2.50211,822078,-1.50435_-2.50211_-2.50210_-2.50210_-2.50211
25,822078,-1.50435_-2.50211_-2.50210_-2.50210_-2.50211,783327,-1.50435_-2.50211_-2.50211_-2.50211_-3.49986
25,783327,-1.50435_-2.50211_-2.50211_-2.50211_-3.49986,783327,-1.50435_-2.50211_-2.50211_-2.50211_-3.49986
25,783327,-1.50435_-2.50211_-2.50211_-2.50211_-3.49986,744576,-2.50210_-1.50435_-2.50210_-3.49986_-3.49986
25,744576,-2.50210_-1.50435_-2.50210_-3.49986_-3.49986,744576,-2.50210_-1.50435_-3.49986_-3.49986_-2.50210
25,744576,-2.50210_-1.50435_-3.49986_-3.49986_-2.50210,744576,-2.50210_-1.50435_-3.49986_-3.49986_-2.50210
25,744576,-2.50210_-1.50435_-3.49986_-3.49986_-2.50210,705824,-1.50435_-2.50211_-3.49986_-3.49986_-3.49986
25,705824,-1.50435_-2.50211_-3.49986_-3.49986_-3.49986,667073,-1.50435_-3.49986_-3.49986_-3.49986_-3.49986
25,667073,-1.50435_-3.49986_-3.49986_-3.49986_-3.49986,578384,-2.50210_-2.50210_-3.49986_-3.49986_-3.49986
25,578384,-2.50210_-2.50210_-3.49986_-3.49986_-3.49986,578384,-2.50210_-3.49986_-3.49986_-2.50210_-3.49986
25,578384,-2.50210_-3.49986_-3.49986_-2.50210_-3.49986,539633,-3.49986_-3.49986_-3.49986_-2.50211_-3.49986
25,539633,-3.49986_-3.49986_-3.49986_-2.50211_-3.49986,500882,-3.49986_-3.49986_-3.49986_-3.49986_-3.49986
25,500882,-3.49986_-3.49986_-3.49986_-3.49986_-3.49986,500882,-3.49986_-3.49986_-3.49986_-3.49986_-3.49986
25,500882,-3.49986_-3.49986_-3.49986_-3.49986_-3.49986,500882,-3.49986_-3.49986_-3.49986_-3.49986_-3.49986
25,500882,-3.49986_-3.49986_-3.49986_-3.49986_-3.49986,500882,-3.49986_-3.49986_-3.49986_-3.49986_-3.49986
25,500882,-3.49986_-3.49986_-3.49986_-3.49986_-3.49986,500882,-3.49986_-3.49986_-3.49986_-3.49986_-3.49986
25,500882,-3.49986_-3.49986_-3.49986_-3.49986_-3.49986,500882,-3.49986_-3.49986_-3.49986_-3.49986_-3.49986
25,500882,-3.49986_-3.49986_-3.49986_-3.49986_-3.49986,500882,-3.49986_-3.49986_-3.49986_-3.49986_-3.49986
25,500882,-3.49986_-3.49986_-3.49986_-3.49986_-3.49986,500882,-3.49986_-3.49986_-3.49986_-3.49986_-3.49986
25,500882,-3.49986_-3.49986_-3.49986_-3.49986_-3.49986,500882,-3.49986_-3.49986_-3.49986_-3.49986_-3.49986
25,500882,-3.49986_-3.49986_-3.49986_-3.49986_-3.49986,500882,-3.49986_-3.49986_-3.49986_-3.49986_-3.49986
25,500882,-3.49986_-3.49986_-3.49986_-3.49986_-3.49986,500882,-3.49986_-3.49986_-3.49986_-3.49986_-3.49986
26,3997702,-3.49986_2.48665_-1.50435_1.48890_0.49115,3781572,-3.49986_3.48439_-0.50660_-0.50660_-0.50660
26,3781572,-3.49986_3.48439_-0.50660_-0.50660_-0.50660,2080103,-3.49986_0.49115_-1.50435_0.49115_-2.50210
26,2080103,-3.49986_0.49115_-1.50435_0.49115_-2.50210,1470466,-3.49986_-0.50660_-2.50210_-1.50435_-0.50660
26,1470466,-3.49986_-0.50660_-2.50210_-1.50435_-0.50660,1088145,-4.49761_-1.50435_-2.50210_-1.50435_-1.50435
26,1088145,-4.49761_-1.50435_-2.50210_-1.50435_-1.50435,99496,1.50504_2.50000_2.50000_2.50000_2.50000
26,99496,1.50504_2.50000_2.50000_2.50000_2.50000,99496,2.50000_2.50000_2.50000_1.50504_2.50000
26,99496,2.50000_2.50000_2.50000_1.50504_2.50000,99496,2.50000_2.50000_2.50000_1.50504_2.50000
26,99496,2.50000_2.50000_2.50000_1.50504_2.50000,99496,2.50000_2.50000_1.50504_2.50000_2.50000
26,99496,2.50000_2.50000_1.50504_2.50000_2.50000,99496,2.50000_2.50000_1.50504_2.50000_2.50000
26,99496,2.50000_2.50000_1.50504_2.50000_2.50000,99496,2.50000_2.50000_1.50504_2.50000_2.50000
26,99496,2.50000_2.50000_1.50504_2.50000_2.50000,0,2.50000_2.50000_2.50000_2.50000_2.50000
26,0,2.50000_2.50000_2.50000_2.50000_2.50000,0,2.50000_2.50000_2.50000_2.50000_2.50000
26,0,2.50000_2.50000_2.50000_2.50000_2.50000,0,2.50000_2.50000_2.50000_2.50000_2.50000
26,0,2.50000_2.50000_2.50000_2.50000_2.50000,0,2.50000_2.50000_2.50000_2.50000_2.50000
26,0,2.50000_2.50000_2.50000_2.50000_2.50000,0,2.50000_2.50000_2.50000_2.50000_2.50000
26,0,2.50000_2.50000_2.50000_2.50000_2.50000,0,2.50000_2.50000_2.50000_2.50000_2.50000
26,0,2.50000_2.50000_2.50000_2.50000_2.50000,0,2.50000_2.50000_2.50000_2.50000_2.50000
26,0,2.50000_2.50000_2.50000_2.50000_2.50000,0,2.50000_2.50000_2.50000_2.50000_2.50000
26,0,2.50000_2.50000_2.50000_2.50000_2.50000,0,2.50000_2.50000_2.50000_2.50000_2.50000
26,0,2.50000_2.50000_2.50000_2.50000_2.50000,0,2.50000_2.50000_2.50000_2.50000_2.50000
26,0,2.50000_2.50000_2.50000_2.50000_2.50000,0,2.50000_2.50000_2.50000_2.50000_2.50000
26,0,2.50000_2.50000_2.50000_2.50000_2.50000,0,2.50000_2.50000_2.50000_2.50000_2.50000
26,0,2.50000_2.50000_2.50000_2.50000_2.50000,0,2.50000_2.50000_2.50000_2.50000_2.50000
26,0,2.50000_2.50000_2.50000_2.50000_2.50000,0,2.50000_2.50000_2.50000_2.50000_2.50000
26,0,2.50000_2.50000_2.50000_2.50000_2.50000,0,2.50000_2.50000_2.50000_2.50000_2.50000
26,0,2.50000_2.50000_2.50000_2.50000_2.50000,0,2.50000_2.50000_2.50000_2.50000_2.50000
26,0,2.50000_2.50000_2.50000_2.50000_2.50000,0,2.50000_2.50000_2.50000_2.50000_2.50000
26,0,2.50000_2.50000_2.50000_2.50000_2.50000,0,2.50000_2.50000_2.50000_2.50000_2.50000
27,1825223,-4.49761_-2.50211_0.49115_-1.50434_-0.50660,1520404,-4.49761_-0.50660_-0.50660_-2.50210_-1.50435
27,1520404,-4.49761_-0.50660_-0.50660_-2.50210_-1.50435,1293088,-2.50210_-2.50210_-1.50435_-1.50435_-0.50660
27,1293088,-2.50210_-2.50210_-1.50435_-1.50435_-0.50660,1293088,-2.50210_-2.50210_-1.50435_-1.50435_-0.50660
27,1293088,-2.50210_-2.50210_-1.50435_-1.50435_-0.50660,1254337,-3.49986_-2.50210_-1.50435_-0.50660_-1.50435
27,1254337,-3.49986_-2.50210_-1.50435_-0.50660_-1.50435,895462,2.50000_2.50000_4.48991_4.48991_1.50504
27,895462,2.50000_2.50000_4.48991_4.48991_1.50504,696471,1.50504_2.50000_4.48991_3.49496_1.50504
27,696471,1.50504_2.50000_4.48991_3.49496_1.50504,596975,2.50000_2.50000_3.49496_3.49496_0.51009
27,596975,2.50000_2.50000_3.49496_3.49496_0.51009,198992,2.50000_2.50000_3.49496_2.50000_1.50504
27,198992,2.50000_2.50000_3.49496_2.50000_1.50504,198992,1.50504_3.49496_2.50000_2.50000_2.50000
27,198992,1.50504_3.49496_2.50000_2.50000_2.50000,198992,1.50504_2.50000_2.50000_2.50000_1.50504
27,198992,1.50504_2.50000_2.50000_2.50000_1.50504,198992,1.50504_2.50000_2.50000_2.50000_1.50504
27,198992,1.50504_2.50000_2.50000_2.50000_1.50504,99496,2.50000_2.50000_3.49496_2.50000_2.50000
27,99496,2.50000_2.50000_3.49496_2.50000_2.50000,99496,2.50000_2.50000_3.49496_2.50000_2.50000
27,99496,2.50000_2.50000_3.49496_2.50000_2.50000,99496,2.50000_2.50000_2.50000_2.50000_3.49496
27,99496,2.50000_2.50000_2.50000_2.50000_3.49496,99496,2.50000_2.50000_2.50000_2.50000_3.49496
27,99496,2.50000_2.50000_2.50000_2.50000_3.49496,99496,1.50504_2.50000_2.50000_2.50000_2.50000
27,99496,1.50504_2.50000_2.50000_2.50000_2.50000,99496,2.50000_3.49496_2.50000_2.50000_2.50000
27,99496,2.50000_3.49496_2.50000_2.50000_2.50000,99496,2.50000_3.49496_2.50000_2.50000_2.50000
27,99496,2.50000_3.49496_2.50000_2.50000_2.50000,99496,2.50000_3.49496_2.50000_2.50000_2.50000
27,99496,2.50000_3.49496_2.50000_2.50000_2.50000,99496,2.50000_3.49496_2.50000_2.50000_2.50000
27,99496,2.50000_3.49496_2.50000_2.50000_2.50000,99496,2.50000_2.50000_1.50504_2.50000_2.50000
27,99496,2.50000_2.50000_1.50504_2.50000_2.50000,0,2.50000_2.50000_2.50000_2.50000_2.50000
27,0,2.50000_2.50000_2.50000_2.50000_2.50000,0,2.50000_2.50000_2.50000_2.50000_2.50000
27,0,2.50000_2.50000_2.50000_2.50000_2.50000,0,2.50000_2.50000_2.50000_2.50000_2.50000
27,0,2.50000_2.50000_2.50000_2.50000_2.50000,0,2.50000_2.50000_2.50000_2.50000_2.50000
27,0,2.50000_2.50000_2.50000_2.50000_2.50000,0,2.50000_2.50000_2.50000_2.50000_2.50000
27,0,2.50000_2.50000_2.50000_2.50000_2.50000,0,2.50000_2.50000_2.50000_2.50000_2.50000
27,0,2.50000_2.50000_2.50000_2.50000_2.50000,0,2.50000_2.50000_2.50000_2.50000_2.50000
27,0,2.50000_2.50000_2.50000_2.50000_2.50000,0,2.50000_2.50000_2.50000_2.50000_2.50000
27,0,2.50000_2.50000_2.50000_2.50000_2.50000,0,2.50000_2.50000_2.50000_2.50000_2.50000
27,0,2.50000_2.50000_2.50000_2.50000_2.50000,0,2.50000_2.50000_2.50000_2.50000_2.50000
27,0,2.50000_2.50000_2.50000_2.50000_2.50000,0,2.50000_2.50000_2.50000_2.50000_2.50000
27,0,2.50000_2.50000_2.50000_2.50000_2.50000,0,2.50000_2.50000_2.50000_2.50000_2.50000
27,0,2.50000_2.50000_2.50000_2.50000_2.50000,0,2.50000_2.50000_2.50000_2.50000_2.50000
27,0,2.50000_2.50000_2.50000_2.50000_2.50000,0,2.50000_2.50000_2.50000_2.50000_2.50000
27,0,2.50000_2.50000_2.50000_2.50000_2.50000,0,2.50000_2.50000_2.50000_2.50000_2.50000
27,0,2.50000_2.50000_2.50000_2.50000_2.50000,0,2.50000_2.50000_2.50000_2.50000_2.50000
27,0,2.50000_2.50000_2.50000_2.50000_2.50000,0,2.50000_2.50000_2.50000_2.50000_2.50000
28,4079278,0.51010_1.50503_2.50000_-3.46958_2.50000,2984851,1.50504_0.51009_2.50000_-2.47469_2.50000
28,2984851,1.50504_0.51009_2.50000_-2.47469_2.50000,1890412,1.50504_1.50504_2.50000_-1.47978_1.50504
28,1890412,1.50504_1.50504_2.50000_-1.47978_1.50504,994956,2.50000_2.50000_3.49496_-0.48486_2.50000
28,994956,2.50000_2.50000_3.49496_-0.48486_2.50000,696471,3.49496_0.51009_1.50504_1.50504_2.50000
28,696471,3.49496_0.51009_1.50504_1.50504_2.50000,298488,1.50504_2.50000_2.50000_1.50504_1.50504
28,298488,1.50504_2.50000_2.50000_1.50504_1.50504,0,2.50000_2.50000_2.50000_2.50000_2.50000
28,0,2.50000_2.50000_2.50000_2.50000_2.50000,0,2.50000_2.50000_2.50000_2.50000_2.50000
28,0,2.50000_2.50000_2.50000_2.50000_2.50000,0,2.50000_2.50000_2.50000_2.50000_2.50000
28,0,2.50000_2.50000_2.50000_2.50000_2.50000,0,2.50000_2.50000_2.50000_2.50000_2.50000
28,0,2.50000_2.50000_2.50000_2.50000_2.50000,0,2.50000_2.50000_2.50000_2.50000_2.50000
28,0,2.50000_2.50000_2.50000_2.50000_2.50000,0,2.50000_2.50000_2.50000_2.50000_2.50000
28,0,2.50000_2.50000_2.50000_2.50000_2.50000,0,2.50000_2.50000_2.50000_2.50000_2.50000
28,0,2.50000_2.50000_2.50000_2.50000_2.50000,0,2.50000_2.50000_2.50000_2.50000_2.50000
28,0,2.50000_2.50000_2.50000_2.50000_2.50000,0,2.50000_2.50000_2.50000_2.50000_2.50000
28,0,2.50000_2.50000_2.50000_2.50000_2.50000,0,2.50000_2.50000_2.50000_2.50000_2.50000
28,0,2.50000_2.50000_2.50000_2.50000_2.50000,0,2.50000_2.50000_2.50000_2.50000_2.50000
28,0,2.50000_2.50000_2.50000_2.50000_2.50000,0,2.50000_2.50000_2.50000_2.50000_2.50000
28,0,2.50000_2.50000_2.50000_2.50000_2.50000,0,2.50000_2.50000_2.50000_2.50000_2.50000
28,0,2.50000_2.50000_2.50000_2.50000_2.50000,0,2.50000_2.50000_2.50000_2.50000_2.50000
28,0,2.50000_2.50000_2.50000_2.50000_2.50000,0,2.50000_2.50000_2.50000_2.50000_2.50000
28,0,2.50000_2.50000_2.50000_2.50000_2.50000,0,2.50000_2.50000_2.50000_2.50000_2.50000
28,0,2.50000_2.50000_2.50000_2.50000_2.50000,0,2.50000_2.50000_2.50000_2.50000_2.50000
28,0,2.50000_2.50000_2.50000_2.50000_2.50000,0,2.50000_2.50000_2.50000_2.50000_2.50000
28,0,2.50000_2.50000_2.50000_2.50000_2.50000,0,2.50000_2.50000_2.50000_2.50000_2.50000
28,0,2.50000_2.50000_2.50000_2.50000_2.50000,0,2.50000_2.50000_2.50000_2.50000_2.50000
28,0,2.50000_2.50000_2.50000_2.50000_2.50000,0,2.50000_2.50000_2.50000_2.50000_2.50000
28,0,2.50000_2.50000_2.50000_2.50000_2.50000,0,2.50000_2.50000_2.50000_2.50000_2.50000
28,0,2.50000_2.50000_2.50000_2.50000_2.50000,0,2.50000_2.50000_2.50000_2.50000_2.50000
28,0,2.50000_2.50000_2.50000_2.50000_2.50000,0,2.50000_2.50000_2.50000_2.50000_2.50000
28,0,2.50000_2.50000_2.50000_2.50000_2.50000,0,2.50000_2.50000_2.50000_2.50000_2.50000
28,0,2.50000_2.50000_2.50000_2.50000_2.50000,0,2.50000_2.50000_2.50000_2.50000_2.50000
28,0,2.50000_2.50000_2.50000_2.50000_2.50000,0,2.50000_2.50000_2.50000_2.50000_2.50000
29,4974738,0.51009_-0.48486_3.49496_2.50000_-3.46957,3515505,0.49115_-2.50211_0.49115_2.48665_-2.50210
29,3515505,0.49115_-2.50211_0.49115_2.48665_-2.50210,2855931,-0.50660_-1.50435_0.49115_1.48890_-2.50210
29,2855931,-0.50660_-1.50435_0.49115_1.48890_-2.50210,2207543,-1.50435_-2.50211_-0.50660_1.48890_-2.50211
29,2207543,-1.50435_-2.50211_-0.50660_1.48890_-2.50211,1597906,-1.50435_-0.50660_-1.50435_-0.50660_-3.49986
29,1597906,-1.50435_-0.50660_-1.50435_-0.50660_-3.49986,705825,-2.50210_-2.50210_-2.50210_-2.50210_-4.49761
29,705825,-2.50210_-2.50210_-2.50210_-2.50210_-4.49761,705824,-3.49986_-1.50435_-3.49986_-2.50211_-3.49986
29,705824,-3.49986_-1.50435_-3.49986_-2.50211_-3.49986,705824,-3.49986_-2.50211_-3.49986_-1.50435_-3.49986
29,705824,-3.49986_-2.50211_-3.49986_-1.50435_-3.49986,639509,-4.49761_-3.49986_-3.49986_-2.50210_-4.49761
29,639509,-4.49761_-3.49986_-3.49986_-2.50210_-4.49761,628322,-3.49986_-2.50210_-3.49986_-2.50211_-4.49761
29,628322,-3.49986_-2.50210_-3.49986_-2.50211_-4.49761,617135,-3.49986_-2.50210_-2.50210_-2.50211_-3.49986
29,617135,-3.49986_-2.50210_-2.50210_-2.50211_-3.49986,617135,-3.49986_-2.50210_-2.50210_-2.50211_-3.49986
29,617135,-3.49986_-2.50210_-2.50210_-2.50211_-3.49986,589571,-4.49761_-3.49986_-2.50211_-3.49986_-3.49986
29,589571,-4.49761_-3.49986_-2.50211_-3.49986_-3.49986,578384,-3.49986_-2.50210_-3.49986_-3.49986_-2.50210
29,578384,-3.49986_-2.50210_-3.49986_-3.49986_-2.50210,500882,-3.49986_-3.49986_-3.49986_-3.49986_-3.49986
29,500882,-3.49986_-3.49986_-3.49986_-3.49986_-3.49986,500882,-3.49986_-3.49986_-3.49986_-3.49986_-3.49986
29,500882,-3.49986_-3.49986_-3.49986_-3.49986_-3.49986,500882,-3.49986_-3.49986_-3.49986_-3.49986_-3.49986
29,500882,-3.49986_-3.49986_-3.49986_-3.49986_-3.49986,500882,-3.49986_-3.49986_-3.49986_-3.49986_-3.49986
29,500882,-3.49986_-3.49986_-3.49986_-3.49986_-3.49986,500882,-3.49986_-3.49986_-3.49986_-3.49986_-3.49986
29,500882,-3.49986_-3.49986_-3.49986_-3.49986_-3.49986,500882,-3.49986_-3.49986_-3.49986_-3.49986_-3.49986
29,500882,-3.49986_-3.49986_-3.49986_-3.49986_-3.49986,500882,-3.49986_-3.49986_-3.49986_-3.49986_-3.49986
29,500882,-3.49986_-3.49986_-3.49986_-3.49986_-3.49986,500882,-3.49986_-3.49986_-3.49986_-3.49986_-3.49986
29,500882,-3.49986_-3.49986_-3.49986_-3.49986_-3.49986,500882,-3.49986_-3.49986_-3.49986_-3.49986_-3.49986
29,500882,-3.49986_-3.49986_-3.49986_-3.49986_-3.49986,500882,-3.49986_-3.49986_-3.49986_-3.49986_-3.49986
29,500882,-3.49986_-3.49986_-3.49986_-3.49986_-3.49986,500882,-3.49986_-3.49986_-3.49986_-3.49986_-3.49986
29,500882,-3.49986_-3.49986_-3.49986_-3.49986_-3.49986,500882,-3.49986_-3.49986_-3.49986_-3.49986_-3.49986
29,500882,-3.49986_-3.49986_-3.49986_-3.49986_-3.49986,500882,-3.49986_-3.49986_-3.49986_-3.49986_-3.49986
29,500882,-3.49986_-3.49986_-3.49986_-3.49986_-3.49986,500882,-3.49986_-3.49986_-3.49986_-3.49986_-3.49986
29,500882,-3.49986_-3.49986_-3.49986_-3.49986_-3.49986,500882,-3.49986_-3.49986_-3.49986_-3.49986_-3.49986
29,500882,-3.49986_-3.49986_-3.49986_-3.49986_-3.49986,497480,1.50504_1.50504_1.50504_1.50504_1.50504
29,497480,1.50504_1.50504_1.50504_1.50504_1.50504,397984,1.50504_1.50504_2.50000_1.50504_1.50504
29,397984,1.50504_1.50504_2.50000_1.50504_1.50504,298488,1.50504_2.50000_1.50504_2.50000_1.50504
29,298488,1.50504_2.50000_1.50504_2.50000_1.50504,298488,1.50504_2.50000_1.50504_2.50000_1.50504
29,298488,1.50504_2.50000_1.50504_2.50000_1.50504,198992,1.50504_2.50000_2.50000_2.50000_1.50504
29,198992,1.50504_2.50000_2.50000_2.50000_1.50504,198992,1.50504_2.50000_2.50000_2.50000_1.50504
29,198992,1.50504_2.50000_2.50000_2.50000_1.50504,99496,2.50000_2.50000_2.50000_2.50000_1.50504
29,99496,2.50000_2.50000_2.50000_2.50000_1.50504,99496,2.50000_2.50000_2.50000_3.49496_2.50000
29,99496,2.50000_2.50000_2.50000_3.49496_2.50000,99496,2.50000_2.50000_2.50000_3.49496_2.50000
29,99496,2.50000_2.50000_2.50000_3.49496_2.50000,0,2.50000_2.50000_2.50000_2.50000_2.50000
29,0,2.50000_2.50000_2.50000_2.50000_2.50000,0,2.50000_2.50000_2.50000_2.50000_2.50000
29,0,2.50000_2.50000_2.50000_2.50000_2.50000,0,2.50000_2.50000_2.50000_2.50000_2.50000
29,0,2.50000_2.50000_2.50000_2.50000_2.50000,0,2.50000_2.50000_2.50000_2.50000_2.50000
30,4984466,-3.49986_3.48439_-4.49761_-1.50435_3.48439,3792758,-0.50660_3.48439_-4.49761_-2.50211_0.49115
30,3792758,-0.50660_3.48439_-4.49761_-2.50211_0.49115,3221874,-0.50660_2.48665_-4.49761_-2.50210_0.49115
30,3221874,-0.50660_2.48665_-4.49761_-2.50210_0.49115,3221873,-1.50436_3.48439_-2.50211_-3.49986_-0.50660
30,3221873,-1.50436_3.48439_-2.50211_-3.49986_-0.50660,2739677,-2.50211_1.48890_-2.50210_-3.49986_1.48890
30,2739677,-2.50211_1.48890_-2.50210_-3.49986_1.48890,2346170,-2.50212_1.48890_-2.50210_-3.49985_0.49115
30,2346170,-2.50212_1.48890_-2.50210_-3.49985_0.49115,1697783,-0.50659_-0.50660_-3.49986_-4.49761_-0.50660
30,1697783,-0.50659_-0.50660_-3.49986_-4.49761_-0.50660,1265524,-0.50660_-1.50435_-3.49986_-4.49761_-1.50435
30,1265524,-0.50660_-1.50435_-3.49986_-4.49761_-1.50435,1010643,-0.50660_-2.50210_-3.49986_-4.49761_-2.50211
30,1010643,-0.50660_-2.50210_-3.49986_-4.49761_-2.50211,744576,-1.50435_-3.49986_-2.50210_-3.49986_-2.50210
30,744576,-1.50435_-3.49986_-2.50210_-3.49986_-2.50210,617135,-2.50211_-3.49986_-3.49986_-2.50211_-2.50210
30,617135,-2.50211_-3.49986_-3.49986_-2.50211_-2.50210,600758,-3.49986_-4.49761_-4.49761_-3.49986_-3.49986
30,600758,-3.49986_-4.49761_-4.49761_-3.49986_-3.49986,589571,-2.50210_-3.49986_-4.49761_-3.49986_-3.49986
30,589571,-2.50210_-3.49986_-4.49761_-3.49986_-3.49986,550820,-3.49986_-3.49986_-4.49761_-3.49986_-3.49986
30,550820,-3.49986_-3.49986_-4.49761_-3.49986_-3.49986,539633,-3.49986_-3.49986_-3.49986_-3.49986_-2.50210
30,539633,-3.49986_-3.49986_-3.49986_-3.49986_-2.50210,539633,-3.49986_-3.49986_-3.49986_-3.49986_-2.50210
30,539633,-3.49986_-3.49986_-3.49986_-3.49986_-2.50210,500882,-3.49986_-3.49986_-3.49986_-3.49986_-3.49986
30,500882,-3.49986_-3.49986_-3.49986_-3.49986_-3.49986,500882,-3.49986_-3.49986_-3.49986_-3.49986_-3.49986
30,500882,-3.49986_-3.49986_-3.49986_-3.49986_-3.49986,500882,-3.49986_-3.49986_-3.49986_-3.49986_-3.49986
30,500882,-3.49986_-3.49986_-3.49986_-3.49986_-3.49986,500882,-3.49986_-3.49986_-3.49986_-3.49986_-3.49986
30,500882,-3.49986_-3.49986_-3.49986_-3.49986_-3.49986,500882,-3.49986_-3.49986_-3.49986_-3.49986_-3.49986
30,500882,-3.49986_-3.49986_-3.49986_-3.49986_-3.49986,500882,-3.49986_-3.49986_-3.49986_-3.49986_-3.49986
30,500882,-3.49986_-3.49986_-3.49986_-3.49986_-3.49986,500882,-3.49986_-3.49986_-3.49986_-3.49986_-3.49986
30,500882,-3.49986_-3.49986_-3.49986_-3.49986_-3.49986,500882,-3.49986_-3.49986_-3.49986_-3.49986_-3.49986
30,500882,-3.49986_-3.49986_-3.49986_-3.49986_-3.49986,500882,-3.49986_-3.49986_-3.49986_-3.49986_-3.49986
30,500882,-3.49986_-3.49986_-3.49986_-3.49986_-3.49986,500882,-3.49986_-3.49986_-3.49986_-3.49986_-3.49986
30,500882,-3.49986_-3.49986_-3.49986_-3.49986_-3.49986,500882,-3.49986_-3.49986_-3.49986_-3.49986_-3.49986
30,500882,-3.49986_-3.49986_-3.49986_-3.49986_-3.49986,500882,-3.49986_-3.49986_-3.49986_-3.49986_-3.49986
30,500882,-3.49986_-3.49986_-3.49986_-3.49986_-3.49986,500882,-3.49986_-3.49986_-3.49986_-3.49986_-3.49986
31,1193948,2.50000_1.50504_1.50504_3.49496_-0.48486,596975,3.49496_2.50000_2.50000_3.49496_0.51009
31,596975,3.49496_2.50000_2.50000_3.49496_0.51009,397984,3.49496_2.50000_1.50504_3.49496_1.50504
31,397984,3.49496_2.50000_1.50504_3.49496_1.50504,298488,2.50000_1.50504_1.50504_2.50000_1.50504
31,298488,2.50000_1.50504_1.50504_2.50000_1.50504,198992,2.50000_1.50505_1.50504_2.50000_2.50000
31,198992,2.50000_1.50505_1.50504_2.50000_2.50000,198992,2.50000_2.50000_2.50000_3.49496_3.49496
31,198992,2.50000_2.50000_2.50000_3.49496_3.49496,198992,3.49496_2.50000_2.50000_2.50000_3.49496
31,198992,3.49496_2.50000_2.50000_2.50000_3.49496,99496,3.49496_2.50000_2.50000_2.50000_2.50000
31,99496,3.49496_2.50000_2.50000_2.50000_2.50000,99496,2.50000_2.50000_3.49496_2.50000_2.50000
31,99496,2.50000_2.50000_3.49496_2.50000_2.50000,99496,2.50000_2.50000_3.49496_2.50000_2.50000
31,99496,2.50000_2.50000_3.49496_2.50000_2.50000,99496,2.50000_2.50000_3.49496_2.50000_2.50000
31,99496,2.50000_2.50000_3.49496_2.50000_2.50000,0,2.50000_2.50000_2.50000_2.50000_2.50000
31,0,2.50000_2.50000_2.50000_2.50000_2.50000,0,2.50000_2.50000_2.50000_2.50000_2.50000
31,0,2.50000_2.50000_2.50000_2.50000_2.50000,0,2.50000_2.50000_2.50000_2.50000_2.50000
31,0,2.50000_2.50000_2.50000_2.50000_2.50000,0,2.50000_2.50000_2.50000_2.50000_2.50000
31,0,2.50000_2.50000_2.50000_2.50000_2.50000,0,2.50000_2.50000_2.50000_2.50000_2.50000
31,0,2.50000_2.50000_2.50000_2.50000_2.50000,0,2.50000_2.50000_2.50000_2.50000_2.50000
31,0,2.50000_2.50000_2.50000_2.50000_2.50000,0,2.50000_2.50000_2.50000_2.50000_2.50000
31,0,2.50000_2.50000_2.50000_2.50000_2.50000,0,2.50000_2.50000_2.50000_2.50000_2.50000
31,0,2.50000_2.50000_2.50000_2.50000_2.50000,0,2.50000_2.50000_2.50000_2.50000_2.50000
31,0,2.50000_2.50000_2.50000_2.50000_2.50000,0,2.50000_2.50000_2.50000_2.50000_2.50000
31,0,2.50000_2.50000_2.50000_2.50000_2.50000,0,2.50000_2.50000_2.50000_2.50000_2.50000
31,0,2.50000_2.50000_2.50000_2.50000_2.50000,0,2.50000_2.50000_2.50000_2.50000_2.50000
31,0,2.50000_2.50000_2.50000_2.50000_2.50000,0,2.50000_2.50000_2.50000_2.50000_2.50000
31,0,2.50000_2.50000_2.50000_2.50000_2.50000,0,2.50000_2.50000_2.50000_2.50000_2.50000
31,0,2.50000_2.50000_2.50000_2.50000_2.50000,0,2.50000_2.50000_2.50000_2.50000_2.50000
32,5278098,-3.49986_3.48439_-3.49986_2.48665_1.48890,4934529,-4.49761_3.48439_-3.49986_2.48665_0.49115
32,4934529,-4.49761_3.48439_-3.49986_2.48665_0.49115,3033310,-0.50660_0.49115_-3.49986_-0.50660_1.48890
32,3033310,-0.50660_0.49115_-3.49986_-0.50660_1.48890,2817180,-1.50435_1.48890_-3.49986_-0.50660_0.49115
32,2817180,-1.50435_1.48890_-3.49986_-0.50660_0.49115,2523548,-2.50210_1.48890_-4.49761_-1.50435_0.49115
32,2523548,-2.50210_1.48890_-4.49761_-1.50435_0.49115,1952663,-2.50210_0.49115_-3.49986_-2.50210_0.49115
32,1952663,-2.50210_0.49115_-3.49986_-2.50210_0.49115,1764098,-1.50435_-1.50435_-1.50435_-0.50660_-0.50660
32,1764098,-1.50435_-1.50435_-1.50435_-0.50660_-0.50660,1764098,-1.50435_-1.50435_-1.50435_-0.50660_-0.50660
32,1764098,-1.50435_-1.50435_-1.50435_-0.50660_-0.50660,1293088,-2.50211_-1.50435_-2.50211_-0.50660_-1.50435
32,1293088,-2.50211_-1.50435_-2.50211_-0.50660_-1.50435,1088145,-3.49986_-0.50660_-3.49986_-2.50210_-1.50435
32,1088145,-3.49986_-0.50660_-3.49986_-2.50210_-1.50435,705824,-3.49986_-1.50435_-3.49986_-3.49986_-2.50211
32,705824,-3.49986_-1.50435_-3.49986_-3.49986_-2.50211,628322,-3.49986_-2.50210_-3.49986_-4.49761_-2.50210
32,628322,-3.49986_-2.50210_-3.49986_-4.49761_-2.50210,600758,-3.49986_-3.49986_-4.49761_-4.49761_-3.49986
32,600758,-3.49986_-3.49986_-4.49761_-4.49761_-3.49986,589571,-3.49986_-2.50211_-4.49761_-3.49986_-3.49986
32,589571,-3.49986_-2.50211_-4.49761_-3.49986_-3.49986,589571,-3.49986_-2.50210_-3.49986_-4.49761_-3.49986
32,589571,-3.49986_-2.50210_-3.49986_-4.49761_-3.49986,539633,-3.49986_-2.50210_-3.49986_-3.49986_-3.49986
32,539633,-3.49986_-2.50210_-3.49986_-3.49986_-3.49986,539633,-3.49986_-2.50210_-3.49986_-3.49986_-3.49986
32,539633,-3.49986_-2.50210_-3.49986_-3.49986_-3.49986,539633,-3.49986_-2.50210_-3.49986_-3.49986_-3.49986
32,539633,-3.49986_-2.50210_-3.49986_-3.49986_-3.49986,500882,-3.49986_-3.49986_-3.49986_-3.49986_-3.49986
32,500882,-3.49986_-3.49986_-3.49986_-3.49986_-3.49986,500882,-3.49986_-3.49986_-3.49986_-3.49986_-3.49986
32,500882,-3.49986_-3.49986_-3.49986_-3.49986_-3.49986,500882,-3.49986_-3.49986_-3.49986_-3.49986_-3.49986
32,500882,-3.49986_-3.49986_-3.49986_-3.49986_-3.49986,500882,-3.49986_-3.49986_-3.49986_-3.49986_-3.49986
32,500882,-3.49986_-3.49986_-3.49986_-3.49986_-3.49986,500882,-3.49986_-3.49986_-3.49986_-3.49986_-3.49986
32,500882,-3.49986_-3.49986_-3.49986_-3.49986_-3.49986,500882,-3.49986_-3.49986_-3.49986_-3.49986_-3.49986
32,500882,-3.49986_-3.49986_-3.49986_-3.49986_-3.49986,500882,-3.49986_-3.49986_-3.49986_-3.49986_-3.49986
32,500882,-3.49986_-3.49986_-3.49986_-3.49986_-3.49986,500882,-3.49986_-3.49986_-3.49986_-3.49986_-3.49986
32,500882,-3.49986_-3.49986_-3.49986_-3.49986_-3.49986,500882,-3.49986_-3.49986_-3.49986_-3.49986_-3.49986
32,500882,-3.49986_-3.49986_-3.49986_-3.49986_-3.49986,500882,-3.49986_-3.49986_-3.49986_-3.49986_-3.49986
32,500882,-3.49986_-3.49986_-3.49986_-3.49986_-3.49986,500882,-3.49986_-3.49986_-3.49986_-3.49986_-3.49986
32,500882,-3.49986_-3.49986_-3.49986_-3.49986_-3.49986,500882,-3.49986_-3.49986_-3.49986_-3.49986_-3.49986
32,500882,-3.49986_-3.49986_-3.49986_-3.49986_-3.49986,500882,-3.49986_-3.49986_-3.49986_-3.49986_-3.49986
32,500882,-3.49986_-3.49986_-3.49986_-3.49986_-3.49986,500882,-3.49986_-3.49986_-3.49986_-3.49986_-3.49986
32,500882,-3.49986_-3.49986_-3.49986_-3.49986_-3.49986,500882,-3.49986_-3.49986_-3.49986_-3.49986_-3.49986
32,500882,-3.49986_-3.49986_-3.49986_-3.49986_-3.49986,500882,-3.49986_-3.49986_-3.49986_-3.49986_-3.49986
32,500882,-3.49986_-3.49986_-3.49986_-3.49986_-3.49986,500882,-3.49986_-3.49986_-3.49986_-3.49986_-3.49986
32,500882,-3.49986_-3.49986_-3.49986_-3.49986_-3.49986,500882,-3.49986_-3.49986_-3.49986_-3.49986_-3.49986
32,500882,-3.49986_-3.49986_-3.49986_-3.49986_-3.49986,500882,-3.49986_-3.49986_-3.49986_-3.49986_-3.49986
33,4178805,-1.47978_-1.47978_-0.48486_2.50000_3.49496,2686376,-1.47978_-0.48485_3.49496_2.50000_1.50504
33,2686376,-1.47978_-0.48485_3.49496_2.50000_1.50504,1691428,0.51009_0.51009_4.48991_0.51009_1.50504
33,1691428,0.51009_0.51009_4.48991_0.51009_1.50504,1392941,0.51009_0.51009_3.49496_0.51009_1.50504
33,1392941,0.51009_0.51009_3.49496_0.51009_1.50504,397984,1.50504_1.50504_3.49496_1.50504_2.50000
33,397984,1.50504_1.50504_3.49496_1.50504_2.50000,198992,2.50000_1.50504_3.49496_2.50000_2.50000
33,198992,2.50000_1.50504_3.49496_2.50000_2.50000,198992,2.50000_2.50000_3.49496_2.50000_1.50504
33,198992,2.50000_2.50000_3.49496_2.50000_1.50504,198992,1.50504_2.50000_3.49496_2.50000_2.50000
33,198992,1.50504_2.50000_3.49496_2.50000_2.50000,99496,1.50504_2.50000_2.50000_2.50000_2.50000
33,99496,1.50504_2.50000_2.50000_2.50000_2.50000,99496,1.50504_2.50000_2.50000_2.50000_2.50000
33,99496,1.50504_2.50000_2.50000_2.50000_2.50000,99496,2.50000_2.50000_2.50000_1.50504_2.50000
33,99496,2.50000_2.50000_2.50000_1.50504_2.50000,0,2.50000_2.50000_2.50000_2.50000_2.50000
33,0,2.50000_2.50000_2.50000_2.50000_2.50000,0,2.50000_2.50000_2.50000_2.50000_2.50000
33,0,2.50000_2.50000_2.50000_2.50000_2.50000,0,2.50000_2.50000_2.50000_2.50000_2.50000
33,0,2.50000_2.50000_2.50000_2.50000_2.50000,0,2.50000_2.50000_2.50000_2.50000_2.50000
33,0,2.50000_2.50000_2.50000_2.50000_2.50000,0,2.50000_2.50000_2.50000_2.50000_2.50000
33,0,2.50000_2.50000_2.50000_2.50000_2.50000,0,2.50000_2.50000_2.50000_2.50000_2.50000
33,0,2.50000_2.50000_2.50000_2.50000_2.50000,0,2.50000_2.50000_2.50000_2.50000_2.50000
33,0,2.50000_2.50000_2.50000_2.50000_2.50000,0,2.50000_2.50000_2.50000_2.50000_2.50000
33,0,2.50000_2.50000_2.50000_2.50000_2.50000,0,2.50000_2.50000_2.50000_2.50000_2.50000
33,0,2.50000_2.50000_2.50000_2.50000_2.50000,0,2.50000_2.50000_2.50000_2.50000_2.50000
33,0,2.50000_2.50000_2.50000_2.50000_2.50000,0,2.50000_2.50000_2.50000_2.50000_2.50000
33,0,2.50000_2.50000_2.50000_2.50000_2.50000,0,2.50000_2.50000_2.50000_2.50000_2.50000
33,0,2.50000_2.50000_2.50000_2.50000_2.50000,0,2.50000_2.50000_2.50000_2.50000_2.50000
33,0,2.50000_2.50000_2.50000_2.50000_2.50000,0,2.50000_2.50000_2.50000_2.50000_2.50000
33,0,2.50000_2.50000_2.50000_2.50000_2.50000,0,2.50000_2.50000_2.50000_2.50000_2.50000
33,0,2.50000_2.50000_2.50000_2.50000_2.50000,0,2.50000_2.50000_2.50000_2.50000_2.50000
33,0,2.50000_2.50000_2.50000_2.50000_2.50000,0,2.50000_2.50000_2.50000_2.50000_2.50000
33,0,2.50000_2.50000_2.50000_2.50000_2.50000,0,2.50000_2.50000_2.50000_2.50000_2.50000
33,0,2.50000_2.50000_2.50000_2.50000_2.50000,0,2.50000_2.50000_2.50000_2.50000_2.50000
33,0,2.50000_2.50000_2.50000_2.50000_2.50000,0,2.50000_2.50000_2.50000_2.50000_2.50000
33,0,2.50000_2.50000_2.50000_2.50000_2.50000,0,2.50000_2.50000_2.50000_2.50000_2.50000
33,0,2.50000_2.50000_2.50000_2.50000_2.50000,0,2.50000_2.50000_2.50000_2.50000_2.50000
33,0,2.50000_2.50000_2.50000_2.50000_2.50000,0,2.50000_2.50000_2.50000_2.50000_2.50000
33,0,2.50000_2.50000_2.50000_2.50000_2.50000,0,2.50000_2.50000_2.50000_2.50000_2.50000
33,0,2.50000_2.50000_2.50000_2.50000_2.50000,0,2.50000_2.50000_2.50000_2.50000_2.50000
33,0,2.50000_2.50000_2.50000_2.50000_2.50000,0,2.50000_2.50000_2.50000_2.50000_2.50000
33,0,2.50000_2.50000_2.50000_2.50000_2.50000,0,2.50000_2.50000_2.50000_2.50000_2.50000
33,0,2.50000_2.50000_2.50000_2.50000_2.50000,0,2.50000_2.50000_2.50000_2.50000_2.50000
33,0,2.50000_2.50000_2.50000_2.50000_2.50000,0,2.50000_2.50000_2.50000_2.50000_2.50000
34,994958,1.50504_0.51009_2.50000_1.50504_4.48991,298488,2.50000_1.50504_2.50000_1.50504_3.49496
34,298488,2.50000_1.50504_2.50000_1.50504_3.49496,298488,2.50000_1.50504_2.50000_1.50504_3.49496
34,298488,2.50000_1.50504_2.50000_1.50504_3.49496,99496,2.50000_2.50000_2.50000_2.50000_3.49496
34,99496,2.50000_2.50000_2.50000_2.50000_3.49496,99496,2.50000_2.50000_2.50000_2.50000_3.49496
34,99496,2.50000_2.50000_2.50000_2.50000_3.49496,99496,2.50000_2.50000_2.50000_3.49496_2.50000
34,99496,2.50000_2.50000_2.50000_3.49496_2.50000,0,2.50000_2.50000_2.50000_2.50000_2.50000
34,0,2.50000_2.50000_2.50000_2.50000_2.50000,0,2.50000_2.50000_2.50000_2.50000_2.50000
34,0,2.50000_2.50000_2.50000_2.50000_2.50000,0,2.50000_2.50000_2.50000_2.50000_2.50000
34,0,2.50000_2.50000_2.50000_2.50000_2.50000,0,2.50000_2.50000_2.50000_2.50000_2.50000
34,0,2.50000_2.50000_2.50000_2.50000_2.50000,0,2.50000_2.50000_2.50000_2.50000_2.50000
34,0,2.50000_2.50000_2.50000_2.50000_2.50000,0,2.50000_2.50000_2.50000_2.50000_2.50000
34,0,2.50000_2.50000_2.50000_2.50000_2.50000,0,2.50000_2.50000_2.50000_2.50000_2.50000
34,0,2.50000_2.50000_2.50000_2.50000_2.50000,0,2.50000_2.50000_2.50000_2.50000_2.50000
34,0,2.50000_2.50000_2.50000_2.50000_2.50000,0,2.50000_2.50000_2.50000_2.50000_2.50000
34,0,2.50000_2.50000_2.50000_2.50000_2.50000,0,2.50000_2.50000_2.50000_2.50000_2.50000
34,0,2.50000_2.50000_2.50000_2.50000_2.50000,0,2.50000_2.50000_2.50000_2.50000_2.50000
34,0,2.50000_2.50000_2.50000_2.50000_2.50000,0,2.50000_2.50000_2.50000_2.50000_2.50000
34,0,2.50000_2.50000_2.50000_2.50000_2.50000,0,2.50000_2.50000_2.50000_2.50000_2.50000
34,0,2.50000_2.50000_2.50000_2.50000_2.50000,0,2.50000_2.50000_2.50000_2.50000_2.50000
34,0,2.50000_2.50000_2.50000_2.50000_2.50000,0,2.50000_2.50000_2.50000_2.50000_2.50000
34,0,2.50000_2.50000_2.50000_2.50000_2.50000,0,2.50000_2.50000_2.50000_2.50000_2.50000
34,0,2.50000_2.50000_2.50000_2.50000_2.50000,0,2.50000_2.50000_2.50000_2.50000_2.50000
34,0,2.50000_2.50000_2.50000_2.50000_2.50000,0,2.50000_2.50000_2.50000_2.50000_2.50000
34,0,2.50000_2.50000_2.50000_2.50000_2.50000,0,2.50000_2.50000_2.50000_2.50000_2.50000
34,0,2.50000_2.50000_2.50000_2.50000_2.50000,0,2.50000_2.50000_2.50000_2.50000_2.50000
34,0,2.50000_2.50000_2.50000_2.50000_2.50000,0,2.50000_2.50000_2.50000_2.50000_2.50000
34,0,2.50000_2.50000_2.50000_2.50000_2.50000,0,2.50000_2.50000_2.50000_2.50000_2.50000
34,0,2.50000_2.50000_2.50000_2.50000_2.50000,0,2.50000_2.50000_2.50000_2.50000_2.50000
34,0,2.50000_2.50000_2.50000_2.50000_2.50000,0,2.50000_2.50000_2.50000_2.50000_2.50000
34,0,2.50000_2.50000_2.50000_2.50000_2.50000,0,2.50000_2.50000_2.50000_2.50000_2.50000
34,0,2.50000_2.50000_2.50000_2.50000_2.50000,0,2.50000_2.50000_2.50000_2.50000_2.50000
34,0,2.50000_2.50000_2.50000_2.50000_2.50000,0,2.50000_2.50000_2.50000_2.50000_2.50000
34,0,2.50000_2.50000_2.50000_2.50000_2.50000,0,2.50000_2.50000_2.50000_2.50000_2.50000
34,0,2.50000_2.50000_2.50000_2.50000_2.50000,0,2.50000_2.50000_2.50000_2.50000_2.50000
34,0,2.50000_2.50000_2.50000_2.50000_2.50000,0,2.50000_2.50000_2.50000_2.50000_2.50000
34,0,2.50000_2.50000_2.50000_2.50000_2.50000,0,2.50000_2.50000_2.50000_2.50000_2.50000
34,0,2.50000_2.50000_2.50000_2.50000_2.50000,0,2.50000_2.50000_2.50000_2.50000_2.50000
35,5278097,4.48212_2.48663_-0.50661_-2.50210_-3.49985,5228159,4.48213_2.48665_-1.50435_-1.50435_-2.50210
35,5228159,4.48213_2.48665_-1.50435_-1.50435_-2.50210,4441146,3.48439_2.48665_-1.50436_-2.50211_-2.50211
35,4441146,3.48439_2.48665_-1.50436_-2.50211_-2.50211,4441146,3.48439_2.48665_-1.50436_-2.50211_-2.50211
35,4441146,3.48439_2.48665_-1.50436_-2.50211_-2.50211,3665318,2.48665_2.48665_-2.50210_-3.49986_-3.49986
35,3665318,2.48665_2.48665_-2.50210_-3.49986_-3.49986,2473611,0.49115_0.49115_-0.50660_-1.50435_-4.49761
35,2473611,0.49115_0.49115_-0.50660_-1.50435_-4.49761,2296232,-0.50660_1.48890_-1.50435_-1.50435_-3.49985
35,2296232,-0.50660_1.48890_-1.50435_-1.50435_-3.49985,1825223,-1.50435_-0.50660_0.49115_-2.50210_-4.49761
35,1825223,-1.50435_-0.50660_0.49115_-2.50210_-4.49761,1697782,-2.50211_-0.50660_0.49115_-2.50211_-4.49761
35,1697782,-2.50211_-0.50660_0.49115_-2.50211_-4.49761,1354213,-2.50210_-2.50210_-2.50210_0.49115_-4.49761
35,1354213,-2.50210_-2.50210_-2.50210_0.49115_-4.49761,1315462,-2.50211_-3.49986_-2.50211_0.49115_-4.49761
35,1315462,-2.50211_-3.49986_-2.50211_0.49115_-4.49761,1265523,-3.49986_-2.50210_-2.50210_0.49115_-3.49986
35,1265523,-3.49986_-2.50210_-2.50210_0.49115_-3.49986,921954,-3.49986_-3.49986_-2.50210_-0.50660_-3.49986
35,921954,-3.49986_-3.49986_-2.50210_-0.50660_-3.49986,883203,-3.49986_-4.49761_-3.49986_-1.50435_-1.50435
35,883203,-3.49986_-4.49761_-3.49986_-1.50435_-1.50435,678260,-3.49986_-4.49761_-4.49761_-2.50211_-2.50210
35,678260,-3.49986_-4.49761_-4.49761_-2.50211_-2.50210,600758,-4.49761_-4.49761_-3.49986_-3.49986_-3.49986
35,600758,-4.49761_-4.49761_-3.49986_-3.49986_-3.49986,589571,-3.49986_-3.49986_-2.50210_-4.49761_-3.49986
35,589571,-3.49986_-3.49986_-2.50210_-4.49761_-3.49986,589571,-3.49986_-3.49986_-2.50210_-4.49761_-3.49986
35,589571,-3.49986_-3.49986_-2.50210_-4.49761_-3.49986,589571,-3.49986_-3.49986_-2.50210_-4.49761_-3.49986
35,589571,-3.49986_-3.49986_-2.50210_-4.49761_-3.49986,589571,-4.49761_-3.49986_-3.49986_-3.49986_-2.50210
35,589571,-4.49761_-3.49986_-3.49986_-3.49986_-2.50210,539633,-3.49986_-3.49986_-2.50210_-3.49986_-3.49986
35,539633,-3.49986_-3.49986_-2.50210_-3.49986_-3.49986,539633,-3.49986_-3.49986_-2.50210_-3.49986_-3.49986
35,539633,-3.49986_-3.49986_-2.50210_-3.49986_-3.49986,500882,-3.49986_-3.49986_-3.49986_-3.49986_-3.49986
35,500882,-3.49986_-3.49986_-3.49986_-3.49986_-3.49986,500882,-3.49986_-3.49986_-3.49986_-3.49986_-3.49986
35,500882,-3.49986_-3.49986_-3.49986_-3.49986_-3.49986,500882,-3.49986_-3.49986_-3.49986_-3.49986_-3.49986
35,500882,-3.49986_-3.49986_-3.49986_-3.49986_-3.49986,500882,-3.49986_-3.49986_-3.49986_-3.49986_-3.49986
35,500882,-3.49986_-3.49986_-3.49986_-3.49986_-3.49986,500882,-3.49986_-3.49986_-3.49986_-3.49986_-3.49986
35,500882,-3.49986_-3.49986_-3.49986_-3.49986_-3.49986,500882,-3.49986_-3.49986_-3.49986_-3.49986_-3.49986
35,500882,-3.49986_-3.49986_-3.49986_-3.49986_-3.49986,500882,-3.49986_-3.49986_-3.49986_-3.49986_-3.49986
35,500882,-3.49986_-3.49986_-3.49986_-3.49986_-3.49986,500882,-3.49986_-3.49986_-3.49986_-3.49986_-3.49986
35,500882,-3.49986_-3.49986_-3.49986_-3.49986_-3.49986,500882,-3.49986_-3.49986_-3.49986_-3.49986_-3.49986
35,500882,-3.49986_-3.49986_-3.49986_-3.49986_-3.49986,500882,-3.49986_-3.49986_-3.49986_-3.49986_-3.49986
35,500882,-3.49986_-3.49986_-3.49986_-3.49986_-3.49986,500882,-3.49986_-3.49986_-3.49986_-3.49986_-3.49986
35,500882,-3.49986_-3.49986_-3.49986_-3.49986_-3.49986,500882,-3.49986_-3.49986_-3.49986_-3.49986_-3.49986
35,500882,-3.49986_-3.49986_-3.49986_-3.49986_-3.49986,500882,-3.49986_-3.49986_-3.49986_-3.49986_-3.49986
35,500882,-3.49986_-3.49986_-3.49986_-3.49986_-3.49986,500882,-3.49986_-3.49986_-3.49986_-3.49986_-3.49986
35,500882,-3.49986_-3.49986_-3.49986_-3.49986_-3.49986,500882,-3.49986_-3.49986_-3.49986_-3.49986_-3.49986
35,500882,-3.49986_-3.49986_-3.49986_-3.49986_-3.49986,500882,-3.49986_-3.49986_-3.49986_-3.49986_-3.49986
35,500882,-3.49986_-3.49986_-3.49986_-3.49986_-3.49986,500882,-3.49986_-3.49986_-3.49986_-3.49986_-3.49986
36,2373735,-0.50660_-0.50660_0.49115_-2.50210_-0.50660,2334983,-0.50660_-1.50435_1.48890_-2.50210_-1.50435
36,2334983,-0.50660_-1.50435_1.48890_-2.50210_-1.50435,2296232,-1.50435_-1.50435_1.48890_-3.49986_-0.50660
36,2296232,-1.50435_-1.50435_1.48890_-3.49986_-0.50660,2157605,-2.50210_-0.50660_-0.50660_-1.50435_0.49115
36,2157605,-2.50210_-0.50660_-0.50660_-1.50435_0.49115,1647844,-3.49986_0.49115_-2.50210_-2.50210_-0.50660
36,1647844,-3.49986_0.49115_-2.50210_-2.50210_-0.50660,1343026,-2.50210_-0.50660_-3.49986_-2.50210_-0.50660
36,1343026,-2.50210_-0.50660_-3.49986_-2.50210_-0.50660,1088145,-3.49986_-0.50660_-3.49986_-2.50210_-1.50435
36,1088145,-3.49986_-0.50660_-3.49986_-2.50210_-1.50435,872016,-3.49986_-1.50435_-2.50210_-3.49986_-1.50435
36,872016,-3.49986_-1.50435_-2.50210_-3.49986_-1.50435,705824,-3.49986_-2.50210_-3.49986_-3.49986_-1.50435
36,705824,-3.49986_-2.50210_-3.49986_-3.49986_-1.50435,705824,-3.49986_-2.50210_-3.49986_-3.49986_-1.50435
36,705824,-3.49986_-2.50210_-3.49986_-3.49986_-1.50435,705824,-3.49986_-2.50210_-3.49986_-3.49986_-1.50435
36,705824,-3.49986_-2.50210_-3.49986_-3.49986_-1.50435,628322,-3.49986_-2.50210_-4.49761_-3.49986_-2.50210
36,628322,-3.49986_-2.50210_-4.49761_-3.49986_-2.50210,578384,-3.49986_-2.50210_-3.49986_-3.49986_-2.50210
36,578384,-3.49986_-2.50210_-3.49986_-3.49986_-2.50210,500882,-3.49986_-3.49986_-3.49986_-3.49986_-3.49986
36,500882,-3.49986_-3.49986_-3.49986_-3.49986_-3.49986,500882,-3.49986_-3.49986_-3.49986_-3.49986_-3.49986
36,500882,-3.49986_-3.49986_-3.49986_-3.49986_-3.49986,500882,-3.49986_-3.49986_-3.49986_-3.49986_-3.49986
36,500882,-3.49986_-3.49986_-3.49986_-3.49986_-3.49986,500882,-3.49986_-3.49986_-3.49986_-3.49986_-3.49986
36,500882,-3.49986_-3.49986_-3.49986_-3.49986_-3.49986,500882,-3.49986_-3.49986_-3.49986_-3.49986_-3.49986
36,500882,-3.49986_-3.49986_-3.49986_-3.49986_-3.49986,500882,-3.49986_-3.49986_-3.49986_-3.49986_-3.49986
36,500882,-3.49986_-3.49986_-3.49986_-3.49986_-3.49986,500882,-3.49986_-3.49986_-3.49986_-3.49986_-3.49986
37,2750863,-2.50210_-3.49986_3.48439_-2.50210_-2.50210,2712111,-2.50210_-2.50211_3.48439_-3.49986_-3.49986
37,2712111,-2.50210_-2.50211_3.48439_-3.49986_-3.49986,1825223,-2.50210_-0.50661_0.49117_-4.49762_-1.50438
37,1825223,-2.50210_-0.50661_0.49117_-4.49762_-1.50438,1470466,-2.50210_-0.50660_-0.50660_-3.49986_-1.50435
37,1470466,-2.50210_-0.50660_-0.50660_-3.49986_-1.50435,960705,-2.50210_-1.50435_-1.50435_-4.49761_-2.50210
37,960705,-2.50210_-1.50435_-1.50435_-4.49761_-2.50210,960705,-2.50210_-2.50210_-0.50660_-3.49986_-3.49986
37,960705,-2.50210_-2.50210_-0.50660_-3.49986_-3.49986,960705,-2.50210_-2.50210_-0.50660_-3.49986_-3.49986
37,960705,-2.50210_-2.50210_-0.50660_-3.49986_-3.49986,744576,-3.49986_-3.49986_-1.50435_-2.50210_-2.50210
37,744576,-3.49986_-3.49986_-1.50435_-2.50210_-2.50210,539633,-3.49986_-3.49986_-2.50210_-3.49986_-3.49986
37,539633,-3.49986_-3.49986_-2.50210_-3.49986_-3.49986,539633,-3.49986_-3.49986_-2.50210_-3.49986_-3.49986
37,539633,-3.49986_-3.49986_-2.50210_-3.49986_-3.49986,539633,-3.49986_-3.49986_-2.50210_-3.49986_-3.49986
37,539633,-3.49986_-3.49986_-2.50210_-3.49986_-3.49986,539633,-3.49986_-3.49986_-2.50210_-3.49986_-3.49986
37,539633,-3.49986_-3.49986_-2.50210_-3.49986_-3.49986,539633,-3.49986_-3.49986_-2.50210_-3.49986_-3.49986
37,539633,-3.49986_-3.49986_-2.50210_-3.49986_-3.49986,539633,-3.49986_-3.49986_-2.50210_-3.49986_-3.49986
37,539633,-3.49986_-3.49986_-2.50210_-3.49986_-3.49986,539633,-3.49986_-3.49986_-2.50210_-3.49986_-3.49986
37,539633,-3.49986_-3.49986_-2.50210_-3.49986_-3.49986,539633,-3.49986_-3.49986_-2.50210_-3.49986_-3.49986
37,539633,-3.49986_-3.49986_-2.50210_-3.49986_-3.49986,539633,-3.49986_-3.49986_-2.50210_-3.49986_-3.49986
37,539633,-3.49986_-3.49986_-2.50210_-3.49986_-3.49986,539633,-3.49986_-3.49986_-2.50210_-3.49986_-3.49986
37,539633,-3.49986_-3.49986_-2.50210_-3.49986_-3.49986,539633,-3.49986_-3.49986_-2.50210_-3.49986_-3.49986
37,539633,-3.49986_-3.49986_-2.50210_-3.49986_-3.49986,500882,-3.49986_-3.49986_-3.49986_-3.49986_-3.49986
37,500882,-3.49986_-3.49986_-3.49986_-3.49986_-3.49986,500882,-3.49986_-3.49986_-3.49986_-3.49986_-3.49986
37,500882,-3.49986_-3.49986_-3.49986_-3.49986_-3.49986,500882,-3.49986_-3.49986_-3.49986_-3.49986_-3.49986
37,500882,-3.49986_-3.49986_-3.49986_-3.49986_-3.49986,500882,-3.49986_-3.49986_-3.49986_-3.49986_-3.49986
37,500882,-3.49986_-3.49986_-3.49986_-3.49986_-3.49986,500882,-3.49986_-3.49986_-3.49986_-3.49986_-3.49986
37,500882,-3.49986_-3.49986_-3.49986_-3.49986_-3.49986,500882,-3.49986_-3.49986_-3.49986_-3.49986_-3.49986
37,500882,-3.49986_-3.49986_-3.49986_-3.49986_-3.49986,500882,-3.49986_-3.49986_-3.49986_-3.49986_-3.49986
37,500882,-3.49986_-3.49986_-3.49986_-3.49986_-3.49986,500882,-3.49986_-3.49986_-3.49986_-3.49986_-3.49986
37,500882,-3.49986_-3.49986_-3.49986_-3.49986_-3.49986,500882,-3.49986_-3.49986_-3.49986_-3.49986_-3.49986
37,500882,-3.49986_-3.49986_-3.49986_-3.49986_-3.49986,500882,-3.49986_-3.49986_-3.49986_-3.49986_-3.49986
37,500882,-3.49986_-3.49986_-3.49986_-3.49986_-3.49986,500882,-3.49986_-3.49986_-3.49986_-3.49986_-3.49986
38,3084359,0.51009_-0.48486_-1.47978_3.49496_1.50504,2984864,0.51009_-0.48486_-1.47978_2.50000_1.50504
38,2984864,0.51009_-0.48486_-1.47978_2.50000_1.50504,2785872,1.50504_-1.47979_-0.48485_3.49496_1.50504
38,2785872,1.50504_-1.47979_-0.48485_3.49496_1.50504,2686376,1.50504_-1.47978_-0.48486_2.50000_1.50504
38,2686376,1.50504_-1.47978_-0.48486_2.50000_1.50504,1890416,2.50000_-0.48486_-0.48485_3.49496_2.50000
38,1890416,2.50000_-0.48486_-0.48485_3.49496_2.50000,1691428,3.49496_0.51009_0.51009_4.48991_0.51009
38,1691428,3.49496_0.51009_0.51009_4.48991_0.51009,1591931,3.49496_0.51009_-0.48486_3.49496_1.50504
38,1591931,3.49496_0.51009_-0.48486_3.49496_1.50504,1293443,2.50000_0.51009_-0.48486_2.50000_2.50000
38,1293443,2.50000_0.51009_-0.48486_2.50000_2.50000,1094454,3.49496_0.51009_0.51009_1.50504_1.50504
38,1094454,3.49496_0.51009_0.51009_1.50504_1.50504,994958,3.49496_0.51009_0.51009_1.50504_2.50000
38,994958,3.49496_0.51009_0.51009_1.50504_2.50000,596975,2.50000_0.51009_1.50504_1.50504_2.50000
38,596975,2.50000_0.51009_1.50504_1.50504_2.50000,198992,3.49496_1.50504_2.50000_2.50000_2.50000
38,198992,3.49496_1.50504_2.50000_2.50000_2.50000,99496,3.49496_2.50000_2.50000_2.50000_2.50000
38,99496,3.49496_2.50000_2.50000_2.50000_2.50000,0,2.50000_2.50000_2.50000_2.50000_2.50000
38,0,2.50000_2.50000_2.50000_2.50000_2.50000,0,2.50000_2.50000_2.50000_2.50000_2.50000
38,0,2.50000_2.50000_2.50000_2.50000_2.50000,0,2.50000_2.50000_2.50000_2.50000_2.50000
38,0,2.50000_2.50000_2.50000_2.50000_2.50000,0,2.50000_2.50000_2.50000_2.50000_2.50000
38,0,2.50000_2.50000_2.50000_2.50000_2.50000,0,2.50000_2.50000_2.50000_2.50000_2.50000
38,0,2.50000_2.50000_2.50000_2.50000_2.50000,0,2.50000_2.50000_2.50000_2.50000_2.50000
38,0,2.50000_2.50000_2.50000_2.50000_2.50000,0,2.50000_2.50000_2.50000_2.50000_2.50000
38,0,2.50000_2.50000_2.50000_2.50000_2.50000,0,2.50000_2.50000_2.50000_2.50000_2.50000
38,0,2.50000_2.50000_2.50000_2.50000_2.50000,0,2.50000_2.50000_2.50000_2.50000_2.50000
39,3084347,4.48991_2.50000_3.49496_3.49496_-2.47469,2089403,4.48991_2.50000_3.49496_2.50000_-1.47978
39,2089403,4.48991_2.50000_3.49496_2.50000_-1.47978,1293444,3.49496_3.49496_1.50504_1.50504_-0.48486
39,1293444,3.49496_3.49496_1.50504_1.50504_-0.48486,1193948,3.49496_2.50000_1.50504_1.50504_-0.48486
39,1193948,3.49496_2.50000_1.50504_1.50504_-0.48486,397983,2.50000_2.50000_2.50000_2.50000_0.51009
39,397983,2.50000_2.50000_2.50000_2.50000_0.51009,298488,2.50000_2.50000_1.50504_3.49496_1.50504
39,298488,2.50000_2.50000_1.50504_3.49496_1.50504,198992,2.50000_2.50000_2.50000_3.49496_1.50504
39,198992,2.50000_2.50000_2.50000_3.49496_1.50504,99496,2.50000_1.50504_2.50000_2.50000_2.50000
39,99496,2.50000_1.50504_2.50000_2.50000_2.50000,0,2.50000_2.50000_2.50000_2.50000_2.50000
39,0,2.50000_2.50000_2.50000_2.50000_2.50000,0,2.50000_2.50000_2.50000_2.50000_2.50000
39,0,2.50000_2.50000_2.50000_2.50000_2.50000,0,2.50000_2.50000_2.50000_2.50000_2.50000
39,0,2.50000_2.50000_2.50000_2.50000_2.50000,0,2.50000_2.50000_2.50000_2.50000_2.50000
39,0,2.50000_2.50000_2.50000_2.50000_2.50000,0,2.50000_2.50000_2.50000_2.50000_2.50000
39,0,2.50000_2.50000_2.50000_2.50000_2.50000,0,2.50000_2.50000_2.50000_2.50000_2.50000
39,0,2.50000_2.50000_2.50000_2.50000_2.50000,0,2.50000_2.50000_2.50000_2.50000_2.50000
39,0,2.50000_2.50000_2.50000_2.50000_2.50000,0,2.50000_2.50000_2.50000_2.50000_2.50000
39,0,2.50000_2.50000_2.50000_2.50000_2.50000,0,2.50000_2.50000_2.50000_2.50000_2.50000
39,0,2.50000_2.50000_2.50000_2.50000_2.50000,0,2.50000_2.50000_2.50000_2.50000_2.50000
39,0,2.50000_2.50000_2.50000_2.50000_2.50000,0,2.50000_2.50000_2.50000_2.50000_2.50000
39,0,2.50000_2.50000_2.50000_2.50000_2.50000,0,2.50000_2.50000_2.50000_2.50000_2.50000
39,0,2.50000_2.50000_2.50000_2.50000_2.50000,0,2.50000_2.50000_2.50000_2.50000_2.50000
39,0,2.50000_2.50000_2.50000_2.50000_2.50000,0,2.50000_2.50000_2.50000_2.50000_2.50000
39,0,2.50000_2.50000_2.50000_2.50000_2.50000,0,2.50000_2.50000_2.50000_2.50000_2.50000
39,0,2.50000_2.50000_2.50000_2.50000_2.50000,0,2.50000_2.50000_2.50000_2.50000_2.50000
39,0,2.50000_2.50000_2.50000_2.50000_2.50000,0,2.50000_2.50000_2.50000_2.50000_2.50000
39,0,2.50000_2.50000_2.50000_2.50000_2.50000,0,2.50000_2.50000_2.50000_2.50000_2.50000
39,0,2.50000_2.50000_2.50000_2.50000_2.50000,0,2.50000_2.50000_2.50000_2.50000_2.50000
39,0,2.50000_2.50000_2.50000_2.50000_2.50000,0,2.50000_2.50000_2.50000_2.50000_2.50000
39,0,2.50000_2.50000_2.50000_2.50000_2.50000,0,2.50000_2.50000_2.50000_2.50000_2.50000
39,0,2.50000_2.50000_2.50000_2.50000_2.50000,0,2.50000_2.50000_2.50000_2.50000_2.50000
39,0,2.50000_2.50000_2.50000_2.50000_2.50000,0,2.50000_2.50000_2.50000_2.50000_2.50000
39,0,2.50000_2.50000_2.50000_2.50000_2.50000,0,2.50000_2.50000_2.50000_2.50000_2.50000
39,0,2.50000_2.50000_2.50000_2.50000_2.50000,0,2.50000_2.50000_2.50000_2.50000_2.50000
39,0,2.50000_2.50000_2.50000_2.50000_2.50000,0,2.50000_2.50000_2.50000_2.50000_2.50000
40,3815130,-0.50660_-4.49761_4.48213_-4.49761_-2.50210,2534735,-2.50210_-4.49761_2.48665_-3.49986_-0.50660
40,2534735,-2.50210_-4.49761_2.48665_-3.49986_-0.50660,2368543,-2.50211_-4.49761_2.48665_-4.49761_-1.50435
40,2368543,-2.50211_-4.49761_2.48665_-4.49761_-1.50435,2002601,-2.50211_-2.50211_0.49115_-4.49761_0.49115
40,2002601,-2.50211_-2.50211_0.49115_-4.49761_0.49115,1963850,-3.49986_-2.50211_0.49115_-4.49761_0.49115
40,1963850,-3.49986_-2.50211_0.49115_-4.49761_0.49115,1509217,-1.50435_-2.50210_-0.50660_-2.50210_-0.50660
40,1509217,-1.50435_-2.50210_-0.50660_-2.50210_-0.50660,1470466,-1.50435_-2.50210_-0.50660_-3.49986_-0.50660
40,1470466,-1.50435_-2.50210_-0.50660_-3.49986_-0.50660,1431715,0.49115_-2.50210_-1.50435_-3.49986_-2.50211
40,1431715,0.49115_-2.50210_-1.50435_-3.49986_-2.50211,921954,-0.50660_-3.49986_-2.50210_-3.49986_-3.49986
40,921954,-0.50660_-3.49986_-2.50210_-3.49986_-3.49986,883203,-1.50435_-1.50435_-3.49986_-4.49761_-3.49986
40,883203,-1.50435_-1.50435_-3.49986_-4.49761_-3.49986,744576,-1.50435_-2.50210_-3.49986_-3.49986_-2.50210
40,744576,-1.50435_-2.50210_-3.49986_-3.49986_-2.50210,705825,-2.50211_-2.50210_-2.50210_-4.49761_-2.50210
40,705825,-2.50211_-2.50210_-2.50210_-4.49761_-2.50210,655886,-2.50210_-2.50210_-2.50210_-2.50210_-3.49986
40,655886,-2.50210_-2.50210_-2.50210_-2.50210_-3.49986,617135,-3.49986_-2.50210_-2.50210_-2.50211_-3.49986
40,617135,-3.49986_-2.50210_-2.50210_-2.50211_-3.49986,578384,-3.49986_-3.49986_-2.50210_-3.49986_-2.50210
40,578384,-3.49986_-3.49986_-2.50210_-3.49986_-2.50210,578384,-3.49986_-3.49986_-2.50210_-3.49986_-2.50210
40,578384,-3.49986_-3.49986_-2.50210_-3.49986_-2.50210,539633,-2.50211_-3.49986_-3.49986_-3.49986_-3.49986
40,539633,-2.50211_-3.49986_-3.49986_-3.49986_-3.49986,539633,-3.49986_-3.49986_-2.50210_-3.49986_-3.49986
40,539633,-3.49986_-3.49986_-2.50210_-3.49986_-3.49986,539633,-3.49986_-3.49986_-2.50210_-3.49986_-3.49986
40,539633,-3.49986_-3.49986_-2.50210_-3.49986_-3.49986,539633,-3.49986_-3.49986_-2.50210_-3.49986_-3.49986
40,539633,-3.49986_-3.49986_-2.50210_-3.49986_-3.49986,539633,-3.49986_-3.49986_-3.49986_-3.49986_-2.50210
40,539633,-3.49986_-3.49986_-3.49986_-3.49986_-2.50210,500882,-3.49986_-3.49986_-3.49986_-3.49986_-3.49986
40,500882,-3.49986_-3.49986_-3.49986_-3.49986_-3.49986,500882,-3.49986_-3.49986_-3.49986_-3.49986_-3.49986
40,500882,-3.49986_-3.49986_-3.49986_-3.49986_-3.49986,500882,-3.49986_-3.49986_-3.49986_-3.49986_-3.49986
40,500882,-3.49986_-3.49986_-3.49986_-3.49986_-3.49986,500882,-3.49986_-3.49986_-3.49986_-3.49986_-3.49986
40,500882,-3.49986_-3.49986_-3.49986_-3.49986_-3.49986,500882,-3.49986_-3.49986_-3.49986_-3.49986_-3.49986
40,500882,-3.49986_-3.49986_-3.49986_-3.49986_-3.49986,500882,-3.49986_-3.49986_-3.49986_-3.49986_-3.49986
40,500882,-3.49986_-3.49986_-3.49986_-3.49986_-3.49986,500882,-3.49986_-3.49986_-3.49986_-3.49986_-3.49986
40,500882,-3.49986_-3.49986_-3.49986_-3.49986_-3.49986,500882,-3.49986_-3.49986_-3.49986_-3.49986_-3.49986
40,500882,-3.49986_-3.49986_-3.49986_-3.49986_-3.49986,500882,-3.49986_-3.49986_-3.49986_-3.49986_-3.49986
40,500882,-3.49986_-3.49986_-3.49986_-3.49986_-3.49986,500882,-3.49986_-3.49986_-3.49986_-3.49986_-3.49986
40,500882,-3.49986_-3.49986_-3.49986_-3.49986_-3.49986,500882,-3.49986_-3.49986_-3.49986_-3.49986_-3.49986
40,500882,-3.49986_-3.49986_-3.49986_-3.49986_-3.49986,500882,-3.49986_-3.49986_-3.49986_-3.49986_-3.49986
40,500882,-3.49986_-3.49986_-3.49986_-3.49986_-3.49986,500882,-3.49986_-3.49986_-3.49986_-3.49986_-3.49986
40,500882,-3.49986_-3.49986_-3.49986_-3.49986_-3.49986,500882,-3.49986_-3.49986_-3.49986_-3.49986_-3.49986
40,500882,-3.49986_-3.49986_-3.49986_-3.49986_-3.49986,500882,-3.49986_-3.49986_-3.49986_-3.49986_-3.49986
41,3410438,-4.49761_-2.50210_-3.49986_0.49115_3.48439,3233060,-2.50211_-3.49986_-4.49761_2.48665_1.48890
41,3233060,-2.50211_-3.49986_-4.49761_2.48665_1.48890,2080103,-1.50435_-3.49986_-2.50210_0.49115_0.49115
41,2080103,-1.50435_-3.49986_-2.50210_0.49115_0.49115,1852787,0.49115_-1.50435_-1.50436_-1.50435_-1.50435
41,1852787,0.49115_-1.50435_-1.50436_-1.50435_-1.50435,1764098,-0.50660_-0.50660_-1.50435_-1.50435_-1.50435
41,1764098,-0.50660_-0.50660_-1.50435_-1.50435_-1.50435,1509217,-1.50435_-0.50660_-0.50660_-2.50210_-2.50210
41,1509217,-1.50435_-0.50660_-0.50660_-2.50210_-2.50210,1392964,-2.50210_-1.50435_0.49115_-3.49986_-3.49986
41,1392964,-2.50210_-1.50435_0.49115_-3.49986_-3.49986,1254337,-1.50435_-2.50210_-0.50660_-3.49986_-1.50435
41,1254337,-1.50435_-2.50210_-0.50660_-3.49986_-1.50435,1254337,-1.50435_-3.49986_-0.50660_-2.50211_-1.50435
41,1254337,-1.50435_-3.49986_-0.50660_-2.50211_-1.50435,1088145,-2.50210_-3.49986_-0.50660_-3.49986_-1.50435
41,1088145,-2.50210_-3.49986_-0.50660_-3.49986_-1.50435,960705,-3.49986_-3.49986_-2.50211_-2.50211_-0.50660
41,960705,-3.49986_-3.49986_-2.50211_-2.50211_-0.50660,717011,-4.49761_-3.49986_-3.49986_-3.49986_-1.50435
41,717011,-4.49761_-3.49986_-3.49986_-3.49986_-1.50435,667073,-2.50210_-4.49761_-2.50210_-3.49986_-2.50210
41,667073,-2.50210_-4.49761_-2.50210_-3.49986_-2.50210,667073,-2.50210_-3.49986_-2.50210_-4.49761_-2.50210
41,667073,-2.50210_-3.49986_-2.50210_-4.49761_-2.50210,589571,-2.50210_-3.49986_-3.49986_-4.49761_-3.49986
41,589571,-2.50210_-3.49986_-3.49986_-4.49761_-3.49986,578384,-3.49986_-2.50210_-2.50210_-3.49986_-3.49986
41,578384,-3.49986_-2.50210_-2.50210_-3.49986_-3.49986,578384,-3.49986_-2.50210_-2.50210_-3.49986_-3.49986
41,578384,-3.49986_-2.50210_-2.50210_-3.49986_-3.49986,539633,-3.49986_-3.49986_-3.49986_-3.49986_-2.50210
41,539633,-3.49986_-3.49986_-3.49986_-3.49986_-2.50210,500882,-3.49986_-3.49986_-3.49986_-3.49986_-3.49986
41,500882,-3.49986_-3.49986_-3.49986_-3.49986_-3.49986,500882,-3.49986_-3.49986_-3.49986_-3.49986_-3.49986
41,500882,-3.49986_-3.49986_-3.49986_-3.49986_-3.49986,500882,-3.49986_-3.49986_-3.49986_-3.49986_-3.49986
41,500882,-3.49986_-3.49986_-3.49986_-3.49986_-3.49986,500882,-3.49986_-3.49986_-3.49986_-3.49986_-3.49986
41,500882,-3.49986_-3.49986_-3.49986_-3.49986_-3.49986,500882,-3.49986_-3.49986_-3.49986_-3.49986_-3.49986
41,500882,-3.49986_-3.49986_-3.49986_-3.49986_-3.49986,500882,-3.49986_-3.49986_-3.49986_-3.49986_-3.49986
41,500882,-3.49986_-3.49986_-3.49986_-3.49986_-3.49986,500882,-3.49986_-3.49986_-3.49986_-3.49986_-3.49986
41,500882,-3.49986_-3.49986_-3.49986_-3.49986_-3.49986,500882,-3.49986_-3.49986_-3.49986_-3.49986_-3.49986
41,500882,-3.49986_-3.49986_-3.49986_-3.49986_-3.49986,500882,-3.49986_-3.49986_-3.49986_-3.49986_-3.49986
41,500882,-3.49986_-3.49986_-3.49986_-3.49986_-3.49986,500882,-3.49986_-3.49986_-3.49986_-3.49986_-3.49986
41,500882,-3.49986_-3.49986_-3.49986_-3.49986_-3.49986,500882,-3.49986_-3.49986_-3.49986_-3.49986_-3.49986
41,500882,-3.49986_-3.49986_-3.49986_-3.49986_-3.49986,500882,-3.49986_-3.49986_-3.49986_-3.49986_-3.49986
41,500882,-3.49986_-3.49986_-3.49986_-3.49986_-3.49986,500882,-3.49986_-3.49986_-3.49986_-3.49986_-3.49986
41,500882,-3.49986_-3.49986_-3.49986_-3.49986_-3.49986,500882,-3.49986_-3.49986_-3.49986_-3.49986_-3.49986
41,500882,-3.49986_-3.49986_-3.49986_-3.49986_-3.49986,500882,-3.49986_-3.49986_-3.49986_-3.49986_-3.49986
41,500882,-3.49986_-3.49986_-3.49986_-3.49986_-3.49986,500882,-3.49986_-3.49986_-3.49986_-3.49986_-3.49986
41,500882,-3.49986_-3.49986_-3.49986_-3.49986_-3.49986,500882,-3.49986_-3.49986_-3.49986_-3.49986_-3.49986
41,500882,-3.49986_-3.49986_-3.49986_-3.49986_-3.49986,500882,-3.49986_-3.49986_-3.49986_-3.49986_-3.49986
41,500882,-3.49986_-3.49986_-3.49986_-3.49986_-3.49986,500882,-3.49986_-3.49986_-3.49986_-3.49986_-3.49986
42,497479,2.50000_3.49496_0.51009_2.50000_2.50000,298488,1.50504_2.50000_1.50504_2.50000_3.49496
42,298488,1.50504_2.50000_1.50504_2.50000_3.49496,298488,1.50504_2.50000_1.50504_2.50000_3.49496
42,298488,1.50504_2.50000_1.50504_2.50000_3.49496,298488,1.50504_2.50000_1.50504_2.50000_3.49496
42,298488,1.50504_2.50000_1.50504_2.50000_3.49496,298488,1.50504_2.50000_1.50504_2.50000_3.49496
42,298488,1.50504_2.50000_1.50504_2.50000_3.49496,198992,2.50000_3.49496_2.50000_2.50000_3.49496
42,198992,2.50000_3.49496_2.50000_2.50000_3.49496,99496,2.50000_2.50000_2.50000_1.50504_2.50000
42,99496,2.50000_2.50000_2.50000_1.50504_2.50000,99496,2.50000_2.50000_1.50504_2.50000_2.50000
42,99496,2.50000_2.50000_1.50504_2.50000_2.50000,0,2.50000_2.50000_2.50000_2.50000_2.50000
42,0,2.50000_2.50000_2.50000_2.50000_2.50000,0,2.50000_2.50000_2.50000_2.50000_2.50000
42,0,2.50000_2.50000_2.50000_2.50000_2.50000,0,2.50000_2.50000_2.50000_2.50000_2.50000
42,0,2.50000_2.50000_2.50000_2.50000_2.50000,0,2.50000_2.50000_2.50000_2.50000_2.50000
42,0,2.50000_2.50000_2.50000_2.50000_2.50000,0,2.50000_2.50000_2.50000_2.50000_2.50000
42,0,2.50000_2.50000_2.50000_2.50000_2.50000,0,2.50000_2.50000_2.50000_2.50000_2.50000
42,0,2.50000_2.50000_2.50000_2.50000_2.50000,0,2.50000_2.50000_2.50000_2.50000_2.50000
42,0,2.50000_2.50000_2.50000_2.50000_2.50000,0,2.50000_2.50000_2.50000_2.50000_2.50000
42,0,2.50000_2.50000_2.50000_2.50000_2.50000,0,2.50000_2.50000_2.50000_2.50000_2.50000
42,0,2.50000_2.50000_2.50000_2.50000_2.50000,0,2.50000_2.50000_2.50000_2.50000_2.50000
42,0,2.50000_2.50000_2.50000_2.50000_2.50000,0,2.50000_2.50000_2.50000_2.50000_2.50000
42,0,2.50000_2.50000_2.50000_2.50000_2.50000,0,2.50000_2.50000_2.50000_2.50000_2.50000
42,0,2.50000_2.50000_2.50000_2.50000_2.50000,0,2.50000_2.50000_2.50000_2.50000_2.50000
42,0,2.50000_2.50000_2.50000_2.50000_2.50000,0,2.50000_2.50000_2.50000_2.50000_2.50000
42,0,2.50000_2.50000_2.50000_2.50000_2.50000,0,2.50000_2.50000_2.50000_2.50000_2.50000
42,0,2.50000_2.50000_2.50000_2.50000_2.50000,0,2.50000_2.50000_2.50000_2.50000_2.50000
42,0,2.50000_2.50000_2.50000_2.50000_2.50000,0,2.50000_2.50000_2.50000_2.50000_2.50000
42,0,2.50000_2.50000_2.50000_2.50000_2.50000,0,2.50000_2.50000_2.50000_2.50000_2.50000
42,0,2.50000_2.50000_2.50000_2.50000_2.50000,0,2.50000_2.50000_2.50000_2.50000_2.50000
42,0,2.50000_2.50000_2.50000_2.50000_2.50000,0,2.50000_2.50000_2.50000_2.50000_2.50000
42,0,2.50000_2.50000_2.50000_2.50000_2.50000,0,2.50000_2.50000_2.50000_2.50000_2.50000
42,0,2.50000_2.50000_2.50000_2.50000_2.50000,0,2.50000_2.50000_2.50000_2.50000_2.50000
42,0,2.50000_2.50000_2.50000_2.50000_2.50000,0,2.50000_2.50000_2.50000_2.50000_2.50000
43,3880311,2.50000_4.48991_3.49496_-0.48486_-2.47469,2984864,0.51009_2.50000_3.49496_-1.47978_-0.48486
43,2984864,0.51009_2.50000_3.49496_-1.47978_-0.48486,1890418,0.51009_3.49496_3.49496_-0.48486_0.51009
43,1890418,0.51009_3.49496_3.49496_-0.48486_0.51009,1492435,3.49496_4.48991_-0.48486_2.50000_3.49496
43,1492435,3.49496_4.48991_-0.48486_2.50000_3.49496,1293445,1.50504_4.48991_0.51009_0.51009_2.50000
43,1293445,1.50504_4.48991_0.51009_0.51009_2.50000,696471,0.51009_2.50000_1.50504_1.50504_1.50504
43,696471,0.51009_2.50000_1.50504_1.50504_1.50504,298488,1.50504_1.50504_1.50504_2.50000_2.50000
43,298488,1.50504_1.50504_1.50504_2.50000_2.50000,99496,2.50000_1.50504_2.50000_2.50000_2.50000
43,99496,2.50000_1.50504_2.50000_2.50000_2.50000,99496,2.50000_2.50000_3.49496_2.50000_2.50000
43,99496,2.50000_2.50000_3.49496_2.50000_2.50000,99496,2.50000_2.50000_1.50504_2.50000_2.50000
43,99496,2.50000_2.50000_1.50504_2.50000_2.50000,99496,2.50000_2.50000_1.50504_2.50000_2.50000
43,99496,2.50000_2.50000_1.50504_2.50000_2.50000,99496,2.50000_2.50000_1.50504_2.50000_2.50000
43,99496,2.50000_2.50000_1.50504_2.50000_2.50000,0,2.50000_2.50000_2.50000_2.50000_2.50000
43,0,2.50000_2.50000_2.50000_2.50000_2.50000,0,2.50000_2.50000_2.50000_2.50000_2.50000
43,0,2.50000_2.50000_2.50000_2.50000_2.50000,0,2.50000_2.50000_2.50000_2.50000_2.50000
43,0,2.50000_2.50000_2.50000_2.50000_2.50000,0,2.50000_2.50000_2.50000_2.50000_2.50000
43,0,2.50000_2.50000_2.50000_2.50000_2.50000,0,2.50000_2.50000_2.50000_2.50000_2.50000
43,0,2.50000_2.50000_2.50000_2.50000_2.50000,0,2.50000_2.50000_2.50000_2.50000_2.50000
43,0,2.50000_2.50000_2.50000_2.50000_2.50000,0,2.50000_2.50000_2.50000_2.50000_2.50000
43,0,2.50000_2.50000_2.50000_2.50000_2.50000,0,2.50000_2.50000_2.50000_2.50000_2.50000
43,0,2.50000_2.50000_2.50000_2.50000_2.50000,0,2.50000_2.50000_2.50000_2.50000_2.50000
43,0,2.50000_2.50000_2.50000_2.50000_2.50000,0,2.50000_2.50000_2.50000_2.50000_2.50000
43,0,2.50000_2.50000_2.50000_2.50000_2.50000,0,2.50000_2.50000_2.50000_2.50000_2.50000
43,0,2.50000_2.50000_2.50000_2.50000_2.50000,0,2.50000_2.50000_2.50000_2.50000_2.50000
43,0,2.50000_2.50000_2.50000_2.50000_2.50000,0,2.50000_2.50000_2.50000_2.50000_2.50000
43,0,2.50000_2.50000_2.50000_2.50000_2.50000,0,2.50000_2.50000_2.50000_2.50000_2.50000
43,0,2.50000_2.50000_2.50000_2.50000_2.50000,0,2.50000_2.50000_2.50000_2.50000_2.50000
43,0,2.50000_2.50000_2.50000_2.50000_2.50000,0,2.50000_2.50000_2.50000_2.50000_2.50000
43,0,2.50000_2.50000_2.50000_2.50000_2.50000,0,2.50000_2.50000_2.50000_2.50000_2.50000
43,0,2.50000_2.50000_2.50000_2.50000_2.50000,0,2.50000_2.50000_2.50000_2.50000_2.50000
43,0,2.50000_2.50000_2.50000_2.50000_2.50000,0,2.50000_2.50000_2.50000_2.50000_2.50000
43,0,2.50000_2.50000_2.50000_2.50000_2.50000,0,2.50000_2.50000_2.50000_2.50000_2.50000
43,0,2.50000_2.50000_2.50000_2.50000_2.50000,0,2.50000_2.50000_2.50000_2.50000_2.50000
43,0,2.50000_2.50000_2.50000_2.50000_2.50000,0,2.50000_2.50000_2.50000_2.50000_2.50000
44,1470466,-1.50435_-2.50211_-3.49986_-0.50660_-0.50660,1076958,-1.50435_-2.50210_-2.50210_-1.50435_-1.50435
44,1076958,-1.50435_-2.50210_-2.50210_-1.50435_-1.50435,949518,-1.50435_-2.50210_-2.50210_-1.50435_-2.50210
44,949518,-1.50435_-2.50210_-2.50210_-1.50435_-2.50210,655886,-2.50210_-2.50210_-2.50210_-2.50210_-3.49986
44,655886,-2.50210_-2.50210_-2.50210_-2.50210_-3.49986,655886,-2.50210_-2.50210_-2.50210_-2.50210_-3.49986
44,655886,-2.50210_-2.50210_-2.50210_-2.50210_-3.49986,617135,-2.50210_-3.49985_-2.50210_-3.49986_-2.50210
44,617135,-2.50210_-3.49985_-2.50210_-3.49986_-2.50210,617135,-2.50211_-2.50211_-3.49986_-3.49986_-2.50210
44,617135,-2.50211_-2.50211_-3.49986_-3.49986_-2.50210,539633,-3.49986_-3.49986_-3.49986_-3.49986_-2.50210
44,539633,-3.49986_-3.49986_-3.49986_-3.49986_-2.50210,539633,-3.49986_-3.49986_-3.49986_-3.49986_-2.50210
44,539633,-3.49986_-3.49986_-3.49986_-3.49986_-2.50210,539633,-3.49986_-3.49986_-3.49986_-3.49986_-2.50210
44,539633,-3.49986_-3.49986_-3.49986_-3.49986_-2.50210,539633,-3.49986_-3.49986_-3.49986_-3.49986_-2.50210
44,539633,-3.49986_-3.49986_-3.49986_-3.49986_-2.50210,539633,-3.49986_-3.49986_-3.49986_-3.49986_-2.50210
44,539633,-3.49986_-3.49986_-3.49986_-3.49986_-2.50210,539633,-3.49986_-3.49986_-3.49986_-3.49986_-2.50210
44,539633,-3.49986_-3.49986_-3.49986_-3.49986_-2.50210,539633,-3.49986_-3.49986_-3.49986_-3.49986_-2.50210
44,539633,-3.49986_-3.49986_-3.49986_-3.49986_-2.50210,539633,-3.49986_-3.49986_-3.49986_-3.49986_-2.50210
44,539633,-3.49986_-3.49986_-3.49986_-3.49986_-2.50210,539633,-3.49986_-3.49986_-3.49986_-3.49986_-2.50210
44,539633,-3.49986_-3.49986_-3.49986_-3.49986_-2.50210,539633,-3.49986_-3.49986_-3.49986_-3.49986_-2.50210
44,539633,-3.49986_-3.49986_-3.49986_-3.49986_-2.50210,539633,-3.49986_-3.49986_-3.49986_-3.49986_-2.50210
44,539633,-3.49986_-3.49986_-3.49986_-3.49986_-2.50210,500882,-3.49985_-3.49986_-3.49986_-3.49986_-3.49986
44,500882,-3.49985_-3.49986_-3.49986_-3.49986_-3.49986,500882,-3.49985_-3.49986_-3.49986_-3.49986_-3.49986
44,500882,-3.49985_-3.49986_-3.49986_-3.49986_-3.49986,500882,-3.49985_-3.49986_-3.49986_-3.49986_-3.49986
44,500882,-3.49985_-3.49986_-3.49986_-3.49986_-3.49986,500882,-3.49986_-3.49986_-3.49986_-3.49986_-3.49986
44,500882,-3.49986_-3.49986_-3.49986_-3.49986_-3.49986,500882,-3.49986_-3.49986_-3.49986_-3.49986_-3.49986
44,500882,-3.49986_-3.49986_-3.49986_-3.49986_-3.49986,500882,-3.49986_-3.49986_-3.49986_-3.49986_-3.49986
44,500882,-3.49986_-3.49986_-3.49986_-3.49986_-3.49986,500882,-3.49986_-3.49986_-3.49986_-3.49986_-3.49986
44,500882,-3.49986_-3.49986_-3.49986_-3.49986_-3.49986,500882,-3.49986_-3.49986_-3.49986_-3.49986_-3.49986
44,500882,-3.49986_-3.49986_-3.49986_-3.49986_-3.49986,500882,-3.49986_-3.49986_-3.49986_-3.49986_-3.49986
44,500882,-3.49986_-3.49986_-3.49986_-3.49986_-3.49986,500882,-3.49986_-3.49986_-3.49986_-3.49986_-3.49986
44,500882,-3.49986_-3.49986_-3.49986_-3.49986_-3.49986,500882,-3.49986_-3.49986_-3.49986_-3.49986_-3.49986
45,4178799,-0.48486_2.50000_0.51009_4.48991_-2.47470,1193948,2.50000_3.49496_3.49496_-0.48486_1.50504
45,1193948,2.50000_3.49496_3.49496_-0.48486_1.50504,795967,1.50504_1.50504_3.49496_1.50504_0.51009
45,795967,1.50504_1.50504_3.49496_1.50504_0.51009,596975,1.50504_1.50504_2.50000_2.50000_0.51009
45,596975,1.50504_1.50504_2.50000_2.50000_0.51009,397984,1.50504_1.50504_2.50000_1.50504_1.50504
45,397984,1.50504_1.50504_2.50000_1.50504_1.50504,298488,1.50504_1.50504_2.50000_2.50000_1.50504
45,298488,1.50504_1.50504_2.50000_2.50000_1.50504,298488,1.50504_1.50504_2.50000_2.50000_1.50504
45,298488,1.50504_1.50504_2.50000_2.50000_1.50504,198992,1.50504_2.50000_2.50000_2.50000_1.50504
45,198992,1.50504_2.50000_2.50000_2.50000_1.50504,99496,2.50000_2.50000_2.50000_3.49496_2.50000
45,99496,2.50000_2.50000_2.50000_3.49496_2.50000,0,2.50000_2.50000_2.50000_2.50000_2.50000
45,0,2.50000_2.50000_2.50000_2.50000_2.50000,0,2.50000_2.50000_2.50000_2.50000_2.50000
45,0,2.50000_2.50000_2.50000_2.50000_2.50000,0,2.50000_2.50000_2.50000_2.50000_2.50000
45,0,2.50000_2.50000_2.50000_2.50000_2.50000,0,2.50000_2.50000_2.50000_2.50000_2.50000
45,0,2.50000_2.50000_2.50000_2.50000_2.50000,0,2.50000_2.50000_2.50000_2.50000_2.50000
45,0,2.50000_2.50000_2.50000_2.50000_2.50000,0,2.50000_2.50000_2.50000_2.50000_2.50000
45,0,2.50000_2.50000_2.50000_2.50000_2.50000,0,2.50000_2.50000_2.50000_2.50000_2.50000
45,0,2.50000_2.50000_2.50000_2.50000_2.50000,0,2.50000_2.50000_2.50000_2.50000_2.50000
45,0,2.50000_2.50000_2.50000_2.50000_2.50000,0,2.50000_2.50000_2.50000_2.50000_2.50000
45,0,2.50000_2.50000_2.50000_2.50000_2.50000,0,2.50000_2.50000_2.50000_2.50000_2.50000
45,0,2.50000_2.50000_2.50000_2.50000_2.50000,0,2.50000_2.50000_2.50000_2.50000_2.50000
45,0,2.50000_2.50000_2.50000_2.50000_2.50000,0,2.50000_2.50000_2.50000_2.50000_2.50000
45,0,2.50000_2.50000_2.50000_2.50000_2.50000,0,2.50000_2.50000_2.50000_2.50000_2.50000
45,0,2.50000_2.50000_2.50000_2.50000_2.50000,0,2.50000_2.50000_2.50000_2.50000_2.50000
45,0,2.50000_2.50000_2.50000_2.50000_2.50000,0,2.50000_2.50000_2.50000_2.50000_2.50000
45,0,2.50000_2.50000_2.50000_2.50000_2.50000,0,2.50000_2.50000_2.50000_2.50000_2.50000
45,0,2.50000_2.50000_2.50000_2.50000_2.50000,0,2.50000_2.50000_2.50000_2.50000_2.50000
45,0,2.50000_2.50000_2.50000_2.50000_2.50000,0,2.50000_2.50000_2.50000_2.50000_2.50000
45,0,2.50000_2.50000_2.50000_2.50000_2.50000,0,2.50000_2.50000_2.50000_2.50000_2.50000
45,0,2.50000_2.50000_2.50000_2.50000_2.50000,0,2.50000_2.50000_2.50000_2.50000_2.50000
45,0,2.50000_2.50000_2.50000_2.50000_2.50000,0,2.50000_2.50000_2.50000_2.50000_2.50000
45,0,2.50000_2.50000_2.50000_2.50000_2.50000,0,2.50000_2.50000_2.50000_2.50000_2.50000
45,0,2.50000_2.50000_2.50000_2.50000_2.50000,0,2.50000_2.50000_2.50000_2.50000_2.50000
46,4313705,-2.50210_3.48439_2.48665_-2.50210_-2.50210,3704070,-2.50211_2.48665_2.48665_-2.50211_-3.49986
46,3704070,-2.50211_2.48665_2.48665_-2.50211_-3.49986,2955806,-1.50435_0.49115_2.48665_-2.50211_-3.49986
46,2955806,-1.50435_0.49115_2.48665_-2.50211_-3.49986,1138083,-3.49986_-0.50660_-2.50211_-1.50435_-4.49762
46,1138083,-3.49986_-0.50660_-2.50211_-1.50435_-4.49762,1099332,-3.49986_-1.50435_-3.49986_-0.50660_-4.49761
46,1099332,-3.49986_-1.50435_-3.49986_-0.50660_-4.49761,921954,-3.49986_-2.50210_-3.49986_-0.50660_-3.49986
46,921954,-3.49986_-2.50210_-3.49986_-0.50660_-3.49986,705824,-3.49986_-3.49986_-3.49986_-1.50435_-2.50210
46,705824,-3.49986_-3.49986_-3.49986_-1.50435_-2.50210,628322,-2.50210_-3.49986_-4.49761_-2.50210_-3.49986
46,628322,-2.50210_-3.49986_-4.49761_-2.50210_-3.49986,617135,-2.50211_-3.49986_-3.49986_-2.50211_-2.50210
46,617135,-2.50211_-3.49986_-3.49986_-2.50211_-2.50210,578384,-2.50210_-3.49986_-2.50210_-3.49986_-3.49986
46,578384,-2.50210_-3.49986_-2.50210_-3.49986_-3.49986,578384,-2.50210_-3.49986_-2.50210_-3.49986_-3.49986
46,578384,-2.50210_-3.49986_-2.50210_-3.49986_-3.49986,578384,-2.50210_-3.49986_-2.50210_-3.49986_-3.49986
46,578384,-2.50210_-3.49986_-2.50210_-3.49986_-3.49986,578384,-2.50210_-3.49986_-2.50210_-3.49986_-3.49986
46,578384,-2.50210_-3.49986_-2.50210_-3.49986_-3.49986,539633,-3.49986_-2.50210_-3.49986_-3.49986_-3.49986
46,539633,-3.49986_-2.50210_-3.49986_-3.49986_-3.49986,539633,-3.49986_-2.50210_-3.49986_-3.49986_-3.49986
46,539633,-3.49986_-2.50210_-3.49986_-3.49986_-3.49986,539633,-3.49986_-2.50210_-3.49986_-3.49986_-3.49986
46,539633,-3.49986_-2.50210_-3.49986_-3.49986_-3.49986,539633,-3.49986_-2.50210_-3.49986_-3.49986_-3.49986
46,539633,-3.49986_-2.50210_-3.49986_-3.49986_-3.49986,539633,-3.49986_-2.50210_-3.49986_-3.49986_-3.49986
46,539633,-3.49986_-2.50210_-3.49986_-3.49986_-3.49986,500882,-3.49986_-3.49986_-3.49986_-3.49986_-3.49986
46,500882,-3.49986_-3.49986_-3.49986_-3.49986_-3.49986,500882,-3.49986_-3.49986_-3.49986_-3.49986_-3.49986
46,500882,-3.49986_-3.49986_-3.49986_-3.49986_-3.49986,500882,-3.49986_-3.49986_-3.49986_-3.49986_-3.49986
46,500882,-3.49986_-3.49986_-3.49986_-3.49986_-3.49986,500882,-3.49986_-3.49986_-3.49986_-3.49986_-3.49986
46,500882,-3.49986_-3.49986_-3.49986_-3.49986_-3.49986,500882,-3.49986_-3.49986_-3.49986_-3.49986_-3.49986
46,500882,-3.49986_-3.49986_-3.49986_-3.49986_-3.49986,500882,-3.49986_-3.49986_-3.49986_-3.49986_-3.49986
46,500882,-3.49986_-3.49986_-3.49986_-3.49986_-3.49986,500882,-3.49986_-3.49986_-3.49986_-3.49986_-3.49986
46,500882,-3.49986_-3.49986_-3.49986_-3.49986_-3.49986,500882,-3.49986_-3.49986_-3.49986_-3.49986_-3.49986
46,500882,-3.49986_-3.49986_-3.49986_-3.49986_-3.49986,500882,-3.49986_-3.49986_-3.49986_-3.49986_-3.49986
46,500882,-3.49986_-3.49986_-3.49986_-3.49986_-3.49986,500882,-3.49986_-3.49986_-3.49986_-3.49986_-3.49986
46,500882,-3.49986_-3.49986_-3.49986_-3.49986_-3.49986,500882,-3.49986_-3.49986_-3.49986_-3.49986_-3.49986
46,500882,-3.49986_-3.49986_-3.49986_-3.49986_-3.49986,500882,-3.49986_-3.49986_-3.49986_-3.49986_-3.49986
46,500882,-3.49986_-3.49986_-3.49986_-3.49986_-3.49986,500882,-3.49986_-3.49986_-3.49986_-3.49986_-3.49986
46,500882,-3.49986_-3.49986_-3.49986_-3.49986_-3.49986,500882,-3.49986_-3.49986_-3.49986_-3.49986_-3.49986
46,500882,-3.49986_-3.49986_-3.49986_-3.49986_-3.49986,500882,-3.49986_-3.49986_-3.49986_-3.49986_-3.49986
47,5139470,1.48890_-3.49986_-0.50659_-0.50660_4.48213,4579772,-0.50660_-4.49761_-1.50435_0.49115_4.48213
47,4579772,-0.50660_-4.49761_-1.50435_0.49115_4.48213,4579772,-0.50660_-4.49761_-1.50435_0.49115_4.48213
47,4579772,-0.50660_-4.49761_-1.50435_0.49115_4.48213,4047639,0.49115_-3.49986_-2.50211_0.49115_3.48439
47,4047639,0.49115_-3.49986_-2.50211_0.49115_3.48439,3654133,-1.50435_-4.49761_0.49115_2.48665_0.49115
47,3654133,-1.50435_-4.49761_0.49115_2.48665_0.49115,3210687,-1.50435_-3.49986_-0.50660_1.48890_1.48890
47,3210687,-1.50435_-3.49986_-0.50660_1.48890_1.48890,3171937,-1.50435_-4.49761_0.49115_0.49115_1.48890
47,3171937,-1.50435_-4.49761_0.49115_0.49115_1.48890,1636658,-0.50660_-2.50210_-1.50435_-1.50435_-0.50660
47,1636658,-0.50660_-2.50210_-1.50435_-1.50435_-0.50660,1343026,-2.50211_-2.50211_-2.50210_0.49115_-2.50211
47,1343026,-2.50211_-2.50211_-2.50210_0.49115_-2.50211,1304275,-3.49986_-2.50210_-0.50660_-0.50660_-3.49986
47,1304275,-3.49986_-2.50210_-0.50660_-0.50660_-3.49986,910767,-2.50210_-2.50210_-1.50435_-1.50435_-3.49986
47,910767,-2.50210_-2.50210_-1.50435_-1.50435_-3.49986,822078,-2.50211_-2.50210_-1.50435_-2.50211_-2.50210
47,822078,-2.50211_-2.50210_-1.50435_-2.50211_-2.50210,822078,-2.50210_-2.50210_-2.50210_-2.50210_-1.50435
47,822078,-2.50210_-2.50210_-2.50210_-2.50210_-1.50435,744576,-2.50210_-1.50435_-3.49986_-3.49986_-2.50210
47,744576,-2.50210_-1.50435_-3.49986_-3.49986_-2.50210,678260,-3.49986_-2.50210_-4.49761_-4.49761_-2.50210
47,678260,-3.49986_-2.50210_-4.49761_-4.49761_-2.50210,678260,-4.49761_-3.49986_-2.50211_-4.49761_-2.50210
47,678260,-4.49761_-3.49986_-2.50211_-4.49761_-2.50210,667073,-4.49761_-2.50211_-3.49986_-2.50210_-2.50210
47,667073,-4.49761_-2.50211_-3.49986_-2.50210_-2.50210,578384,-3.49986_-3.49986_-3.49986_-2.50210_-2.50210
47,578384,-3.49986_-3.49986_-3.49986_-2.50210_-2.50210,500882,-3.49985_-3.49986_-3.49986_-3.49986_-3.49986
47,500882,-3.49985_-3.49986_-3.49986_-3.49986_-3.49986,500882,-3.49986_-3.49986_-3.49986_-3.49986_-3.49986
47,500882,-3.49986_-3.49986_-3.49986_-3.49986_-3.49986,500882,-3.49986_-3.49986_-3.49986_-3.49986_-3.49986
47,500882,-3.49986_-3.49986_-3.49986_-3.49986_-3.49986,500882,-3.49986_-3.49986_-3.49986_-3.49986_-3.49986
47,500882,-3.49986_-3.49986_-3.49986_-3.49986_-3.49986,500882,-3.49986_-3.49986_-3.49986_-3.49986_-3.49986
47,500882,-3.49986_-3.49986_-3.49986_-3.49986_-3.49986,500882,-3.49986_-3.49986_-3.49986_-3.49986_-3.49986
47,500882,-3.49986_-3.49986_-3.49986_-3.49986_-3.49986,500882,-3.49986_-3.49986_-3.49986_-3.49986_-3.49986
47,500882,-3.49986_-3.49986_-3.49986_-3.49986_-3.49986,500882,-3.49986_-3.49986_-3.49986_-3.49986_-3.49986
47,500882,-3.49986_-3.49986_-3.49986_-3.49986_-3.49986,500882,-3.49986_-3.49986_-3.49986_-3.49986_-3.49986
47,500882,-3.49986_-3.49986_-3.49986_-3.49986_-3.49986,500882,-3.49986_-3.49986_-3.49986_-3.49986_-3.49986
47,500882,-3.49986_-3.49986_-3.49986_-3.49986_-3.49986,500882,-3.49986_-3.49986_-3.49986_-3.49986_-3.49986
47,500882,-3.49986_-3.49986_-3.49986_-3.49986_-3.49986,500882,-3.49986_-3.49986_-3.49986_-3.49986_-3.49986
47,500882,-3.49986_-3.49986_-3.49986_-3.49986_-3.49986,500882,-3.49986_-3.49986_-3.49986_-3.49986_-3.49986
47,500882,-3.49986_-3.49986_-3.49986_-3.49986_-3.49986,500882,-3.49986_-3.49986_-3.49986_-3.49986_-3.49986
48,3979807,-2.47470_-0.48485_1.50504_1.50503_4.48991,3482330,-2.47469_0.51008_1.50504_1.50506_4.48991
48,3482330,-2.47469_0.51008_1.50504_1.50506_4.48991,895460,-0.48486_2.50000_2.50000_2.50000_2.50000
48,895460,-0.48486_2.50000_2.50000_2.50000_2.50000,497479,0.51009_1.50504_2.50000_2.50000_2.50000
48,497479,0.51009_1.50504_2.50000_2.50000_2.50000,397984,1.50504_1.50504_2.50000_1.50504_1.50504
48,397984,1.50504_1.50504_2.50000_1.50504_1.50504,198992,2.50000_2.50000_1.50504_1.50504_2.50000
48,198992,2.50000_2.50000_1.50504_1.50504_2.50000,99496,1.50504_2.50000_2.50000_2.50000_2.50000
48,99496,1.50504_2.50000_2.50000_2.50000_2.50000,0,2.50000_2.50000_2.50000_2.50000_2.50000
48,0,2.50000_2.50000_2.50000_2.50000_2.50000,0,2.50000_2.50000_2.50000_2.50000_2.50000
48,0,2.50000_2.50000_2.50000_2.50000_2.50000,0,2.50000_2.50000_2.50000_2.50000_2.50000
48,0,2.50000_2.50000_2.50000_2.50000_2.50000,0,2.50000_2.50000_2.50000_2.50000_2.50000
48,0,2.50000_2.50000_2.50000_2.50000_2.50000,0,2.50000_2.50000_2.50000_2.50000_2.50000
48,0,2.50000_2.50000_2.50000_2.50000_2.50000,0,2.50000_2.50000_2.50000_2.50000_2.50000
48,0,2.50000_2.50000_2.50000_2.50000_2.50000,0,2.50000_2.50000_2.50000_2.50000_2.50000
48,0,2.50000_2.50000_2.50000_2.50000_2.50000,0,2.50000_2.50000_2.50000_2.50000_2.50000
48,0,2.50000_2.50000_2.50000_2.50000_2.50000,0,2.50000_2.50000_2.50000_2.50000_2.50000
48,0,2.50000_2.50000_2.50000_2.50000_2.50000,0,2.50000_2.50000_2.50000_2.50000_2.50000
48,0,2.50000_2.50000_2.50000_2.50000_2.50000,0,2.50000_2.50000_2.50000_2.50000_2.50000
48,0,2.50000_2.50000_2.50000_2.50000_2.50000,0,2.50000_2.50000_2.50000_2.50000_2.50000
48,0,2.50000_2.50000_2.50000_2.50000_2.50000,0,2.50000_2.50000_2.50000_2.50000_2.50000
48,0,2.50000_2.50000_2.50000_2.50000_2.50000,0,2.50000_2.50000_2.50000_2.50000_2.50000
48,0,2.50000_2.50000_2.50000_2.50000_2.50000,0,2.50000_2.50000_2.50000_2.50000_2.50000
48,0,2.50000_2.50000_2.50000_2.50000_2.50000,0,2.50000_2.50000_2.50000_2.50000_2.50000
48,0,2.50000_2.50000_2.50000_2.50000_2.50000,0,2.50000_2.50000_2.50000_2.50000_2.50000
48,0,2.50000_2.50000_2.50000_2.50000_2.50000,0,2.50000_2.50000_2.50000_2.50000_2.50000
48,0,2.50000_2.50000_2.50000_2.50000_2.50000,0,2.50000_2.50000_2.50000_2.50000_2.50000
48,0,2.50000_2.50000_2.50000_2.50000_2.50000,0,2.50000_2.50000_2.50000_2.50000_2.50000
48,0,2.50000_2.50000_2.50000_2.50000_2.50000,0,2.50000_2.50000_2.50000_2.50000_2.50000
48,0,2.50000_2.50000_2.50000_2.50000_2.50000,0,2.50000_2.50000_2.50000_2.50000_2.50000
48,0,2.50000_2.50000_2.50000_2.50000_2.50000,0,2.50000_2.50000_2.50000_2.50000_2.50000
48,0,2.50000_2.50000_2.50000_2.50000_2.50000,0,2.50000_2.50000_2.50000_2.50000_2.50000
48,0,2.50000_2.50000_2.50000_2.50000_2.50000,0,2.50000_2.50000_2.50000_2.50000_2.50000
48,0,2.50000_2.50000_2.50000_2.50000_2.50000,0,2.50000_2.50000_2.50000_2.50000_2.50000
48,0,2.50000_2.50000_2.50000_2.50000_2.50000,0,2.50000_2.50000_2.50000_2.50000_2.50000
49,4477292,-1.47978_-1.47978_-0.48486_4.48991_2.50000,4079305,0.51009_-2.47469_0.51009_4.48991_0.51009
49,4079305,0.51009_-2.47469_0.51009_4.48991_0.51009,3183849,2.50000_-1.47978_-1.47978_2.50000_2.50000
49,3183849,2.50000_-1.47978_-1.47978_2.50000_2.50000,2885368,2.50000_-0.48486_-1.47979_0.51009_2.50000
49,2885368,2.50000_-0.48486_-1.47979_0.51009_2.50000,1094454,1.50504_0.51009_0.51009_1.50504_1.50504
49,1094454,1.50504_0.51009_0.51009_1.50504_1.50504,696471,1.50504_1.50504_0.51009_2.50000_1.50504
49,696471,1.50504_1.50504_0.51009_2.50000_1.50504,596975,2.50000_1.50504_0.51009_3.49496_2.50000
49,596975,2.50000_1.50504_0.51009_3.49496_2.50000,397983,2.50000_2.50000_0.51009_2.50000_2.50000
49,397983,2.50000_2.50000_0.51009_2.50000_2.50000,99496,2.50000_2.50000_1.50504_2.50000_2.50000
49,99496,2.50000_2.50000_1.50504_2.50000_2.50000,99496,2.50000_2.50000_1.50504_2.50000_2.50000
49,99496,2.50000_2.50000_1.50504_2.50000_2.50000,99496,2.50000_2.50000_1.50504_2.50000_2.50000
49,99496,2.50000_2.50000_1.50504_2.50000_2.50000,99496,2.50000_2.50000_1.50504_2.50000_2.50000
49,99496,2.50000_2.50000_1.50504_2.50000_2.50000,99496,2.50000_2.50000_1.50504_2.50000_2.50000
49,99496,2.50000_2.50000_1.50504_2.50000_2.50000,0,2.50000_2.50000_2.50000_2.50000_2.50000
49,0,2.50000_2.50000_2.50000_2.50000_2.50000,0,2.50000_2.50000_2.50000_2.50000_2.50000
49,0,2.50000_2.50000_2.50000_2.50000_2.50000,0,2.50000_2.50000_2.50000_2.50000_2.50000
49,0,2.50000_2.50000_2.50000_2.50000_2.50000,0,2.50000_2.50000_2.50000_2.50000_2.50000
49,0,2.50000_2.50000_2.50000_2.50000_2.50000,0,2.50000_2.50000_2.50000_2.50000_2.50000
49,0,2.50000_2.50000_2.50000_2.50000_2.50000,0,2.50000_2.50000_2.50000_2.50000_2.50000
49,0,2.50000_2.50000_2.50000_2.50000_2.50000,0,2.50000_2.50000_2.50000_2.50000_2.50000
49,0,2.50000_2.50000_2.50000_2.50000_2.50000,0,2.50000_2.50000_2.50000_2.50000_2.50000
49,0,2.50000_2.50000_2.50000_2.50000_2.50000,0,2.50000_2.50000_2.50000_2.50000_2.50000
49,0,2.50000_2.50000_2.50000_2.50000_2.50000,0,2.50000_2.50000_2.50000_2.50000_2.50000
49,0,2.50000_2.50000_2.50000_2.50000_2.50000,0,2.50000_2.50000_2.50000_2.50000_2.50000
49,0,2.50000_2.50000_2.50000_2.50000_2.50000,0,2.50000_2.50000_2.50000_2.50000_2.50000
49,0,2.50000_2.50000_2.50000_2.50000_2.50000,0,2.50000_2.50000_2.50000_2.50000_2.50000
49,0,2.50000_2.50000_2.50000_2.50000_2.50000,0,2.50000_2.50000_2.50000_2.50000_2.50000
49,0,2.50000_2.50000_2.50000_2.50000_2.50000,0,2.50000_2.50000_2.50000_2.50000_2.50000
49,0,2.50000_2.50000_2.50000_2.50000_2.50000,0,2.50000_2.50000_2.50000_2.50000_2.50000
49,0,2.50000_2.50000_2.50000_2.50000_2.50000,0,2.50000_2.50000_2.50000_2.50000_2.50000
49,0,2.50000_2.50000_2.50000_2.50000_2.50000,0,2.50000_2.50000_2.50000_2.50000_2.50000
49,0,2.50000_2.50000_2.50000_2.50000_2.50000,0,2.50000_2.50000_2.50000_2.50000_2.50000
50,3880311,4.48991_1.50504_-0.48485_-2.47469_2.50000,298488,3.49496_2.50000_3.49496_2.50000_1.50504
50,298488,3.49496_2.50000_3.49496_2.50000_1.50504,298488,3.49496_1.50504_1.50504_2.50000_2.50000
50,298488,3.49496_1.50504_1.50504_2.50000_2.50000,198992,2.50000_2.50000_1.50504_2.50000_1.50504
50,198992,2.50000_2.50000_1.50504_2.50000_1.50504,99496,2.50000_2.50000_2.50000_3.49496_2.50000
50,99496,2.50000_2.50000_2.50000_3.49496_2.50000,99496,2.50000_2.50000_1.50504_2.50000_2.50000
50,99496,2.50000_2.50000_1.50504_2.50000_2.50000,99496,2.50000_2.50000_1.50504_2.50000_2.50000
50,99496,2.50000_2.50000_1.50504_2.50000_2.50000,99496,2.50000_2.50000_1.50504_2.50000_2.50000
50,99496,2.50000_2.50000_1.50504_2.50000_2.50000,0,2.50000_2.50000_2.50000_2.50000_2.50000
50,0,2.50000_2.50000_2.50000_2.50000_2.50000,0,2.50000_2.50000_2.50000_2.50000_2.50000
50,0,2.50000_2.50000_2.50000_2.50000_2.50000,0,2.50000_2.50000_2.50000_2.50000_2.50000
50,0,2.50000_2.50000_2.50000_2.50000_2.50000,0,2.50000_2.50000_2.50000_2.50000_2.50000
50,0,2.50000_2.50000_2.50000_2.50000_2.50000,0,2.50000_2.50000_2.50000_2.50000_2.50000
50,0,2.50000_2.50000_2.50000_2.50000_2.50000,0,2.50000_2.50000_2.50000_2.50000_2.50000
50,0,2.50000_2.50000_2.50000_2.50000_2.50000,0,2.50000_2.50000_2.50000_2.50000_2.50000
50,0,2.50000_2.50000_2.50000_2.50000_2.50000,0,2.50000_2.50000_2.50000_2.50000_2.50000
50,0,2.50000_2.50000_2.50000_2.50000_2.50000,0,2.50000_2.50000_2.50000_2.50000_2.50000
50,0,2.50000_2.50000_2.50000_2.50000_2.50000,0,2.50000_2.50000_2.50000_2.50000_2.50000
50,0,2.50000_2.50000_2.50000_2.50000_2.50000,0,2.50000_2.50000_2.50000_2.50000_2.50000
50,0,2.50000_2.50000_2.50000_2.50000_2.50000,0,2.50000_2.50000_2.50000_2.50000_2.50000
50,0,2.50000_2.50000_2.50000_2.50000_2.50000,0,2.50000_2.50000_2.50000_2.50000_2.50000
50,0,2.50000_2.50000_2.50000_2.50000_2.50000,0,2.50000_2.50000_2.50000_2.50000_2.50000
50,0,2.50000_2.50000_2.50000_2.50000_2.50000,0,2.50000_2.50000_2.50000_2.50000_2.50000
50,0,2.50000_2.50000_2.50000_2.50000_2.50000,0,2.50000_2.50000_2.50000_2.50000_2.50000
50,0,2.50000_2.50000_2.50000_2.50000_2.50000,0,2.50000_2.50000_2.50000_2.50000_2.50000
50,0,2.50000_2.50000_2.50000_2.50000_2.50000,0,2.50000_2.50000_2.50000_2.50000_2.50000
50,0,2.50000_2.50000_2.50000_2.50000_2.50000,0,2.50000_2.50000_2.50000_2.50000_2.50000
51,5012032,-1.50435_1.48890_3.48439_-4.49761_1.48890,3742820,-3.49986_-0.50660_3.48439_-2.50210_0.49115
51,3742820,-3.49986_-0.50660_3.48439_-2.50210_0.49115,3221873,-3.49984_-1.50435_3.48438_-2.50209_-0.50661
51,3221873,-3.49984_-1.50435_3.48438_-2.50209_-0.50661,3221873,-3.49986_-1.50435_3.48439_-2.50210_-0.50660
51,3221873,-3.49986_-1.50435_3.48439_-2.50210_-0.50660,3005745,-4.49761_-1.50435_2.48665_-2.50210_0.49115
51,3005745,-4.49761_-1.50435_2.48665_-2.50210_0.49115,2473610,-3.49986_-2.50211_1.48890_-1.50435_0.49115
51,2473610,-3.49986_-2.50211_1.48890_-1.50435_0.49115,2473610,-3.49986_-2.50211_1.48890_-1.50435_0.49115
51,2473610,-3.49986_-2.50211_1.48890_-1.50435_0.49115,2473610,-3.49986_-2.50211_1.48890_-1.50435_0.49115
51,2473610,-3.49986_-2.50211_1.48890_-1.50435_0.49115,2091290,-4.49761_-2.50210_1.48890_-2.50210_-0.50660
51,2091290,-4.49761_-2.50210_1.48890_-2.50210_-0.50660,1786472,-4.49761_-0.50660_0.49115_-3.49986_-1.50435
51,1786472,-4.49761_-0.50660_0.49115_-3.49986_-1.50435,883203,-3.49986_-3.49986_-1.50435_-4.49761_-1.50435
51,883203,-3.49986_-3.49986_-1.50435_-4.49761_-1.50435,755763,-3.49986_-3.49986_-1.50435_-4.49761_-2.50210
51,755763,-3.49986_-3.49986_-1.50435_-4.49761_-2.50210,755763,-3.49986_-3.49986_-1.50435_-4.49761_-2.50210
51,755763,-3.49986_-3.49986_-1.50435_-4.49761_-2.50210,744576,-3.49986_-2.50210_-2.50210_-3.49986_-1.50435
51,744576,-3.49986_-2.50210_-2.50210_-3.49986_-1.50435,578384,-3.49986_-2.50210_-3.49986_-3.49986_-2.50210
51,578384,-3.49986_-2.50210_-3.49986_-3.49986_-2.50210,578384,-3.49986_-2.50210_-3.49986_-3.49986_-2.50210
51,578384,-3.49986_-2.50210_-3.49986_-3.49986_-2.50210,539633,-3.49986_-3.49986_-3.49986_-3.49986_-2.50210
51,539633,-3.49986_-3.49986_-3.49986_-3.49986_-2.50210,539633,-3.49986_-3.49986_-3.49986_-3.49986_-2.50210
51,539633,-3.49986_-3.49986_-3.49986_-3.49986_-2.50210,539633,-3.49986_-3.49986_-3.49986_-3.49986_-2.50210
51,539633,-3.49986_-3.49986_-3.49986_-3.49986_-2.50210,539633,-3.49986_-3.49986_-3.49986_-3.49986_-2.50210
51,539633,-3.49986_-3.49986_-3.49986_-3.49986_-2.50210,539633,-3.49986_-3.49986_-3.49986_-3.49986_-2.50210
51,539633,-3.49986_-3.49986_-3.49986_-3.49986_-2.50210,539633,-3.49986_-3.49986_-3.49986_-3.49986_-2.50210
51,539633,-3.49986_-3.49986_-3.49986_-3.49986_-2.50210,539633,-3.49986_-3.49986_-3.49986_-3.49986_-2.50210
51,539633,-3.49986_-3.49986_-3.49986_-3.49986_-2.50210,539633,-3.49986_-3.49986_-3.49986_-3.49986_-2.50210
51,539633,-3.49986_-3.49986_-3.49986_-3.49986_-2.50210,539633,-3.49986_-3.49986_-3.49986_-3.49986_-2.50210
51,539633,-3.49986_-3.49986_-3.49986_-3.49986_-2.50210,539633,-3.49986_-3.49986_-3.49986_-3.49986_-2.50210
51,539633,-3.49986_-3.49986_-3.49986_-3.49986_-2.50210,500882,-3.49986_-3.49986_-3.49986_-3.49986_-3.49986
51,500882,-3.49986_-3.49986_-3.49986_-3.49986_-3.49986,500882,-3.49986_-3.49986_-3.49986_-3.49986_-3.49986
51,500882,-3.49986_-3.49986_-3.49986_-3.49986_-3.49986,500882,-3.49986_-3.49986_-3.49986_-3.49986_-3.49986
51,500882,-3.49986_-3.49986_-3.49986_-3.49986_-3.49986,500882,-3.49986_-3.49986_-3.49986_-3.49986_-3.49986
51,500882,-3.49986_-3.49986_-3.49986_-3.49986_-3.49986,500882,-3.49986_-3.49986_-3.49986_-3.49986_-3.49986
51,500882,-3.49986_-3.49986_-3.49986_-3.49986_-3.49986,500882,-3.49986_-3.49986_-3.49986_-3.49986_-3.49986
51,500882,-3.49986_-3.49986_-3.49986_-3.49986_-3.49986,500882,-3.49986_-3.49986_-3.49986_-3.49986_-3.49986
51,500882,-3.49986_-3.49986_-3.49986_-3.49986_-3.49986,500882,-3.49986_-3.49986_-3.49986_-3.49986_-3.49986
51,500882,-3.49986_-3.49986_-3.49986_-3.49986_-3.49986,500882,-3.49986_-3.49986_-3.49986_-3.49986_-3.49986
51,500882,-3.49986_-3.49986_-3.49986_-3.49986_-3.49986,500882,-3.49986_-3.49986_-3.49986_-3.49986_-3.49986
51,500882,-3.49986_-3.49986_-3.49986_-3.49986_-3.49986,500882,-3.49986_-3.49986_-3.49986_-3.49986_-3.49986
52,2288395,4.48991_3.49496_-1.47978_1.50504_3.49496,1492435,4.48991_2.50000_-0.48486_1.50504_3.49496
52,1492435,4.48991_2.50000_-0.48486_1.50504_3.49496,1492435,4.48991_2.50000_-0.48486_1.50504_3.49496
52,1492435,4.48991_2.50000_-0.48486_1.50504_3.49496,696471,3.49496_1.50504_0.51009_1.50504_2.50000
52,696471,3.49496_1.50504_0.51009_1.50504_2.50000,696471,4.48991_1.50504_1.50504_1.50504_2.50000
52,696471,4.48991_1.50504_1.50504_1.50504_2.50000,596975,3.49496_0.51009_2.50000_1.50504_2.50000
52,596975,3.49496_0.51009_2.50000_1.50504_2.50000,497479,3.49496_0.51009_2.50000_2.50000_2.50000
52,497479,3.49496_0.51009_2.50000_2.50000_2.50000,497479,3.49496_0.51009_2.50000_2.50000_2.50000
52,497479,3.49496_0.51009_2.50000_2.50000_2.50000,298488,3.49496_1.50504_2.50000_2.50000_1.50504
52,298488,3.49496_1.50504_2.50000_2.50000_1.50504,298488,3.49496_1.50504_2.50000_2.50000_1.50504
52,298488,3.49496_1.50504_2.50000_2.50000_1.50504,198992,3.49496_2.50000_2.50000_2.50000_1.50504
52,198992,3.49496_2.50000_2.50000_2.50000_1.50504,99496,2.50000_3.49496_2.50000_2.50000_2.50000
52,99496,2.50000_3.49496_2.50000_2.50000_2.50000,99496,2.50000_2.50000_1.50504_2.50000_2.50000
52,99496,2.50000_2.50000_1.50504_2.50000_2.50000,99496,2.50000_2.50000_1.50504_2.50000_2.50000
52,99496,2.50000_2.50000_1.50504_2.50000_2.50000,99496,2.50000_2.50000_1.50504_2.50000_2.50000
52,99496,2.50000_2.50000_1.50504_2.50000_2.50000,99496,2.50000_2.50000_1.50504_2.50000_2.50000
52,99496,2.50000_2.50000_1.50504_2.50000_2.50000,99496,2.50000_2.50000_1.50504_2.50000_2.50000
52,99496,2.50000_2.50000_1.50504_2.50000_2.50000,99496,2.50000_2.50000_1.50504_2.50000_2.50000
52,99496,2.50000_2.50000_1.50504_2.50000_2.50000,99496,2.50000_2.50000_1.50504_2.50000_2.50000
52,99496,2.50000_2.50000_1.50504_2.50000_2.50000,99496,2.50000_2.50000_1.50504_2.50000_2.50000
52,99496,2.50000_2.50000_1.50504_2.50000_2.50000,99496,2.50000_2.50000_1.50504_2.50000_2.50000
52,99496,2.50000_2.50000_1.50504_2.50000_2.50000,99496,2.50000_2.50000_1.50504_2.50000_2.50000
52,99496,2.50000_2.50000_1.50504_2.50000_2.50000,99496,2.50000_2.50000_1.50504_2.50000_2.50000
52,99496,2.50000_2.50000_1.50504_2.50000_2.50000,99496,2.50000_2.50000_1.50504_2.50000_2.50000
52,99496,2.50000_2.50000_1.50504_2.50000_2.50000,99496,2.50000_2.50000_1.50504_2.50000_2.50000
52,99496,2.50000_2.50000_1.50504_2.50000_2.50000,99496,2.50000_2.50000_1.50504_2.50000_2.50000
52,99496,2.50000_2.50000_1.50504_2.50000_2.50000,0,2.50000_2.50000_2.50000_2.50000_2.50000
52,0,2.50000_2.50000_2.50000_2.50000_2.50000,0,2.50000_2.50000_2.50000_2.50000_2.50000
52,0,2.50000_2.50000_2.50000_2.50000_2.50000,0,2.50000_2.50000_2.50000_2.50000_2.50000
52,0,2.50000_2.50000_2.50000_2.50000_2.50000,0,2.50000_2.50000_2.50000_2.50000_2.50000
52,0,2.50000_2.50000_2.50000_2.50000_2.50000,0,2.50000_2.50000_2.50000_2.50000_2.50000
52,0,2.50000_2.50000_2.50000_2.50000_2.50000,0,2.50000_2.50000_2.50000_2.50000_2.50000
52,0,2.50000_2.50000_2.50000_2.50000_2.50000,0,2.50000_2.50000_2.50000_2.50000_2.50000
52,0,2.50000_2.50000_2.50000_2.50000_2.50000,0,2.50000_2.50000_2.50000_2.50000_2.50000
52,0,2.50000_2.50000_2.50000_2.50000_2.50000,0,2.50000_2.50000_2.50000_2.50000_2.50000
52,0,2.50000_2.50000_2.50000_2.50000_2.50000,0,2.50000_2.50000_2.50000_2.50000_2.50000
52,0,2.50000_2.50000_2.50000_2.50000_2.50000,0,2.50000_2.50000_2.50000_2.50000_2.50000
52,0,2.50000_2.50000_2.50000_2.50000_2.50000,0,2.50000_2.50000_2.50000_2.50000_2.50000
52,0,2.50000_2.50000_2.50000_2.50000_2.50000,0,2.50000_2.50000_2.50000_2.50000_2.50000
52,0,2.50000_2.50000_2.50000_2.50000_2.50000,0,2.50000_2.50000_2.50000_2.50000_2.50000
53,5760294,2.48665_-3.49986_2.48665_3.48439_-3.49985,4529836,2.48665_-4.49761_0.49117_2.48665_-1.50435
53,4529836,2.48665_-4.49761_0.49117_2.48665_-1.50435,2423673,1.48890_-2.50210_-2.50210_-0.50660_-0.50660
53,2423673,1.48890_-2.50210_-2.50210_-0.50660_-0.50660,1941476,0.49115_-1.50435_-2.50210_-0.50660_-1.50435
53,1941476,0.49115_-1.50435_-2.50210_-0.50660_-1.50435,1863973,-1.50435_-2.50210_-2.50211_1.48890_-2.50211
53,1863973,-1.50435_-2.50210_-2.50211_1.48890_-2.50211,1343026,-2.50210_-3.49986_-0.50660_-0.50660_-2.50210
53,1343026,-2.50210_-3.49986_-0.50660_-0.50660_-2.50210,1088145,-2.50211_-3.49986_-0.50660_-1.50435_-3.49986
53,1088145,-2.50211_-3.49986_-0.50660_-1.50435_-3.49986,910767,-2.50211_-1.50435_-1.50435_-2.50211_-3.49986
53,910767,-2.50211_-1.50435_-1.50435_-2.50211_-3.49986,655886,-2.50210_-2.50210_-2.50210_-2.50210_-3.49986
53,655886,-2.50210_-2.50210_-2.50210_-2.50210_-3.49986,617135,-2.50210_-3.49986_-2.50210_-2.50210_-3.49986
53,617135,-2.50210_-3.49986_-2.50210_-2.50210_-3.49986,578384,-2.50210_-3.49986_-2.50210_-3.49986_-3.49986
53,578384,-2.50210_-3.49986_-2.50210_-3.49986_-3.49986,539633,-3.49986_-3.49986_-2.50210_-3.49986_-3.49986
53,539633,-3.49986_-3.49986_-2.50210_-3.49986_-3.49986,539633,-3.49986_-3.49986_-2.50210_-3.49986_-3.49986
53,539633,-3.49986_-3.49986_-2.50210_-3.49986_-3.49986,539633,-3.49986_-3.49986_-3.49986_-3.49986_-2.50210
53,539633,-3.49986_-3.49986_-3.49986_-3.49986_-2.50210,539633,-3.49986_-3.49986_-3.49986_-3.49986_-2.50210
53,539633,-3.49986_-3.49986_-3.49986_-3.49986_-2.50210,539633,-3.49986_-3.49986_-3.49986_-3.49986_-2.50210
53,539633,-3.49986_-3.49986_-3.49986_-3.49986_-2.50210,500882,-3.49986_-3.49986_-3.49986_-3.49986_-3.49986
53,500882,-3.49986_-3.49986_-3.49986_-3.49986_-3.49986,500882,-3.49986_-3.49986_-3.49986_-3.49986_-3.49986
53,500882,-3.49986_-3.49986_-3.49986_-3.49986_-3.49986,500882,-3.49986_-3.49986_-3.49986_-3.49986_-3.49986
53,500882,-3.49986_-3.49986_-3.49986_-3.49986_-3.49986,500882,-3.49986_-3.49986_-3.49986_-3.49986_-3.49986
53,500882,-3.49986_-3.49986_-3.49986_-3.49986_-3.49986,500882,-3.49986_-3.49986_-3.49986_-3.49986_-3.49986
53,500882,-3.49986_-3.49986_-3.49986_-3.49986_-3.49986,500882,-3.49986_-3.49986_-3.49986_-3.49986_-3.49986
53,500882,-3.49986_-3.49986_-3.49986_-3.49986_-3.49986,500882,-3.49986_-3.49986_-3.49986_-3.49986_-3.49986
53,500882,-3.49986_-3.49986_-3.49986_-3.49986_-3.49986,500882,-3.49986_-3.49986_-3.49986_-3.49986_-3.49986
53,500882,-3.49986_-3.49986_-3.49986_-3.49986_-3.49986,500882,-3.49986_-3.49986_-3.49986_-3.49986_-3.49986
53,500882,-3.49986_-3.49986_-3.49986_-3.49986_-3.49986,500882,-3.49986_-3.49986_-3.49986_-3.49986_-3.49986
53,500882,-3.49986_-3.49986_-3.49986_-3.49986_-3.49986,500882,-3.49986_-3.49986_-3.49986_-3.49986_-3.49986
53,500882,-3.49986_-3.49986_-3.49986_-3.49986_-3.49986,500882,-3.49986_-3.49986_-3.49986_-3.49986_-3.49986
53,500882,-3.49986_-3.49986_-3.49986_-3.49986_-3.49986,500882,-3.49986_-3.49986_-3.49986_-3.49986_-3.49986
53,500882,-3.49986_-3.49986_-3.49986_-3.49986_-3.49986,500882,-3.49986_-3.49986_-3.49986_-3.49986_-3.49986
53,500882,-3.49986_-3.49986_-3.49986_-3.49986_-3.49986,500882,-3.49986_-3.49986_-3.49986_-3.49986_-3.49986
53,500882,-3.49986_-3.49986_-3.49986_-3.49986_-3.49986,500882,-3.49986_-3.49986_-3.49986_-3.49986_-3.49986
53,500882,-3.49986_-3.49986_-3.49986_-3.49986_-3.49986,500882,-3.49986_-3.49986_-3.49986_-3.49986_-3.49986
54,5372728,2.50000_4.48991_-2.47469_2.50000_-2.47469,2434859,-1.50435_-1.50435_-3.49987_2.48664_-2.50210
54,2434859,-1.50435_-1.50435_-3.49987_2.48664_-2.50210,2373735,-1.50435_0.49116_-1.50435_0.49115_-1.50435
54,2373735,-1.50435_0.49116_-1.50435_0.49115_-1.50435,1509217,-2.50210_-0.50660_-1.50435_-0.50660_-2.50211
54,1509217,-2.50210_-0.50660_-1.50435_-0.50660_-2.50211,1293088,-2.50210_-0.50660_-1.50435_-1.50435_-2.50211
54,1293088,-2.50210_-0.50660_-1.50435_-1.50435_-2.50211,1165648,-2.50210_-0.50660_-1.50435_-2.50210_-2.50210
54,1165648,-2.50210_-0.50660_-1.50435_-2.50210_-2.50210,1088145,-2.50210_-0.50660_-1.50435_-3.49986_-3.49986
54,1088145,-2.50210_-0.50660_-1.50435_-3.49986_-3.49986,895462,1.50504_2.50000_2.50000_0.51009_0.51009
54,895462,1.50504_2.50000_2.50000_0.51009_0.51009,696471,0.51009_3.49496_2.50000_1.50504_1.50504
54,696471,0.51009_3.49496_2.50000_1.50504_1.50504,696471,0.51009_3.49496_2.50000_1.50504_1.50504
54,696471,0.51009_3.49496_2.50000_1.50504_1.50504,596975,0.51009_2.50000_3.49496_1.50504_2.50000
54,596975,0.51009_2.50000_3.49496_1.50504_2.50000,497479,1.50504_2.50000_4.48991_2.50000_2.50000
54,497479,1.50504_2.50000_4.48991_2.50000_2.50000,99496,2.50000_2.50000_3.49496_2.50000_2.50000
54,99496,2.50000_2.50000_3.49496_2.50000_2.50000,99496,2.50000_2.50000_2.50000_3.49496_2.50000
54,99496,2.50000_2.50000_2.50000_3.49496_2.50000,99496,2.50000_2.50000_2.50000_3.49496_2.50000
54,99496,2.50000_2.50000_2.50000_3.49496_2.50000,99496,2.50000_2.50000_2.50000_3.49496_2.50000
54,99496,2.50000_2.50000_2.50000_3.49496_2.50000,0,2.50000_2.50000_2.50000_2.50000_2.50000
54,0,2.50000_2.50000_2.50000_2.50000_2.50000,0,2.50000_2.50000_2.50000_2.50000_2.50000
54,0,2.50000_2.50000_2.50000_2.50000_2.50000,0,2.50000_2.50000_2.50000_2.50000_2.50000
54,0,2.50000_2.50000_2.50000_2.50000_2.50000,0,2.50000_2.50000_2.50000_2.50000_2.50000
54,0,2.50000_2.50000_2.50000_2.50000_2.50000,0,2.50000_2.50000_2.50000_2.50000_2.50000
54,0,2.50000_2.50000_2.50000_2.50000_2.50000,0,2.50000_2.50000_2.50000_2.50000_2.50000
54,0,2.50000_2.50000_2.50000_2.50000_2.50000,0,2.50000_2.50000_2.50000_2.50000_2.50000
54,0,2.50000_2.50000_2.50000_2.50000_2.50000,0,2.50000_2.50000_2.50000_2.50000_2.50000
54,0,2.50000_2.50000_2.50000_2.50000_2.50000,0,2.50000_2.50000_2.50000_2.50000_2.50000
54,0,2.50000_2.50000_2.50000_2.50000_2.50000,0,2.50000_2.50000_2.50000_2.50000_2.50000
54,0,2.50000_2.50000_2.50000_2.50000_2.50000,0,2.50000_2.50000_2.50000_2.50000_2.50000
54,0,2.50000_2.50000_2.50000_2.50000_2.50000,0,2.50000_2.50000_2.50000_2.50000_2.50000
54,0,2.50000_2.50000_2.50000_2.50000_2.50000,0,2.50000_2.50000_2.50000_2.50000_2.50000
54,0,2.50000_2.50000_2.50000_2.50000_2.50000,0,2.50000_2.50000_2.50000_2.50000_2.50000
54,0,2.50000_2.50000_2.50000_2.50000_2.50000,0,2.50000_2.50000_2.50000_2.50000_2.50000
54,0,2.50000_2.50000_2.50000_2.50000_2.50000,0,2.50000_2.50000_2.50000_2.50000_2.50000
55,1989908,2.50001_2.50000_-1.47979_2.50000_0.51009,1293445,0.51009_0.51009_1.50505_0.51009_2.50000
55,1293445,0.51009_0.51009_1.50505_0.51009_2.50000,397984,2.50000_3.49496_3.49496_3.49496_3.49496
55,397984,2.50000_3.49496_3.49496_3.49496_3.49496,298488,1.50504_3.49496_2.50000_3.49496_2.50000
55,298488,1.50504_3.49496_2.50000_3.49496_2.50000,198992,2.50000_3.49496_2.50000_3.49496_2.50000
55,198992,2.50000_3.49496_2.50000_3.49496_2.50000,198992,3.49496_3.49496_2.50000_2.50000_2.50000
55,198992,3.49496_3.49496_2.50000_2.50000_2.50000,198992,3.49496_3.49496_2.50000_2.50000_2.50000
55,198992,3.49496_3.49496_2.50000_2.50000_2.50000,99496,3.49496_2.50000_2.50000_2.50000_2.50000
55,99496,3.49496_2.50000_2.50000_2.50000_2.50000,99496,3.49496_2.50000_2.50000_2.50000_2.50000
55,99496,3.49496_2.50000_2.50000_2.50000_2.50000,99496,2.50000_2.50000_2.50000_3.49496_2.50000
55,99496,2.50000_2.50000_2.50000_3.49496_2.50000,99496,2.50000_2.50000_2.50000_3.49496_2.50000
55,99496,2.50000_2.50000_2.50000_3.49496_2.50000,99496,2.50000_2.50000_2.50000_3.49496_2.50000
55,99496,2.50000_2.50000_2.50000_3.49496_2.50000,99496,2.50000_2.50000_2.50000_3.49496_2.50000
55,99496,2.50000_2.50000_2.50000_3.49496_2.50000,99496,2.50000_2.50000_2.50000_3.49496_2.50000
55,99496,2.50000_2.50000_2.50000_3.49496_2.50000,0,2.50000_2.50000_2.50000_2.50000_2.50000
55,0,2.50000_2.50000_2.50000_2.50000_2.50000,0,2.50000_2.50000_2.50000_2.50000_2.50000
55,0,2.50000_2.50000_2.50000_2.50000_2.50000,0,2.50000_2.50000_2.50000_2.50000_2.50000
55,0,2.50000_2.50000_2.50000_2.50000_2.50000,0,2.50000_2.50000_2.50000_2.50000_2.50000
55,0,2.50000_2.50000_2.50000_2.50000_2.50000,0,2.50000_2.50000_2.50000_2.50000_2.50000
55,0,2.50000_2.50000_2.50000_2.50000_2.50000,0,2.50000_2.50000_2.50000_2.50000_2.50000
55,0,2.50000_2.50000_2.50000_2.50000_2.50000,0,2.50000_2.50000_2.50000_2.50000_2.50000
55,0,2.50000_2.50000_2.50000_2.50000_2.50000,0,2.50000_2.50000_2.50000_2.50000_2.50000
55,0,2.50000_2.50000_2.50000_2.50000_2.50000,0,2.50000_2.50000_2.50000_2.50000_2.50000
55,0,2.50000_2.50000_2.50000_2.50000_2.50000,0,2.50000_2.50000_2.50000_2.50000_2.50000
55,0,2.50000_2.50000_2.50000_2.50000_2.50000,0,2.50000_2.50000_2.50000_2.50000_2.50000
55,0,2.50000_2.50000_2.50000_2.50000_2.50000,0,2.50000_2.50000_2.50000_2.50000_2.50000
55,0,2.50000_2.50000_2.50000_2.50000_2.50000,0,2.50000_2.50000_2.50000_2.50000_2.50000
55,0,2.50000_2.50000_2.50000_2.50000_2.50000,0,2.50000_2.50000_2.50000_2.50000_2.50000
55,0,2.50000_2.50000_2.50000_2.50000_2.50000,0,2.50000_2.50000_2.50000_2.50000_2.50000
55,0,2.50000_2.50000_2.50000_2.50000_2.50000,0,2.50000_2.50000_2.50000_2.50000_2.50000
55,0,2.50000_2.50000_2.50000_2.50000_2.50000,0,2.50000_2.50000_2.50000_2.50000_2.50000
55,0,2.50000_2.50000_2.50000_2.50000_2.50000,0,2.50000_2.50000_2.50000_2.50000_2.50000
55,0,2.50000_2.50000_2.50000_2.50000_2.50000,0,2.50000_2.50000_2.50000_2.50000_2.50000
55,0,2.50000_2.50000_2.50000_2.50000_2.50000,0,2.50000_2.50000_2.50000_2.50000_2.50000
56,2462424,0.49115_0.49115_-1.50435_-0.50660_-2.50210,2373735,0.49115_0.49115_-1.50435_-1.50435_-1.50435
56,2373735,0.49115_0.49115_-1.50435_-1.50435_-1.50435,2334984,0.49115_0.49115_-2.50210_-0.50660_-2.50210
56,2334984,0.49115_0.49115_-2.50210_-0.50660_-2.50210,1775285,0.49115_-0.50660_-3.49986_-1.50435_-2.50210
56,1775285,0.49115_-0.50660_-3.49986_-1.50435_-2.50210,1254337,-0.50660_-1.50435_-3.49986_-2.50210_-1.50435
56,1254337,-0.50660_-1.50435_-3.49986_-2.50210_-1.50435,960705,-1.50435_-2.50210_-4.49761_-1.50435_-2.50210
56,960705,-1.50435_-2.50210_-4.49761_-1.50435_-2.50210,960705,-1.50435_-2.50210_-4.49761_-1.50435_-2.50210
56,960705,-1.50435_-2.50210_-4.49761_-1.50435_-2.50210,910767,-1.50435_-1.50435_-2.50210_-2.50210_-3.49986
56,910767,-1.50435_-1.50435_-2.50210_-2.50210_-3.49986,910767,-1.50435_-1.50435_-2.50210_-2.50210_-3.49986
56,910767,-1.50435_-1.50435_-2.50210_-2.50210_-3.49986,794514,-1.50435_-2.50210_-2.50211_-3.49986_-4.49761
56,794514,-1.50435_-2.50210_-2.50211_-3.49986_-4.49761,667073,-2.50210_-2.50211_-2.50210_-3.49986_-4.49761
56,667073,-2.50210_-2.50211_-2.50210_-3.49986_-4.49761,539633,-3.49986_-3.49986_-2.50210_-3.49986_-3.49986
56,539633,-3.49986_-3.49986_-2.50210_-3.49986_-3.49986,539633,-3.49986_-3.49986_-2.50210_-3.49986_-3.49986
56,539633,-3.49986_-3.49986_-2.50210_-3.49986_-3.49986,539633,-3.49986_-3.49986_-2.50210_-3.49986_-3.49986
56,539633,-3.49986_-3.49986_-2.50210_-3.49986_-3.49986,539633,-3.49986_-3.49986_-2.50210_-3.49986_-3.49986
56,539633,-3.49986_-3.49986_-2.50210_-3.49986_-3.49986,539633,-3.49986_-3.49986_-2.50210_-3.49986_-3.49986
56,539633,-3.49986_-3.49986_-2.50210_-3.49986_-3.49986,539633,-3.49986_-3.49986_-2.50210_-3.49986_-3.49986
56,539633,-3.49986_-3.49986_-2.50210_-3.49986_-3.49986,539633,-3.49986_-3.49986_-2.50210_-3.49986_-3.49986
56,539633,-3.49986_-3.49986_-2.50210_-3.49986_-3.49986,539633,-3.49986_-3.49986_-2.50210_-3.49986_-3.49986
56,539633,-3.49986_-3.49986_-2.50210_-3.49986_-3.49986,500882,-3.49986_-3.49986_-3.49986_-3.49986_-3.49986
56,500882,-3.49986_-3.49986_-3.49986_-3.49986_-3.49986,500882,-3.49986_-3.49986_-3.49986_-3.49986_-3.49986
56,500882,-3.49986_-3.49986_-3.49986_-3.49986_-3.49986,500882,-3.49986_-3.49986_-3.49986_-3.49986_-3.49986
56,500882,-3.49986_-3.49986_-3.49986_-3.49986_-3.49986,500882,-3.49986_-3.49986_-3.49986_-3.49986_-3.49986
56,500882,-3.49986_-3.49986_-3.49986_-3.49986_-3.49986,500882,-3.49986_-3.49986_-3.49986_-3.49986_-3.49986
56,500882,-3.49986_-3.49986_-3.49986_-3.49986_-3.49986,500882,-3.49986_-3.49986_-3.49986_-3.49986_-3.49986
56,500882,-3.49986_-3.49986_-3.49986_-3.49986_-3.49986,500882,-3.49986_-3.49986_-3.49986_-3.49986_-3.49986
56,500882,-3.49986_-3.49986_-3.49986_-3.49986_-3.49986,500882,-3.49986_-3.49986_-3.49986_-3.49986_-3.49986
56,500882,-3.49986_-3.49986_-3.49986_-3.49986_-3.49986,500882,-3.49986_-3.49986_-3.49986_-3.49986_-3.49986
57,2288395,1.50504_3.49496_3.49496_-1.47978_0.51008,994958,0.51009_1.50504_1.50504_0.51009_2.50000
57,994958,0.51009_1.50504_1.50504_0.51009_2.50000,895462,1.50504_0.51009_2.50000_0.51009_2.50000
57,895462,1.50504_0.51009_2.50000_0.51009_2.50000,795967,1.50504_1.50504_3.49496_0.51009_1.50504
57,795967,1.50504_1.50504_3.49496_0.51009_1.50504,696471,1.50504_1.50504_2.50000_0.51009_1.50504
57,696471,1.50504_1.50504_2.50000_0.51009_1.50504,696471,1.50504_1.50504_1.50504_0.51009_2.50000
57,696471,1.50504_1.50504_1.50504_0.51009_2.50000,596975,1.50504_1.50504_2.50000_0.51009_2.50000
57,596975,1.50504_1.50504_2.50000_0.51009_2.50000,298488,2.50000_2.50000_3.49496_1.50504_3.49496
57,298488,2.50000_2.50000_3.49496_1.50504_3.49496,298488,2.50000_2.50000_3.49496_1.50504_3.49496
57,298488,2.50000_2.50000_3.49496_1.50504_3.49496,198992,2.50000_3.49496_1.50504_2.50000_2.50000
57,198992,2.50000_3.49496_1.50504_2.50000_2.50000,198992,2.50000_3.49496_2.50000_1.50504_2.50000
57,198992,2.50000_3.49496_2.50000_1.50504_2.50000,198992,2.50000_2.50000_2.50000_1.50504_3.49496
57,198992,2.50000_2.50000_2.50000_1.50504_3.49496,198992,2.50000_2.50000_2.50000_1.50504_3.49496
57,198992,2.50000_2.50000_2.50000_1.50504_3.49496,99496,2.50000_2.50000_2.50000_1.50504_2.50000
57,99496,2.50000_2.50000_2.50000_1.50504_2.50000,0,2.50000_2.50000_2.50000_2.50000_2.50000
57,0,2.50000_2.50000_2.50000_2.50000_2.50000,0,2.50000_2.50000_2.50000_2.50000_2.50000
57,0,2.50000_2.50000_2.50000_2.50000_2.50000,0,2.50000_2.50000_2.50000_2.50000_2.50000
57,0,2.50000_2.50000_2.50000_2.50000_2.50000,0,2.50000_2.50000_2.50000_2.50000_2.50000
57,0,2.50000_2.50000_2.50000_2.50000_2.50000,0,2.50000_2.50000_2.50000_2.50000_2.50000
57,0,2.50000_2.50000_2.50000_2.50000_2.50000,0,2.50000_2.50000_2.50000_2.50000_2.50000
57,0,2.50000_2.50000_2.50000_2.50000_2.50000,0,2.50000_2.50000_2.50000_2.50000_2.50000
57,0,2.50000_2.50000_2.50000_2.50000_2.50000,0,2.50000_2.50000_2.50000_2.50000_2.50000
57,0,2.50000_2.50000_2.50000_2.50000_2.50000,0,2.50000_2.50000_2.50000_2.50000_2.50000
57,0,2.50000_2.50000_2.50000_2.50000_2.50000,0,2.50000_2.50000_2.50000_2.50000_2.50000
57,0,2.50000_2.50000_2.50000_2.50000_2.50000,0,2.50000_2.50000_2.50000_2.50000_2.50000
57,0,2.50000_2.50000_2.50000_2.50000_2.50000,0,2.50000_2.50000_2.50000_2.50000_2.50000
57,0,2.50000_2.50000_2.50000_2.50000_2.50000,0,2.50000_2.50000_2.50000_2.50000_2.50000
57,0,2.50000_2.50000_2.50000_2.50000_2.50000,0,2.50000_2.50000_2.50000_2.50000_2.50000
57,0,2.50000_2.50000_2.50000_2.50000_2.50000,0,2.50000_2.50000_2.50000_2.50000_2.50000
57,0,2.50000_2.50000_2.50000_2.50000_2.50000,0,2.50000_2.50000_2.50000_2.50000_2.50000
57,0,2.50000_2.50000_2.50000_2.50000_2.50000,0,2.50000_2.50000_2.50000_2.50000_2.50000
57,0,2.50000_2.50000_2.50000_2.50000_2.50000,0,2.50000_2.50000_2.50000_2.50000_2.50000
57,0,2.50000_2.50000_2.50000_2.50000_2.50000,0,2.50000_2.50000_2.50000_2.50000_2.50000
57,0,2.50000_2.50000_2.50000_2.50000_2.50000,0,2.50000_2.50000_2.50000_2.50000_2.50000
57,0,2.50000_2.50000_2.50000_2.50000_2.50000,0,2.50000_2.50000_2.50000_2.50000_2.50000
58,2767242,-2.50211_-1.50435_0.49115_0.49115_0.49115,2296233,-3.49986_-2.50210_0.49115_0.49115_-0.50660
58,2296233,-3.49986_-2.50210_0.49115_0.49115_-0.50660,2168792,-4.49761_-1.50435_-0.50660_-0.50660_0.49115
58,2168792,-4.49761_-1.50435_-0.50660_-0.50660_0.49115,1952663,-4.49761_-1.50435_-1.50435_-0.50660_0.49115
58,1952663,-4.49761_-1.50435_-1.50435_-0.50660_0.49115,1952663,-4.49761_-1.50435_-1.50435_-0.50660_0.49115
58,1952663,-4.49761_-1.50435_-1.50435_-0.50660_0.49115,1863974,-4.49761_-0.50660_-0.50660_-1.50435_-0.50660
58,1863974,-4.49761_-0.50660_-0.50660_-1.50435_-0.50660,1825223,-4.49761_-1.50435_0.49115_-2.50210_-0.50660
58,1825223,-4.49761_-1.50435_0.49115_-2.50210_-0.50660,1786472,-4.49761_-1.50435_0.49115_-3.49986_-0.50660
58,1786472,-4.49761_-1.50435_0.49115_-3.49986_-0.50660,1520404,-3.49986_-1.50436_0.49115_-3.49986_-1.50435
58,1520404,-3.49986_-1.50436_0.49115_-3.49986_-1.50435,1392964,-3.49986_-1.50435_0.49115_-3.49986_-2.50211
58,1392964,-3.49986_-1.50435_0.49115_-3.49986_-2.50211,1354213,-3.49986_-1.50435_0.49115_-3.49986_-3.49986
58,1354213,-3.49986_-1.50435_0.49115_-3.49986_-3.49986,755763,-3.49986_-2.50210_-1.50435_-3.49986_-4.49761
58,755763,-3.49986_-2.50210_-1.50435_-3.49986_-4.49761,689447,-4.49761_-3.49986_-2.50210_-4.49761_-4.49761
58,689447,-4.49761_-3.49986_-2.50210_-4.49761_-4.49761,689447,-4.49761_-3.49986_-2.50210_-4.49761_-4.49761
58,689447,-4.49761_-3.49986_-2.50210_-4.49761_-4.49761,639509,-3.49986_-4.49761_-3.49986_-4.49761_-2.50210
58,639509,-3.49986_-4.49761_-3.49986_-4.49761_-2.50210,500882,-3.49986_-3.49986_-3.49986_-3.49986_-3.49986
58,500882,-3.49986_-3.49986_-3.49986_-3.49986_-3.49986,500882,-3.49986_-3.49986_-3.49986_-3.49986_-3.49986
58,500882,-3.49986_-3.49986_-3.49986_-3.49986_-3.49986,500882,-3.49986_-3.49986_-3.49986_-3.49986_-3.49986
58,500882,-3.49986_-3.49986_-3.49986_-3.49986_-3.49986,500882,-3.49986_-3.49986_-3.49986_-3.49986_-3.49986
58,500882,-3.49986_-3.49986_-3.49986_-3.49986_-3.49986,500882,-3.49986_-3.49986_-3.49986_-3.49986_-3.49986
58,500882,-3.49986_-3.49986_-3.49986_-3.49986_-3.49986,500882,-3.49986_-3.49986_-3.49986_-3.49986_-3.49986
58,500882,-3.49986_-3.49986_-3.49986_-3.49986_-3.49986,500882,-3.49986_-3.49986_-3.49986_-3.49986_-3.49986
58,500882,-3.49986_-3.49986_-3.49986_-3.49986_-3.49986,500882,-3.49986_-3.49986_-3.49986_-3.49986_-3.49986
58,500882,-3.49986_-3.49986_-3.49986_-3.49986_-3.49986,500882,-3.49986_-3.49986_-3.49986_-3.49986_-3.49986
58,500882,-3.49986_-3.49986_-3.49986_-3.49986_-3.49986,500882,-3.49986_-3.49986_-3.49986_-3.49986_-3.49986
58,500882,-3.49986_-3.49986_-3.49986_-3.49986_-3.49986,500882,-3.49986_-3.49986_-3.49986_-3.49986_-3.49986
58,500882,-3.49986_-3.49986_-3.49986_-3.49986_-3.49986,500882,-3.49986_-3.49986_-3.49986_-3.49986_-3.49986
58,500882,-3.49986_-3.49986_-3.49986_-3.49986_-3.49986,500882,-3.49986_-3.49986_-3.49986_-3.49986_-3.49986
58,500882,-3.49986_-3.49986_-3.49986_-3.49986_-3.49986,500882,-3.49986_-3.49986_-3.49986_-3.49986_-3.49986
58,500882,-3.49986_-3.49986_-3.49986_-3.49986_-3.49986,500882,-3.49986_-3.49986_-3.49986_-3.49986_-3.49986
59,2288395,3.49496_1.50504_-1.47978_4.48991_3.49496,2288395,4.48991_-1.47978_1.50504_1.50504_3.49496
59,2288395,4.48991_-1.47978_1.50504_1.50504_3.49496,1989908,3.49496_-1.47978_1.50504_1.50504_3.49496
59,1989908,3.49496_-1.47978_1.50504_1.50504_3.49496,1193948,3.49496_-0.48485_2.50000_1.50504_1.50504
59,1193948,3.49496_-0.48485_2.50000_1.50504_1.50504,397984,1.50504_1.50504_1.50505_2.50000_1.50504
59,397984,1.50504_1.50504_1.50505_2.50000_1.50504,198992,2.50000_1.50504_2.50000_2.50000_1.50504
59,198992,2.50000_1.50504_2.50000_2.50000_1.50504,99496,2.50000_1.50504_2.50000_2.50000_2.50000
59,99496,2.50000_1.50504_2.50000_2.50000_2.50000,99496,2.50000_2.50000_2.50000_1.50504_2.50000
59,99496,2.50000_2.50000_2.50000_1.50504_2.50000,99496,2.50000_2.50000_2.50000_1.50504_2.50000
59,99496,2.50000_2.50000_2.50000_1.50504_2.50000,0,2.50000_2.50000_2.50000_2.50000_2.50000
59,0,2.50000_2.50000_2.50000_2.50000_2.50000,0,2.50000_2.50000_2.50000_2.50000_2.50000
59,0,2.50000_2.50000_2.50000_2.50000_2.50000,0,2.50000_2.50000_2.50000_2.50000_2.50000
59,0,2.50000_2.50000_2.50000_2.50000_2.50000,0,2.50000_2.50000_2.50000_2.50000_2.50000
59,0,2.50000_2.50000_2.50000_2.50000_2.50000,0,2.50000_2.50000_2.50000_2.50000_2.50000
59,0,2.50000_2.50000_2.50000_2.50000_2.50000,0,2.50000_2.50000_2.50000_2.50000_2.50000
59,0,2.50000_2.50000_2.50000_2.50000_2.50000,0,2.50000_2.50000_2.50000_2.50000_2.50000
59,0,2.50000_2.50000_2.50000_2.50000_2.50000,0,2.50000_2.50000_2.50000_2.50000_2.50000
59,0,2.50000_2.50000_2.50000_2.50000_2.50000,0,2.50000_2.50000_2.50000_2.50000_2.50000
59,0,2.50000_2.50000_2.50000_2.50000_2.50000,0,2.50000_2.50000_2.50000_2.50000_2.50000
59,0,2.50000_2.50000_2.50000_2.50000_2.50000,0,2.50000_2.50000_2.50000_2.50000_2.50000
59,0,2.50000_2.50000_2.50000_2.50000_2.50000,0,2.50000_2.50000_2.50000_2.50000_2.50000
59,0,2.50000_2.50000_2.50000_2.50000_2.50000,0,2.50000_2.50000_2.50000_2.50000_2.50000
59,0,2.50000_2.50000_2.50000_2.50000_2.50000,0,2.50000_2.50000_2.50000_2.50000_2.50000
59,0,2.50000_2.50000_2.50000_2.50000_2.50000,0,2.50000_2.50000_2.50000_2.50000_2.50000
59,0,2.50000_2.50000_2.50000_2.50000_2.50000,0,2.50000_2.50000_2.50000_2.50000_2.50000
59,0,2.50000_2.50000_2.50000_2.50000_2.50000,0,2.50000_2.50000_2.50000_2.50000_2.50000
59,0,2.50000_2.50000_2.50000_2.50000_2.50000,0,2.50000_2.50000_2.50000_2.50000_2.50000
59,0,2.50000_2.50000_2.50000_2.50000_2.50000,0,2.50000_2.50000_2.50000_2.50000_2.50000
59,0,2.50000_2.50000_2.50000_2.50000_2.50000,0,2.50000_2.50000_2.50000_2.50000_2.50000
59,0,2.50000_2.50000_2.50000_2.50000_2.50000,0,2.50000_2.50000_2.50000_2.50000_2.50000
60,6892670,3.49496_-3.46957_4.48991_5.12000_0.51009,6793174,2.50000_-3.46957_4.48991_5.12000_0.51009
60,6793174,2.50000_-3.46957_4.48991_5.12000_0.51009,4305821,3.49496_-1.47978_1.50504_5.12000_1.50504
60,4305821,3.49496_-1.47978_1.50504_5.12000_1.50504,3509861,2.50000_-0.48486_1.50504_5.12000_1.50504
60,3509861,2.50000_-0.48486_1.50504_5.12000_1.50504,2885370,0.51009_-1.47979_0.51008_4.48992_1.50504
60,2885370,0.51009_-1.47979_0.51008_4.48992_1.50504,2586882,1.50504_-1.47978_1.50504_4.48991_0.51009
60,2586882,1.50504_-1.47978_1.50504_4.48991_0.51009,1989908,1.50504_-1.47978_1.50504_3.49496_1.50504
60,1989908,1.50504_-1.47978_1.50504_3.49496_1.50504,1890412,2.50000_-1.47978_1.50504_3.49496_1.50504
60,1890412,2.50000_-1.47978_1.50504_3.49496_1.50504,1193948,3.49496_-0.48486_1.50504_3.49496_2.50000
60,1193948,3.49496_-0.48486_1.50504_3.49496_2.50000,895462,4.48991_0.51008_1.50504_2.50000_2.50000
60,895462,4.48991_0.51008_1.50504_2.50000_2.50000,895462,4.48991_0.51009_2.50000_1.50504_2.50000
60,895462,4.48991_0.51009_2.50000_1.50504_2.50000,696471,3.49496_0.51009_1.50504_1.50504_2.50000
60,696471,3.49496_0.51009_1.50504_1.50504_2.50000,596975,3.49496_0.51009_2.50000_2.50000_1.50504
60,596975,3.49496_0.51009_2.50000_2.50000_1.50504,497479,2.50000_0.51009_2.50000_2.50000_1.50504
60,497479,2.50000_0.51009_2.50000_2.50000_1.50504,397984,2.50000_1.50504_1.50504_1.50504_1.50504
60,397984,2.50000_1.50504_1.50504_1.50504_1.50504,198992,2.50000_2.50000_1.50504_1.50504_2.50000
60,198992,2.50000_2.50000_1.50504_1.50504_2.50000,198992,1.50504_3.49496_2.50000_2.50000_2.50000
60,198992,1.50504_3.49496_2.50000_2.50000_2.50000,198992,1.50504_3.49496_2.50000_2.50000_2.50000
60,198992,1.50504_3.49496_2.50000_2.50000_2.50000,99496,2.50000_3.49496_2.50000_2.50000_2.50000
60,99496,2.50000_3.49496_2.50000_2.50000_2.50000,99496,2.50000_3.49496_2.50000_2.50000_2.50000
60,99496,2.50000_3.49496_2.50000_2.50000_2.50000,99496,2.50000_3.49496_2.50000_2.50000_2.50000
60,99496,2.50000_3.49496_2.50000_2.50000_2.50000,99496,2.50000_3.49496_2.50000_2.50000_2.50000
60,99496,2.50000_3.49496_2.50000_2.50000_2.50000,99496,2.50000_3.49496_2.50000_2.50000_2.50000
60,99496,2.50000_3.49496_2.50000_2.50000_2.50000,99496,2.50000_2.50000_1.50504_2.50000_2.50000
60,99496,2.50000_2.50000_1.50504_2.50000_2.50000,0,2.50000_2.50000_2.50000_2.50000_2.50000
60,0,2.50000_2.50000_2.50000_2.50000_2.50000,0,2.50000_2.50000_2.50000_2.50000_2.50000
60,0,2.50000_2.50000_2.50000_2.50000_2.50000,0,2.50000_2.50000_2.50000_2.50000_2.50000
60,0,2.50000_2.50000_2.50000_2.50000_2.50000,0,2.50000_2.50000_2.50000_2.50000_2.50000
60,0,2.50000_2.50000_2.50000_2.50000_2.50000,0,2.50000_2.50000_2.50000_2.50000_2.50000
60,0,2.50000_2.50000_2.50000_2.50000_2.50000,0,2.50000_2.50000_2.50000_2.50000_2.50000
60,0,2.50000_2.50000_2.50000_2.50000_2.50000,0,2.50000_2.50000_2.50000_2.50000_2.50000
60,0,2.50000_2.50000_2.50000_2.50000_2.50000,0,2.50000_2.50000_2.50000_2.50000_2.50000
60,0,2.50000_2.50000_2.50000_2.50000_2.50000,0,2.50000_2.50000_2.50000_2.50000_2.50000
60,0,2.50000_2.50000_2.50000_2.50000_2.50000,0,2.50000_2.50000_2.50000_2.50000_2.50000
60,0,2.50000_2.50000_2.50000_2.50000_2.50000,0,2.50000_2.50000_2.50000_2.50000_2.50000
60,0,2.50000_2.50000_2.50000_2.50000_2.50000,0,2.50000_2.50000_2.50000_2.50000_2.50000
60,0,2.50000_2.50000_2.50000_2.50000_2.50000,0,2.50000_2.50000_2.50000_2.50000_2.50000
60,0,2.50000_2.50000_2.50000_2.50000_2.50000,0,2.50000_2.50000_2.50000_2.50000_2.50000
60,0,2.50000_2.50000_2.50000_2.50000_2.50000,0,2.50000_2.50000_2.50000_2.50000_2.50000
60,0,2.50000_2.50000_2.50000_2.50000_2.50000,0,2.50000_2.50000_2.50000_2.50000_2.50000
60,0,2.50000_2.50000_2.50000_2.50000_2.50000,0,2.50000_2.50000_2.50000_2.50000_2.50000
60,0,2.50000_2.50000_2.50000_2.50000_2.50000,0,2.50000_2.50000_2.50000_2.50000_2.50000
60,0,2.50000_2.50000_2.50000_2.50000_2.50000,0,2.50000_2.50000_2.50000_2.50000_2.50000
60,0,2.50000_2.50000_2.50000_2.50000_2.50000,0,2.50000_2.50000_2.50000_2.50000_2.50000
60,0,2.50000_2.50000_2.50000_2.50000_2.50000,0,2.50000_2.50000_2.50000_2.50000_2.50000
60,0,2.50000_2.50000_2.50000_2.50000_2.50000,0,2.50000_2.50000_2.50000_2.50000_2.50000
60,0,2.50000_2.50000_2.50000_2.50000_2.50000,0,2.50000_2.50000_2.50000_2.50000_2.50000
61,1094452,2.50000_1.50504_2.50000_3.49496_-0.48486,795966,2.50000_2.50000_2.50000_4.48991_0.51009
61,795966,2.50000_2.50000_2.50000_4.48991_0.51009,696471,1.50504_2.50000_3.49496_4.48991_1.50504
61,696471,1.50504_2.50000_3.49496_4.48991_1.50504,497479,2.50000_2.50000_2.50000_4.48991_1.50504
61,497479,2.50000_2.50000_2.50000_4.48991_1.50504,99496,1.50504_2.50000_2.50000_2.50000_2.50000
61,99496,1.50504_2.50000_2.50000_2.50000_2.50000,0,2.50000_2.50000_2.50000_2.50000_2.50000
61,0,2.50000_2.50000_2.50000_2.50000_2.50000,0,2.50000_2.50000_2.50000_2.50000_2.50000
61,0,2.50000_2.50000_2.50000_2.50000_2.50000,0,2.50000_2.50000_2.50000_2.50000_2.50000
61,0,2.50000_2.50000_2.50000_2.50000_2.50000,0,2.50000_2.50000_2.50000_2.50000_2.50000
61,0,2.50000_2.50000_2.50000_2.50000_2.50000,0,2.50000_2.50000_2.50000_2.50000_2.50000
61,0,2.50000_2.50000_2.50000_2.50000_2.50000,0,2.50000_2.50000_2.50000_2.50000_2.50000
61,0,2.50000_2.50000_2.50000_2.50000_2.50000,0,2.50000_2.50000_2.50000_2.50000_2.50000
61,0,2.50000_2.50000_2.50000_2.50000_2.50000,0,2.50000_2.50000_2.50000_2.50000_2.50000
61,0,2.50000_2.50000_2.50000_2.50000_2.50000,0,2.50000_2.50000_2.50000_2.50000_2.50000
61,0,2.50000_2.50000_2.50000_2.50000_2.50000,0,2.50000_2.50000_2.50000_2.50000_2.50000
61,0,2.50000_2.50000_2.50000_2.50000_2.50000,0,2.50000_2.50000_2.50000_2.50000_2.50000
61,0,2.50000_2.50000_2.50000_2.50000_2.50000,0,2.50000_2.50000_2.50000_2.50000_2.50000
61,0,2.50000_2.50000_2.50000_2.50000_2.50000,0,2.50000_2.50000_2.50000_2.50000_2.50000
61,0,2.50000_2.50000_2.50000_2.50000_2.50000,0,2.50000_2.50000_2.50000_2.50000_2.50000
61,0,2.50000_2.50000_2.50000_2.50000_2.50000,0,2.50000_2.50000_2.50000_2.50000_2.50000
61,0,2.50000_2.50000_2.50000_2.50000_2.50000,0,2.50000_2.50000_2.50000_2.50000_2.50000
61,0,2.50000_2.50000_2.50000_2.50000_2.50000,0,2.50000_2.50000_2.50000_2.50000_2.50000
61,0,2.50000_2.50000_2.50000_2.50000_2.50000,0,2.50000_2.50000_2.50000_2.50000_2.50000
61,0,2.50000_2.50000_2.50000_2.50000_2.50000,0,2.50000_2.50000_2.50000_2.50000_2.50000
61,0,2.50000_2.50000_2.50000_2.50000_2.50000,0,2.50000_2.50000_2.50000_2.50000_2.50000
61,0,2.50000_2.50000_2.50000_2.50000_2.50000,0,2.50000_2.50000_2.50000_2.50000_2.50000
61,0,2.50000_2.50000_2.50000_2.50000_2.50000,0,2.50000_2.50000_2.50000_2.50000_2.50000
61,0,2.50000_2.50000_2.50000_2.50000_2.50000,0,2.50000_2.50000_2.50000_2.50000_2.50000
61,0,2.50000_2.50000_2.50000_2.50000_2.50000,0,2.50000_2.50000_2.50000_2.50000_2.50000
61,0,2.50000_2.50000_2.50000_2.50000_2.50000,0,2.50000_2.50000_2.50000_2.50000_2.50000
61,0,2.50000_2.50000_2.50000_2.50000_2.50000,0,2.50000_2.50000_2.50000_2.50000_2.50000
61,0,2.50000_2.50000_2.50000_2.50000_2.50000,0,2.50000_2.50000_2.50000_2.50000_2.50000
62,3382834,0.51009_2.50000_1.50503_0.51009_-2.47469,2785860,1.50504_1.50504_2.50000_1.50504_-2.47469
62,2785860,1.50504_1.50504_2.50000_1.50504_-2.47469,2686364,1.50504_2.50000_2.50000_1.50504_-2.47469
62,2686364,1.50504_2.50000_2.50000_1.50504_-2.47469,1591931,1.50504_3.49497_1.50504_0.51008_-0.48485
62,1591931,1.50504_3.49497_1.50504_0.51008_-0.48485,1591931,1.50504_3.49497_1.50504_0.51008_-0.48485
62,1591931,1.50504_3.49497_1.50504_0.51008_-0.48485,1492435,0.51009_3.49496_2.50000_1.50504_-0.48486
62,1492435,0.51009_3.49496_2.50000_1.50504_-0.48486,1492435,-0.48486_1.50504_3.49496_2.50000_0.51009
62,1492435,-0.48486_1.50504_3.49496_2.50000_0.51009,497479,1.50504_2.50000_0.51009_2.50000_2.50000
62,497479,1.50504_2.50000_0.51009_2.50000_2.50000,298488,1.50504_2.50000_1.50504_3.49496_2.50000
62,298488,1.50504_2.50000_1.50504_3.49496_2.50000,298488,1.50504_2.50000_1.50504_3.49496_2.50000
62,298488,1.50504_2.50000_1.50504_3.49496_2.50000,198992,1.50504_2.50000_2.50000_2.50000_1.50504
62,198992,1.50504_2.50000_2.50000_2.50000_1.50504,99496,1.50504_2.50000_2.50000_2.50000_2.50000
62,99496,1.50504_2.50000_2.50000_2.50000_2.50000,99496,1.50504_2.50000_2.50000_2.50000_2.50000
62,99496,1.50504_2.50000_2.50000_2.50000_2.50000,99496,1.50504_2.50000_2.50000_2.50000_2.50000
62,99496,1.50504_2.50000_2.50000_2.50000_2.50000,99496,2.50000_2.50000_1.50504_2.50000_2.50000
62,99496,2.50000_2.50000_1.50504_2.50000_2.50000,0,2.50000_2.50000_2.50000_2.50000_2.50000
62,0,2.50000_2.50000_2.50000_2.50000_2.50000,0,2.50000_2.50000_2.50000_2.50000_2.50000
62,0,2.50000_2.50000_2.50000_2.50000_2.50000,0,2.50000_2.50000_2.50000_2.50000_2.50000
62,0,2.50000_2.50000_2.50000_2.50000_2.50000,0,2.50000_2.50000_2.50000_2.50000_2.50000
62,0,2.50000_2.50000_2.50000_2.50000_2.50000,0,2.50000_2.50000_2.50000_2.50000_2.50000
62,0,2.50000_2.50000_2.50000_2.50000_2.50000,0,2.50000_2.50000_2.50000_2.50000_2.50000
62,0,2.50000_2.50000_2.50000_2.50000_2.50000,0,2.50000_2.50000_2.50000_2.50000_2.50000
62,0,2.50000_2.50000_2.50000_2.50000_2.50000,0,2.50000_2.50000_2.50000_2.50000_2.50000
62,0,2.50000_2.50000_2.50000_2.50000_2.50000,0,2.50000_2.50000_2.50000_2.50000_2.50000
62,0,2.50000_2.50000_2.50000_2.50000_2.50000,0,2.50000_2.50000_2.50000_2.50000_2.50000
62,0,2.50000_2.50000_2.50000_2.50000_2.50000,0,2.50000_2.50000_2.50000_2.50000_2.50000
62,0,2.50000_2.50000_2.50000_2.50000_2.50000,0,2.50000_2.50000_2.50000_2.50000_2.50000
62,0,2.50000_2.50000_2.50000_2.50000_2.50000,0,2.50000_2.50000_2.50000_2.50000_2.50000
62,0,2.50000_2.50000_2.50000_2.50000_2.50000,0,2.50000_2.50000_2.50000_2.50000_2.50000
62,0,2.50000_2.50000_2.50000_2.50000_2.50000,0,2.50000_2.50000_2.50000_2.50000_2.50000
62,0,2.50000_2.50000_2.50000_2.50000_2.50000,0,2.50000_2.50000_2.50000_2.50000_2.50000
62,0,2.50000_2.50000_2.50000_2.50000_2.50000,0,2.50000_2.50000_2.50000_2.50000_2.50000
62,0,2.50000_2.50000_2.50000_2.50000_2.50000,0,2.50000_2.50000_2.50000_2.50000_2.50000
63,3388065,-2.50210_2.48665_-2.50210_-1.50435_1.48890,3349314,-3.49986_2.48665_-1.50435_-2.50210_1.48890
63,3349314,-3.49986_2.48665_-1.50435_-2.50210_1.48890,2828366,-3.49986_2.48665_-2.50210_-2.50210_0.49115
63,2828366,-3.49986_2.48665_-2.50210_-2.50210_0.49115,1609093,-3.49986_0.49115_-2.50210_-3.49986_-0.50660
63,1609093,-3.49986_0.49115_-2.50210_-3.49986_-0.50660,1254337,-3.49985_-1.50435_-0.50659_-2.50210_-1.50434
63,1254337,-3.49985_-1.50435_-0.50659_-2.50210_-1.50434,1254337,-3.49986_-1.50435_-1.50435_-2.50210_-0.50660
63,1254337,-3.49986_-1.50435_-1.50435_-2.50210_-0.50660,1165648,-3.49986_-1.50435_-1.50435_-1.50435_-1.50435
63,1165648,-3.49986_-1.50435_-1.50435_-1.50435_-1.50435,1038207,-3.49986_-2.50210_-1.50435_-1.50435_-1.50435
63,1038207,-3.49986_-2.50210_-1.50435_-1.50435_-1.50435,1010643,-4.49761_-3.49986_-0.50660_-2.50211_-2.50210
63,1010643,-4.49761_-3.49986_-0.50660_-2.50211_-2.50210,921954,-3.49986_-2.50210_-0.50660_-3.49986_-3.49986
63,921954,-3.49986_-2.50210_-0.50660_-3.49986_-3.49986,717011,-3.49986_-3.49986_-1.50435_-3.49986_-4.49761
63,717011,-3.49986_-3.49986_-1.50435_-3.49986_-4.49761,628322,-4.49761_-2.50211_-2.50211_-3.49986_-3.49986
63,628322,-4.49761_-2.50211_-2.50211_-3.49986_-3.49986,628322,-4.49761_-2.50211_-2.50211_-3.49986_-3.49986
63,628322,-4.49761_-2.50211_-2.50211_-3.49986_-3.49986,628322,-4.49761_-2.50211_-2.50211_-3.49986_-3.49986
63,628322,-4.49761_-2.50211_-2.50211_-3.49986_-3.49986,550820,-4.49761_-3.49986_-3.49986_-3.49986_-3.49986
63,550820,-4.49761_-3.49986_-3.49986_-3.49986_-3.49986,539633,-3.49986_-2.50210_-3.49986_-3.49986_-3.49986
63,539633,-3.49986_-2.50210_-3.49986_-3.49986_-3.49986,539633,-3.49986_-2.50210_-3.49986_-3.49986_-3.49986
63,539633,-3.49986_-2.50210_-3.49986_-3.49986_-3.49986,500882,-3.49986_-3.49986_-3.49986_-3.49986_-3.49986
63,500882,-3.49986_-3.49986_-3.49986_-3.49986_-3.49986,500882,-3.49986_-3.49986_-3.49986_-3.49986_-3.49986
63,500882,-3.49986_-3.49986_-3.49986_-3.49986_-3.49986,500882,-3.49986_-3.49986_-3.49986_-3.49986_-3.49986
63,500882,-3.49986_-3.49986_-3.49986_-3.49986_-3.49986,500882,-3.49986_-3.49986_-3.49986_-3.49986_-3.49986
63,500882,-3.49986_-3.49986_-3.49986_-3.49986_-3.49986,500882,-3.49986_-3.49986_-3.49986_-3.49986_-3.49986
63,500882,-3.49986_-3.49986_-3.49986_-3.49986_-3.49986,500882,-3.49986_-3.49986_-3.49986_-3.49986_-3.49986
63,500882,-3.49986_-3.49986_-3.49986_-3.49986_-3.49986,500882,-3.49986_-3.49986_-3.49986_-3.49986_-3.49986
63,500882,-3.49986_-3.49986_-3.49986_-3.49986_-3.49986,500882,-3.49986_-3.49986_-3.49986_-3.49986_-3.49986
63,500882,-3.49986_-3.49986_-3.49986_-3.49986_-3.49986,500882,-3.49986_-3.49986_-3.49986_-3.49986_-3.49986
63,500882,-3.49986_-3.49986_-3.49986_-3.49986_-3.49986,500882,-3.49986_-3.49986_-3.49986_-3.49986_-3.49986
64,3880324,1.50505_-0.48486_-1.47978_4.48991_-0.48486,2984864,2.50000_-0.48486_-1.47978_3.49496_0.51009
64,2984864,2.50000_-0.48486_-1.47978_3.49496_0.51009,2983372,0.49115_0.49115_-0.50660_0.49115_-2.50211
64,2983372,0.49115_0.49115_-0.50660_0.49115_-2.50211,2686376,-0.48486_2.50000_1.50504_1.50504_-1.47978
64,2686376,-0.48486_2.50000_1.50504_1.50504_-1.47978,2678553,-2.50210_0.49115_-0.50660_-0.50660_0.49115
64,2678553,-2.50210_0.49115_-0.50660_-0.50660_0.49115,2246295,-2.50210_0.49115_-1.50435_-1.50435_0.49115
64,2246295,-2.50210_0.49115_-1.50435_-1.50435_0.49115,1215586,-3.49986_-1.50435_-3.49986_-0.50660_-1.50435
64,1215586,-3.49986_-1.50435_-3.49986_-0.50660_-1.50435,844452,-4.49761_-2.50211_-4.49761_-1.50435_-2.50210
64,844452,-4.49761_-2.50211_-4.49761_-1.50435_-2.50210,717011,-4.49761_-2.50210_-4.49761_-2.50210_-2.50210
64,717011,-4.49761_-2.50210_-4.49761_-2.50210_-2.50210,639509,-4.49761_-3.49986_-4.49761_-2.50210_-3.49986
64,639509,-4.49761_-3.49986_-4.49761_-2.50210_-3.49986,628322,-4.49761_-3.49986_-3.49986_-2.50210_-2.50210
64,628322,-4.49761_-3.49986_-3.49986_-2.50210_-2.50210,578384,-3.49986_-3.49986_-3.49986_-2.50210_-2.50210
64,578384,-3.49986_-3.49986_-3.49986_-2.50210_-2.50210,539633,-3.49986_-3.49986_-3.49986_-2.50211_-3.49986
64,539633,-3.49986_-3.49986_-3.49986_-2.50211_-3.49986,500882,-3.49986_-3.49986_-3.49986_-3.49986_-3.49986
64,500882,-3.49986_-3.49986_-3.49986_-3.49986_-3.49986,500882,-3.49986_-3.49986_-3.49986_-3.49986_-3.49986
64,500882,-3.49986_-3.49986_-3.49986_-3.49986_-3.49986,500882,-3.49986_-3.49986_-3.49986_-3.49986_-3.49986
64,500882,-3.49986_-3.49986_-3.49986_-3.49986_-3.49986,500882,-3.49986_-3.49986_-3.49986_-3.49986_-3.49986
64,500882,-3.49986_-3.49986_-3.49986_-3.49986_-3.49986,500882,-3.49986_-3.49986_-3.49986_-3.49986_-3.49986
64,500882,-3.49986_-3.49986_-3.49986_-3.49986_-3.49986,500882,-3.49986_-3.49986_-3.49986_-3.49986_-3.49986
64,500882,-3.49986_-3.49986_-3.49986_-3.49986_-3.49986,500882,-3.49986_-3.49986_-3.49986_-3.49986_-3.49986
64,500882,-3.49986_-3.49986_-3.49986_-3.49986_-3.49986,500882,-3.49986_-3.49986_-3.49986_-3.49986_-3.49986
64,500882,-3.49986_-3.49986_-3.49986_-3.49986_-3.49986,500882,-3.49986_-3.49986_-3.49986_-3.49986_-3.49986
64,500882,-3.49986_-3.49986_-3.49986_-3.49986_-3.49986,500882,-3.49986_-3.49986_-3.49986_-3.49986_-3.49986
64,500882,-3.49986_-3.49986_-3.49986_-3.49986_-3.49986,500882,-3.49986_-3.49986_-3.49986_-3.49986_-3.49986
64,500882,-3.49986_-3.49986_-3.49986_-3.49986_-3.49986,500882,-3.49986_-3.49986_-3.49986_-3.49986_-3.49986
64,500882,-3.49986_-3.49986_-3.49986_-3.49986_-3.49986,500882,-3.49986_-3.49986_-3.49986_-3.49986_-3.49986
64,500882,-3.49986_-3.49986_-3.49986_-3.49986_-3.49986,500882,-3.49986_-3.49986_-3.49986_-3.49986_-3.49986
64,500882,-3.49986_-3.49986_-3.49986_-3.49986_-3.49986,500882,-3.49986_-3.49986_-3.49986_-3.49986_-3.49986
64,500882,-3.49986_-3.49986_-3.49986_-3.49986_-3.49986,500882,-3.49986_-3.49986_-3.49986_-3.49986_-3.49986
64,500882,-3.49986_-3.49986_-3.49986_-3.49986_-3.49986,500882,-3.49986_-3.49986_-3.49986_-3.49986_-3.49986
65,12902708,5.12000_-5.12000_-5.12000_-5.12000_-5.12000,11097955,5.12000_-5.12000_-5.12000_-4.49761_-5.12000
65,11097955,5.12000_-5.12000_-5.12000_-4.49761_-5.12000,4045856,2.48665_-2.50210_-4.49761_-5.12000_-2.50210
65,4045856,2.48665_-2.50210_-4.49761_-5.12000_-2.50210,3868478,1.48890_-3.49986_-4.49761_-5.12000_-0.50660
65,3868478,1.48890_-3.49986_-4.49761_-5.12000_-0.50660,1836409,1.48890_-2.50210_-3.49986_-4.49761_-1.50435
65,1836409,1.48890_-2.50210_-3.49986_-4.49761_-1.50435,1686595,-2.50210_-2.50210_-0.50660_0.49115_-2.50210
65,1686595,-2.50210_-2.50210_-0.50660_0.49115_-2.50210,1647844,-2.50210_-2.50210_0.49115_-0.50660_-3.49986
65,1647844,-2.50210_-2.50210_0.49115_-0.50660_-3.49986,1304275,-0.50660_-2.50210_-1.50435_-1.50435_-4.49761
65,1304275,-0.50660_-2.50210_-1.50435_-1.50435_-4.49761,1176835,-0.50660_-2.50211_-1.50435_-2.50210_-4.49761
65,1176835,-0.50660_-2.50211_-1.50435_-2.50210_-4.49761,1126896,-0.50660_-2.50211_-1.50435_-2.50210_-3.49986
65,1126896,-0.50660_-2.50211_-1.50435_-2.50210_-3.49986,872016,-1.50435_-3.49986_-1.50435_-3.49986_-2.50211
65,872016,-1.50435_-3.49986_-1.50435_-3.49986_-2.50211,617135,-2.50210_-3.49985_-2.50210_-3.49986_-2.50210
65,617135,-2.50210_-3.49985_-2.50210_-3.49986_-2.50210,617135,-3.49986_-2.50210_-2.50210_-3.49986_-2.50210
65,617135,-3.49986_-2.50210_-2.50210_-3.49986_-2.50210,617135,-3.49986_-2.50210_-2.50210_-3.49986_-2.50210
65,617135,-3.49986_-2.50210_-2.50210_-3.49986_-2.50210,617135,-3.49986_-2.50210_-2.50210_-3.49986_-2.50210
65,617135,-3.49986_-2.50210_-2.50210_-3.49986_-2.50210,578384,-3.49986_-3.49986_-2.50210_-2.50210_-3.49986
65,578384,-3.49986_-3.49986_-2.50210_-2.50210_-3.49986,578384,-3.49986_-3.49986_-2.50210_-2.50210_-3.49986
65,578384,-3.49986_-3.49986_-2.50210_-2.50210_-3.49986,578384,-3.49986_-3.49986_-2.50210_-2.50210_-3.49986
65,578384,-3.49986_-3.49986_-2.50210_-2.50210_-3.49986,578384,-3.49986_-3.49986_-2.50210_-2.50210_-3.49986
65,578384,-3.49986_-3.49986_-2.50210_-2.50210_-3.49986,578384,-3.49986_-3.49986_-3.49986_-2.50210_-2.50210
65,578384,-3.49986_-3.49986_-3.49986_-2.50210_-2.50210,539633,-3.49986_-3.49986_-3.49986_-2.50211_-3.49986
65,539633,-3.49986_-3.49986_-3.49986_-2.50211_-3.49986,539633,-3.49986_-3.49986_-3.49986_-2.50211_-3.49986
65,539633,-3.49986_-3.49986_-3.49986_-2.50211_-3.49986,500882,-3.49986_-3.49986_-3.49986_-3.49986_-3.49986
65,500882,-3.49986_-3.49986_-3.49986_-3.49986_-3.49986,500882,-3.49986_-3.49986_-3.49986_-3.49986_-3.49986
65,500882,-3.49986_-3.49986_-3.49986_-3.49986_-3.49986,500882,-3.49986_-3.49986_-3.49986_-3.49986_-3.49986
65,500882,-3.49986_-3.49986_-3.49986_-3.49986_-3.49986,500882,-3.49986_-3.49986_-3.49986_-3.49986_-3.49986
65,500882,-3.49986_-3.49986_-3.49986_-3.49986_-3.49986,500882,-3.49986_-3.49986_-3.49986_-3.49986_-3.49986
65,500882,-3.49986_-3.49986_-3.49986_-3.49986_-3.49986,500882,-3.49986_-3.49986_-3.49986_-3.49986_-3.49986
65,500882,-3.49986_-3.49986_-3.49986_-3.49986_-3.49986,500882,-3.49986_-3.49986_-3.49986_-3.49986_-3.49986
65,500882,-3.49986_-3.49986_-3.49986_-3.49986_-3.49986,500882,-3.49986_-3.49986_-3.49986_-3.49986_-3.49986
65,500882,-3.49986_-3.49986_-3.49986_-3.49986_-3.49986,500882,-3.49986_-3.49986_-3.49986_-3.49986_-3.49986
65,500882,-3.49986_-3.49986_-3.49986_-3.49986_-3.49986,500882,-3.49986_-3.49986_-3.49986_-3.49986_-3.49986
65,500882,-3.49986_-3.49986_-3.49986_-3.49986_-3.49986,500882,-3.49986_-3.49986_-3.49986_-3.49986_-3.49986
65,500882,-3.49986_-3.49986_-3.49986_-3.49986_-3.49986,500882,-3.49986_-3.49986_-3.49986_-3.49986_-3.49986
65,500882,-3.49986_-3.49986_-3.49986_-3.49986_-3.49986,500882,-3.49986_-3.49986_-3.49986_-3.49986_-3.49986
65,500882,-3.49986_-3.49986_-3.49986_-3.49986_-3.49986,500882,-3.49986_-3.49986_-3.49986_-3.49986_-3.49986
65,500882,-3.49986_-3.49986_-3.49986_-3.49986_-3.49986,500882,-3.49986_-3.49986_-3.49986_-3.49986_-3.49986
65,500882,-3.49986_-3.49986_-3.49986_-3.49986_-3.49986,500882,-3.49986_-3.49986_-3.49986_-3.49986_-3.49986
66,2487387,0.51009_2.50000_3.49496_-1.47978_4.48991,1293445,0.51009_2.50000_1.50504_0.51009_4.48991
66,1293445,0.51009_2.50000_1.50504_0.51009_4.48991,696471,1.50504_1.50504_2.50000_1.50504_4.48991
66,696471,1.50504_1.50504_2.50000_1.50504_4.48991,298488,1.50504_2.50000_1.50504_1.50504_2.50000
66,298488,1.50504_2.50000_1.50504_1.50504_2.50000,298488,1.50504_3.49496_2.50000_2.50000_3.49496
66,298488,1.50504_3.49496_2.50000_2.50000_3.49496,198992,2.50000_3.49496_3.49496_2.50000_2.50000
66,198992,2.50000_3.49496_3.49496_2.50000_2.50000,99496,2.50000_2.50000_3.49496_2.50000_2.50000
66,99496,2.50000_2.50000_3.49496_2.50000_2.50000,99496,2.50000_2.50000_3.49496_2.50000_2.50000
66,99496,2.50000_2.50000_3.49496_2.50000_2.50000,99496,2.50000_2.50000_3.49496_2.50000_2.50000
66,99496,2.50000_2.50000_3.49496_2.50000_2.50000,99496,1.50504_2.50000_2.50000_2.50000_2.50000
66,99496,1.50504_2.50000_2.50000_2.50000_2.50000,99496,2.50000_2.50000_2.50000_1.50504_2.50000
66,99496,2.50000_2.50000_2.50000_1.50504_2.50000,99496,2.50000_2.50000_2.50000_1.50504_2.50000
66,99496,2.50000_2.50000_2.50000_1.50504_2.50000,99496,2.50000_2.50000_2.50000_1.50504_2.50000
66,99496,2.50000_2.50000_2.50000_1.50504_2.50000,99496,2.50000_2.50000_2.50000_1.50504_2.50000
66,99496,2.50000_2.50000_2.50000_1.50504_2.50000,99496,2.50000_2.50000_1.50504_2.50000_2.50000
66,99496,2.50000_2.50000_1.50504_2.50000_2.50000,0,2.50000_2.50000_2.50000_2.50000_2.50000
66,0,2.50000_2.50000_2.50000_2.50000_2.50000,0,2.50000_2.50000_2.50000_2.50000_2.50000
66,0,2.50000_2.50000_2.50000_2.50000_2.50000,0,2.50000_2.50000_2.50000_2.50000_2.50000
66,0,2.50000_2.50000_2.50000_2.50000_2.50000,0,2.50000_2.50000_2.50000_2.50000_2.50000
66,0,2.50000_2.50000_2.50000_2.50000_2.50000,0,2.50000_2.50000_2.50000_2.50000_2.50000
66,0,2.50000_2.50000_2.50000_2.50000_2.50000,0,2.50000_2.50000_2.50000_2.50000_2.50000
66,0,2.50000_2.50000_2.50000_2.50000_2.50000,0,2.50000_2.50000_2.50000_2.50000_2.50000
66,0,2.50000_2.50000_2.50000_2.50000_2.50000,0,2.50000_2.50000_2.50000_2.50000_2.50000
66,0,2.50000_2.50000_2.50000_2.50000_2.50000,0,2.50000_2.50000_2.50000_2.50000_2.50000
66,0,2.50000_2.50000_2.50000_2.50000_2.50000,0,2.50000_2.50000_2.50000_2.50000_2.50000
66,0,2.50000_2.50000_2.50000_2.50000_2.50000,0,2.50000_2.50000_2.50000_2.50000_2.50000
66,0,2.50000_2.50000_2.50000_2.50000_2.50000,0,2.50000_2.50000_2.50000_2.50000_2.50000
66,0,2.50000_2.50000_2.50000_2.50000_2.50000,0,2.50000_2.50000_2.50000_2.50000_2.50000
66,0,2.50000_2.50000_2.50000_2.50000_2.50000,0,2.50000_2.50000_2.50000_2.50000_2.50000
66,0,2.50000_2.50000_2.50000_2.50000_2.50000,0,2.50000_2.50000_2.50000_2.50000_2.50000
66,0,2.50000_2.50000_2.50000_2.50000_2.50000,0,2.50000_2.50000_2.50000_2.50000_2.50000
66,0,2.50000_2.50000_2.50000_2.50000_2.50000,0,2.50000_2.50000_2.50000_2.50000_2.50000
66,0,2.50000_2.50000_2.50000_2.50000_2.50000,0,2.50000_2.50000_2.50000_2.50000_2.50000
66,0,2.50000_2.50000_2.50000_2.50000_2.50000,0,2.50000_2.50000_2.50000_2.50000_2.50000
67,2828366,-4.49761_-1.50435_2.48665_-1.50435_-0.50660,2778428,-3.49986_-1.50435_2.48665_-1.50435_-0.50660
67,2778428,-3.49986_-1.50435_2.48665_-1.50435_-0.50660,2700926,-4.49761_-2.50210_2.48665_-0.50660_-1.50435
67,2700926,-4.49761_-2.50210_2.48665_-0.50660_-1.50435,2700926,-4.49761_-2.50210_2.48665_-0.50660_-1.50435
67,2700926,-4.49761_-2.50210_2.48665_-0.50660_-1.50435,2218730,-4.49761_-1.50435_1.48890_-0.50660_-2.50210
67,2218730,-4.49761_-1.50435_1.48890_-0.50660_-2.50210,1825223,-4.49761_-1.50435_0.49115_-0.50660_-2.50210
67,1825223,-4.49761_-1.50435_0.49115_-0.50660_-2.50210,1775285,-3.49986_-1.50435_-0.50660_0.49115_-2.50210
67,1775285,-3.49986_-1.50435_-0.50660_0.49115_-2.50210,1725347,-2.50213_-0.50660_-0.50661_-0.50656_-2.50211
67,1725347,-2.50213_-0.50660_-0.50661_-0.50656_-2.50211,1293088,-2.50210_-0.50660_-1.50435_-1.50435_-2.50211
67,1293088,-2.50210_-0.50660_-1.50435_-1.50435_-2.50211,1076958,-1.50435_-1.50435_-2.50210_-1.50435_-2.50210
67,1076958,-1.50435_-1.50435_-2.50210_-1.50435_-2.50210,949518,-1.50435_-1.50435_-2.50211_-2.50210_-2.50211
67,949518,-1.50435_-1.50435_-2.50211_-2.50210_-2.50211,883203,-3.49986_-0.50660_-3.49986_-3.49986_-3.49986
67,883203,-3.49986_-0.50660_-3.49986_-3.49986_-3.49986,705824,-1.50435_-2.50211_-3.49986_-3.49986_-3.49986
67,705824,-1.50435_-2.50211_-3.49986_-3.49986_-3.49986,678260,-2.50211_-2.50210_-3.49986_-4.49761_-4.49761
67,678260,-2.50211_-2.50210_-3.49986_-4.49761_-4.49761,639509,-3.49986_-3.49986_-2.50210_-4.49761_-4.49761
67,639509,-3.49986_-3.49986_-2.50210_-4.49761_-4.49761,500882,-3.49985_-3.49986_-3.49986_-3.49986_-3.49986
67,500882,-3.49985_-3.49986_-3.49986_-3.49986_-3.49986,500882,-3.49986_-3.49986_-3.49986_-3.49986_-3.49986
67,500882,-3.49986_-3.49986_-3.49986_-3.49986_-3.49986,500882,-3.49986_-3.49986_-3.49986_-3.49986_-3.49986
67,500882,-3.49986_-3.49986_-3.49986_-3.49986_-3.49986,500882,-3.49986_-3.49986_-3.49986_-3.49986_-3.49986
67,500882,-3.49986_-3.49986_-3.49986_-3.49986_-3.49986,500882,-3.49986_-3.49986_-3.49986_-3.49986_-3.49986
67,500882,-3.49986_-3.49986_-3.49986_-3.49986_-3.49986,99496,2.50000_2.50000_1.50504_2.50000_2.50000
67,99496,2.50000_2.50000_1.50504_2.50000_2.50000,99496,2.50000_2.50000_1.50504_2.50000_2.50000
67,99496,2.50000_2.50000_1.50504_2.50000_2.50000,99496,2.50000_2.50000_1.50504_2.50000_2.50000
67,99496,2.50000_2.50000_1.50504_2.50000_2.50000,0,2.50000_2.50000_2.50000_2.50000_2.50000
67,0,2.50000_2.50000_2.50000_2.50000_2.50000,0,2.50000_2.50000_2.50000_2.50000_2.50000
67,0,2.50000_2.50000_2.50000_2.50000_2.50000,0,2.50000_2.50000_2.50000_2.50000_2.50000
67,0,2.50000_2.50000_2.50000_2.50000_2.50000,0,2.50000_2.50000_2.50000_2.50000_2.50000
67,0,2.50000_2.50000_2.50000_2.50000_2.50000,0,2.50000_2.50000_2.50000_2.50000_2.50000
67,0,2.50000_2.50000_2.50000_2.50000_2.50000,0,2.50000_2.50000_2.50000_2.50000_2.50000
67,0,2.50000_2.50000_2.50000_2.50000_2.50000,0,2.50000_2.50000_2.50000_2.50000_2.50000
67,0,2.50000_2.50000_2.50000_2.50000_2.50000,0,2.50000_2.50000_2.50000_2.50000_2.50000
67,0,2.50000_2.50000_2.50000_2.50000_2.50000,0,2.50000_2.50000_2.50000_2.50000_2.50000
67,0,2.50000_2.50000_2.50000_2.50000_2.50000,0,2.50000_2.50000_2.50000_2.50000_2.50000
67,0,2.50000_2.50000_2.50000_2.50000_2.50000,0,2.50000_2.50000_2.50000_2.50000_2.50000
67,0,2.50000_2.50000_2.50000_2.50000_2.50000,0,2.50000_2.50000_2.50000_2.50000_2.50000
67,0,2.50000_2.50000_2.50000_2.50000_2.50000,0,2.50000_2.50000_2.50000_2.50000_2.50000
67,0,2.50000_2.50000_2.50000_2.50000_2.50000,0,2.50000_2.50000_2.50000_2.50000_2.50000
67,0,2.50000_2.50000_2.50000_2.50000_2.50000,0,2.50000_2.50000_2.50000_2.50000_2.50000
67,0,2.50000_2.50000_2.50000_2.50000_2.50000,0,2.50000_2.50000_2.50000_2.50000_2.50000
67,0,2.50000_2.50000_2.50000_2.50000_2.50000,0,2.50000_2.50000_2.50000_2.50000_2.50000
67,0,2.50000_2.50000_2.50000_2.50000_2.50000,0,2.50000_2.50000_2.50000_2.50000_2.50000
68,3399252,-1.50435_2.48665_-4.49761_-2.50210_1.48890,3338127,-0.50660_2.48665_-1.50435_-2.50210_0.49115
68,3338127,-0.50660_2.48665_-1.50435_-2.50210_0.49115,1686595,-2.50211_0.49115_-2.50210_-0.50660_-2.50211
68,1686595,-2.50211_0.49115_-2.50210_-0.50660_-2.50211,1559155,-3.49986_0.49115_-2.50210_-1.50435_-1.50435
68,1559155,-3.49986_0.49115_-2.50210_-1.50435_-1.50435,1470466,-2.50211_0.49116_-2.50211_-1.50435_-2.50210
68,1470466,-2.50211_0.49116_-2.50211_-1.50435_-2.50210,1088145,-3.49986_-0.50660_-2.50211_-1.50435_-3.49986
68,1088145,-3.49986_-0.50660_-2.50211_-1.50435_-3.49986,921954,-3.49986_-1.50435_-1.50435_-2.50211_-4.49761
68,921954,-3.49986_-1.50435_-1.50435_-2.50211_-4.49761,805701,-4.49761_-1.50435_-2.50210_-3.49986_-4.49761
68,805701,-4.49761_-1.50435_-2.50210_-3.49986_-4.49761,755763,-3.49986_-1.50435_-3.49986_-2.50210_-4.49761
68,755763,-3.49986_-1.50435_-3.49986_-2.50210_-4.49761,755763,-3.49986_-1.50435_-4.49761_-2.50210_-3.49986
68,755763,-3.49986_-1.50435_-4.49761_-2.50210_-3.49986,628322,-4.49761_-2.50210_-3.49986_-2.50210_-3.49986
68,628322,-4.49761_-2.50210_-3.49986_-2.50210_-3.49986,600758,-4.49761_-3.49986_-4.49761_-3.49986_-3.49986
68,600758,-4.49761_-3.49986_-4.49761_-3.49986_-3.49986,589571,-3.49986_-2.50211_-4.49761_-3.49986_-3.49986
68,589571,-3.49986_-2.50211_-4.49761_-3.49986_-3.49986,500882,-3.49986_-3.49986_-3.49986_-3.49986_-3.49986
68,500882,-3.49986_-3.49986_-3.49986_-3.49986_-3.49986,500882,-3.49986_-3.49986_-3.49986_-3.49986_-3.49986
68,500882,-3.49986_-3.49986_-3.49986_-3.49986_-3.49986,500882,-3.49986_-3.49986_-3.49986_-3.49986_-3.49986
68,500882,-3.49986_-3.49986_-3.49986_-3.49986_-3.49986,500882,-3.49986_-3.49986_-3.49986_-3.49986_-3.49986
68,500882,-3.49986_-3.49986_-3.49986_-3.49986_-3.49986,500882,-3.49986_-3.49986_-3.49986_-3.49986_-3.49986
68,500882,-3.49986_-3.49986_-3.49986_-3.49986_-3.49986,500882,-3.49986_-3.49986_-3.49986_-3.49986_-3.49986
68,500882,-3.49986_-3.49986_-3.49986_-3.49986_-3.49986,500882,-3.49986_-3.49986_-3.49986_-3.49986_-3.49986
68,500882,-3.49986_-3.49986_-3.49986_-3.49986_-3.49986,500882,-3.49986_-3.49986_-3.49986_-3.49986_-3.49986
68,500882,-3.49986_-3.49986_-3.49986_-3.49986_-3.49986,500882,-3.49986_-3.49986_-3.49986_-3.49986_-3.49986
68,500882,-3.49986_-3.49986_-3.49986_-3.49986_-3.49986,500882,-3.49986_-3.49986_-3.49986_-3.49986_-3.49986
68,500882,-3.49986_-3.49986_-3.49986_-3.49986_-3.49986,500882,-3.49986_-3.49986_-3.49986_-3.49986_-3.49986
68,500882,-3.49986_-3.49986_-3.49986_-3.49986_-3.49986,500882,-3.49986_-3.49986_-3.49986_-3.49986_-3.49986
68,500882,-3.49986_-3.49986_-3.49986_-3.49986_-3.49986,500882,-3.49986_-3.49986_-3.49986_-3.49986_-3.49986
68,500882,-3.49986_-3.49986_-3.49986_-3.49986_-3.49986,500882,-3.49986_-3.49986_-3.49986_-3.49986_-3.49986
69,5372721,0.51009_-0.48486_-3.46957_1.50504_4.48991,4974738,1.50504_-0.48486_-3.46957_2.50000_4.48991
69,4974738,1.50504_-0.48486_-3.46957_2.50000_4.48991,795967,3.49496_1.50504_1.50504_3.49496_0.51009
69,795967,3.49496_1.50504_1.50504_3.49496_0.51009,298488,3.49496_1.50504_2.50000_2.50000_1.50504
69,298488,3.49496_1.50504_2.50000_2.50000_1.50504,198992,3.49496_2.50000_2.50000_2.50000_1.50504
69,198992,3.49496_2.50000_2.50000_2.50000_1.50504,99496,2.50000_2.50000_2.50000_1.50504_2.50000
69,99496,2.50000_2.50000_2.50000_1.50504_2.50000,0,2.50000_2.50000_2.50000_2.50000_2.50000
69,0,2.50000_2.50000_2.50000_2.50000_2.50000,0,2.50000_2.50000_2.50000_2.50000_2.50000
69,0,2.50000_2.50000_2.50000_2.50000_2.50000,0,2.50000_2.50000_2.50000_2.50000_2.50000
69,0,2.50000_2.50000_2.50000_2.50000_2.50000,0,2.50000_2.50000_2.50000_2.50000_2.50000
69,0,2.50000_2.50000_2.50000_2.50000_2.50000,0,2.50000_2.50000_2.50000_2.50000_2.50000
69,0,2.50000_2.50000_2.50000_2.50000_2.50000,0,2.50000_2.50000_2.50000_2.50000_2.50000
69,0,2.50000_2.50000_2.50000_2.50000_2.50000,0,2.50000_2.50000_2.50000_2.50000_2.50000
69,0,2.50000_2.50000_2.50000_2.50000_2.50000,0,2.50000_2.50000_2.50000_2.50000_2.50000
69,0,2.50000_2.50000_2.50000_2.50000_2.50000,0,2.50000_2.50000_2.50000_2.50000_2.50000
69,0,2.50000_2.50000_2.50000_2.50000_2.50000,0,2.50000_2.50000_2.50000_2.50000_2.50000
69,0,2.50000_2.50000_2.50000_2.50000_2.50000,0,2.50000_2.50000_2.50000_2.50000_2.50000
69,0,2.50000_2.50000_2.50000_2.50000_2.50000,0,2.50000_2.50000_2.50000_2.50000_2.50000
69,0,2.50000_2.50000_2.50000_2.50000_2.50000,0,2.50000_2.50000_2.50000_2.50000_2.50000
69,0,2.50000_2.50000_2.50000_2.50000_2.50000,0,2.50000_2.50000_2.50000_2.50000_2.50000
69,0,2.50000_2.50000_2.50000_2.50000_2.50000,0,2.50000_2.50000_2.50000_2.50000_2.50000
69,0,2.50000_2.50000_2.50000_2.50000_2.50000,0,2.50000_2.50000_2.50000_2.50000_2.50000
69,0,2.50000_2.50000_2.50000_2.50000_2.50000,0,2.50000_2.50000_2.50000_2.50000_2.50000
69,0,2.50000_2.50000_2.50000_2.50000_2.50000,0,2.50000_2.50000_2.50000_2.50000_2.50000
69,0,2.50000_2.50000_2.50000_2.50000_2.50000,0,2.50000_2.50000_2.50000_2.50000_2.50000
69,0,2.50000_2.50000_2.50000_2.50000_2.50000,0,2.50000_2.50000_2.50000_2.50000_2.50000
69,0,2.50000_2.50000_2.50000_2.50000_2.50000,0,2.50000_2.50000_2.50000_2.50000_2.50000
69,0,2.50000_2.50000_2.50000_2.50000_2.50000,0,2.50000_2.50000_2.50000_2.50000_2.50000
69,0,2.50000_2.50000_2.50000_2.50000_2.50000,0,2.50000_2.50000_2.50000_2.50000_2.50000
69,0,2.50000_2.50000_2.50000_2.50000_2.50000,0,2.50000_2.50000_2.50000_2.50000_2.50000
69,0,2.50000_2.50000_2.50000_2.50000_2.50000,0,2.50000_2.50000_2.50000_2.50000_2.50000
69,0,2.50000_2.50000_2.50000_2.50000_2.50000,0,2.50000_2.50000_2.50000_2.50000_2.50000
69,0,2.50000_2.50000_2.50000_2.50000_2.50000,0,2.50000_2.50000_2.50000_2.50000_2.50000
69,0,2.50000_2.50000_2.50000_2.50000_2.50000,0,2.50000_2.50000_2.50000_2.50000_2.50000
70,4974738,-0.48485_4.48991_2.50000_3.49496_-3.46957,2983372,-2.50210_0.49115_0.49116_0.49115_-0.50660
70,2983372,-2.50210_0.49115_0.49116_0.49115_-0.50660,2501175,-1.50435_-0.50660_-0.50660_0.49115_-0.50660
70,2501175,-1.50435_-0.50660_-0.50660_0.49115_-0.50660,2068916,-2.50210_-0.50660_-0.50660_-0.50660_-0.50660
70,2068916,-2.50210_-0.50660_-0.50660_-0.50660_-0.50660,1597906,-3.49986_-1.50435_-0.50660_-1.50435_-0.50660
70,1597906,-3.49986_-1.50435_-0.50660_-1.50435_-0.50660,1470466,-3.49986_-1.50435_-0.50660_-2.50211_-0.50660
70,1470466,-3.49986_-1.50435_-0.50660_-2.50211_-0.50660,1470466,-3.49986_-1.50435_-0.50660_-2.50211_-0.50660
70,1470466,-3.49986_-1.50435_-0.50660_-2.50211_-0.50660,1442902,-4.49761_-2.50211_-1.50435_-3.49986_0.49115
70,1442902,-4.49761_-2.50211_-1.50435_-3.49986_0.49115,1304275,-4.49761_-1.50435_-0.50660_-2.50210_-1.50435
70,1304275,-4.49761_-1.50435_-0.50660_-2.50210_-1.50435,994956,-0.48485_2.50000_2.50000_1.50504_2.50000
70,994956,-0.48485_2.50000_2.50000_1.50504_2.50000,397984,1.50504_1.50504_1.50505_2.50000_1.50504
70,397984,1.50504_1.50504_1.50505_2.50000_1.50504,397984,1.50504_1.50504_2.50000_1.50504_1.50504
70,397984,1.50504_1.50504_2.50000_1.50504_1.50504,397984,1.50504_1.50504_2.50000_1.50504_1.50504
70,397984,1.50504_1.50504_2.50000_1.50504_1.50504,198992,1.50504_2.50000_3.49496_2.50000_2.50000
70,198992,1.50504_2.50000_3.49496_2.50000_2.50000,99496,1.50504_2.50000_2.50000_2.50000_2.50000
70,99496,1.50504_2.50000_2.50000_2.50000_2.50000,99496,1.50504_2.50000_2.50000_2.50000_2.50000
70,99496,1.50504_2.50000_2.50000_2.50000_2.50000,0,2.50000_2.50000_2.50000_2.50000_2.50000
70,0,2.50000_2.50000_2.50000_2.50000_2.50000,0,2.50000_2.50000_2.50000_2.50000_2.50000
70,0,2.50000_2.50000_2.50000_2.50000_2.50000,0,2.50000_2.50000_2.50000_2.50000_2.50000
70,0,2.50000_2.50000_2.50000_2.50000_2.50000,0,2.50000_2.50000_2.50000_2.50000_2.50000
70,0,2.50000_2.50000_2.50000_2.50000_2.50000,0,2.50000_2.50000_2.50000_2.50000_2.50000
70,0,2.50000_2.50000_2.50000_2.50000_2.50000,0,2.50000_2.50000_2.50000_2.50000_2.50000
70,0,2.50000_2.50000_2.50000_2.50000_2.50000,0,2.50000_2.50000_2.50000_2.50000_2.50000
70,0,2.50000_2.50000_2.50000_2.50000_2.50000,0,2.50000_2.50000_2.50000_2.50000_2.50000
70,0,2.50000_2.50000_2.50000_2.50000_2.50000,0,2.50000_2.50000_2.50000_2.50000_2.50000
70,0,2.50000_2.50000_2.50000_2.50000_2.50000,0,2.50000_2.50000_2.50000_2.50000_2.50000
70,0,2.50000_2.50000_2.50000_2.50000_2.50000,0,2.50000_2.50000_2.50000_2.50000_2.50000
70,0,2.50000_2.50000_2.50000_2.50000_2.50000,0,2.50000_2.50000_2.50000_2.50000_2.50000
70,0,2.50000_2.50000_2.50000_2.50000_2.50000,0,2.50000_2.50000_2.50000_2.50000_2.50000
70,0,2.50000_2.50000_2.50000_2.50000_2.50000,0,2.50000_2.50000_2.50000_2.50000_2.50000
70,0,2.50000_2.50000_2.50000_2.50000_2.50000,0,2.50000_2.50000_2.50000_2.50000_2.50000
70,0,2.50000_2.50000_2.50000_2.50000_2.50000,0,2.50000_2.50000_2.50000_2.50000_2.50000
70,0,2.50000_2.50000_2.50000_2.50000_2.50000,0,2.50000_2.50000_2.50000_2.50000_2.50000
71,2188899,-1.47978_1.50504_2.50000_0.51009_1.50504,1989908,-1.47979_2.50000_2.50000_0.51009_2.50001
71,1989908,-1.47979_2.50000_2.50000_0.51009_2.50001,1492435,0.51009_2.50000_1.50504_-0.48486_1.50504
71,1492435,0.51009_2.50000_1.50504_-0.48486_1.50504,1193948,-0.48486_3.49496_2.50000_1.50504_1.50504
71,1193948,-0.48486_3.49496_2.50000_1.50504_1.50504,895462,1.50504_4.48991_2.50000_2.50000_0.51009
71,895462,1.50504_4.48991_2.50000_2.50000_0.51009,497480,1.50504_3.49496_3.49496_1.50504_1.50504
71,497480,1.50504_3.49496_3.49496_1.50504_1.50504,397984,1.50504_3.49496_3.49496_2.50000_1.50504
71,397984,1.50504_3.49496_3.49496_2.50000_1.50504,397984,1.50504_3.49496_3.49496_2.50000_1.50504
71,397984,1.50504_3.49496_3.49496_2.50000_1.50504,298488,1.50504_2.50000_3.49496_1.50504_2.50000
71,298488,1.50504_2.50000_3.49496_1.50504_2.50000,198992,2.50000_3.49496_3.49496_2.50000_2.50000
71,198992,2.50000_3.49496_3.49496_2.50000_2.50000,198992,2.50000_3.49496_2.50000_1.50504_2.50000
71,198992,2.50000_3.49496_2.50000_1.50504_2.50000,99496,1.50504_2.50000_2.50000_2.50000_2.50000
71,99496,1.50504_2.50000_2.50000_2.50000_2.50000,99496,1.50504_2.50000_2.50000_2.50000_2.50000
71,99496,1.50504_2.50000_2.50000_2.50000_2.50000,0,2.50000_2.50000_2.50000_2.50000_2.50000
71,0,2.50000_2.50000_2.50000_2.50000_2.50000,0,2.50000_2.50000_2.50000_2.50000_2.50000
71,0,2.50000_2.50000_2.50000_2.50000_2.50000,0,2.50000_2.50000_2.50000_2.50000_2.50000
71,0,2.50000_2.50000_2.50000_2.50000_2.50000,0,2.50000_2.50000_2.50000_2.50000_2.50000
71,0,2.50000_2.50000_2.50000_2.50000_2.50000,0,2.50000_2.50000_2.50000_2.50000_2.50000
71,0,2.50000_2.50000_2.50000_2.50000_2.50000,0,2.50000_2.50000_2.50000_2.50000_2.50000
71,0,2.50000_2.50000_2.50000_2.50000_2.50000,0,2.50000_2.50000_2.50000_2.50000_2.50000
71,0,2.50000_2.50000_2.50000_2.50000_2.50000,0,2.50000_2.50000_2.50000_2.50000_2.50000
71,0,2.50000_2.50000_2.50000_2.50000_2.50000,0,2.50000_2.50000_2.50000_2.50000_2.50000
71,0,2.50000_2.50000_2.50000_2.50000_2.50000,0,2.50000_2.50000_2.50000_2.50000_2.50000
71,0,2.50000_2.50000_2.50000_2.50000_2.50000,0,2.50000_2.50000_2.50000_2.50000_2.50000
71,0,2.50000_2.50000_2.50000_2.50000_2.50000,0,2.50000_2.50000_2.50000_2.50000_2.50000
71,0,2.50000_2.50000_2.50000_2.50000_2.50000,0,2.50000_2.50000_2.50000_2.50000_2.50000
71,0,2.50000_2.50000_2.50000_2.50000_2.50000,0,2.50000_2.50000_2.50000_2.50000_2.50000
71,0,2.50000_2.50000_2.50000_2.50000_2.50000,0,2.50000_2.50000_2.50000_2.50000_2.50000
71,0,2.50000_2.50000_2.50000_2.50000_2.50000,0,2.50000_2.50000_2.50000_2.50000_2.50000
71,0,2.50000_2.50000_2.50000_2.50000_2.50000,0,2.50000_2.50000_2.50000_2.50000_2.50000
71,0,2.50000_2.50000_2.50000_2.50000_2.50000,0,2.50000_2.50000_2.50000_2.50000_2.50000
71,0,2.50000_2.50000_2.50000_2.50000_2.50000,0,2.50000_2.50000_2.50000_2.50000_2.50000
71,0,2.50000_2.50000_2.50000_2.50000_2.50000,0,2.50000_2.50000_2.50000_2.50000_2.50000
71,0,2.50000_2.50000_2.50000_2.50000_2.50000,0,2.50000_2.50000_2.50000_2.50000_2.50000
71,0,2.50000_2.50000_2.50000_2.50000_2.50000,0,2.50000_2.50000_2.50000_2.50000_2.50000
71,0,2.50000_2.50000_2.50000_2.50000_2.50000,0,2.50000_2.50000_2.50000_2.50000_2.50000
72,1708969,-0.50660_0.49115_-4.49761_-2.50210_-4.49761,1620280,-0.50660_0.49115_-4.49761_-3.49986_-3.49986
72,1620280,-0.50660_0.49115_-4.49761_-3.49986_-3.49986,1620280,-0.50660_0.49115_-4.49761_-3.49986_-3.49986
72,1620280,-0.50660_0.49115_-4.49761_-3.49986_-3.49986,1609093,0.49115_-0.50660_-3.49986_-2.50210_-3.49986
72,1609093,0.49115_-0.50660_-3.49986_-2.50210_-3.49986,1609093,0.49115_-0.50660_-3.49986_-2.50210_-3.49986
72,1609093,0.49115_-0.50660_-3.49986_-2.50210_-3.49986,1265524,-0.50660_-0.50660_-3.49986_-3.49986_-3.49986
72,1265524,-0.50660_-0.50660_-3.49986_-3.49986_-3.49986,1049394,-1.50435_-0.50660_-3.49986_-3.49986_-3.49986
72,1049394,-1.50435_-0.50660_-3.49986_-3.49986_-3.49986,983079,-1.50435_-4.49761_-4.49761_-1.50435_-4.49761
72,983079,-1.50435_-4.49761_-4.49761_-1.50435_-4.49761,755763,-2.50210_-3.49986_-4.49761_-1.50435_-3.49986
72,755763,-2.50210_-3.49986_-4.49761_-1.50435_-3.49986,678260,-2.50210_-3.49986_-4.49761_-2.50210_-4.49761
72,678260,-2.50210_-3.49986_-4.49761_-2.50210_-4.49761,667073,-2.50210_-2.50210_-3.49986_-2.50211_-4.49761
72,667073,-2.50210_-2.50210_-3.49986_-2.50211_-4.49761,628322,-3.49986_-2.50210_-3.49986_-2.50211_-4.49761
72,628322,-3.49986_-2.50210_-3.49986_-2.50211_-4.49761,578384,-3.49986_-3.49986_-2.50210_-2.50210_-3.49986
72,578384,-3.49986_-3.49986_-2.50210_-2.50210_-3.49986,578384,-3.49986_-3.49986_-2.50210_-2.50210_-3.49986
72,578384,-3.49986_-3.49986_-2.50210_-2.50210_-3.49986,578384,-3.49986_-3.49986_-2.50210_-2.50210_-3.49986
72,578384,-3.49986_-3.49986_-2.50210_-2.50210_-3.49986,578384,-3.49986_-3.49986_-3.49986_-2.50210_-2.50210
72,578384,-3.49986_-3.49986_-3.49986_-2.50210_-2.50210,539633,-3.49986_-3.49986_-3.49986_-3.49986_-2.50210
72,539633,-3.49986_-3.49986_-3.49986_-3.49986_-2.50210,539633,-3.49986_-3.49986_-3.49986_-3.49986_-2.50210
72,539633,-3.49986_-3.49986_-3.49986_-3.49986_-2.50210,539633,-3.49986_-3.49986_-3.49986_-3.49986_-2.50210
72,539633,-3.49986_-3.49986_-3.49986_-3.49986_-2.50210,539633,-3.49986_-3.49986_-3.49986_-3.49986_-2.50210
72,539633,-3.49986_-3.49986_-3.49986_-3.49986_-2.50210,500882,-3.49985_-3.49986_-3.49986_-3.49986_-3.49986
72,500882,-3.49985_-3.49986_-3.49986_-3.49986_-3.49986,500882,-3.49986_-3.49986_-3.49986_-3.49986_-3.49986
72,500882,-3.49986_-3.49986_-3.49986_-3.49986_-3.49986,500882,-3.49986_-3.49986_-3.49986_-3.49986_-3.49986
72,500882,-3.49986_-3.49986_-3.49986_-3.49986_-3.49986,500882,-3.49986_-3.49986_-3.49986_-3.49986_-3.49986
72,500882,-3.49986_-3.49986_-3.49986_-3.49986_-3.49986,500882,-3.49986_-3.49986_-3.49986_-3.49986_-3.49986
72,500882,-3.49986_-3.49986_-3.49986_-3.49986_-3.49986,500882,-3.49986_-3.49986_-3.49986_-3.49986_-3.49986
72,500882,-3.49986_-3.49986_-3.49986_-3.49986_-3.49986,500882,-3.49986_-3.49986_-3.49986_-3.49986_-3.49986
73,4173296,-4.49761_-2.50211_-5.12000_2.48665_-1.50435,1620280,-4.49761_-3.49986_0.49115_-0.50660_-3.49986
73,1620280,-4.49761_-3.49986_0.49115_-0.50660_-3.49986,1188021,-4.49761_-0.50660_-1.50435_-2.50210_-4.49761
73,1188021,-4.49761_-0.50660_-1.50435_-2.50210_-4.49761,1176835,-2.50211_-1.50435_-2.50211_-0.50660_-4.49761
73,1176835,-2.50211_-1.50435_-2.50211_-0.50660_-4.49761,1049394,-2.50211_-2.50211_-2.50211_-0.50660_-4.49761
73,1049394,-2.50211_-2.50211_-2.50211_-0.50660_-4.49761,1049394,-2.50210_-2.50210_-0.50660_-2.50210_-4.49761
73,1049394,-2.50210_-2.50210_-0.50660_-2.50210_-4.49761,960705,-3.49986_-2.50210_-0.50660_-2.50210_-3.49986
73,960705,-3.49986_-2.50210_-0.50660_-2.50210_-3.49986,833265,-4.49761_-2.50210_-1.50435_-2.50210_-2.50210
73,833265,-4.49761_-2.50210_-1.50435_-2.50210_-2.50210,794514,-4.49761_-2.50210_-2.50211_-1.50435_-3.49986
73,794514,-4.49761_-2.50210_-2.50211_-1.50435_-3.49986,578384,-3.49986_-3.49986_-2.50210_-2.50210_-3.49986
73,578384,-3.49986_-3.49986_-2.50210_-2.50210_-3.49986,578384,-3.49986_-3.49986_-2.50210_-2.50210_-3.49986
73,578384,-3.49986_-3.49986_-2.50210_-2.50210_-3.49986,578384,-3.49986_-2.50210_-3.49986_-2.50210_-3.49986
73,578384,-3.49986_-2.50210_-3.49986_-2.50210_-3.49986,578384,-3.49986_-2.50210_-3.49986_-2.50210_-3.49986
73,578384,-3.49986_-2.50210_-3.49986_-2.50210_-3.49986,539633,-3.49986_-3.49986_-3.49986_-2.50211_-3.49986
73,539633,-3.49986_-3.49986_-3.49986_-2.50211_-3.49986,539633,-3.49986_-2.50210_-3.49986_-3.49986_-3.49986
73,539633,-3.49986_-2.50210_-3.49986_-3.49986_-3.49986,539633,-3.49986_-3.49986_-3.49986_-3.49986_-2.50210
73,539633,-3.49986_-3.49986_-3.49986_-3.49986_-2.50210,500882,-3.49986_-3.49986_-3.49986_-3.49986_-3.49986
73,500882,-3.49986_-3.49986_-3.49986_-3.49986_-3.49986,500882,-3.49986_-3.49986_-3.49986_-3.49986_-3.49986
73,500882,-3.49986_-3.49986_-3.49986_-3.49986_-3.49986,500882,-3.49986_-3.49986_-3.49986_-3.49986_-3.49986
73,500882,-3.49986_-3.49986_-3.49986_-3.49986_-3.49986,500882,-3.49986_-3.49986_-3.49986_-3.49986_-3.49986
73,500882,-3.49986_-3.49986_-3.49986_-3.49986_-3.49986,500882,-3.49986_-3.49986_-3.49986_-3.49986_-3.49986
73,500882,-3.49986_-3.49986_-3.49986_-3.49986_-3.49986,500882,-3.49986_-3.49986_-3.49986_-3.49986_-3.49986
73,500882,-3.49986_-3.49986_-3.49986_-3.49986_-3.49986,500882,-3.49986_-3.49986_-3.49986_-3.49986_-3.49986
73,500882,-3.49986_-3.49986_-3.49986_-3.49986_-3.49986,500882,-3.49986_-3.49986_-3.49986_-3.49986_-3.49986
73,500882,-3.49986_-3.49986_-3.49986_-3.49986_-3.49986,500882,-3.49986_-3.49986_-3.49986_-3.49986_-3.49986
73,500882,-3.49986_-3.49986_-3.49986_-3.49986_-3.49986,500882,-3.49986_-3.49986_-3.49986_-3.49986_-3.49986
73,500882,-3.49986_-3.49986_-3.49986_-3.49986_-3.49986,500882,-3.49986_-3.49986_-3.49986_-3.49986_-3.49986
73,500882,-3.49986_-3.49986_-3.49986_-3.49986_-3.49986,500882,-3.49986_-3.49986_-3.49986_-3.49986_-3.49986
73,500882,-3.49986_-3.49986_-3.49986_-3.49986_-3.49986,500882,-3.49986_-3.49986_-3.49986_-3.49986_-3.49986
73,500882,-3.49986_-3.49986_-3.49986_-3.49986_-3.49986,500882,-3.49986_-3.49986_-3.49986_-3.49986_-3.49986
73,500882,-3.49986_-3.49986_-3.49986_-3.49986_-3.49986,500882,-3.49986_-3.49986_-3.49986_-3.49986_-3.49986
74,2346170,-1.50435_-0.50660_1.48889_-1.50435_-4.49760,2346170,-0.50660_-1.50435_1.48890_-1.50435_-4.49761
74,2346170,-0.50660_-1.50435_1.48890_-1.50435_-4.49761,2296232,-0.50660_-1.50435_1.48890_-1.50435_-3.49986
74,2296232,-0.50660_-1.50435_1.48890_-1.50435_-3.49986,2118854,-0.50660_-1.50435_0.49115_-0.50660_-3.49986
74,2118854,-0.50660_-1.50435_0.49115_-0.50660_-3.49986,1636658,-1.50435_-1.50435_-0.50660_-0.50660_-2.50211
74,1636658,-1.50435_-1.50435_-0.50660_-0.50660_-2.50211,578384,-2.50210_-2.50210_-3.49986_-3.49986_-3.49986
74,578384,-2.50210_-2.50210_-3.49986_-3.49986_-3.49986,578384,-2.50210_-2.50210_-3.49986_-3.49986_-3.49986
74,578384,-2.50210_-2.50210_-3.49986_-3.49986_-3.49986,578384,-2.50210_-2.50210_-3.49986_-3.49986_-3.49986
74,578384,-2.50210_-2.50210_-3.49986_-3.49986_-3.49986,550820,-3.49986_-3.49986_-4.49761_-3.49986_-3.49986
74,550820,-3.49986_-3.49986_-4.49761_-3.49986_-3.49986,500882,-3.49985_-3.49986_-3.49986_-3.49986_-3.49986
74,500882,-3.49985_-3.49986_-3.49986_-3.49986_-3.49986,500882,-3.49986_-3.49986_-3.49986_-3.49986_-3.49986
74,500882,-3.49986_-3.49986_-3.49986_-3.49986_-3.49986,500882,-3.49986_-3.49986_-3.49986_-3.49986_-3.49986
74,500882,-3.49986_-3.49986_-3.49986_-3.49986_-3.49986,500882,-3.49986_-3.49986_-3.49986_-3.49986_-3.49986
74,500882,-3.49986_-3.49986_-3.49986_-3.49986_-3.49986,500882,-3.49986_-3.49986_-3.49986_-3.49986_-3.49986
74,500882,-3.49986_-3.49986_-3.49986_-3.49986_-3.49986,500882,-3.49986_-3.49986_-3.49986_-3.49986_-3.49986
74,500882,-3.49986_-3.49986_-3.49986_-3.49986_-3.49986,500882,-3.49986_-3.49986_-3.49986_-3.49986_-3.49986
74,500882,-3.49986_-3.49986_-3.49986_-3.49986_-3.49986,500882,-3.49986_-3.49986_-3.49986_-3.49986_-3.49986
74,500882,-3.49986_-3.49986_-3.49986_-3.49986_-3.49986,500882,-3.49986_-3.49986_-3.49986_-3.49986_-3.49986
74,500882,-3.49986_-3.49986_-3.49986_-3.49986_-3.49986,500882,-3.49986_-3.49986_-3.49986_-3.49986_-3.49986
74,500882,-3.49986_-3.49986_-3.49986_-3.49986_-3.49986,500882,-3.49986_-3.49986_-3.49986_-3.49986_-3.49986
74,500882,-3.49986_-3.49986_-3.49986_-3.49986_-3.49986,500882,-3.49986_-3.49986_-3.49986_-3.49986_-3.49986
75,5520007,-5.12000_-1.50435_4.48213_-2.50211_-1.50435,3055681,-4.49761_-1.50435_3.48439_-1.50435_-2.50210
75,3055681,-4.49761_-1.50435_3.48439_-1.50435_-2.50210,2662175,-4.49761_-0.50660_2.48665_-1.50435_-3.49986
75,2662175,-4.49761_-0.50660_2.48665_-1.50435_-3.49986,2246295,-1.50434_0.49114_0.49115_-2.50212_-1.50435
75,2246295,-1.50434_0.49114_0.49115_-2.50212_-1.50435,1392939,2.50000_3.49496_2.50000_-0.48486_0.51009
75,1392939,2.50000_3.49496_2.50000_-0.48486_0.51009,696471,2.50000_3.49496_1.50504_0.51009_1.50504
75,696471,2.50000_3.49496_1.50504_0.51009_1.50504,696471,2.50000_3.49496_1.50504_0.51009_1.50504
75,696471,2.50000_3.49496_1.50504_0.51009_1.50504,596975,3.49496_4.48991_1.50504_2.50000_2.50000
75,596975,3.49496_4.48991_1.50504_2.50000_2.50000,596975,1.50504_2.50000_3.49496_2.50000_0.51009
75,596975,1.50504_2.50000_3.49496_2.50000_0.51009,298488,1.50504_1.50504_2.50000_2.50000_1.50504
75,298488,1.50504_1.50504_2.50000_2.50000_1.50504,198992,1.50504_2.50000_2.50000_2.50000_1.50504
75,198992,1.50504_2.50000_2.50000_2.50000_1.50504,99496,1.50504_2.50000_2.50000_2.50000_2.50000
75,99496,1.50504_2.50000_2.50000_2.50000_2.50000,99496,1.50504_2.50000_2.50000_2.50000_2.50000
75,99496,1.50504_2.50000_2.50000_2.50000_2.50000,99496,2.50000_2.50000_2.50000_1.50504_2.50000
75,99496,2.50000_2.50000_2.50000_1.50504_2.50000,0,2.50000_2.50000_2.50000_2.50000_2.50000
75,0,2.50000_2.50000_2.50000_2.50000_2.50000,0,2.50000_2.50000_2.50000_2.50000_2.50000
75,0,2.50000_2.50000_2.50000_2.50000_2.50000,0,2.50000_2.50000_2.50000_2.50000_2.50000
75,0,2.50000_2.50000_2.50000_2.50000_2.50000,0,2.50000_2.50000_2.50000_2.50000_2.50000
75,0,2.50000_2.50000_2.50000_2.50000_2.50000,0,2.50000_2.50000_2.50000_2.50000_2.50000
75,0,2.50000_2.50000_2.50000_2.50000_2.50000,0,2.50000_2.50000_2.50000_2.50000_2.50000
75,0,2.50000_2.50000_2.50000_2.50000_2.50000,0,2.50000_2.50000_2.50000_2.50000_2.50000
75,0,2.50000_2.50000_2.50000_2.50000_2.50000,0,2.50000_2.50000_2.50000_2.50000_2.50000
75,0,2.50000_2.50000_2.50000_2.50000_2.50000,0,2.50000_2.50000_2.50000_2.50000_2.50000
75,0,2.50000_2.50000_2.50000_2.50000_2.50000,0,2.50000_2.50000_2.50000_2.50000_2.50000
75,0,2.50000_2.50000_2.50000_2.50000_2.50000,0,2.50000_2.50000_2.50000_2.50000_2.50000
75,0,2.50000_2.50000_2.50000_2.50000_2.50000,0,2.50000_2.50000_2.50000_2.50000_2.50000
75,0,2.50000_2.50000_2.50000_2.50000_2.50000,0,2.50000_2.50000_2.50000_2.50000_2.50000
75,0,2.50000_2.50000_2.50000_2.50000_2.50000,0,2.50000_2.50000_2.50000_2.50000_2.50000
75,0,2.50000_2.50000_2.50000_2.50000_2.50000,0,2.50000_2.50000_2.50000_2.50000_2.50000
75,0,2.50000_2.50000_2.50000_2.50000_2.50000,0,2.50000_2.50000_2.50000_2.50000_2.50000
75,0,2.50000_2.50000_2.50000_2.50000_2.50000,0,2.50000_2.50000_2.50000_2.50000_2.50000
75,0,2.50000_2.50000_2.50000_2.50000_2.50000,0,2.50000_2.50000_2.50000_2.50000_2.50000
75,0,2.50000_2.50000_2.50000_2.50000_2.50000,0,2.50000_2.50000_2.50000_2.50000_2.50000
75,0,2.50000_2.50000_2.50000_2.50000_2.50000,0,2.50000_2.50000_2.50000_2.50000_2.50000
75,0,2.50000_2.50000_2.50000_2.50000_2.50000,0,2.50000_2.50000_2.50000_2.50000_2.50000
76,1963849,1.48890_-1.50435_-4.49761_-1.50435_-3.49986,1952663,0.49115_0.49115_-2.50210_-2.50210_-3.49986
76,1952663,0.49115_0.49115_-2.50210_-2.50210_-3.49986,1647844,-0.50660_0.49115_-2.50210_-2.50211_-3.49986
76,1647844,-0.50660_0.49115_-2.50210_-2.50211_-3.49986,1520404,0.49115_-1.50435_-3.49986_-3.49986_-1.50435
76,1520404,0.49115_-1.50435_-3.49986_-3.49986_-1.50435,1126896,-0.50660_-2.50210_-3.49986_-1.50435_-2.50210
76,1126896,-0.50660_-2.50210_-3.49986_-1.50435_-2.50210,960705,-1.50435_-2.50210_-4.49761_-1.50435_-2.50210
76,960705,-1.50435_-2.50210_-4.49761_-1.50435_-2.50210,655886,-2.50210_-2.50210_-2.50210_-2.50210_-3.49986
76,655886,-2.50210_-2.50210_-2.50210_-2.50210_-3.49986,655886,-3.49986_-2.50210_-2.50210_-2.50210_-2.50210
76,655886,-3.49986_-2.50210_-2.50210_-2.50210_-2.50210,617135,-3.49986_-3.49986_-2.50210_-2.50210_-2.50210
76,617135,-3.49986_-3.49986_-2.50210_-2.50210_-2.50210,617135,-3.49986_-3.49986_-2.50210_-2.50210_-2.50210
76,617135,-3.49986_-3.49986_-2.50210_-2.50210_-2.50210,578384,-3.49986_-3.49986_-2.50210_-3.49986_-2.50210
76,578384,-3.49986_-3.49986_-2.50210_-3.49986_-2.50210,550820,-3.49986_-4.49761_-3.49986_-3.49986_-3.49986
76,550820,-3.49986_-4.49761_-3.49986_-3.49986_-3.49986,550820,-3.49986_-4.49761_-3.49986_-3.49986_-3.49986
76,550820,-3.49986_-4.49761_-3.49986_-3.49986_-3.49986,550820,-3.49986_-4.49761_-3.49986_-3.49986_-3.49986
76,550820,-3.49986_-4.49761_-3.49986_-3.49986_-3.49986,539633,-3.49986_-3.49986_-2.50210_-3.49986_-3.49986
76,539633,-3.49986_-3.49986_-2.50210_-3.49986_-3.49986,500882,-3.49986_-3.49986_-3.49986_-3.49986_-3.49986
76,500882,-3.49986_-3.49986_-3.49986_-3.49986_-3.49986,500882,-3.49986_-3.49986_-3.49986_-3.49986_-3.49986
76,500882,-3.49986_-3.49986_-3.49986_-3.49986_-3.49986,500882,-3.49986_-3.49986_-3.49986_-3.49986_-3.49986
76,500882,-3.49986_-3.49986_-3.49986_-3.49986_-3.49986,500882,-3.49986_-3.49986_-3.49986_-3.49986_-3.49986
76,500882,-3.49986_-3.49986_-3.49986_-3.49986_-3.49986,500882,-3.49986_-3.49986_-3.49986_-3.49986_-3.49986
76,500882,-3.49986_-3.49986_-3.49986_-3.49986_-3.49986,500882,-3.49986_-3.49986_-3.49986_-3.49986_-3.49986
76,500882,-3.49986_-3.49986_-3.49986_-3.49986_-3.49986,500882,-3.49986_-3.49986_-3.49986_-3.49986_-3.49986
76,500882,-3.49986_-3.49986_-3.49986_-3.49986_-3.49986,500882,-3.49986_-3.49986_-3.49986_-3.49986_-3.49986
76,500882,-3.49986_-3.49986_-3.49986_-3.49986_-3.49986,500882,-3.49986_-3.49986_-3.49986_-3.49986_-3.49986
76,500882,-3.49986_-3.49986_-3.49986_-3.49986_-3.49986,500882,-3.49986_-3.49986_-3.49986_-3.49986_-3.49986
76,500882,-3.49986_-3.49986_-3.49986_-3.49986_-3.49986,500882,-3.49986_-3.49986_-3.49986_-3.49986_-3.49986
77,3780816,4.48991_-2.47469_2.50000_-0.48486_2.50000,3084347,3.49496_-2.47469_3.49496_0.51009_2.50000
77,3084347,3.49496_-2.47469_3.49496_0.51009_2.50000,2188899,2.50000_-1.47978_1.50504_1.50504_0.51009
77,2188899,2.50000_-1.47978_1.50504_1.50504_0.51009,2089403,2.50000_-1.47978_2.50000_1.50504_0.51009
77,2089403,2.50000_-1.47978_2.50000_1.50504_0.51009,1392939,2.50000_-0.48486_3.49496_0.51009_2.50000
77,1392939,2.50000_-0.48486_3.49496_0.51009_2.50000,1094454,3.49496_0.51009_3.49496_0.51009_3.49496
77,1094454,3.49496_0.51009_3.49496_0.51009_3.49496,795967,3.49496_0.51009_3.49496_1.50504_3.49496
77,795967,3.49496_0.51009_3.49496_1.50504_3.49496,795966,4.48991_0.51009_2.50000_2.50000_2.50000
77,795966,4.48991_0.51009_2.50000_2.50000_2.50000,298488,1.50504_2.50000_1.50504_2.50000_3.49496
77,298488,1.50504_2.50000_1.50504_2.50000_3.49496,198992,2.50000_2.50000_1.50504_2.50000_3.49496
77,198992,2.50000_2.50000_1.50504_2.50000_3.49496,198992,2.50000_2.50000_1.50504_2.50000_3.49496
77,198992,2.50000_2.50000_1.50504_2.50000_3.49496,198992,2.50000_2.50000_1.50504_2.50000_3.49496
77,198992,2.50000_2.50000_1.50504_2.50000_3.49496,99496,2.50000_2.50000_1.50504_2.50000_2.50000
77,99496,2.50000_2.50000_1.50504_2.50000_2.50000,99496,2.50000_2.50000_1.50504_2.50000_2.50000
77,99496,2.50000_2.50000_1.50504_2.50000_2.50000,0,2.50000_2.50000_2.50000_2.50000_2.50000
77,0,2.50000_2.50000_2.50000_2.50000_2.50000,0,2.50000_2.50000_2.50000_2.50000_2.50000
77,0,2.50000_2.50000_2.50000_2.50000_2.50000,0,2.50000_2.50000_2.50000_2.50000_2.50000
77,0,2.50000_2.50000_2.50000_2.50000_2.50000,0,2.50000_2.50000_2.50000_2.50000_2.50000
77,0,2.50000_2.50000_2.50000_2.50000_2.50000,0,2.50000_2.50000_2.50000_2.50000_2.50000
77,0,2.50000_2.50000_2.50000_2.50000_2.50000,0,2.50000_2.50000_2.50000_2.50000_2.50000
77,0,2.50000_2.50000_2.50000_2.50000_2.50000,0,2.50000_2.50000_2.50000_2.50000_2.50000
77,0,2.50000_2.50000_2.50000_2.50000_2.50000,0,2.50000_2.50000_2.50000_2.50000_2.50000
77,0,2.50000_2.50000_2.50000_2.50000_2.50000,0,2.50000_2.50000_2.50000_2.50000_2.50000
77,0,2.50000_2.50000_2.50000_2.50000_2.50000,0,2.50000_2.50000_2.50000_2.50000_2.50000
77,0,2.50000_2.50000_2.50000_2.50000_2.50000,0,2.50000_2.50000_2.50000_2.50000_2.50000
77,0,2.50000_2.50000_2.50000_2.50000_2.50000,0,2.50000_2.50000_2.50000_2.50000_2.50000
77,0,2.50000_2.50000_2.50000_2.50000_2.50000,0,2.50000_2.50000_2.50000_2.50000_2.50000
77,0,2.50000_2.50000_2.50000_2.50000_2.50000,0,2.50000_2.50000_2.50000_2.50000_2.50000
77,0,2.50000_2.50000_2.50000_2.50000_2.50000,0,2.50000_2.50000_2.50000_2.50000_2.50000
77,0,2.50000_2.50000_2.50000_2.50000_2.50000,0,2.50000_2.50000_2.50000_2.50000_2.50000
77,0,2.50000_2.50000_2.50000_2.50000_2.50000,0,2.50000_2.50000_2.50000_2.50000_2.50000
77,0,2.50000_2.50000_2.50000_2.50000_2.50000,0,2.50000_2.50000_2.50000_2.50000_2.50000
78,3979807,-2.47469_-0.48486_3.49496_4.48991_1.50504,3681697,-1.50435_0.49115_-0.50660_2.48665_-0.50660
78,3681697,-1.50435_0.49115_-0.50660_2.48665_-0.50660,3465568,-1.50435_0.49115_-1.50435_2.48665_-0.50660
78,3465568,-1.50435_0.49115_-1.50435_2.48665_-0.50660,3338127,-1.50435_-0.50660_-2.50210_2.48665_0.49115
78,3338127,-1.50435_-0.50660_-2.50210_2.48665_0.49115,3210687,-2.50211_0.49115_-2.50211_2.48665_-0.50661
78,3210687,-2.50211_0.49115_-2.50211_2.48665_-0.50661,2994558,-3.49986_-0.50660_-1.50435_2.48665_-0.50660
78,2994558,-3.49986_-0.50660_-1.50435_2.48665_-0.50660,1343026,-3.49986_-0.50660_-2.50210_-0.50660_-2.50210
78,1343026,-3.49986_-0.50660_-2.50210_-0.50660_-2.50210,949518,-2.50211_-1.50435_-2.50211_-1.50435_-2.50210
78,949518,-2.50211_-1.50435_-2.50211_-1.50435_-2.50210,949518,-2.50211_-1.50435_-2.50211_-1.50435_-2.50210
78,949518,-2.50211_-1.50435_-2.50211_-1.50435_-2.50210,578384,-3.49986_-2.50210_-3.49986_-2.50210_-3.49986
78,578384,-3.49986_-2.50210_-3.49986_-2.50210_-3.49986,550820,-3.49986_-3.49986_-4.49761_-3.49986_-3.49986
78,550820,-3.49986_-3.49986_-4.49761_-3.49986_-3.49986,539633,-2.50211_-3.49986_-3.49986_-3.49986_-3.49986
78,539633,-2.50211_-3.49986_-3.49986_-3.49986_-3.49986,539633,-3.49986_-3.49986_-2.50210_-3.49986_-3.49986
78,539633,-3.49986_-3.49986_-2.50210_-3.49986_-3.49986,539633,-3.49986_-3.49986_-3.49986_-3.49986_-2.50210
78,539633,-3.49986_-3.49986_-3.49986_-3.49986_-2.50210,539633,-3.49986_-3.49986_-3.49986_-3.49986_-2.50210
78,539633,-3.49986_-3.49986_-3.49986_-3.49986_-2.50210,539633,-3.49986_-3.49986_-3.49986_-3.49986_-2.50210
78,539633,-3.49986_-3.49986_-3.49986_-3.49986_-2.50210,500882,-3.49986_-3.49986_-3.49986_-3.49986_-3.49986
78,500882,-3.49986_-3.49986_-3.49986_-3.49986_-3.49986,500882,-3.49986_-3.49986_-3.49986_-3.49986_-3.49986
78,500882,-3.49986_-3.49986_-3.49986_-3.49986_-3.49986,500882,-3.49986_-3.49986_-3.49986_-3.49986_-3.49986
78,500882,-3.49986_-3.49986_-3.49986_-3.49986_-3.49986,500882,-3.49986_-3.49986_-3.49986_-3.49986_-3.49986
78,500882,-3.49986_-3.49986_-3.49986_-3.49986_-3.49986,500882,-3.49986_-3.49986_-3.49986_-3.49986_-3.49986
78,500882,-3.49986_-3.49986_-3.49986_-3.49986_-3.49986,500882,-3.49986_-3.49986_-3.49986_-3.49986_-3.49986
78,500882,-3.49986_-3.49986_-3.49986_-3.49986_-3.49986,500882,-3.49986_-3.49986_-3.49986_-3.49986_-3.49986
78,500882,-3.49986_-3.49986_-3.49986_-3.49986_-3.49986,500882,-3.49986_-3.49986_-3.49986_-3.49986_-3.49986
78,500882,-3.49986_-3.49986_-3.49986_-3.49986_-3.49986,500882,-3.49986_-3.49986_-3.49986_-3.49986_-3.49986
78,500882,-3.49986_-3.49986_-3.49986_-3.49986_-3.49986,500882,-3.49986_-3.49986_-3.49986_-3.49986_-3.49986
78,500882,-3.49986_-3.49986_-3.49986_-3.49986_-3.49986,500882,-3.49986_-3.49986_-3.49986_-3.49986_-3.49986
78,500882,-3.49986_-3.49986_-3.49986_-3.49986_-3.49986,500882,-3.49986_-3.49986_-3.49986_-3.49986_-3.49986
78,500882,-3.49986_-3.49986_-3.49986_-3.49986_-3.49986,500882,-3.49986_-3.49986_-3.49986_-3.49986_-3.49986
78,500882,-3.49986_-3.49986_-3.49986_-3.49986_-3.49986,500882,-3.49986_-3.49986_-3.49986_-3.49986_-3.49986
78,500882,-3.49986_-3.49986_-3.49986_-3.49986_-3.49986,500882,-3.49986_-3.49986_-3.49986_-3.49986_-3.49986
78,500882,-3.49986_-3.49986_-3.49986_-3.49986_-3.49986,500882,-3.49986_-3.49986_-3.49986_-3.49986_-3.49986
78,500882,-3.49986_-3.49986_-3.49986_-3.49986_-3.49986,500882,-3.49986_-3.49986_-3.49986_-3.49986_-3.49986
79,9774336,-5.12000_-5.12000_-5.12000_-5.12000_-5.12000,4360078,-4.49761_-5.12000_-4.49761_-4.49761_-5.12000
79,4360078,-4.49761_-5.12000_-4.49761_-4.49761_-5.12000,4348891,-5.12000_-2.50212_-4.49761_-5.12000_-4.49761
79,4348891,-5.12000_-2.50212_-4.49761_-5.12000_-4.49761,2455449,-4.49761_-3.49986_-4.49761_-5.12000_-3.49986
79,2455449,-4.49761_-3.49986_-4.49761_-5.12000_-3.49986,2394324,-3.49986_-3.49986_-3.49986_-5.12000_-2.50211
79,2394324,-3.49986_-3.49986_-3.49986_-5.12000_-2.50211,650696,-4.49761_-4.49761_-3.49986_-4.49761_-3.49986
79,650696,-4.49761_-4.49761_-3.49986_-4.49761_-3.49986,639509,-4.49761_-3.49986_-2.50211_-4.49761_-3.49986
79,639509,-4.49761_-3.49986_-2.50211_-4.49761_-3.49986,628322,-4.49761_-2.50211_-2.50211_-3.49986_-3.49986
79,628322,-4.49761_-2.50211_-2.50211_-3.49986_-3.49986,578384,-3.49986_-2.50210_-3.49986_-3.49986_-2.50210
79,578384,-3.49986_-2.50210_-3.49986_-3.49986_-2.50210,578384,-3.49986_-2.50210_-2.50210_-3.49986_-3.49986
79,578384,-3.49986_-2.50210_-2.50210_-3.49986_-3.49986,578384,-3.49986_-2.50210_-2.50210_-3.49986_-3.49986
79,578384,-3.49986_-2.50210_-2.50210_-3.49986_-3.49986,578384,-3.49986_-3.49986_-2.50210_-2.50210_-3.49986
79,578384,-3.49986_-3.49986_-2.50210_-2.50210_-3.49986,539633,-3.49986_-3.49986_-3.49986_-2.50211_-3.49986
79,539633,-3.49986_-3.49986_-3.49986_-2.50211_-3.49986,500882,-3.49986_-3.49986_-3.49986_-3.49986_-3.49986
79,500882,-3.49986_-3.49986_-3.49986_-3.49986_-3.49986,500882,-3.49986_-3.49986_-3.49986_-3.49986_-3.49986
79,500882,-3.49986_-3.49986_-3.49986_-3.49986_-3.49986,500882,-3.49986_-3.49986_-3.49986_-3.49986_-3.49986
79,500882,-3.49986_-3.49986_-3.49986_-3.49986_-3.49986,500882,-3.49986_-3.49986_-3.49986_-3.49986_-3.49986
79,500882,-3.49986_-3.49986_-3.49986_-3.49986_-3.49986,500882,-3.49986_-3.49986_-3.49986_-3.49986_-3.49986
79,500882,-3.49986_-3.49986_-3.49986_-3.49986_-3.49986,500882,-3.49986_-3.49986_-3.49986_-3.49986_-3.49986
79,500882,-3.49986_-3.49986_-3.49986_-3.49986_-3.49986,500882,-3.49986_-3.49986_-3.49986_-3.49986_-3.49986
79,500882,-3.49986_-3.49986_-3.49986_-3.49986_-3.49986,500882,-3.49986_-3.49986_-3.49986_-3.49986_-3.49986
79,500882,-3.49986_-3.49986_-3.49986_-3.49986_-3.49986,500882,-3.49986_-3.49986_-3.49986_-3.49986_-3.49986
79,500882,-3.49986_-3.49986_-3.49986_-3.49986_-3.49986,500882,-3.49986_-3.49986_-3.49986_-3.49986_-3.49986
79,500882,-3.49986_-3.49986_-3.49986_-3.49986_-3.49986,500882,-3.49986_-3.49986_-3.49986_-3.49986_-3.49986
79,500882,-3.49986_-3.49986_-3.49986_-3.49986_-3.49986,500882,-3.49986_-3.49986_-3.49986_-3.49986_-3.49986
79,500882,-3.49986_-3.49986_-3.49986_-3.49986_-3.49986,500882,-3.49986_-3.49986_-3.49986_-3.49986_-3.49986
79,500882,-3.49986_-3.49986_-3.49986_-3.49986_-3.49986,500882,-3.49986_-3.49986_-3.49986_-3.49986_-3.49986
79,500882,-3.49986_-3.49986_-3.49986_-3.49986_-3.49986,500882,-3.49986_-3.49986_-3.49986_-3.49986_-3.49986
79,500882,-3.49986_-3.49986_-3.49986_-3.49986_-3.49986,500882,-3.49986_-3.49986_-3.49986_-3.49986_-3.49986
79,500882,-3.49986_-3.49986_-3.49986_-3.49986_-3.49986,500882,-3.49986_-3.49986_-3.49986_-3.49986_-3.49986
79,500882,-3.49986_-3.49986_-3.49986_-3.49986_-3.49986,500882,-3.49986_-3.49986_-3.49986_-3.49986_-3.49986
79,500882,-3.49986_-3.49986_-3.49986_-3.49986_-3.49986,500882,-3.49986_-3.49986_-3.49986_-3.49986_-3.49986
79,500882,-3.49986_-3.49986_-3.49986_-3.49986_-3.49986,500882,-3.49986_-3.49986_-3.49986_-3.49986_-3.49986
79,500882,-3.49986_-3.49986_-3.49986_-3.49986_-3.49986,500882,-3.49986_-3.49986_-3.49986_-3.49986_-3.49986
80,1636658,-1.50435_-2.50211_-0.50660_-0.50660_-1.50435,1509217,-2.50211_-1.50435_-0.50660_-0.50660_-2.50210
80,1509217,-2.50211_-1.50435_-0.50660_-0.50660_-2.50210,1293088,-2.50210_-1.50435_-1.50435_-0.50660_-2.50211
80,1293088,-2.50210_-1.50435_-1.50435_-0.50660_-2.50211,1165648,-2.50211_-1.50435_-2.50210_-0.50660_-2.50210
80,1165648,-2.50211_-1.50435_-2.50210_-0.50660_-2.50210,1126896,-2.50210_-2.50210_-3.49986_-1.50435_-0.50660
80,1126896,-2.50210_-2.50210_-3.49986_-1.50435_-0.50660,617135,-3.49986_-2.50210_-3.49986_-2.50210_-2.50211
80,617135,-3.49986_-2.50210_-3.49986_-2.50210_-2.50211,589571,-4.49761_-3.49986_-3.49986_-3.49987_-2.50210
80,589571,-4.49761_-3.49986_-3.49986_-3.49987_-2.50210,539633,-3.49986_-3.49986_-3.49986_-3.49986_-2.50210
80,539633,-3.49986_-3.49986_-3.49986_-3.49986_-2.50210,539633,-3.49986_-3.49986_-3.49986_-3.49986_-2.50210
80,539633,-3.49986_-3.49986_-3.49986_-3.49986_-2.50210,539633,-3.49986_-3.49986_-3.49986_-3.49986_-2.50210
80,539633,-3.49986_-3.49986_-3.49986_-3.49986_-2.50210,539633,-3.49986_-3.49986_-3.49986_-3.49986_-2.50210
80,539633,-3.49986_-3.49986_-3.49986_-3.49986_-2.50210,539633,-3.49986_-3.49986_-3.49986_-3.49986_-2.50210
80,539633,-3.49986_-3.49986_-3.49986_-3.49986_-2.50210,539633,-3.49986_-3.49986_-3.49986_-3.49986_-2.50210
80,539633,-3.49986_-3.49986_-3.49986_-3.49986_-2.50210,539633,-3.49986_-3.49986_-3.49986_-3.49986_-2.50210
80,539633,-3.49986_-3.49986_-3.49986_-3.49986_-2.50210,539633,-3.49986_-3.49986_-3.49986_-3.49986_-2.50210
80,539633,-3.49986_-3.49986_-3.49986_-3.49986_-2.50210,500882,-3.49986_-3.49986_-3.49986_-3.49986_-3.49986
80,500882,-3.49986_-3.49986_-3.49986_-3.49986_-3.49986,500882,-3.49986_-3.49986_-3.49986_-3.49986_-3.49986
80,500882,-3.49986_-3.49986_-3.49986_-3.49986_-3.49986,500882,-3.49986_-3.49986_-3.49986_-3.49986_-3.49986
80,500882,-3.49986_-3.49986_-3.49986_-3.49986_-3.49986,500882,-3.49986_-3.49986_-3.49986_-3.49986_-3.49986
80,500882,-3.49986_-3.49986_-3.49986_-3.49986_-3.49986,500882,-3.49986_-3.49986_-3.49986_-3.49986_-3.49986
80,500882,-3.49986_-3.49986_-3.49986_-3.49986_-3.49986,500882,-3.49986_-3.49986_-3.49986_-3.49986_-3.49986
80,500882,-3.49986_-3.49986_-3.49986_-3.49986_-3.49986,500882,-3.49986_-3.49986_-3.49986_-3.49986_-3.49986
80,500882,-3.49986_-3.49986_-3.49986_-3.49986_-3.49986,500882,-3.49986_-3.49986_-3.49986_-3.49986_-3.49986
80,500882,-3.49986_-3.49986_-3.49986_-3.49986_-3.49986,500882,-3.49986_-3.49986_-3.49986_-3.49986_-3.49986
80,500882,-3.49986_-3.49986_-3.49986_-3.49986_-3.49986,500882,-3.49986_-3.49986_-3.49986_-3.49986_-3.49986
80,500882,-3.49986_-3.49986_-3.49986_-3.49986_-3.49986,500882,-3.49986_-3.49986_-3.49986_-3.49986_-3.49986
80,500882,-3.49986_-3.49986_-3.49986_-3.49986_-3.49986,500882,-3.49986_-3.49986_-3.49986_-3.49986_-3.49986
80,500882,-3.49986_-3.49986_-3.49986_-3.49986_-3.49986,500882,-3.49986_-3.49986_-3.49986_-3.49986_-3.49986
81,795966,0.51009_4.48991_2.50000_2.50000_2.50000,596975,1.50504_4.48991_2.50000_1.50504_2.50000
81,596975,1.50504_4.48991_2.50000_1.50504_2.50000,397984,1.50504_3.49496_1.50504_1.50504_2.50000
81,397984,1.50504_3.49496_1.50504_1.50504_2.50000,298488,1.50504_3.49496_1.50504_2.50000_2.50000
81,298488,1.50504_3.49496_1.50504_2.50000_2.50000,298488,1.50504_2.50000_2.50000_3.49496_3.49496
81,298488,1.50504_2.50000_2.50000_3.49496_3.49496,298488,1.50504_1.50504_3.49496_2.50000_2.50000
81,298488,1.50504_1.50504_3.49496_2.50000_2.50000,198992,2.50000_1.50504_2.50000_2.50000_1.50504
81,198992,2.50000_1.50504_2.50000_2.50000_1.50504,99496,2.50000_2.50000_2.50000_2.50000_1.50504
81,99496,2.50000_2.50000_2.50000_2.50000_1.50504,99496,2.50000_2.50000_2.50000_3.49496_2.50000
81,99496,2.50000_2.50000_2.50000_3.49496_2.50000,0,2.50000_2.50000_2.50000_2.50000_2.50000
81,0,2.50000_2.50000_2.50000_2.50000_2.50000,0,2.50000_2.50000_2.50000_2.50000_2.50000
81,0,2.50000_2.50000_2.50000_2.50000_2.50000,0,2.50000_2.50000_2.50000_2.50000_2.50000
81,0,2.50000_2.50000_2.50000_2.50000_2.50000,0,2.50000_2.50000_2.50000_2.50000_2.50000
81,0,2.50000_2.50000_2.50000_2.50000_2.50000,0,2.50000_2.50000_2.50000_2.50000_2.50000
81,0,2.50000_2.50000_2.50000_2.50000_2.50000,0,2.50000_2.50000_2.50000_2.50000_2.50000
81,0,2.50000_2.50000_2.50000_2.50000_2.50000,0,2.50000_2.50000_2.50000_2.50000_2.50000
81,0,2.50000_2.50000_2.50000_2.50000_2.50000,0,2.50000_2.50000_2.50000_2.50000_2.50000
81,0,2.50000_2.50000_2.50000_2.50000_2.50000,0,2.50000_2.50000_2.50000_2.50000_2.50000
81,0,2.50000_2.50000_2.50000_2.50000_2.50000,0,2.50000_2.50000_2.50000_2.50000_2.50000
81,0,2.50000_2.50000_2.50000_2.50000_2.50000,0,2.50000_2.50000_2.50000_2.50000_2.50000
81,0,2.50000_2.50000_2.50000_2.50000_2.50000,0,2.50000_2.50000_2.50000_2.50000_2.50000
81,0,2.50000_2.50000_2.50000_2.50000_2.50000,0,2.50000_2.50000_2.50000_2.50000_2.50000
81,0,2.50000_2.50000_2.50000_2.50000_2.50000,0,2.50000_2.50000_2.50000_2.50000_2.50000
81,0,2.50000_2.50000_2.50000_2.50000_2.50000,0,2.50000_2.50000_2.50000_2.50000_2.50000
81,0,2.50000_2.50000_2.50000_2.50000_2.50000,0,2.50000_2.50000_2.50000_2.50000_2.50000
81,0,2.50000_2.50000_2.50000_2.50000_2.50000,0,2.50000_2.50000_2.50000_2.50000_2.50000
81,0,2.50000_2.50000_2.50000_2.50000_2.50000,0,2.50000_2.50000_2.50000_2.50000_2.50000
81,0,2.50000_2.50000_2.50000_2.50000_2.50000,0,2.50000_2.50000_2.50000_2.50000_2.50000
81,0,2.50000_2.50000_2.50000_2.50000_2.50000,0,2.50000_2.50000_2.50000_2.50000_2.50000
81,0,2.50000_2.50000_2.50000_2.50000_2.50000,0,2.50000_2.50000_2.50000_2.50000_2.50000
81,0,2.50000_2.50000_2.50000_2.50000_2.50000,0,2.50000_2.50000_2.50000_2.50000_2.50000
81,0,2.50000_2.50000_2.50000_2.50000_2.50000,0,2.50000_2.50000_2.50000_2.50000_2.50000
81,0,2.50000_2.50000_2.50000_2.50000_2.50000,0,2.50000_2.50000_2.50000_2.50000_2.50000
81,0,2.50000_2.50000_2.50000_2.50000_2.50000,0,2.50000_2.50000_2.50000_2.50000_2.50000
81,0,2.50000_2.50000_2.50000_2.50000_2.50000,0,2.50000_2.50000_2.50000_2.50000_2.50000
82,795967,1.50504_0.51009_1.50504_3.49496_1.50504,497479,1.50504_0.51009_2.50000_2.50000_2.50000
82,497479,1.50504_0.51009_2.50000_2.50000_2.50000,198992,1.50504_1.50504_2.50000_2.50000_2.50000
82,198992,1.50504_1.50504_2.50000_2.50000_2.50000,198992,1.50504_1.50504_2.50000_2.50000_2.50000
82,198992,1.50504_1.50504_2.50000_2.50000_2.50000,198992,1.50504_1.50504_2.50000_2.50000_2.50000
82,198992,1.50504_1.50504_2.50000_2.50000_2.50000,198992,1.50504_1.50504_2.50000_2.50000_2.50000
82,198992,1.50504_1.50504_2.50000_2.50000_2.50000,99496,2.50000_2.50000_2.50000_3.49496_2.50000
82,99496,2.50000_2.50000_2.50000_3.49496_2.50000,0,2.50000_2.50000_2.50000_2.50000_2.50000
82,0,2.50000_2.50000_2.50000_2.50000_2.50000,0,2.50000_2.50000_2.50000_2.50000_2.50000
82,0,2.50000_2.50000_2.50000_2.50000_2.50000,0,2.50000_2.50000_2.50000_2.50000_2.50000
82,0,2.50000_2.50000_2.50000_2.50000_2.50000,0,2.50000_2.50000_2.50000_2.50000_2.50000
82,0,2.50000_2.50000_2.50000_2.50000_2.50000,0,2.50000_2.50000_2.50000_2.50000_2.50000
82,0,2.50000_2.50000_2.50000_2.50000_2.50000,0,2.50000_2.50000_2.50000_2.50000_2.50000
82,0,2.50000_2.50000_2.50000_2.50000_2.50000,0,2.50000_2.50000_2.50000_2.50000_2.50000
82,0,2.50000_2.50000_2.50000_2.50000_2.50000,0,2.50000_2.50000_2.50000_2.50000_2.50000
82,0,2.50000_2.50000_2.50000_2.50000_2.50000,0,2.50000_2.50000_2.50000_2.50000_2.50000
82,0,2.50000_2.50000_2.50000_2.50000_2.50000,0,2.50000_2.50000_2.50000_2.50000_2.50000
82,0,2.50000_2.50000_2.50000_2.50000_2.50000,0,2.50000_2.50000_2.50000_2.50000_2.50000
82,0,2.50000_2.50000_2.50000_2.50000_2.50000,0,2.50000_2.50000_2.50000_2.50000_2.50000
82,0,2.50000_2.50000_2.50000_2.50000_2.50000,0,2.50000_2.50000_2.50000_2.50000_2.50000
82,0,2.50000_2.50000_2.50000_2.50000_2.50000,0,2.50000_2.50000_2.50000_2.50000_2.50000
82,0,2.50000_2.50000_2.50000_2.50000_2.50000,0,2.50000_2.50000_2.50000_2.50000_2.50000
82,0,2.50000_2.50000_2.50000_2.50000_2.50000,0,2.50000_2.50000_2.50000_2.50000_2.50000
82,0,2.50000_2.50000_2.50000_2.50000_2.50000,0,2.50000_2.50000_2.50000_2.50000_2.50000
82,0,2.50000_2.50000_2.50000_2.50000_2.50000,0,2.50000_2.50000_2.50000_2.50000_2.50000
82,0,2.50000_2.50000_2.50000_2.50000_2.50000,0,2.50000_2.50000_2.50000_2.50000_2.50000
82,0,2.50000_2.50000_2.50000_2.50000_2.50000,0,2.50000_2.50000_2.50000_2.50000_2.50000
82,0,2.50000_2.50000_2.50000_2.50000_2.50000,0,2.50000_2.50000_2.50000_2.50000_2.50000
82,0,2.50000_2.50000_2.50000_2.50000_2.50000,0,2.50000_2.50000_2.50000_2.50000_2.50000
82,0,2.50000_2.50000_2.50000_2.50000_2.50000,0,2.50000_2.50000_2.50000_2.50000_2.50000
83,2686376,-1.47978_-0.48486_2.50000_1.50504_1.50504,2288399,-0.48485_-0.48486_2.50001_1.50504_0.51009
83,2288399,-0.48485_-0.48486_2.50001_1.50504_0.51009,2288399,-0.48486_-0.48486_2.50000_1.50504_0.51009
83,2288399,-0.48486_-0.48486_2.50000_1.50504_0.51009,1193949,0.51009_0.51009_2.50000_2.50000_0.51009
83,1193949,0.51009_0.51009_2.50000_2.50000_0.51009,1193948,1.50504_1.50504_2.50000_1.50504_-0.48486
83,1193948,1.50504_1.50504_2.50000_1.50504_-0.48486,1193948,1.50504_1.50504_2.50000_1.50504_-0.48486
83,1193948,1.50504_1.50504_2.50000_1.50504_-0.48486,994958,0.51009_2.50000_1.50504_1.50504_0.51009
83,994958,0.51009_2.50000_1.50504_1.50504_0.51009,696471,0.51009_1.50504_2.50000_1.50504_1.50504
83,696471,0.51009_1.50504_2.50000_1.50504_1.50504,596975,1.50504_0.51009_2.50000_2.50000_1.50504
83,596975,1.50504_0.51009_2.50000_2.50000_1.50504,596975,1.50504_0.51009_2.50000_2.50000_1.50504
83,596975,1.50504_0.51009_2.50000_2.50000_1.50504,596975,2.50000_0.51009_2.50000_1.50504_1.50504
83,596975,2.50000_0.51009_2.50000_1.50504_1.50504,596975,1.50504_0.51009_2.50000_1.50504_2.50000
83,596975,1.50504_0.51009_2.50000_1.50504_2.50000,497479,2.50000_2.50000_2.50000_0.51009_3.49496
83,497479,2.50000_2.50000_2.50000_0.51009_3.49496,397984,2.50000_1.50504_1.50504_1.50504_3.49496
83,397984,2.50000_1.50504_1.50504_1.50504_3.49496,198992,3.49496_2.50000_2.50000_2.50000_3.49496
83,198992,3.49496_2.50000_2.50000_2.50000_3.49496,99496,3.49496_2.50000_2.50000_2.50000_2.50000
83,99496,3.49496_2.50000_2.50000_2.50000_2.50000,0,2.50000_2.50000_2.50000_2.50000_2.50000
83,0,2.50000_2.50000_2.50000_2.50000_2.50000,0,2.50000_2.50000_2.50000_2.50000_2.50000
83,0,2.50000_2.50000_2.50000_2.50000_2.50000,0,2.50000_2.50000_2.50000_2.50000_2.50000
83,0,2.50000_2.50000_2.50000_2.50000_2.50000,0,2.50000_2.50000_2.50000_2.50000_2.50000
83,0,2.50000_2.50000_2.50000_2.50000_2.50000,0,2.50000_2.50000_2.50000_2.50000_2.50000
83,0,2.50000_2.50000_2.50000_2.50000_2.50000,0,2.50000_2.50000_2.50000_2.50000_2.50000
83,0,2.50000_2.50000_2.50000_2.50000_2.50000,0,2.50000_2.50000_2.50000_2.50000_2.50000
83,0,2.50000_2.50000_2.50000_2.50000_2.50000,0,2.50000_2.50000_2.50000_2.50000_2.50000
83,0,2.50000_2.50000_2.50000_2.50000_2.50000,0,2.50000_2.50000_2.50000_2.50000_2.50000
83,0,2.50000_2.50000_2.50000_2.50000_2.50000,0,2.50000_2.50000_2.50000_2.50000_2.50000
83,0,2.50000_2.50000_2.50000_2.50000_2.50000,0,2.50000_2.50000_2.50000_2.50000_2.50000
83,0,2.50000_2.50000_2.50000_2.50000_2.50000,0,2.50000_2.50000_2.50000_2.50000_2.50000
83,0,2.50000_2.50000_2.50000_2.50000_2.50000,0,2.50000_2.50000_2.50000_2.50000_2.50000
83,0,2.50000_2.50000_2.50000_2.50000_2.50000,0,2.50000_2.50000_2.50000_2.50000_2.50000
84,3979807,1.50504_-0.48486_3.49496_0.51009_-2.47469,2984864,1.50504_-0.48486_2.50000_0.51009_-1.47978
84,2984864,1.50504_-0.48486_2.50000_0.51009_-1.47978,2686376,2.50000_1.50504_3.49496_-1.47978_-0.48486
84,2686376,2.50000_1.50504_3.49496_-1.47978_-0.48486,2586886,2.50000_0.51008_4.48991_-0.48486_-0.48485
84,2586886,2.50000_0.51008_4.48991_-0.48486_-0.48485,1989908,3.49496_1.50504_1.50504_-1.47978_1.50504
84,1989908,3.49496_1.50504_1.50504_-1.47978_1.50504,1392939,2.50000_2.50000_-0.48486_0.51009_1.50504
84,1392939,2.50000_2.50000_-0.48486_0.51009_1.50504,1193948,3.49496_2.50000_-0.48486_1.50504_1.50504
84,1193948,3.49496_2.50000_-0.48486_1.50504_1.50504,497479,2.50000_3.49496_0.51009_2.50000_2.50000
84,497479,2.50000_3.49496_0.51009_2.50000_2.50000,397984,3.49496_3.49496_1.50504_2.50000_3.49496
84,397984,3.49496_3.49496_1.50504_2.50000_3.49496,198992,3.49496_2.50000_2.50000_2.50000_3.49496
84,198992,3.49496_2.50000_2.50000_2.50000_3.49496,99496,3.49496_2.50000_2.50000_2.50000_2.50000
84,99496,3.49496_2.50000_2.50000_2.50000_2.50000,99496,2.50000_2.50000_2.50000_2.50000_3.49496
84,99496,2.50000_2.50000_2.50000_2.50000_3.49496,0,2.50000_2.50000_2.50000_2.50000_2.50000
84,0,2.50000_2.50000_2.50000_2.50000_2.50000,0,2.50000_2.50000_2.50000_2.50000_2.50000
84,0,2.50000_2.50000_2.50000_2.50000_2.50000,0,2.50000_2.50000_2.50000_2.50000_2.50000
84,0,2.50000_2.50000_2.50000_2.50000_2.50000,0,2.50000_2.50000_2.50000_2.50000_2.50000
84,0,2.50000_2.50000_2.50000_2.50000_2.50000,0,2.50000_2.50000_2.50000_2.50000_2.50000
84,0,2.50000_2.50000_2.50000_2.50000_2.50000,0,2.50000_2.50000_2.50000_2.50000_2.50000
84,0,2.50000_2.50000_2.50000_2.50000_2.50000,0,2.50000_2.50000_2.50000_2.50000_2.50000
84,0,2.50000_2.50000_2.50000_2.50000_2.50000,0,2.50000_2.50000_2.50000_2.50000_2.50000
84,0,2.50000_2.50000_2.50000_2.50000_2.50000,0,2.50000_2.50000_2.50000_2.50000_2.50000
84,0,2.50000_2.50000_2.50000_2.50000_2.50000,0,2.50000_2.50000_2.50000_2.50000_2.50000
84,0,2.50000_2.50000_2.50000_2.50000_2.50000,0,2.50000_2.50000_2.50000_2.50000_2.50000
84,0,2.50000_2.50000_2.50000_2.50000_2.50000,0,2.50000_2.50000_2.50000_2.50000_2.50000
84,0,2.50000_2.50000_2.50000_2.50000_2.50000,0,2.50000_2.50000_2.50000_2.50000_2.50000
84,0,2.50000_2.50000_2.50000_2.50000_2.50000,0,2.50000_2.50000_2.50000_2.50000_2.50000
84,0,2.50000_2.50000_2.50000_2.50000_2.50000,0,2.50000_2.50000_2.50000_2.50000_2.50000
84,0,2.50000_2.50000_2.50000_2.50000_2.50000,0,2.50000_2.50000_2.50000_2.50000_2.50000
84,0,2.50000_2.50000_2.50000_2.50000_2.50000,0,2.50000_2.50000_2.50000_2.50000_2.50000
84,0,2.50000_2.50000_2.50000_2.50000_2.50000,0,2.50000_2.50000_2.50000_2.50000_2.50000
85,2855931,0.49115_1.48890_-0.50660_-1.50435_-2.50211,2246295,0.49115_0.49115_-1.50435_-1.50435_-2.50210
85,2246295,0.49115_0.49115_-1.50435_-1.50435_-2.50210,1775285,0.49115_-0.50660_-1.50435_-2.50210_-3.49986
85,1775285,0.49115_-0.50660_-1.50435_-2.50210_-3.49986,1470466,-1.50435_-2.50210_-0.50660_-0.50660_-3.49986
85,1470466,-1.50435_-2.50210_-0.50660_-0.50660_-3.49986,1343026,-2.50210_-2.50210_-0.50660_-0.50660_-3.49986
85,1343026,-2.50210_-2.50210_-0.50660_-0.50660_-3.49986,1343026,-2.50210_-2.50210_-0.50660_-0.50660_-3.49986
85,1343026,-2.50210_-2.50210_-0.50660_-0.50660_-3.49986,833265,-3.49986_-3.49986_-1.50435_-1.50435_-3.49986
85,833265,-3.49986_-3.49986_-1.50435_-1.50435_-3.49986,744576,-3.49986_-2.50210_-1.50435_-2.50210_-3.49986
85,744576,-3.49986_-2.50210_-1.50435_-2.50210_-3.49986,667073,-2.50210_-3.49986_-2.50210_-2.50210_-4.49761
85,667073,-2.50210_-3.49986_-2.50210_-2.50210_-4.49761,655886,-2.50211_-2.50211_-3.49986_-2.50210_-2.50211
85,655886,-2.50211_-2.50211_-3.49986_-2.50210_-2.50211,617135,-2.50211_-3.49986_-3.49986_-2.50211_-2.50210
85,617135,-2.50211_-3.49986_-3.49986_-2.50211_-2.50210,500882,-3.49985_-3.49986_-3.49986_-3.49986_-3.49986
85,500882,-3.49985_-3.49986_-3.49986_-3.49986_-3.49986,500882,-3.49985_-3.49986_-3.49986_-3.49986_-3.49986
85,500882,-3.49985_-3.49986_-3.49986_-3.49986_-3.49986,500882,-3.49986_-3.49986_-3.49986_-3.49986_-3.49986
85,500882,-3.49986_-3.49986_-3.49986_-3.49986_-3.49986,500882,-3.49986_-3.49986_-3.49986_-3.49986_-3.49986
85,500882,-3.49986_-3.49986_-3.49986_-3.49986_-3.49986,500882,-3.49986_-3.49986_-3.49986_-3.49986_-3.49986
85,500882,-3.49986_-3.49986_-3.49986_-3.49986_-3.49986,500882,-3.49986_-3.49986_-3.49986_-3.49986_-3.49986
85,500882,-3.49986_-3.49986_-3.49986_-3.49986_-3.49986,500882,-3.49986_-3.49986_-3.49986_-3.49986_-3.49986
85,500882,-3.49986_-3.49986_-3.49986_-3.49986_-3.49986,500882,-3.49986_-3.49986_-3.49986_-3.49986_-3.49986
85,500882,-3.49986_-3.49986_-3.49986_-3.49986_-3.49986,500882,-3.49986_-3.49986_-3.49986_-3.49986_-3.49986
85,500882,-3.49986_-3.49986_-3.49986_-3.49986_-3.49986,500882,-3.49986_-3.49986_-3.49986_-3.49986_-3.49986
85,500882,-3.49986_-3.49986_-3.49986_-3.49986_-3.49986,500882,-3.49986_-3.49986_-3.49986_-3.49986_-3.49986
85,500882,-3.49986_-3.49986_-3.49986_-3.49986_-3.49986,500882,-3.49986_-3.49986_-3.49986_-3.49986_-3.49986
85,500882,-3.49986_-3.49986_-3.49986_-3.49986_-3.49986,500882,-3.49986_-3.49986_-3.49986_-3.49986_-3.49986
85,500882,-3.49986_-3.49986_-3.49986_-3.49986_-3.49986,500882,-3.49986_-3.49986_-3.49986_-3.49986_-3.49986
85,500882,-3.49986_-3.49986_-3.49986_-3.49986_-3.49986,500882,-3.49986_-3.49986_-3.49986_-3.49986_-3.49986
85,500882,-3.49986_-3.49986_-3.49986_-3.49986_-3.49986,500882,-3.49986_-3.49986_-3.49986_-3.49986_-3.49986
85,500882,-3.49986_-3.49986_-3.49986_-3.49986_-3.49986,500882,-3.49986_-3.49986_-3.49986_-3.49986_-3.49986
86,12902708,-5.12000_-5.12000_5.12000_-5.12000_-5.12000,7103440,-4.49761_-5.12000_4.48213_-4.49763_-5.12000
86,7103440,-4.49761_-5.12000_4.48213_-4.49763_-5.12000,5623293,-1.50435_-5.12000_1.48890_-1.50435_-5.12000
86,5623293,-1.50435_-5.12000_1.48890_-1.50435_-5.12000,5141097,-0.50660_-5.12000_-0.50660_-1.50435_-5.12000
86,5141097,-0.50660_-5.12000_-0.50660_-1.50435_-5.12000,3513722,0.49115_-4.49761_-0.50660_-2.50210_-5.12000
86,3513722,0.49115_-4.49761_-0.50660_-2.50210_-5.12000,2484797,1.48890_-3.49986_0.49115_-1.50435_-4.49762
86,2484797,1.48890_-3.49986_0.49115_-1.50435_-4.49762,1963850,0.49115_-3.49986_0.49115_-2.50210_-4.49761
86,1963850,0.49115_-3.49986_0.49115_-2.50210_-4.49761,1520404,-1.50435_-0.50660_-0.50660_-2.50210_-4.49761
86,1520404,-1.50435_-0.50660_-0.50660_-2.50210_-4.49761,1442902,-2.50210_-1.50435_0.49115_-3.49986_-4.49761
86,1442902,-2.50210_-1.50435_0.49115_-3.49986_-4.49761,1442902,-3.49986_-1.50435_0.49115_-2.50210_-4.49761
86,1442902,-3.49986_-1.50435_0.49115_-2.50210_-4.49761,1138083,-4.49761_-2.50210_-0.50660_-3.49986_-1.50435
86,1138083,-4.49761_-2.50210_-0.50660_-3.49986_-1.50435,794514,-4.49761_-2.50211_-1.50435_-3.49986_-2.50210
86,794514,-4.49761_-2.50211_-1.50435_-3.49986_-2.50210,705824,-3.49986_-2.50210_-1.50435_-3.49986_-3.49986
86,705824,-3.49986_-2.50210_-1.50435_-3.49986_-3.49986,678260,-3.49986_-2.50210_-2.50211_-4.49761_-4.49761
86,678260,-3.49986_-2.50210_-2.50211_-4.49761_-4.49761,578384,-2.50210_-3.49986_-2.50210_-3.49986_-3.49986
86,578384,-2.50210_-3.49986_-2.50210_-3.49986_-3.49986,539633,-3.49986_-3.49986_-2.50210_-3.49986_-3.49986
86,539633,-3.49986_-3.49986_-2.50210_-3.49986_-3.49986,539633,-3.49986_-3.49986_-2.50210_-3.49986_-3.49986
86,539633,-3.49986_-3.49986_-2.50210_-3.49986_-3.49986,539633,-3.49986_-3.49986_-2.50210_-3.49986_-3.49986
86,539633,-3.49986_-3.49986_-2.50210_-3.49986_-3.49986,539633,-3.49986_-3.49986_-2.50210_-3.49986_-3.49986
86,539633,-3.49986_-3.49986_-2.50210_-3.49986_-3.49986,539633,-3.49986_-3.49986_-2.50210_-3.49986_-3.49986
86,539633,-3.49986_-3.49986_-2.50210_-3.49986_-3.49986,500882,-3.49985_-3.49986_-3.49986_-3.49986_-3.49986
86,500882,-3.49985_-3.49986_-3.49986_-3.49986_-3.49986,500882,-3.49985_-3.49986_-3.49986_-3.49986_-3.49986
86,500882,-3.49985_-3.49986_-3.49986_-3.49986_-3.49986,500882,-3.49986_-3.49986_-3.49986_-3.49986_-3.49986
86,500882,-3.49986_-3.49986_-3.49986_-3.49986_-3.49986,500882,-3.49986_-3.49986_-3.49986_-3.49986_-3.49986
86,500882,-3.49986_-3.49986_-3.49986_-3.49986_-3.49986,500882,-3.49986_-3.49986_-3.49986_-3.49986_-3.49986
86,500882,-3.49986_-3.49986_-3.49986_-3.49986_-3.49986,500882,-3.49986_-3.49986_-3.49986_-3.49986_-3.49986
87,10547792,-5.12000_1.50504_3.49496_5.12000_0.51009,4974759,-2.47469_0.51009_1.50504_4.48991_-1.47978
87,4974759,-2.47469_0.51009_1.50504_4.48991_-1.47978,4784714,-2.50210_-0.50660_-0.50660_4.48213_0.49115
87,4784714,-2.50210_-0.50660_-0.50660_4.48213_0.49115,3160749,-0.50660_-1.50435_-1.50435_2.48665_-0.50660
87,3160749,-0.50660_-1.50435_-1.50435_2.48665_-0.50660,2905869,-0.50660_-2.50209_-2.50210_2.48665_-0.50659
87,2905869,-0.50660_-2.50209_-2.50210_2.48665_-0.50659,2462424,0.49115_-1.50435_-0.50660_0.49115_-2.50210
87,2462424,0.49115_-1.50435_-0.50660_0.49115_-2.50210,2307418,-2.50211_-2.50211_-3.49986_2.48665_-1.50435
87,2307418,-2.50211_-2.50211_-3.49986_2.48665_-1.50435,2307418,-2.50210_-3.49986_-2.50210_2.48665_-1.50435
87,2307418,-2.50210_-3.49986_-2.50210_2.48665_-1.50435,1481653,-2.50211_-4.49761_-1.50435_0.49115_-2.50210
87,1481653,-2.50211_-4.49761_-1.50435_0.49115_-2.50210,1010643,-2.50210_-4.49761_-2.50210_-0.50660_-3.49986
87,1010643,-2.50210_-4.49761_-2.50210_-0.50660_-3.49986,755763,-3.49986_-2.50210_-3.49986_-1.50435_-4.49761
87,755763,-3.49986_-2.50210_-3.49986_-1.50435_-4.49761,628322,-3.49986_-2.50210_-3.49986_-2.50211_-4.49761
87,628322,-3.49986_-2.50210_-3.49986_-2.50211_-4.49761,628322,-3.49986_-2.50210_-3.49986_-2.50211_-4.49761
87,628322,-3.49986_-2.50210_-3.49986_-2.50211_-4.49761,539633,-3.49986_-2.50210_-3.49986_-3.49986_-3.49986
87,539633,-3.49986_-2.50210_-3.49986_-3.49986_-3.49986,539633,-3.49986_-2.50210_-3.49986_-3.49986_-3.49986
87,539633,-3.49986_-2.50210_-3.49986_-3.49986_-3.49986,500882,-3.49986_-3.49986_-3.49986_-3.49986_-3.49986
87,500882,-3.49986_-3.49986_-3.49986_-3.49986_-3.49986,500882,-3.49986_-3.49986_-3.49986_-3.49986_-3.49986
87,500882,-3.49986_-3.49986_-3.49986_-3.49986_-3.49986,500882,-3.49986_-3.49986_-3.49986_-3.49986_-3.49986
87,500882,-3.49986_-3.49986_-3.49986_-3.49986_-3.49986,497480,3.49496_3.49496_3.49496_3.49496_3.49496
87,497480,3.49496_3.49496_3.49496_3.49496_3.49496,397984,3.49496_3.49496_3.49496_2.50000_3.49496
87,397984,3.49496_3.49496_3.49496_2.50000_3.49496,198992,3.49496_2.50000_2.50000_1.50504_2.50000
87,198992,3.49496_2.50000_2.50000_1.50504_2.50000,198992,3.49496_2.50000_2.50000_1.50504_2.50000
87,198992,3.49496_2.50000_2.50000_1.50504_2.50000,99496,2.50000_2.50000_3.49496_2.50000_2.50000
87,99496,2.50000_2.50000_3.49496_2.50000_2.50000,99496,2.50000_2.50000_1.50504_2.50000_2.50000
87,99496,2.50000_2.50000_1.50504_2.50000_2.50000,99496,2.50000_2.50000_1.50504_2.50000_2.50000
87,99496,2.50000_2.50000_1.50504_2.50000_2.50000,99496,2.50000_2.50000_1.50504_2.50000_2.50000
87,99496,2.50000_2.50000_1.50504_2.50000_2.50000,0,2.50000_2.50000_2.50000_2.50000_2.50000
87,0,2.50000_2.50000_2.50000_2.50000_2.50000,0,2.50000_2.50000_2.50000_2.50000_2.50000
87,0,2.50000_2.50000_2.50000_2.50000_2.50000,0,2.50000_2.50000_2.50000_2.50000_2.50000
87,0,2.50000_2.50000_2.50000_2.50000_2.50000,0,2.50000_2.50000_2.50000_2.50000_2.50000
87,0,2.50000_2.50000_2.50000_2.50000_2.50000,0,2.50000_2.50000_2.50000_2.50000_2.50000
87,0,2.50000_2.50000_2.50000_2.50000_2.50000,0,2.50000_2.50000_2.50000_2.50000_2.50000
87,0,2.50000_2.50000_2.50000_2.50000_2.50000,0,2.50000_2.50000_2.50000_2.50000_2.50000
87,0,2.50000_2.50000_2.50000_2.50000_2.50000,0,2.50000_2.50000_2.50000_2.50000_2.50000
87,0,2.50000_2.50000_2.50000_2.50000_2.50000,0,2.50000_2.50000_2.50000_2.50000_2.50000
87,0,2.50000_2.50000_2.50000_2.50000_2.50000,0,2.50000_2.50000_2.50000_2.50000_2.50000
87,0,2.50000_2.50000_2.50000_2.50000_2.50000,0,2.50000_2.50000_2.50000_2.50000_2.50000
87,0,2.50000_2.50000_2.50000_2.50000_2.50000,0,2.50000_2.50000_2.50000_2.50000_2.50000
87,0,2.50000_2.50000_2.50000_2.50000_2.50000,0,2.50000_2.50000_2.50000_2.50000_2.50000
87,0,2.50000_2.50000_2.50000_2.50000_2.50000,0,2.50000_2.50000_2.50000_2.50000_2.50000
87,0,2.50000_2.50000_2.50000_2.50000_2.50000,0,2.50000_2.50000_2.50000_2.50000_2.50000
87,0,2.50000_2.50000_2.50000_2.50000_2.50000,0,2.50000_2.50000_2.50000_2.50000_2.50000
87,0,2.50000_2.50000_2.50000_2.50000_2.50000,0,2.50000_2.50000_2.50000_2.50000_2.50000
87,0,2.50000_2.50000_2.50000_2.50000_2.50000,0,2.50000_2.50000_2.50000_2.50000_2.50000
87,0,2.50000_2.50000_2.50000_2.50000_2.50000,0,2.50000_2.50000_2.50000_2.50000_2.50000
87,0,2.50000_2.50000_2.50000_2.50000_2.50000,0,2.50000_2.50000_2.50000_2.50000_2.50000
87,0,2.50000_2.50000_2.50000_2.50000_2.50000,0,2.50000_2.50000_2.50000_2.50000_2.50000
88,9774336,-5.12000_-5.12000_-5.12000_-5.12000_-5.12000,750572,-4.49761_-4.49762_-4.49761_-4.49760_-4.49761
88,750572,-4.49761_-4.49762_-4.49761_-4.49760_-4.49761,650696,-3.49986_-4.49761_-3.49986_-4.49761_-4.49761
88,650696,-3.49986_-4.49761_-3.49986_-4.49761_-4.49761,600758,-3.49986_-4.49761_-3.49986_-3.49986_-4.49761
88,600758,-3.49986_-4.49761_-3.49986_-3.49986_-4.49761,589571,-3.49986_-3.49986_-2.50210_-4.49761_-3.49986
88,589571,-3.49986_-3.49986_-2.50210_-4.49761_-3.49986,578384,-3.49986_-2.50210_-2.50210_-3.49986_-3.49986
88,578384,-3.49986_-2.50210_-2.50210_-3.49986_-3.49986,539633,-3.49986_-3.49986_-2.50210_-3.49986_-3.49986
88,539633,-3.49986_-3.49986_-2.50210_-3.49986_-3.49986,539633,-3.49986_-3.49986_-2.50210_-3.49986_-3.49986
88,539633,-3.49986_-3.49986_-2.50210_-3.49986_-3.49986,539633,-3.49986_-3.49986_-2.50210_-3.49986_-3.49986
88,539633,-3.49986_-3.49986_-2.50210_-3.49986_-3.49986,539633,-3.49986_-3.49986_-3.49986_-3.49986_-2.50210
88,539633,-3.49986_-3.49986_-3.49986_-3.49986_-2.50210,500882,-3.49985_-3.49986_-3.49986_-3.49986_-3.49986
88,500882,-3.49985_-3.49986_-3.49986_-3.49986_-3.49986,500882,-3.49986_-3.49986_-3.49986_-3.49986_-3.49986
88,500882,-3.49986_-3.49986_-3.49986_-3.49986_-3.49986,500882,-3.49986_-3.49986_-3.49986_-3.49986_-3.49986
88,500882,-3.49986_-3.49986_-3.49986_-3.49986_-3.49986,500882,-3.49986_-3.49986_-3.49986_-3.49986_-3.49986
88,500882,-3.49986_-3.49986_-3.49986_-3.49986_-3.49986,500882,-3.49986_-3.49986_-3.49986_-3.49986_-3.49986
88,500882,-3.49986_-3.49986_-3.49986_-3.49986_-3.49986,500882,-3.49986_-3.49986_-3.49986_-3.49986_-3.49986
88,500882,-3.49986_-3.49986_-3.49986_-3.49986_-3.49986,500882,-3.49986_-3.49986_-3.49986_-3.49986_-3.49986
88,500882,-3.49986_-3.49986_-3.49986_-3.49986_-3.49986,500882,-3.49986_-3.49986_-3.49986_-3.49986_-3.49986
88,500882,-3.49986_-3.49986_-3.49986_-3.49986_-3.49986,500882,-3.49986_-3.49986_-3.49986_-3.49986_-3.49986
88,500882,-3.49986_-3.49986_-3.49986_-3.49986_-3.49986,500882,-3.49986_-3.49986_-3.49986_-3.49986_-3.49986
88,500882,-3.49986_-3.49986_-3.49986_-3.49986_-3.49986,500882,-3.49986_-3.49986_-3.49986_-3.49986_-3.49986
88,500882,-3.49986_-3.49986_-3.49986_-3.49986_-3.49986,500882,-3.49986_-3.49986_-3.49986_-3.49986_-3.49986
89,3870262,0.49115_-4.49761_0.49115_-0.50660_2.48665,3870262,0.49115_-4.49761_0.49115_-0.50660_2.48665
89,3870262,0.49115_-4.49761_0.49115_-0.50660_2.48665,3094432,3.48439_-3.49986_-2.50211_-2.50210_-0.50660
89,3094432,3.48439_-3.49986_-2.50211_-2.50210_-0.50660,3083247,2.48665_-3.49986_-1.50435_-1.50435_0.49115
89,3083247,2.48665_-3.49986_-1.50435_-1.50435_0.49115,2118854,0.49115_-3.49986_-0.50660_-0.50660_-1.50435
89,2118854,0.49115_-3.49986_-0.50660_-0.50660_-1.50435,1420528,-0.50660_-1.50435_-1.50435_-1.50435_-2.50210
89,1420528,-0.50660_-1.50435_-1.50435_-1.50435_-2.50210,1392964,-1.50435_-3.49986_-2.50210_0.49115_-3.49986
89,1392964,-1.50435_-3.49986_-2.50210_0.49115_-3.49986,1392964,-1.50435_-3.49986_-2.50210_0.49115_-3.49986
89,1392964,-1.50435_-3.49986_-2.50210_0.49115_-3.49986,960705,-2.50210_-3.49986_-2.50210_-0.50660_-3.49986
89,960705,-2.50210_-3.49986_-2.50210_-0.50660_-3.49986,910767,-1.50435_-1.50435_-3.49986_-2.50210_-2.50210
89,910767,-1.50435_-1.50435_-3.49986_-2.50210_-2.50210,910767,-1.50435_-2.50210_-3.49986_-1.50435_-2.50211
89,910767,-1.50435_-2.50210_-3.49986_-1.50435_-2.50211,783327,-2.50210_-2.50211_-3.49986_-1.50435_-2.50210
89,783327,-2.50210_-2.50211_-3.49986_-1.50435_-2.50210,655886,-3.49986_-2.50210_-2.50210_-2.50210_-2.50210
89,655886,-3.49986_-2.50210_-2.50210_-2.50210_-2.50210,617135,-3.49986_-2.50210_-2.50210_-2.50211_-3.49986
89,617135,-3.49986_-2.50210_-2.50210_-2.50211_-3.49986,578384,-3.49986_-2.50210_-2.50210_-3.49986_-3.49986
89,578384,-3.49986_-2.50210_-2.50210_-3.49986_-3.49986,578384,-3.49986_-2.50210_-3.49986_-2.50210_-3.49986
89,578384,-3.49986_-2.50210_-3.49986_-2.50210_-3.49986,578384,-3.49986_-2.50210_-3.49986_-2.50210_-3.49986
89,578384,-3.49986_-2.50210_-3.49986_-2.50210_-3.49986,539633,-3.49986_-3.49986_-2.50210_-3.49986_-3.49986
89,539633,-3.49986_-3.49986_-2.50210_-3.49986_-3.49986,539633,-3.49986_-3.49986_-2.50210_-3.49986_-3.49986
89,539633,-3.49986_-3.49986_-2.50210_-3.49986_-3.49986,539633,-3.49986_-3.49986_-2.50210_-3.49986_-3.49986
89,539633,-3.49986_-3.49986_-2.50210_-3.49986_-3.49986,539633,-3.49986_-3.49986_-2.50210_-3.49986_-3.49986
89,539633,-3.49986_-3.49986_-2.50210_-3.49986_-3.49986,539633,-3.49986_-3.49986_-3.49986_-3.49986_-2.50210
89,539633,-3.49986_-3.49986_-3.49986_-3.49986_-2.50210,539633,-3.49986_-3.49986_-3.49986_-3.49986_-2.50210
89,539633,-3.49986_-3.49986_-3.49986_-3.49986_-2.50210,539633,-3.49986_-3.49986_-3.49986_-3.49986_-2.50210
89,539633,-3.49986_-3.49986_-3.49986_-3.49986_-2.50210,539633,-3.49986_-3.49986_-3.49986_-3.49986_-2.50210
89,539633,-3.49986_-3.49986_-3.49986_-3.49986_-2.50210,539633,-3.49986_-3.49986_-3.49986_-3.49986_-2.50210
89,539633,-3.49986_-3.49986_-3.49986_-3.49986_-2.50210,539633,-3.49986_-3.49986_-3.49986_-3.49986_-2.50210
89,539633,-3.49986_-3.49986_-3.49986_-3.49986_-2.50210,539633,-3.49986_-3.49986_-3.49986_-3.49986_-2.50210
89,539633,-3.49986_-3.49986_-3.49986_-3.49986_-2.50210,539633,-3.49986_-3.49986_-3.49986_-3.49986_-2.50210
89,539633,-3.49986_-3.49986_-3.49986_-3.49986_-2.50210,539633,-3.49986_-3.49986_-3.49986_-3.49986_-2.50210
89,539633,-3.49986_-3.49986_-3.49986_-3.49986_-2.50210,539633,-3.49986_-3.49986_-3.49986_-3.49986_-2.50210
89,539633,-3.49986_-3.49986_-3.49986_-3.49986_-2.50210,539633,-3.49986_-3.49986_-3.49986_-3.49986_-2.50210
89,539633,-3.49986_-3.49986_-3.49986_-3.49986_-2.50210,500882,-3.49986_-3.49986_-3.49986_-3.49986_-3.49986
89,500882,-3.49986_-3.49986_-3.49986_-3.49986_-3.49986,497479,1.50504_2.50000_2.50000_2.50000_0.51009
89,497479,1.50504_2.50000_2.50000_2.50000_0.51009,397984,1.50504_2.50000_3.49496_3.49496_1.50504
89,397984,1.50504_2.50000_3.49496_3.49496_1.50504,198992,1.50504_2.50000_2.50000_3.49496_2.50000
89,198992,1.50504_2.50000_2.50000_3.49496_2.50000,198992,1.50504_2.50000_2.50000_3.49496_2.50000
89,198992,1.50504_2.50000_2.50000_3.49496_2.50000,99496,2.50000_1.50504_2.50000_2.50000_2.50000
89,99496,2.50000_1.50504_2.50000_2.50000_2.50000,99496,2.50000_2.50000_2.50000_2.50000_3.49496
89,99496,2.50000_2.50000_2.50000_2.50000_3.49496,99496,2.50000_2.50000_1.50504_2.50000_2.50000
89,99496,2.50000_2.50000_1.50504_2.50000_2.50000,99496,2.50000_2.50000_1.50504_2.50000_2.50000
89,99496,2.50000_2.50000_1.50504_2.50000_2.50000,99496,2.50000_2.50000_1.50504_2.50000_2.50000
89,99496,2.50000_2.50000_1.50504_2.50000_2.50000,99496,2.50000_2.50000_1.50504_2.50000_2.50000
89,99496,2.50000_2.50000_1.50504_2.50000_2.50000,99496,2.50000_2.50000_1.50504_2.50000_2.50000
89,99496,2.50000_2.50000_1.50504_2.50000_2.50000,0,2.50000_2.50000_2.50000_2.50000_2.50000
89,0,2.50000_2.50000_2.50000_2.50000_2.50000,0,2.50000_2.50000_2.50000_2.50000_2.50000
89,0,2.50000_2.50000_2.50000_2.50000_2.50000,0,2.50000_2.50000_2.50000_2.50000_2.50000
89,0,2.50000_2.50000_2.50000_2.50000_2.50000,0,2.50000_2.50000_2.50000_2.50000_2.50000
89,0,2.50000_2.50000_2.50000_2.50000_2.50000,0,2.50000_2.50000_2.50000_2.50000_2.50000
90,3465568,-0.50660_2.48665_-1.50435_-1.50435_0.49115,1790922,1.50504_0.51009_0.51009_-0.48486_2.50000
90,1790922,1.50504_0.51009_0.51009_-0.48486_2.50000,1392939,0.51009_-0.48485_2.50000_1.50504_2.50000
90,1392939,0.51009_-0.48485_2.50000_1.50504_2.50000,696471,1.50504_0.51009_3.49496_2.50000_1.50504
90,696471,1.50504_0.51009_3.49496_2.50000_1.50504,298488,2.50000_1.50504_3.49496_3.49496_2.50000
90,298488,2.50000_1.50504_3.49496_3.49496_2.50000,298488,1.50504_2.50000_2.50000_3.49496_3.49496
90,298488,1.50504_2.50000_2.50000_3.49496_3.49496,298488,1.50504_2.50000_1.50504_3.49496_2.50000
90,298488,1.50504_2.50000_1.50504_3.49496_2.50000,198992,2.50000_2.50000_1.50504_3.49496_2.50000
90,198992,2.50000_2.50000_1.50504_3.49496_2.50000,99496,2.50000_2.50000_2.50000_3.49496_2.50000
90,99496,2.50000_2.50000_2.50000_3.49496_2.50000,99496,2.50000_2.50000_2.50000_3.49496_2.50000
90,99496,2.50000_2.50000_2.50000_3.49496_2.50000,99496,2.50000_2.50000_2.50000_3.49496_2.50000
90,99496,2.50000_2.50000_2.50000_3.49496_2.50000,99496,2.50000_2.50000_2.50000_3.49496_2.50000
90,99496,2.50000_2.50000_2.50000_3.49496_2.50000,99496,2.50000_2.50000_2.50000_3.49496_2.50000
90,99496,2.50000_2.50000_2.50000_3.49496_2.50000,99496,2.50000_2.50000_2.50000_3.49496_2.50000
90,99496,2.50000_2.50000_2.50000_3.49496_2.50000,99496,2.50000_2.50000_1.50504_2.50000_2.50000
90,99496,2.50000_2.50000_1.50504_2.50000_2.50000,99496,2.50000_2.50000_1.50504_2.50000_2.50000
90,99496,2.50000_2.50000_1.50504_2.50000_2.50000,99496,2.50000_2.50000_1.50504_2.50000_2.50000
90,99496,2.50000_2.50000_1.50504_2.50000_2.50000,0,2.50000_2.50000_2.50000_2.50000_2.50000
90,0,2.50000_2.50000_2.50000_2.50000_2.50000,0,2.50000_2.50000_2.50000_2.50000_2.50000
90,0,2.50000_2.50000_2.50000_2.50000_2.50000,0,2.50000_2.50000_2.50000_2.50000_2.50000
90,0,2.50000_2.50000_2.50000_2.50000_2.50000,0,2.50000_2.50000_2.50000_2.50000_2.50000
90,0,2.50000_2.50000_2.50000_2.50000_2.50000,0,2.50000_2.50000_2.50000_2.50000_2.50000
90,0,2.50000_2.50000_2.50000_2.50000_2.50000,0,2.50000_2.50000_2.50000_2.50000_2.50000
90,0,2.50000_2.50000_2.50000_2.50000_2.50000,0,2.50000_2.50000_2.50000_2.50000_2.50000
90,0,2.50000_2.50000_2.50000_2.50000_2.50000,0,2.50000_2.50000_2.50000_2.50000_2.50000
90,0,2.50000_2.50000_2.50000_2.50000_2.50000,0,2.50000_2.50000_2.50000_2.50000_2.50000
90,0,2.50000_2.50000_2.50000_2.50000_2.50000,0,2.50000_2.50000_2.50000_2.50000_2.50000
91,2650989,-4.49761_-1.50435_0.49115_1.48890_-1.50435,2346170,-3.49986_-2.50211_0.49115_1.48890_-2.50211
91,2346170,-3.49986_-2.50211_0.49115_1.48890_-2.50211,1875161,-3.49986_-3.49986_0.49115_0.49115_-3.49986
91,1875161,-3.49986_-3.49986_0.49115_0.49115_-3.49986,1354213,-2.50211_-4.49761_-0.50660_-0.50660_-3.49986
91,1354213,-2.50211_-4.49761_-0.50660_-0.50660_-3.49986,872016,-3.49986_-2.50210_-1.50435_-1.50435_-3.49986
91,872016,-3.49986_-2.50210_-1.50435_-1.50435_-3.49986,744576,-3.49986_-2.50210_-2.50210_-1.50435_-3.49986
91,744576,-3.49986_-2.50210_-2.50210_-1.50435_-3.49986,667073,-4.49761_-2.50211_-3.49986_-2.50210_-2.50210
91,667073,-4.49761_-2.50211_-3.49986_-2.50210_-2.50210,667073,-4.49761_-2.50211_-3.49986_-2.50210_-2.50210
91,667073,-4.49761_-2.50211_-3.49986_-2.50210_-2.50210,628322,-4.49761_-2.50210_-3.49986_-3.49986_-2.50210
91,628322,-4.49761_-2.50210_-3.49986_-3.49986_-2.50210,617135,-2.50210_-3.49985_-2.50210_-3.49986_-2.50210
91,617135,-2.50210_-3.49985_-2.50210_-3.49986_-2.50210,617135,-2.50211_-2.50211_-3.49986_-3.49986_-2.50210
91,617135,-2.50211_-2.50211_-3.49986_-3.49986_-2.50210,539633,-3.49986_-2.50210_-3.49986_-3.49986_-3.49986
91,539633,-3.49986_-2.50210_-3.49986_-3.49986_-3.49986,539633,-3.49986_-2.50210_-3.49986_-3.49986_-3.49986
91,539633,-3.49986_-2.50210_-3.49986_-3.49986_-3.49986,539633,-3.49986_-3.49986_-3.49986_-3.49986_-2.50210
91,539633,-3.49986_-3.49986_-3.49986_-3.49986_-2.50210,500882,-3.49986_-3.49986_-3.49986_-3.49986_-3.49986
91,500882,-3.49986_-3.49986_-3.49986_-3.49986_-3.49986,500882,-3.49986_-3.49986_-3.49986_-3.49986_-3.49986
91,500882,-3.49986_-3.49986_-3.49986_-3.49986_-3.49986,500882,-3.49986_-3.49986_-3.49986_-3.49986_-3.49986
91,500882,-3.49986_-3.49986_-3.49986_-3.49986_-3.49986,500882,-3.49986_-3.49986_-3.49986_-3.49986_-3.49986
91,500882,-3.49986_-3.49986_-3.49986_-3.49986_-3.49986,500882,-3.49986_-3.49986_-3.49986_-3.49986_-3.49986
91,500882,-3.49986_-3.49986_-3.49986_-3.49986_-3.49986,500882,-3.49986_-3.49986_-3.49986_-3.49986_-3.49986
91,500882,-3.49986_-3.49986_-3.49986_-3.49986_-3.49986,500882,-3.49986_-3.49986_-3.49986_-3.49986_-3.49986
91,500882,-3.49986_-3.49986_-3.49986_-3.49986_-3.49986,500882,-3.49986_-3.49986_-3.49986_-3.49986_-3.49986
91,500882,-3.49986_-3.49986_-3.49986_-3.49986_-3.49986,500882,-3.49986_-3.49986_-3.49986_-3.49986_-3.49986
92,9774336,-5.12000_-5.12000_-5.12000_-5.12000_-5.12000,9774336,-5.12000_-5.12000_-5.12000_-5.12000_-5.12000
92,9774336,-5.12000_-5.12000_-5.12000_-5.12000_-5.12000,6164831,-4.49761_-5.12000_-4.49761_-5.12000_-5.12000
92,6164831,-4.49761_-5.12000_-4.49761_-5.12000_-5.12000,6164831,-4.49761_-5.12000_-5.12000_-5.12000_-4.49761
92,6164831,-4.49761_-5.12000_-5.12000_-5.12000_-4.49761,4310140,-3.49986_-5.12000_-4.49761_-5.12000_-4.49761
92,4310140,-3.49986_-5.12000_-4.49761_-5.12000_-4.49761,4210264,-3.49986_-5.12000_-3.49986_-5.12000_-3.49986
92,4210264,-3.49986_-5.12000_-3.49986_-5.12000_-3.49986,2505387,-4.49761_-4.49761_-4.49761_-5.12000_-3.49987
92,2505387,-4.49761_-4.49761_-4.49761_-5.12000_-3.49987,2455449,-4.49761_-3.49986_-4.49761_-5.12000_-3.49986
92,2455449,-4.49761_-3.49986_-4.49761_-5.12000_-3.49986,628322,-2.50210_-3.49986_-2.50210_-4.49761_-3.49986
92,628322,-2.50210_-3.49986_-2.50210_-4.49761_-3.49986,578384,-3.49986_-2.50210_-2.50210_-3.49986_-3.49986
92,578384,-3.49986_-2.50210_-2.50210_-3.49986_-3.49986,578384,-2.50210_-2.50210_-3.49986_-3.49986_-3.49986
92,578384,-2.50210_-2.50210_-3.49986_-3.49986_-3.49986,578384,-3.49986_-2.50210_-3.49986_-2.50210_-3.49986
92,578384,-3.49986_-2.50210_-3.49986_-2.50210_-3.49986,578384,-3.49986_-3.49986_-3.49986_-2.50210_-2.50210
92,578384,-3.49986_-3.49986_-3.49986_-2.50210_-2.50210,500882,-3.49986_-3.49986_-3.49986_-3.49986_-3.49986
92,500882,-3.49986_-3.49986_-3.49986_-3.49986_-3.49986,500882,-3.49986_-3.49986_-3.49986_-3.49986_-3.49986
92,500882,-3.49986_-3.49986_-3.49986_-3.49986_-3.49986,500882,-3.49986_-3.49986_-3.49986_-3.49986_-3.49986
92,500882,-3.49986_-3.49986_-3.49986_-3.49986_-3.49986,500882,-3.49986_-3.49986_-3.49986_-3.49986_-3.49986
92,500882,-3.49986_-3.49986_-3.49986_-3.49986_-3.49986,500882,-3.49986_-3.49986_-3.49986_-3.49986_-3.49986
92,500882,-3.49986_-3.49986_-3.49986_-3.49986_-3.49986,500882,-3.49986_-3.49986_-3.49986_-3.49986_-3.49986
92,500882,-3.49986_-3.49986_-3.49986_-3.49986_-3.49986,500882,-3.49986_-3.49986_-3.49986_-3.49986_-3.49986
92,500882,-3.49986_-3.49986_-3.49986_-3.49986_-3.49986,500882,-3.49986_-3.49986_-3.49986_-3.49986_-3.49986
92,500882,-3.49986_-3.49986_-3.49986_-3.49986_-3.49986,500882,-3.49986_-3.49986_-3.49986_-3.49986_-3.49986
93,1620280,-3.49986_-4.49761_-0.50660_-3.49986_0.49115,1138083,-2.50210_-4.49761_-1.50435_-3.49986_-0.50660
93,1138083,-2.50210_-4.49761_-1.50435_-3.49986_-0.50660,960705,-2.50210_-2.50210_-1.50435_-4.49761_-1.50435
93,960705,-2.50210_-2.50210_-1.50435_-4.49761_-1.50435,833265,-2.50210_-2.50210_-1.50435_-4.49761_-2.50210
93,833265,-2.50210_-2.50210_-1.50435_-4.49761_-2.50210,794514,-2.50210_-3.49986_-1.50435_-4.49761_-2.50210
93,794514,-2.50210_-3.49986_-1.50435_-4.49761_-2.50210,628322,-2.50210_-3.49986_-2.50210_-4.49761_-3.49986
93,628322,-2.50210_-3.49986_-2.50210_-4.49761_-3.49986,628322,-2.50210_-3.49986_-2.50210_-4.49761_-3.49986
93,628322,-2.50210_-3.49986_-2.50210_-4.49761_-3.49986,589571,-3.49986_-4.49761_-3.49986_-3.49986_-2.50211
93,589571,-3.49986_-4.49761_-3.49986_-3.49986_-2.50211,539633,-3.49986_-3.49986_-3.49986_-3.49986_-2.50210
93,539633,-3.49986_-3.49986_-3.49986_-3.49986_-2.50210,539633,-3.49986_-3.49986_-3.49986_-3.49986_-2.50210
93,539633,-3.49986_-3.49986_-3.49986_-3.49986_-2.50210,539633,-3.49986_-3.49986_-3.49986_-3.49986_-2.50210
93,539633,-3.49986_-3.49986_-3.49986_-3.49986_-2.50210,539633,-3.49986_-3.49986_-3.49986_-3.49986_-2.50210
93,539633,-3.49986_-3.49986_-3.49986_-3.49986_-2.50210,500882,-3.49985_-3.49986_-3.49986_-3.49986_-3.49986
93,500882,-3.49985_-3.49986_-3.49986_-3.49986_-3.49986,500882,-3.49986_-3.49986_-3.49986_-3.49986_-3.49986
93,500882,-3.49986_-3.49986_-3.49986_-3.49986_-3.49986,500882,-3.49986_-3.49986_-3.49986_-3.49986_-3.49986
93,500882,-3.49986_-3.49986_-3.49986_-3.49986_-3.49986,500882,-3.49986_-3.49986_-3.49986_-3.49986_-3.49986
93,500882,-3.49986_-3.49986_-3.49986_-3.49986_-3.49986,500882,-3.49986_-3.49986_-3.49986_-3.49986_-3.49986
93,500882,-3.49986_-3.49986_-3.49986_-3.49986_-3.49986,500882,-3.49986_-3.49986_-3.49986_-3.49986_-3.49986
93,500882,-3.49986_-3.49986_-3.49986_-3.49986_-3.49986,500882,-3.49986_-3.49986_-3.49986_-3.49986_-3.49986
93,500882,-3.49986_-3.49986_-3.49986_-3.49986_-3.49986,500882,-3.49986_-3.49986_-3.49986_-3.49986_-3.49986
93,500882,-3.49986_-3.49986_-3.49986_-3.49986_-3.49986,500882,-3.49986_-3.49986_-3.49986_-3.49986_-3.49986
93,500882,-3.49986_-3.49986_-3.49986_-3.49986_-3.49986,500882,-3.49986_-3.49986_-3.49986_-3.49986_-3.49986
93,500882,-3.49986_-3.49986_-3.49986_-3.49986_-3.49986,500882,-3.49986_-3.49986_-3.49986_-3.49986_-3.49986
93,500882,-3.49986_-3.49986_-3.49986_-3.49986_-3.49986,500882,-3.49986_-3.49986_-3.49986_-3.49986_-3.49986
93,500882,-3.49986_-3.49986_-3.49986_-3.49986_-3.49986,500882,-3.49986_-3.49986_-3.49986_-3.49986_-3.49986
93,500882,-3.49986_-3.49986_-3.49986_-3.49986_-3.49986,500882,-3.49986_-3.49986_-3.49986_-3.49986_-3.49986
93,500882,-3.49986_-3.49986_-3.49986_-3.49986_-3.49986,500882,-3.49986_-3.49986_-3.49986_-3.49986_-3.49986
93,500882,-3.49986_-3.49986_-3.49986_-3.49986_-3.49986,500882,-3.49986_-3.49986_-3.49986_-3.49986_-3.49986
94,5100721,2.48665_3.48439_-4.49761_-1.50435_0.49115,4225015,0.49115_4.48213_-2.50210_-2.50210_-1.50435
94,4225015,0.49115_4.48213_-2.50210_-2.50210_-1.50435,2462424,0.49115_0.49115_-0.50660_-1.50435_-2.50210
94,2462424,0.49115_0.49115_-0.50660_-1.50435_-2.50210,1941476,-0.50660_0.49115_-1.50435_-1.50435_-2.50210
94,1941476,-0.50660_0.49115_-1.50435_-1.50435_-2.50210,1509217,-2.50211_-1.50435_-2.50211_-0.50659_-0.50660
94,1509217,-2.50211_-1.50435_-2.50211_-0.50659_-0.50660,999456,-0.50660_-2.50210_-3.49986_-2.50210_-2.50210
94,999456,-0.50660_-2.50210_-3.49986_-2.50210_-2.50210,960705,-0.50660_-2.50210_-3.49986_-2.50210_-3.49986
94,960705,-0.50660_-2.50210_-3.49986_-2.50210_-3.49986,755763,-1.50435_-2.50211_-4.49761_-3.49986_-3.49986
94,755763,-1.50435_-2.50211_-4.49761_-3.49986_-3.49986,628322,-2.50211_-2.50211_-4.49761_-3.49986_-3.49986
94,628322,-2.50211_-2.50211_-4.49761_-3.49986_-3.49986,600758,-3.49986_-3.49986_-4.49761_-4.49761_-3.49986
94,600758,-3.49986_-3.49986_-4.49761_-4.49761_-3.49986,589571,-4.49761_-3.49986_-2.50211_-3.49986_-3.49986
94,589571,-4.49761_-3.49986_-2.50211_-3.49986_-3.49986,589571,-2.50211_-3.49986_-3.49986_-3.49986_-4.49761
94,589571,-2.50211_-3.49986_-3.49986_-3.49986_-4.49761,550820,-3.49986_-4.49761_-3.49986_-3.49986_-3.49986
94,550820,-3.49986_-4.49761_-3.49986_-3.49986_-3.49986,539633,-3.49986_-3.49986_-3.49986_-2.50211_-3.49986
94,539633,-3.49986_-3.49986_-3.49986_-2.50211_-3.49986,539633,-3.49986_-3.49986_-3.49986_-2.50211_-3.49986
94,539633,-3.49986_-3.49986_-3.49986_-2.50211_-3.49986,500882,-3.49986_-3.49986_-3.49986_-3.49986_-3.49986
94,500882,-3.49986_-3.49986_-3.49986_-3.49986_-3.49986,500882,-3.49986_-3.49986_-3.49986_-3.49986_-3.49986
94,500882,-3.49986_-3.49986_-3.49986_-3.49986_-3.49986,500882,-3.49986_-3.49986_-3.49986_-3.49986_-3.49986
94,500882,-3.49986_-3.49986_-3.49986_-3.49986_-3.49986,500882,-3.49986_-3.49986_-3.49986_-3.49986_-3.49986
94,500882,-3.49986_-3.49986_-3.49986_-3.49986_-3.49986,500882,-3.49986_-3.49986_-3.49986_-3.49986_-3.49986
94,500882,-3.49986_-3.49986_-3.49986_-3.49986_-3.49986,500882,-3.49986_-3.49986_-3.49986_-3.49986_-3.49986
94,500882,-3.49986_-3.49986_-3.49986_-3.49986_-3.49986,500882,-3.49986_-3.49986_-3.49986_-3.49986_-3.49986
94,500882,-3.49986_-3.49986_-3.49986_-3.49986_-3.49986,500882,-3.49986_-3.49986_-3.49986_-3.49986_-3.49986
94,500882,-3.49986_-3.49986_-3.49986_-3.49986_-3.49986,500882,-3.49986_-3.49986_-3.49986_-3.49986_-3.49986
94,500882,-3.49986_-3.49986_-3.49986_-3.49986_-3.49986,500882,-3.49986_-3.49986_-3.49986_-3.49986_-3.49986
94,500882,-3.49986_-3.49986_-3.49986_-3.49986_-3.49986,500882,-3.49986_-3.49986_-3.49986_-3.49986_-3.49986
94,500882,-3.49986_-3.49986_-3.49986_-3.49986_-3.49986,500882,-3.49986_-3.49986_-3.49986_-3.49986_-3.49986
94,500882,-3.49986_-3.49986_-3.49986_-3.49986_-3.49986,500882,-3.49986_-3.49986_-3.49986_-3.49986_-3.49986
94,500882,-3.49986_-3.49986_-3.49986_-3.49986_-3.49986,500882,-3.49986_-3.49986_-3.49986_-3.49986_-3.49986
95,3593008,-0.50660_1.48890_-1.50435_-0.50660_1.48891,3465568,-0.50660_1.48890_-2.50211_-0.50660_1.48890
95,3465568,-0.50660_1.48890_-2.50211_-0.50660_1.48890,795967,3.49496_4.48991_1.50504_3.49496_3.49496
95,795967,3.49496_4.48991_1.50504_3.49496_3.49496,298488,1.50504_2.50000_2.50000_1.50504_1.50504
95,298488,1.50504_2.50000_2.50000_1.50504_1.50504,298488,1.50504_2.50000_2.50000_1.50504_1.50504
95,298488,1.50504_2.50000_2.50000_1.50504_1.50504,298488,1.50504_1.50504_2.50000_2.50000_1.50504
95,298488,1.50504_1.50504_2.50000_2.50000_1.50504,99496,2.50000_1.50504_2.50000_2.50000_2.50000
95,99496,2.50000_1.50504_2.50000_2.50000_2.50000,99496,2.50000_1.50504_2.50000_2.50000_2.50000
95,99496,2.50000_1.50504_2.50000_2.50000_2.50000,99496,2.50000_2.50000_2.50000_1.50504_2.50000
95,99496,2.50000_2.50000_2.50000_1.50504_2.50000,0,2.50000_2.50000_2.50000_2.50000_2.50000
95,0,2.50000_2.50000_2.50000_2.50000_2.50000,0,2.50000_2.50000_2.50000_2.50000_2.50000
95,0,2.50000_2.50000_2.50000_2.50000_2.50000,0,2.50000_2.50000_2.50000_2.50000_2.50000
95,0,2.50000_2.50000_2.50000_2.50000_2.50000,0,2.50000_2.50000_2.50000_2.50000_2.50000
95,0,2.50000_2.50000_2.50000_2.50000_2.50000,0,2.50000_2.50000_2.50000_2.50000_2.50000
95,0,2.50000_2.50000_2.50000_2.50000_2.50000,0,2.50000_2.50000_2.50000_2.50000_2.50000
95,0,2.50000_2.50000_2.50000_2.50000_2.50000,0,2.50000_2.50000_2.50000_2.50000_2.50000
95,0,2.50000_2.50000_2.50000_2.50000_2.50000,0,2.50000_2.50000_2.50000_2.50000_2.50000
95,0,2.50000_2.50000_2.50000_2.50000_2.50000,0,2.50000_2.50000_2.50000_2.50000_2.50000
95,0,2.50000_2.50000_2.50000_2.50000_2.50000,0,2.50000_2.50000_2.50000_2.50000_2.50000
95,0,2.50000_2.50000_2.50000_2.50000_2.50000,0,2.50000_2.50000_2.50000_2.50000_2.50000
95,0,2.50000_2.50000_2.50000_2.50000_2.50000,0,2.50000_2.50000_2.50000_2.50000_2.50000
95,0,2.50000_2.50000_2.50000_2.50000_2.50000,0,2.50000_2.50000_2.50000_2.50000_2.50000
95,0,2.50000_2.50000_2.50000_2.50000_2.50000,0,2.50000_2.50000_2.50000_2.50000_2.50000
95,0,2.50000_2.50000_2.50000_2.50000_2.50000,0,2.50000_2.50000_2.50000_2.50000_2.50000
95,0,2.50000_2.50000_2.50000_2.50000_2.50000,0,2.50000_2.50000_2.50000_2.50000_2.50000
95,0,2.50000_2.50000_2.50000_2.50000_2.50000,0,2.50000_2.50000_2.50000_2.50000_2.50000
95,0,2.50000_2.50000_2.50000_2.50000_2.50000,0,2.50000_2.50000_2.50000_2.50000_2.50000
95,0,2.50000_2.50000_2.50000_2.50000_2.50000,0,2.50000_2.50000_2.50000_2.50000_2.50000
95,0,2.50000_2.50000_2.50000_2.50000_2.50000,0,2.50000_2.50000_2.50000_2.50000_2.50000
95,0,2.50000_2.50000_2.50000_2.50000_2.50000,0,2.50000_2.50000_2.50000_2.50000_2.50000
95,0,2.50000_2.50000_2.50000_2.50000_2.50000,0,2.50000_2.50000_2.50000_2.50000_2.50000
95,0,2.50000_2.50000_2.50000_2.50000_2.50000,0,2.50000_2.50000_2.50000_2.50000_2.50000
96,696471,2.50000_4.48991_3.49496_3.49496_3.49496,696471,3.49496_3.49496_4.48991_3.49496_2.50000
96,696471,3.49496_3.49496_4.48991_3.49496_2.50000,696471,3.49496_3.49496_4.48991_3.49496_2.50000
96,696471,3.49496_3.49496_4.48991_3.49496_2.50000,298488,3.49496_2.50000_3.49496_3.49496_2.50000
96,298488,3.49496_2.50000_3.49496_3.49496_2.50000,298488,3.49496_2.50000_3.49496_2.50000_3.49496
96,298488,3.49496_2.50000_3.49496_2.50000_3.49496,198992,3.49496_2.50000_2.50000_2.50000_3.49496
96,198992,3.49496_2.50000_2.50000_2.50000_3.49496,99496,2.50000_2.50000_2.50000_1.50504_2.50000
96,99496,2.50000_2.50000_2.50000_1.50504_2.50000,99496,2.50000_2.50000_2.50000_1.50504_2.50000
96,99496,2.50000_2.50000_2.50000_1.50504_2.50000,99496,2.50000_2.50000_2.50000_1.50504_2.50000
96,99496,2.50000_2.50000_2.50000_1.50504_2.50000,0,2.50000_2.50000_2.50000_2.50000_2.50000
96,0,2.50000_2.50000_2.50000_2.50000_2.50000,0,2.50000_2.50000_2.50000_2.50000_2.50000
96,0,2.50000_2.50000_2.50000_2.50000_2.50000,0,2.50000_2.50000_2.50000_2.50000_2.50000
96,0,2.50000_2.50000_2.50000_2.50000_2.50000,0,2.50000_2.50000_2.50000_2.50000_2.50000
96,0,2.50000_2.50000_2.50000_2.50000_2.50000,0,2.50000_2.50000_2.50000_2.50000_2.50000
96,0,2.50000_2.50000_2.50000_2.50000_2.50000,0,2.50000_2.50000_2.50000_2.50000_2.50000
96,0,2.50000_2.50000_2.50000_2.50000_2.50000,0,2.50000_2.50000_2.50000_2.50000_2.50000
96,0,2.50000_2.50000_2.50000_2.50000_2.50000,0,2.50000_2.50000_2.50000_2.50000_2.50000
96,0,2.50000_2.50000_2.50000_2.50000_2.50000,0,2.50000_2.50000_2.50000_2.50000_2.50000
96,0,2.50000_2.50000_2.50000_2.50000_2.50000,0,2.50000_2.50000_2.50000_2.50000_2.50000
96,0,2.50000_2.50000_2.50000_2.50000_2.50000,0,2.50000_2.50000_2.50000_2.50000_2.50000
96,0,2.50000_2.50000_2.50000_2.50000_2.50000,0,2.50000_2.50000_2.50000_2.50000_2.50000
96,0,2.50000_2.50000_2.50000_2.50000_2.50000,0,2.50000_2.50000_2.50000_2.50000_2.50000
96,0,2.50000_2.50000_2.50000_2.50000_2.50000,0,2.50000_2.50000_2.50000_2.50000_2.50000
96,0,2.50000_2.50000_2.50000_2.50000_2.50000,0,2.50000_2.50000_2.50000_2.50000_2.50000
96,0,2.50000_2.50000_2.50000_2.50000_2.50000,0,2.50000_2.50000_2.50000_2.50000_2.50000
96,0,2.50000_2.50000_2.50000_2.50000_2.50000,0,2.50000_2.50000_2.50000_2.50000_2.50000
96,0,2.50000_2.50000_2.50000_2.50000_2.50000,0,2.50000_2.50000_2.50000_2.50000_2.50000
97,7079441,4.48214_-4.49761_-2.50210_2.48665_3.48438,6964609,4.48991_-4.46442_-0.48486_4.48991_4.48991
97,6964609,4.48991_-4.46442_-0.48486_4.48991_4.48991,2487387,4.48991_-1.47979_0.51009_1.50504_2.50000
97,2487387,4.48991_-1.47979_0.51009_1.50504_2.50000,1392939,4.48991_-0.48486_1.50504_2.50000_2.50000
97,1392939,4.48991_-0.48486_1.50504_2.50000_2.50000,397983,2.50000_0.51009_2.50000_2.50000_2.50000
97,397983,2.50000_0.51009_2.50000_2.50000_2.50000,198992,3.49496_1.50504_2.50000_2.50000_2.50000
97,198992,3.49496_1.50504_2.50000_2.50000_2.50000,198992,2.50000_2.50000_3.49496_3.49496_2.50000
97,198992,2.50000_2.50000_3.49496_3.49496_2.50000,198992,3.49496_2.50000_1.50504_2.50000_2.50000
97,198992,3.49496_2.50000_1.50504_2.50000_2.50000,198992,3.49496_2.50000_2.50000_1.50504_2.50000
97,198992,3.49496_2.50000_2.50000_1.50504_2.50000,198992,3.49496_2.50000_2.50000_1.50504_2.50000
97,198992,3.49496_2.50000_2.50000_1.50504_2.50000,99496,3.49496_2.50000_2.50000_2.50000_2.50000
97,99496,3.49496_2.50000_2.50000_2.50000_2.50000,99496,2.50000_1.50504_2.50000_2.50000_2.50000
97,99496,2.50000_1.50504_2.50000_2.50000_2.50000,99496,2.50000_2.50000_2.50000_1.50504_2.50000
97,99496,2.50000_2.50000_2.50000_1.50504_2.50000,99496,2.50000_2.50000_2.50000_1.50504_2.50000
97,99496,2.50000_2.50000_2.50000_1.50504_2.50000,99496,2.50000_2.50000_2.50000_1.50504_2.50000
97,99496,2.50000_2.50000_2.50000_1.50504_2.50000,99496,2.50000_2.50000_1.50504_2.50000_2.50000
97,99496,2.50000_2.50000_1.50504_2.50000_2.50000,0,2.50000_2.50000_2.50000_2.50000_2.50000
97,0,2.50000_2.50000_2.50000_2.50000_2.50000,0,2.50000_2.50000_2.50000_2.50000_2.50000
97,0,2.50000_2.50000_2.50000_2.50000_2.50000,0,2.50000_2.50000_2.50000_2.50000_2.50000
97,0,2.50000_2.50000_2.50000_2.50000_2.50000,0,2.50000_2.50000_2.50000_2.50000_2.50000
97,0,2.50000_2.50000_2.50000_2.50000_2.50000,0,2.50000_2.50000_2.50000_2.50000_2.50000
97,0,2.50000_2.50000_2.50000_2.50000_2.50000,0,2.50000_2.50000_2.50000_2.50000_2.50000
97,0,2.50000_2.50000_2.50000_2.50000_2.50000,0,2.50000_2.50000_2.50000_2.50000_2.50000
97,0,2.50000_2.50000_2.50000_2.50000_2.50000,0,2.50000_2.50000_2.50000_2.50000_2.50000
97,0,2.50000_2.50000_2.50000_2.50000_2.50000,0,2.50000_2.50000_2.50000_2.50000_2.50000
97,0,2.50000_2.50000_2.50000_2.50000_2.50000,0,2.50000_2.50000_2.50000_2.50000_2.50000
97,0,2.50000_2.50000_2.50000_2.50000_2.50000,0,2.50000_2.50000_2.50000_2.50000_2.50000
97,0,2.50000_2.50000_2.50000_2.50000_2.50000,0,2.50000_2.50000_2.50000_2.50000_2.50000
97,0,2.50000_2.50000_2.50000_2.50000_2.50000,0,2.50000_2.50000_2.50000_2.50000_2.50000
97,0,2.50000_2.50000_2.50000_2.50000_2.50000,0,2.50000_2.50000_2.50000_2.50000_2.50000
97,0,2.50000_2.50000_2.50000_2.50000_2.50000,0,2.50000_2.50000_2.50000_2.50000_2.50000
97,0,2.50000_2.50000_2.50000_2.50000_2.50000,0,2.50000_2.50000_2.50000_2.50000_2.50000
97,0,2.50000_2.50000_2.50000_2.50000_2.50000,0,2.50000_2.50000_2.50000_2.50000_2.50000
97,0,2.50000_2.50000_2.50000_2.50000_2.50000,0,2.50000_2.50000_2.50000_2.50000_2.50000
97,0,2.50000_2.50000_2.50000_2.50000_2.50000,0,2.50000_2.50000_2.50000_2.50000_2.50000
97,0,2.50000_2.50000_2.50000_2.50000_2.50000,0,2.50000_2.50000_2.50000_2.50000_2.50000
97,0,2.50000_2.50000_2.50000_2.50000_2.50000,0,2.50000_2.50000_2.50000_2.50000_2.50000
97,0,2.50000_2.50000_2.50000_2.50000_2.50000,0,2.50000_2.50000_2.50000_2.50000_2.50000
97,0,2.50000_2.50000_2.50000_2.50000_2.50000,0,2.50000_2.50000_2.50000_2.50000_2.50000
97,0,2.50000_2.50000_2.50000_2.50000_2.50000,0,2.50000_2.50000_2.50000_2.50000_2.50000
97,0,2.50000_2.50000_2.50000_2.50000_2.50000,0,2.50000_2.50000_2.50000_2.50000_2.50000
97,0,2.50000_2.50000_2.50000_2.50000_2.50000,0,2.50000_2.50000_2.50000_2.50000_2.50000
97,0,2.50000_2.50000_2.50000_2.50000_2.50000,0,2.50000_2.50000_2.50000_2.50000_2.50000
98,2700926,-2.50211_2.48665_-1.50435_-0.50660_-4.49761,2168792,-1.50435_1.48890_-2.50210_-0.50660_-3.49986
98,2168792,-1.50435_1.48890_-2.50210_-0.50660_-3.49986,1431715,-2.50210_0.49115_-3.49986_-2.50210_-1.50435
98,1431715,-2.50210_0.49115_-3.49986_-2.50210_-1.50435,999456,-2.50211_-0.50660_-3.49986_-2.50210_-2.50210
98,999456,-2.50211_-0.50660_-3.49986_-2.50210_-2.50210,999456,-3.49986_-0.50660_-2.50211_-2.50210_-2.50211
98,999456,-3.49986_-0.50660_-2.50211_-2.50210_-2.50211,783327,-2.50210_-1.50435_-2.50210_-3.49986_-2.50210
98,783327,-2.50210_-1.50435_-2.50210_-3.49986_-2.50210,694638,-2.50210_-2.50210_-2.50210_-2.50211_-2.50210
98,694638,-2.50210_-2.50210_-2.50210_-2.50211_-2.50210,655886,-2.50210_-2.50210_-2.50210_-3.49986_-2.50211
98,655886,-2.50210_-2.50210_-2.50210_-3.49986_-2.50211,539633,-2.50211_-3.49986_-3.49986_-3.49986_-3.49986
98,539633,-2.50211_-3.49986_-3.49986_-3.49986_-3.49986,539633,-2.50211_-3.49986_-3.49986_-3.49986_-3.49986
98,539633,-2.50211_-3.49986_-3.49986_-3.49986_-3.49986,539633,-3.49986_-3.49986_-2.50210_-3.49986_-3.49986
98,539633,-3.49986_-3.49986_-2.50210_-3.49986_-3.49986,539633,-3.49986_-3.49986_-2.50210_-3.49986_-3.49986
98,539633,-3.49986_-3.49986_-2.50210_-3.49986_-3.49986,500882,-3.49986_-3.49986_-3.49986_-3.49986_-3.49986
98,500882,-3.49986_-3.49986_-3.49986_-3.49986_-3.49986,500882,-3.49986_-3.49986_-3.49986_-3.49986_-3.49986
98,500882,-3.49986_-3.49986_-3.49986_-3.49986_-3.49986,500882,-3.49986_-3.49986_-3.49986_-3.49986_-3.49986
98,500882,-3.49986_-3.49986_-3.49986_-3.49986_-3.49986,500882,-3.49986_-3.49986_-3.49986_-3.49986_-3.49986
98,500882,-3.49986_-3.49986_-3.49986_-3.49986_-3.49986,500882,-3.49986_-3.49986_-3.49986_-3.49986_-3.49986
98,500882,-3.49986_-3.49986_-3.49986_-3.49986_-3.49986,500882,-3.49986_-3.49986_-3.49986_-3.49986_-3.49986
98,500882,-3.49986_-3.49986_-3.49986_-3.49986_-3.49986,500882,-3.49986_-3.49986_-3.49986_-3.49986_-3.49986
98,500882,-3.49986_-3.49986_-3.49986_-3.49986_-3.49986,500882,-3.49986_-3.49986_-3.49986_-3.49986_-3.49986
98,500882,-3.49986_-3.49986_-3.49986_-3.49986_-3.49986,497480,1.50504_1.50504_1.50504_1.50504_1.50504
98,497480,1.50504_1.50504_1.50504_1.50504_1.50504,298488,1.50504_2.50000_2.50000_1.50504_1.50504
98,298488,1.50504_2.50000_2.50000_1.50504_1.50504,198992,1.50504_2.50000_2.50000_2.50000_1.50504
98,198992,1.50504_2.50000_2.50000_2.50000_1.50504,99496,2.50000_3.49496_2.50000_2.50000_2.50000
98,99496,2.50000_3.49496_2.50000_2.50000_2.50000,99496,2.50000_3.49496_2.50000_2.50000_2.50000
98,99496,2.50000_3.49496_2.50000_2.50000_2.50000,99496,2.50000_3.49496_2.50000_2.50000_2.50000
98,99496,2.50000_3.49496_2.50000_2.50000_2.50000,99496,2.50000_2.50000_2.50000_3.49496_2.50000
98,99496,2.50000_2.50000_2.50000_3.49496_2.50000,99496,2.50000_2.50000_2.50000_3.49496_2.50000
98,99496,2.50000_2.50000_2.50000_3.49496_2.50000,0,2.50000_2.50000_2.50000_2.50000_2.50000
98,0,2.50000_2.50000_2.50000_2.50000_2.50000,0,2.50000_2.50000_2.50000_2.50000_2.50000
98,0,2.50000_2.50000_2.50000_2.50000_2.50000,0,2.50000_2.50000_2.50000_2.50000_2.50000
98,0,2.50000_2.50000_2.50000_2.50000_2.50000,0,2.50000_2.50000_2.50000_2.50000_2.50000
98,0,2.50000_2.50000_2.50000_2.50000_2.50000,0,2.50000_2.50000_2.50000_2.50000_2.50000
98,0,2.50000_2.50000_2.50000_2.50000_2.50000,0,2.50000_2.50000_2.50000_2.50000_2.50000
98,0,2.50000_2.50000_2.50000_2.50000_2.50000,0,2.50000_2.50000_2.50000_2.50000_2.50000
98,0,2.50000_2.50000_2.50000_2.50000_2.50000,0,2.50000_2.50000_2.50000_2.50000_2.50000
98,0,2.50000_2.50000_2.50000_2.50000_2.50000,0,2.50000_2.50000_2.50000_2.50000_2.50000
98,0,2.50000_2.50000_2.50000_2.50000_2.50000,0,2.50000_2.50000_2.50000_2.50000_2.50000
98,0,2.50000_2.50000_2.50000_2.50000_2.50000,0,2.50000_2.50000_2.50000_2.50000_2.50000
98,0,2.50000_2.50000_2.50000_2.50000_2.50000,0,2.50000_2.50000_2.50000_2.50000_2.50000
98,0,2.50000_2.50000_2.50000_2.50000_2.50000,0,2.50000_2.50000_2.50000_2.50000_2.50000
98,0,2.50000_2.50000_2.50000_2.50000_2.50000,0,2.50000_2.50000_2.50000_2.50000_2.50000
98,0,2.50000_2.50000_2.50000_2.50000_2.50000,0,2.50000_2.50000_2.50000_2.50000_2.50000
98,0,2.50000_2.50000_2.50000_2.50000_2.50000,0,2.50000_2.50000_2.50000_2.50000_2.50000
99,2188899,2.50000_0.51009_-1.47978_3.49497_1.50504,1989907,2.50000_0.51009_-1.47978_2.50000_2.49999
99,1989907,2.50000_0.51009_-1.47978_2.50000_2.49999,1193948,1.50504_2.49999_-0.48485_3.49496_3.49496
99,1193948,1.50504_2.49999_-0.48485_3.49496_3.49496,298488,2.50000_3.49496_1.50504_3.49496_2.50000
99,298488,2.50000_3.49496_1.50504_3.49496_2.50000,298488,2.50000_3.49496_1.50504_3.49496_2.50000
99,298488,2.50000_3.49496_1.50504_3.49496_2.50000,198992,2.50000_2.50000_1.50504_3.49496_2.50000
99,198992,2.50000_2.50000_1.50504_3.49496_2.50000,198992,2.50000_1.50504_2.50000_3.49496_2.50000
99,198992,2.50000_1.50504_2.50000_3.49496_2.50000,198992,2.50000_1.50504_2.50000_3.49496_2.50000
99,198992,2.50000_1.50504_2.50000_3.49496_2.50000,99496,2.50000_2.50000_1.50504_2.50000_2.50000
99,99496,2.50000_2.50000_1.50504_2.50000_2.50000,99496,2.50000_2.50000_1.50504_2.50000_2.50000
99,99496,2.50000_2.50000_1.50504_2.50000_2.50000,0,2.50000_2.50000_2.50000_2.50000_2.50000
99,0,2.50000_2.50000_2.50000_2.50000_2.50000,0,2.50000_2.50000_2.50000_2.50000_2.50000
99,0,2.50000_2.50000_2.50000_2.50000_2.50000,0,2.50000_2.50000_2.50000_2.50000_2.50000
99,0,2.50000_2.50000_2.50000_2.50000_2.50000,0,2.50000_2.50000_2.50000_2.50000_2.50000
99,0,2.50000_2.50000_2.50000_2.50000_2.50000,0,2.50000_2.50000_2.50000_2.50000_2.50000
99,0,2.50000_2.50000_2.50000_2.50000_2.50000,0,2.50000_2.50000_2.50000_2.50000_2.50000
99,0,2.50000_2.50000_2.50000_2.50000_2.50000,0,2.50000_2.50000_2.50000_2.50000_2.50000
99,0,2.50000_2.50000_2.50000_2.50000_2.50000,0,2.50000_2.50000_2.50000_2.50000_2.50000
99,0,2.50000_2.50000_2.50000_2.50000_2.50000,0,2.50000_2.50000_2.50000_2.50000_2.50000
99,0,2.50000_2.50000_2.50000_2.50000_2.50000,0,2.50000_2.50000_2.50000_2.50000_2.50000
99,0,2.50000_2.50000_2.50000_2.50000_2.50000,0,2.50000_2.50000_2.50000_2.50000_2.50000
99,0,2.50000_2.50000_2.50000_2.50000_2.50000,0,2.50000_2.50000_2.50000_2.50000_2.50000
99,0,2.50000_2.50000_2.50000_2.50000_2.50000,0,2.50000_2.50000_2.50000_2.50000_2.50000
99,0,2.50000_2.50000_2.50000_2.50000_2.50000,0,2.50000_2.50000_2.50000_2.50000_2.50000
99,0,2.50000_2.50000_2.50000_2.50000_2.50000,0,2.50000_2.50000_2.50000_2.50000_2.50000
99,0,2.50000_2.50000_2.50000_2.50000_2.50000,0,2.50000_2.50000_2.50000_2.50000_2.50000
99,0,2.50000_2.50000_2.50000_2.50000_2.50000,0,2.50000_2.50000_2.50000_2.50000_2.50000
99,0,2.50000_2.50000_2.50000_2.50000_2.50000,0,2.50000_2.50000_2.50000_2.50000_2.50000
99,0,2.50000_2.50000_2.50000_2.50000_2.50000,0,2.50000_2.50000_2.50000_2.50000_2.50000
99,0,2.50000_2.50000_2.50000_2.50000_2.50000,0,2.50000_2.50000_2.50000_2.50000_2.50000
99,0,2.50000_2.50000_2.50000_2.50000_2.50000,0,2.50000_2.50000_2.50000_2.50000_2.50000
100,1691428,4.48991_0.51009_0.51009_1.50504_0.51009,1691420,1.50504_2.50000_2.50000_2.50000_-1.47978
100,1691420,1.50504_2.50000_2.50000_2.50000_-1.47978,1293445,0.51009_3.49496_0.51009_2.50000_0.51009
100,1293445,0.51009_3.49496_0.51009_2.50000_0.51009,994958,1.50504_2.50000_0.51009_3.49496_0.51009
100,994958,1.50504_2.50000_0.51009_3.49496_0.51009,795967,1.50504_1.50504_1.50504_3.49496_0.51009
100,795967,1.50504_1.50504_1.50504_3.49496_0.51009,596975,1.50504_1.50504_2.50000_2.50000_0.51009
100,596975,1.50504_1.50504_2.50000_2.50000_0.51009,198992,1.50504_2.50000_2.50000_2.50000_1.50504
100,198992,1.50504_2.50000_2.50000_2.50000_1.50504,198992,2.50000_3.49496_2.50000_1.50504_2.50000
100,198992,2.50000_3.49496_2.50000_1.50504_2.50000,99496,1.50504_2.50000_2.50000_2.50000_2.50000
100,99496,1.50504_2.50000_2.50000_2.50000_2.50000,99496,2.50000_2.50000_2.50000_1.50504_2.50000
100,99496,2.50000_2.50000_2.50000_1.50504_2.50000,99496,2.50000_2.50000_2.50000_1.50504_2.50000
100,99496,2.50000_2.50000_2.50000_1.50504_2.50000,0,2.50000_2.50000_2.50000_2.50000_2.50000
100,0,2.50000_2.50000_2.50000_2.50000_2.50000,0,2.50000_2.50000_2.50000_2.50000_2.50000
100,0,2.50000_2.50000_2.50000_2.50000_2.50000,0,2.50000_2.50000_2.50000_2.50000_2.50000
100,0,2.50000_2.50000_2.50000_2.50000_2.50000,0,2.50000_2.50000_2.50000_2.50000_2.50000
100,0,2.50000_2.50000_2.50000_2.50000_2.50000,0,2.50000_2.50000_2.50000_2.50000_2.50000
100,0,2.50000_2.50000_2.50000_2.50000_2.50000,0,2.50000_2.50000_2.50000_2.50000_2.50000
100,0,2.50000_2.50000_2.50000_2.50000_2.50000,0,2.50000_2.50000_2.50000_2.50000_2.50000
100,0,2.50000_2.50000_2.50000_2.50000_2.50000,0,2.50000_2.50000_2.50000_2.50000_2.50000
100,0,2.50000_2.50000_2.50000_2.50000_2.50000,0,2.50000_2.50000_2.50000_2.50000_2.50000
100,0,2.50000_2.50000_2.50000_2.50000_2.50000,0,2.50000_2.50000_2.50000_2.50000_2.50000
100,0,2.50000_2.50000_2.50000_2.50000_2.50000,0,2.50000_2.50000_2.50000_2.50000_2.50000
100,0,2.50000_2.50000_2.50000_2.50000_2.50000,0,2.50000_2.50000_2.50000_2.50000_2.50000
100,0,2.50000_2.50000_2.50000_2.50000_2.50000,0,2.50000_2.50000_2.50000_2.50000_2.50000
100,0,2.50000_2.50000_2.50000_2.50000_2.50000,0,2.50000_2.50000_2.50000_2.50000_2.50000
100,0,2.50000_2.50000_2.50000_2.50000_2.50000,0,2.50000_2.50000_2.50000_2.50000_2.50000
100,0,2.50000_2.50000_2.50000_2.50000_2.50000,0,2.50000_2.50000_2.50000_2.50000_2.50000
100,0,2.50000_2.50000_2.50000_2.50000_2.50000,0,2.50000_2.50000_2.50000_2.50000_2.50000
100,0,2.50000_2.50000_2.50000_2.50000_2.50000,0,2.50000_2.50000_2.50000_2.50000_2.50000
100,0,2.50000_2.50000_2.50000_2.50000_2.50000,0,2.50000_2.50000_2.50000_2.50000_2.50000
100,0,2.50000_2.50000_2.50000_2.50000_2.50000,0,2.50000_2.50000_2.50000_2.50000_2.50000
100,0,2.50000_2.50000_2.50000_2.50000_2.50000,0,2.50000_2.50000_2.50000_2.50000_2.50000
100,0,2.50000_2.50000_2.50000_2.50000_2.50000,0,2.50000_2.50000_2.50000_2.50000_2.50000
100,0,2.50000_2.50000_2.50000_2.50000_2.50000,0,2.50000_2.50000_2.50000_2.50000_2.50000
