run,fit1,node1,fit2,node2
1,4974759,1.98991_4.97469_-0.99496_-1.98991_-3.97978,2984864,0.00000_1.98991_0.99496_-2.98486_-3.97978
1,2984864,0.00000_1.98991_0.99496_-2.98486_-3.97978,2288399,-2.98485_2.98485_-1.98991_0.99495_0.00000
1,2288399,-2.98485_2.98485_-1.98991_0.99495_0.00000,1492435,-0.99496_0.99496_-2.98486_0.00000_-1.98991
1,1492435,-0.99496_0.99496_-2.98486_0.00000_-1.98991,1293445,0.00000_1.98991_-1.98991_0.99496_-1.98991
1,1293445,0.00000_1.98991_-1.98991_0.99496_-1.98991,298488,0.00000_0.99496_-0.99496_0.00000_-0.99496
1,298488,0.00000_0.99496_-0.99496_0.00000_-0.99496,198992,0.00000_0.00000_0.00000_0.99496_-0.99496
1,198992,0.00000_0.00000_0.00000_0.99496_-0.99496,198992,0.99496_0.00000_0.00000_0.00000_-0.99496
1,198992,0.99496_0.00000_0.00000_0.00000_-0.99496,99496,0.00000_0.00000_0.00000_0.00000_-0.99496
1,99496,0.00000_0.00000_0.00000_0.00000_-0.99496,99496,0.00000_0.00000_0.00000_0.00000_-0.99496
1,99496,0.00000_0.00000_0.00000_0.00000_-0.99496,99496,0.00000_0.00000_0.00000_0.00000_-0.99496
1,99496,0.00000_0.00000_0.00000_0.00000_-0.99496,99496,0.00000_0.00000_-0.99496_0.00000_0.00000
1,99496,0.00000_0.00000_-0.99496_0.00000_0.00000,99496,0.00000_0.00000_0.00000_0.00000_0.99496
1,99496,0.00000_0.00000_0.00000_0.00000_0.99496,99496,0.00000_0.00000_0.00000_0.00000_0.99496
1,99496,0.00000_0.00000_0.00000_0.00000_0.99496,99496,-0.99496_0.00000_0.00000_0.00000_0.00000
1,99496,-0.99496_0.00000_0.00000_0.00000_0.00000,99496,-0.99496_0.00000_0.00000_0.00000_0.00000
1,99496,-0.99496_0.00000_0.00000_0.00000_0.00000,99496,-0.99496_0.00000_0.00000_0.00000_0.00000
1,99496,-0.99496_0.00000_0.00000_0.00000_0.00000,99496,-0.99496_0.00000_0.00000_0.00000_0.00000
1,99496,-0.99496_0.00000_0.00000_0.00000_0.00000,99496,-0.99496_0.00000_0.00000_0.00000_0.00000
1,99496,-0.99496_0.00000_0.00000_0.00000_0.00000,99496,-0.99496_0.00000_0.00000_0.00000_0.00000
1,99496,-0.99496_0.00000_0.00000_0.00000_0.00000,99496,-0.99496_0.00000_0.00000_0.00000_0.00000
1,99496,-0.99496_0.00000_0.00000_0.00000_0.00000,99496,-0.99496_0.00000_0.00000_0.00000_0.00000
2,4974759,4.97469_3.97978_0.99496_1.98991_-1.98991,1691426,1.98991_2.98486_1.98991_0.00000_0.00000
2,1691426,1.98991_2.98486_1.98991_0.00000_0.00000,1591931,1.98991_2.98486_0.99496_-0.99496_0.99496
2,1591931,1.98991_2.98486_0.99496_-0.99496_0.99496,994958,1.98991_1.98991_0.99496_0.00000_0.99496
2,994958,1.98991_1.98991_0.99496_0.00000_0.99496,497479,1.98991_0.00000_0.00000_0.99496_0.00000
2,497479,1.98991_0.00000_0.00000_0.99496_0.00000,198992,0.99496_0.00000_0.99496_0.00000_0.00000
2,198992,0.99496_0.00000_0.99496_0.00000_0.00000,198992,0.99496_0.00000_0.99496_0.00000_0.00000
2,198992,0.99496_0.00000_0.99496_0.00000_0.00000,198992,0.99496_0.00000_0.00000_0.00000_0.99496
2,198992,0.99496_0.00000_0.00000_0.00000_0.99496,198992,0.99496_0.00000_0.00000_0.00000_0.99496
2,198992,0.99496_0.00000_0.00000_0.00000_0.99496,198992,0.99496_0.00000_0.00000_0.00000_0.99496
2,198992,0.99496_0.00000_0.00000_0.00000_0.99496,0,0.00000_0.00000_0.00000_0.00000_0.00000
2,0,0.00000_0.00000_0.00000_0.00000_0.00000,0,0.00000_0.00000_0.00000_0.00000_0.00000
3,3084359,-0.99496_-3.97978_-0.99496_-2.98486_-1.98991,1790922,-0.99496_-2.98486_0.00000_-1.98991_-1.98991
3,1790922,-0.99496_-2.98486_0.00000_-1.98991_-1.98991,1492435,0.00000_-2.98486_-0.99496_-1.98991_-0.99496
3,1492435,0.00000_-2.98486_-0.99496_-1.98991_-0.99496,795967,-0.99496_-1.98991_0.99496_-0.99496_0.99496
3,795967,-0.99496_-1.98991_0.99496_-0.99496_0.99496,198992,0.00000_-0.99496_0.00000_0.00000_0.99496
3,198992,0.00000_-0.99496_0.00000_0.00000_0.99496,198992,0.00000_0.00000_0.00000_0.99496_0.99496
3,198992,0.00000_0.00000_0.00000_0.99496_0.99496,198992,0.99496_0.00000_0.00000_0.99496_0.00000
3,198992,0.99496_0.00000_0.00000_0.99496_0.00000,198992,0.99496_0.00000_0.00000_0.99496_0.00000
3,198992,0.99496_0.00000_0.00000_0.99496_0.00000,198992,0.00000_0.00000_0.00000_0.99496_-0.99496
3,198992,0.00000_0.00000_0.00000_0.99496_-0.99496,198992,0.99496_0.00000_0.99496_0.00000_0.00000
3,198992,0.99496_0.00000_0.99496_0.00000_0.00000,198992,0.99496_0.00000_0.99496_0.00000_0.00000
3,198992,0.99496_0.00000_0.99496_0.00000_0.00000,198992,0.99496_0.00000_0.99496_0.00000_0.00000
3,198992,0.99496_0.00000_0.99496_0.00000_0.00000,99496,0.99496_0.00000_0.00000_0.00000_0.00000
3,99496,0.99496_0.00000_0.00000_0.00000_0.00000,99496,0.00000_0.00000_0.00000_0.00000_0.99496
3,99496,0.00000_0.00000_0.00000_0.00000_0.99496,99496,0.00000_0.00000_0.00000_0.00000_0.99496
3,99496,0.00000_0.00000_0.00000_0.00000_0.99496,99496,0.00000_-0.99496_0.00000_0.00000_0.00000
3,99496,0.00000_-0.99496_0.00000_0.00000_0.00000,99496,0.00000_-0.99496_0.00000_0.00000_0.00000
3,99496,0.00000_-0.99496_0.00000_0.00000_0.00000,99496,0.00000_-0.99496_0.00000_0.00000_0.00000
3,99496,0.00000_-0.99496_0.00000_0.00000_0.00000,99496,0.00000_-0.99496_0.00000_0.00000_0.00000
3,99496,0.00000_-0.99496_0.00000_0.00000_0.00000,99496,0.00000_-0.99496_0.00000_0.00000_0.00000
3,99496,0.00000_-0.99496_0.00000_0.00000_0.00000,99496,0.00000_-0.99496_0.00000_0.00000_0.00000
4,3084347,0.00001_-0.99496_1.98992_-0.99496_4.97469,2089409,2.98486_1.98991_-1.98991_1.98991_0.00000
4,2089409,2.98486_1.98991_-1.98991_1.98991_0.00000,1890418,1.98991_1.98991_-0.99496_2.98486_-0.99496
4,1890418,1.98991_1.98991_-0.99496_2.98486_-0.99496,696471,0.99496_1.98991_0.00000_0.99496_-0.99496
4,696471,0.99496_1.98991_0.00000_0.99496_-0.99496,596975,1.98991_0.99496_-0.99496_0.00000_0.00000
4,596975,1.98991_0.99496_-0.99496_0.00000_0.00000,397984,0.99496_0.99496_-0.99496_0.00000_-0.99496
4,397984,0.99496_0.99496_-0.99496_0.00000_-0.99496,198992,0.99496_0.00000_-0.99496_0.00000_0.00000
4,198992,0.99496_0.00000_-0.99496_0.00000_0.00000,198992,0.99496_0.00000_-0.99496_0.00000_0.00000
4,198992,0.99496_0.00000_-0.99496_0.00000_0.00000,198992,0.99496_0.00000_0.00000_0.00000_-0.99496
4,198992,0.99496_0.00000_0.00000_0.00000_-0.99496,198992,0.00000_0.00000_0.00000_-0.99496_-0.99496
4,198992,0.00000_0.00000_0.00000_-0.99496_-0.99496,198992,0.99496_0.00000_0.00000_0.00000_-0.99496
4,198992,0.99496_0.00000_0.00000_0.00000_-0.99496,198992,0.00000_0.00000_0.00000_-0.99496_-0.99496
4,198992,0.00000_0.00000_0.00000_-0.99496_-0.99496,198992,0.00000_0.00000_0.00000_-0.99496_-0.99496
4,198992,0.00000_0.00000_0.00000_-0.99496_-0.99496,99496,0.00000_0.99496_0.00000_0.00000_0.00000
4,99496,0.00000_0.99496_0.00000_0.00000_0.00000,99496,0.00000_0.00000_0.00000_0.00000_0.99496
4,99496,0.00000_0.00000_0.00000_0.00000_0.99496,99496,0.00000_0.00000_0.00000_0.00000_0.99496
4,99496,0.00000_0.00000_0.00000_0.00000_0.99496,99496,0.00000_0.00000_0.00000_0.00000_0.99496
4,99496,0.00000_0.00000_0.00000_0.00000_0.99496,99496,0.00000_0.00000_0.00000_0.00000_0.99496
4,99496,0.00000_0.00000_0.00000_0.00000_0.99496,99496,0.00000_0.00000_0.00000_0.00000_0.99496
4,99496,0.00000_0.00000_0.00000_0.00000_0.99496,99496,0.00000_0.00000_0.00000_0.00000_0.99496
4,99496,0.00000_0.00000_0.00000_0.00000_0.99496,99496,0.00000_0.00000_0.00000_0.00000_0.99496
4,99496,0.00000_0.00000_0.00000_0.00000_0.99496,99496,0.00000_0.00000_0.00000_0.00000_0.99496
4,99496,0.00000_0.00000_0.00000_0.00000_0.99496,99496,0.00000_0.00000_0.00000_0.00000_0.99496
4,99496,0.00000_0.00000_0.00000_0.00000_0.99496,99496,0.00000_0.00000_0.00000_0.00000_0.99496
4,99496,0.00000_0.00000_0.00000_0.00000_0.99496,99496,0.00000_-0.99496_0.00000_0.00000_0.00000
4,99496,0.00000_-0.99496_0.00000_0.00000_0.00000,99496,0.00000_-0.99496_0.00000_0.00000_0.00000
4,99496,0.00000_-0.99496_0.00000_0.00000_0.00000,99496,-0.99496_0.00000_0.00000_0.00000_0.00000
5,1492435,-2.98485_1.98991_0.99496_0.00000_0.99496,1392939,-2.98486_1.98991_0.00000_-0.99496_0.00000
5,1392939,-2.98486_1.98991_0.00000_-0.99496_0.00000,795966,-1.98991_1.98991_0.00000_0.00000_0.00000
5,795966,-1.98991_1.98991_0.00000_0.00000_0.00000,696471,-1.98991_0.99496_-0.99496_0.00000_0.99496
5,696471,-1.98991_0.99496_-0.99496_0.00000_0.99496,596975,-1.98991_0.00000_-0.99496_0.00000_0.99496
5,596975,-1.98991_0.00000_-0.99496_0.00000_0.99496,397984,-0.99496_0.00000_-0.99496_-0.99496_0.99496
5,397984,-0.99496_0.00000_-0.99496_-0.99496_0.99496,198992,-0.99496_0.00000_0.00000_0.00000_0.99496
5,198992,-0.99496_0.00000_0.00000_0.00000_0.99496,198992,-0.99496_0.00000_0.00000_0.00000_0.99496
5,198992,-0.99496_0.00000_0.00000_0.00000_0.99496,198992,0.00000_0.00000_0.00000_0.99496_0.99496
5,198992,0.00000_0.00000_0.00000_0.99496_0.99496,198992,0.00000_0.99496_0.00000_0.99496_0.00000
5,198992,0.00000_0.99496_0.00000_0.99496_0.00000,198992,0.00000_0.99496_0.00000_0.99496_0.00000
5,198992,0.00000_0.99496_0.00000_0.99496_0.00000,198992,0.00000_0.99496_0.00000_0.99496_0.00000
5,198992,0.00000_0.99496_0.00000_0.99496_0.00000,198992,0.00000_0.99496_0.00000_0.99496_0.00000
5,198992,0.00000_0.99496_0.00000_0.99496_0.00000,198992,0.00000_0.00000_0.99496_0.99496_0.00000
5,198992,0.00000_0.00000_0.99496_0.99496_0.00000,198992,0.00000_-0.99496_0.99496_0.00000_0.00000
5,198992,0.00000_-0.99496_0.99496_0.00000_0.00000,198992,0.00000_-0.99496_0.99496_0.00000_0.00000
5,198992,0.00000_-0.99496_0.99496_0.00000_0.00000,198992,0.00000_-0.99496_0.99496_0.00000_0.00000
5,198992,0.00000_-0.99496_0.99496_0.00000_0.00000,198992,0.00000_-0.99496_0.99496_0.00000_0.00000
5,198992,0.00000_-0.99496_0.99496_0.00000_0.00000,198992,0.00000_-0.99496_0.00000_-0.99496_0.00000
5,198992,0.00000_-0.99496_0.00000_-0.99496_0.00000,198992,0.00000_-0.99496_0.00000_-0.99496_0.00000
5,198992,0.00000_-0.99496_0.00000_-0.99496_0.00000,198992,0.00000_-0.99496_0.00000_-0.99496_0.00000
5,198992,0.00000_-0.99496_0.00000_-0.99496_0.00000,198992,0.00000_-0.99496_0.00000_-0.99496_0.00000
5,198992,0.00000_-0.99496_0.00000_-0.99496_0.00000,99496,0.99496_0.00000_0.00000_0.00000_0.00000
5,99496,0.99496_0.00000_0.00000_0.00000_0.00000,99496,0.00000_0.99496_0.00000_0.00000_0.00000
5,99496,0.00000_0.99496_0.00000_0.00000_0.00000,99496,0.00000_0.00000_-0.99496_0.00000_0.00000
5,99496,0.00000_0.00000_-0.99496_0.00000_0.00000,99496,0.00000_0.00000_0.00000_0.00000_0.99496
5,99496,0.00000_0.00000_0.00000_0.00000_0.99496,99496,0.00000_0.00000_0.00000_0.00000_0.99496
5,99496,0.00000_0.00000_0.00000_0.00000_0.99496,99496,0.00000_0.00000_0.00000_0.00000_0.99496
5,99496,0.00000_0.00000_0.00000_0.00000_0.99496,99496,0.00000_0.00000_0.00000_0.00000_0.99496
5,99496,0.00000_0.00000_0.00000_0.00000_0.99496,99496,-0.99496_0.00000_0.00000_0.00000_0.00000
6,3681334,2.98486_-3.97978_-1.98991_-1.98991_-1.98991,1492435,1.98991_0.00000_0.99496_0.99496_-2.98486
6,1492435,1.98991_0.00000_0.99496_0.99496_-2.98486,596975,0.99496_0.00000_0.00000_0.99496_-1.98991
6,596975,0.99496_0.00000_0.00000_0.99496_-1.98991,497479,1.98991_0.99496_0.00000_0.00000_0.00000
6,497479,1.98991_0.99496_0.00000_0.00000_0.00000,497479,1.98991_0.00000_-0.99496_0.00000_0.00000
6,497479,1.98991_0.00000_-0.99496_0.00000_0.00000,198992,0.99496_0.00000_-0.99496_0.00000_0.00000
6,198992,0.99496_0.00000_-0.99496_0.00000_0.00000,99496,0.00000_0.00000_-0.99496_0.00000_0.00000
6,99496,0.00000_0.00000_-0.99496_0.00000_0.00000,99496,0.00000_0.00000_-0.99496_0.00000_0.00000
6,99496,0.00000_0.00000_-0.99496_0.00000_0.00000,99496,0.00000_0.00000_-0.99496_0.00000_0.00000
6,99496,0.00000_0.00000_-0.99496_0.00000_0.00000,99496,0.00000_0.00000_0.00000_-0.99496_0.00000
6,99496,0.00000_0.00000_0.00000_-0.99496_0.00000,99496,0.00000_0.00000_0.00000_-0.99496_0.00000
6,99496,0.00000_0.00000_0.00000_-0.99496_0.00000,99496,0.00000_0.00000_0.00000_0.00000_0.99496
6,99496,0.00000_0.00000_0.00000_0.00000_0.99496,99496,0.00000_-0.99496_0.00000_0.00000_0.00000
6,99496,0.00000_-0.99496_0.00000_0.00000_0.00000,99496,-0.99496_0.00000_0.00000_0.00000_0.00000
6,99496,-0.99496_0.00000_0.00000_0.00000_0.00000,99496,-0.99496_0.00000_0.00000_0.00000_0.00000
6,99496,-0.99496_0.00000_0.00000_0.00000_0.00000,99496,-0.99496_0.00000_0.00000_0.00000_0.00000
6,99496,-0.99496_0.00000_0.00000_0.00000_0.00000,99496,-0.99496_0.00000_0.00000_0.00000_0.00000
6,99496,-0.99496_0.00000_0.00000_0.00000_0.00000,99496,-0.99496_0.00000_0.00000_0.00000_0.00000
6,99496,-0.99496_0.00000_0.00000_0.00000_0.00000,99496,-0.99496_0.00000_0.00000_0.00000_0.00000
6,99496,-0.99496_0.00000_0.00000_0.00000_0.00000,99496,-0.99496_0.00000_0.00000_0.00000_0.00000
7,6865161,4.97469_0.99496_4.97469_-2.98486_2.98486,497479,0.00000_-1.98991_0.00000_0.99496_0.00000
7,497479,0.00000_-1.98991_0.00000_0.99496_0.00000,198992,0.00000_-0.99496_0.00000_0.99496_0.00000
7,198992,0.00000_-0.99496_0.00000_0.99496_0.00000,198992,0.00000_-0.99496_-0.99496_0.00000_0.00000
7,198992,0.00000_-0.99496_-0.99496_0.00000_0.00000,198992,0.99496_0.00000_0.00000_0.00000_-0.99496
7,198992,0.99496_0.00000_0.00000_0.00000_-0.99496,198992,0.99496_0.00000_0.00000_0.00000_-0.99496
7,198992,0.99496_0.00000_0.00000_0.00000_-0.99496,198992,0.99496_0.00000_0.00000_0.00000_-0.99496
7,198992,0.99496_0.00000_0.00000_0.00000_-0.99496,198992,0.99496_0.00000_0.00000_0.00000_-0.99496
7,198992,0.99496_0.00000_0.00000_0.00000_-0.99496,99496,0.00000_0.00000_0.00000_0.99496_0.00000
7,99496,0.00000_0.00000_0.00000_0.99496_0.00000,99496,0.00000_0.00000_0.00000_0.99496_0.00000
7,99496,0.00000_0.00000_0.00000_0.99496_0.00000,99496,0.00000_0.00000_0.00000_0.00000_0.99496
7,99496,0.00000_0.00000_0.00000_0.00000_0.99496,99496,0.00000_-0.99496_0.00000_0.00000_0.00000
7,99496,0.00000_-0.99496_0.00000_0.00000_0.00000,99496,0.00000_-0.99496_0.00000_0.00000_0.00000
7,99496,0.00000_-0.99496_0.00000_0.00000_0.00000,99496,0.00000_-0.99496_0.00000_0.00000_0.00000
7,99496,0.00000_-0.99496_0.00000_0.00000_0.00000,99496,0.00000_-0.99496_0.00000_0.00000_0.00000
7,99496,0.00000_-0.99496_0.00000_0.00000_0.00000,99496,0.00000_-0.99496_0.00000_0.00000_0.00000
7,99496,0.00000_-0.99496_0.00000_0.00000_0.00000,99496,0.00000_-0.99496_0.00000_0.00000_0.00000
7,99496,0.00000_-0.99496_0.00000_0.00000_0.00000,99496,0.00000_-0.99496_0.00000_0.00000_0.00000
7,99496,0.00000_-0.99496_0.00000_0.00000_0.00000,99496,0.00000_-0.99496_0.00000_0.00000_0.00000
8,1492435,0.99496_2.98486_1.98991_0.00000_-0.99496,994958,0.00000_1.98991_1.98991_-0.99496_-0.99496
8,994958,0.00000_1.98991_1.98991_-0.99496_-0.99496,397984,-0.99496_0.00000_0.99496_0.99496_-0.99496
8,397984,-0.99496_0.00000_0.99496_0.99496_-0.99496,298488,-0.99496_0.00000_0.99496_0.99496_0.00000
8,298488,-0.99496_0.00000_0.99496_0.99496_0.00000,298488,-0.99496_-0.99496_0.99496_0.00000_0.00000
8,298488,-0.99496_-0.99496_0.99496_0.00000_0.00000,298488,-0.99496_-0.99496_0.99496_0.00000_0.00000
8,298488,-0.99496_-0.99496_0.99496_0.00000_0.00000,198992,-0.99496_-0.99496_0.00000_0.00000_0.00000
8,198992,-0.99496_-0.99496_0.00000_0.00000_0.00000,198992,-0.99496_-0.99496_0.00000_0.00000_0.00000
8,198992,-0.99496_-0.99496_0.00000_0.00000_0.00000,198992,0.00000_0.00000_0.00000_0.99496_-0.99496
8,198992,0.00000_0.00000_0.00000_0.99496_-0.99496,198992,0.00000_0.00000_0.00000_0.99496_-0.99496
8,198992,0.00000_0.00000_0.00000_0.99496_-0.99496,198992,0.00000_0.00000_-0.99496_0.00000_-0.99496
8,198992,0.00000_0.00000_-0.99496_0.00000_-0.99496,99496,0.00000_-0.99496_0.00000_0.00000_0.00000
8,99496,0.00000_-0.99496_0.00000_0.00000_0.00000,99496,0.00000_-0.99496_0.00000_0.00000_0.00000
8,99496,0.00000_-0.99496_0.00000_0.00000_0.00000,99496,0.00000_-0.99496_0.00000_0.00000_0.00000
8,99496,0.00000_-0.99496_0.00000_0.00000_0.00000,99496,0.00000_-0.99496_0.00000_0.00000_0.00000
8,99496,0.00000_-0.99496_0.00000_0.00000_0.00000,99496,0.00000_-0.99496_0.00000_0.00000_0.00000
8,99496,0.00000_-0.99496_0.00000_0.00000_0.00000,99496,-0.99496_0.00000_0.00000_0.00000_0.00000
8,99496,-0.99496_0.00000_0.00000_0.00000_0.00000,99496,-0.99496_0.00000_0.00000_0.00000_0.00000
8,99496,-0.99496_0.00000_0.00000_0.00000_0.00000,99496,-0.99496_0.00000_0.00000_0.00000_0.00000
8,99496,-0.99496_0.00000_0.00000_0.00000_0.00000,99496,-0.99496_0.00000_0.00000_0.00000_0.00000
8,99496,-0.99496_0.00000_0.00000_0.00000_0.00000,99496,-0.99496_0.00000_0.00000_0.00000_0.00000
8,99496,-0.99496_0.00000_0.00000_0.00000_0.00000,99496,-0.99496_0.00000_0.00000_0.00000_0.00000
8,99496,-0.99496_0.00000_0.00000_0.00000_0.00000,99496,-0.99496_0.00000_0.00000_0.00000_0.00000
8,99496,-0.99496_0.00000_0.00000_0.00000_0.00000,99496,-0.99496_0.00000_0.00000_0.00000_0.00000
8,99496,-0.99496_0.00000_0.00000_0.00000_0.00000,99496,-0.99496_0.00000_0.00000_0.00000_0.00000
8,99496,-0.99496_0.00000_0.00000_0.00000_0.00000,99496,-0.99496_0.00000_0.00000_0.00000_0.00000
9,2288399,-2.98486_0.00000_2.98486_1.98991_-0.99496,1989912,-0.99496_-0.99496_2.98486_2.98486_0.00000
9,1989912,-0.99496_-0.99496_2.98486_2.98486_0.00000,1989908,0.99496_0.99496_0.99496_3.97978_-0.99496
9,1989908,0.99496_0.99496_0.99496_3.97978_-0.99496,1094454,0.99496_0.99496_1.98991_1.98991_-0.99496
9,1094454,0.99496_0.99496_1.98991_1.98991_-0.99496,994958,0.99496_0.00000_1.98991_0.99496_-1.98991
9,994958,0.99496_0.00000_1.98991_0.99496_-1.98991,994958,1.98991_0.99496_0.00000_1.98991_-0.99496
9,994958,1.98991_0.99496_0.00000_1.98991_-0.99496,696471,0.00000_0.99496_-0.99496_0.99496_-1.98991
9,696471,0.00000_0.99496_-0.99496_0.99496_-1.98991,596975,0.00000_1.98991_-0.99496_0.00000_-0.99496
9,596975,0.00000_1.98991_-0.99496_0.00000_-0.99496,397984,0.99496_0.99496_-0.99496_0.99496_0.00000
9,397984,0.99496_0.99496_-0.99496_0.99496_0.00000,298488,0.99496_0.00000_-0.99496_0.00000_-0.99496
9,298488,0.99496_0.00000_-0.99496_0.00000_-0.99496,198992,0.00000_0.00000_-0.99496_0.00000_-0.99496
9,198992,0.00000_0.00000_-0.99496_0.00000_-0.99496,99496,0.00000_-0.99496_0.00000_0.00000_0.00000
9,99496,0.00000_-0.99496_0.00000_0.00000_0.00000,99496,0.00000_-0.99496_0.00000_0.00000_0.00000
9,99496,0.00000_-0.99496_0.00000_0.00000_0.00000,99496,0.00000_-0.99496_0.00000_0.00000_0.00000
9,99496,0.00000_-0.99496_0.00000_0.00000_0.00000,99496,0.00000_-0.99496_0.00000_0.00000_0.00000
9,99496,0.00000_-0.99496_0.00000_0.00000_0.00000,99496,-0.99496_0.00000_0.00000_0.00000_0.00000
10,2188905,-1.98991_0.99496_-1.98991_1.98991_-2.98486,1591931,-0.99496_0.99496_-1.98991_0.99496_-2.98486
10,1591931,-0.99496_0.99496_-1.98991_0.99496_-2.98486,994958,-0.99496_0.00000_-1.98991_0.99496_-1.98991
10,994958,-0.99496_0.00000_-1.98991_0.99496_-1.98991,795967,-0.99496_0.99496_-0.99496_1.98991_-0.99496
10,795967,-0.99496_0.99496_-0.99496_1.98991_-0.99496,596975,0.00000_0.99496_0.00000_0.99496_-1.98991
10,596975,0.00000_0.99496_0.00000_0.99496_-1.98991,298488,-0.99496_0.00000_-0.99496_0.00000_-0.99496
10,298488,-0.99496_0.00000_-0.99496_0.00000_-0.99496,198992,-0.99496_0.99496_0.00000_0.00000_0.00000
10,198992,-0.99496_0.99496_0.00000_0.00000_0.00000,198992,-0.99496_0.99496_0.00000_0.00000_0.00000
10,198992,-0.99496_0.99496_0.00000_0.00000_0.00000,198992,-0.99496_0.99496_0.00000_0.00000_0.00000
10,198992,-0.99496_0.99496_0.00000_0.00000_0.00000,198992,-0.99496_0.99496_0.00000_0.00000_0.00000
10,198992,-0.99496_0.99496_0.00000_0.00000_0.00000,198992,-0.99496_0.99496_0.00000_0.00000_0.00000
10,198992,-0.99496_0.99496_0.00000_0.00000_0.00000,198992,-0.99496_0.99496_0.00000_0.00000_0.00000
10,198992,-0.99496_0.99496_0.00000_0.00000_0.00000,198992,-0.99496_0.99496_0.00000_0.00000_0.00000
10,198992,-0.99496_0.99496_0.00000_0.00000_0.00000,198992,-0.99496_0.99496_0.00000_0.00000_0.00000
10,198992,-0.99496_0.99496_0.00000_0.00000_0.00000,99496,0.00000_0.00000_-0.99496_0.00000_0.00000
10,99496,0.00000_0.00000_-0.99496_0.00000_0.00000,99496,0.00000_0.00000_0.00000_-0.99496_0.00000
10,99496,0.00000_0.00000_0.00000_-0.99496_0.00000,99496,0.00000_0.00000_0.00000_0.00000_0.99496
10,99496,0.00000_0.00000_0.00000_0.00000_0.99496,99496,-0.99496_0.00000_0.00000_0.00000_0.00000
10,99496,-0.99496_0.00000_0.00000_0.00000_0.00000,99496,-0.99496_0.00000_0.00000_0.00000_0.00000
11,5969713,4.97469_-2.98486_-0.99496_3.97978_-2.98486,2686376,0.00000_-3.97978_-2.98486_-0.99496_0.99496
11,2686376,0.00000_-3.97978_-2.98486_-0.99496_0.99496,1392939,0.00000_-0.99496_-2.98486_-1.98991_0.00000
11,1392939,0.00000_-0.99496_-2.98486_-1.98991_0.00000,1193948,0.99496_-0.99496_-2.98486_-0.99496_0.00000
11,1193948,0.99496_-0.99496_-2.98486_-0.99496_0.00000,596975,0.99496_0.00000_-1.98991_-0.99496_0.00000
11,596975,0.99496_0.00000_-1.98991_-0.99496_0.00000,497480,0.99496_0.99496_-0.99496_-0.99496_-0.99496
11,497480,0.99496_0.99496_-0.99496_-0.99496_-0.99496,497479,0.00000_0.00000_-0.99496_0.00000_-1.98991
11,497479,0.00000_0.00000_-0.99496_0.00000_-1.98991,497479,0.99496_0.00000_0.00000_0.00000_-1.98991
11,497479,0.99496_0.00000_0.00000_0.00000_-1.98991,497479,0.99496_0.00000_0.00000_0.00000_-1.98991
11,497479,0.99496_0.00000_0.00000_0.00000_-1.98991,298488,0.99496_-0.99496_0.00000_0.00000_-0.99496
11,298488,0.99496_-0.99496_0.00000_0.00000_-0.99496,298488,0.99496_-0.99496_0.00000_0.00000_-0.99496
11,298488,0.99496_-0.99496_0.00000_0.00000_-0.99496,198992,0.00000_-0.99496_-0.99496_0.00000_0.00000
11,198992,0.00000_-0.99496_-0.99496_0.00000_0.00000,198992,0.00000_0.00000_-0.99496_0.00000_-0.99496
11,198992,0.00000_0.00000_-0.99496_0.00000_-0.99496,198992,0.00000_0.00000_-0.99496_0.00000_-0.99496
11,198992,0.00000_0.00000_-0.99496_0.00000_-0.99496,198992,0.00000_0.00000_-0.99496_0.00000_-0.99496
11,198992,0.00000_0.00000_-0.99496_0.00000_-0.99496,198992,0.00000_0.00000_-0.99496_0.00000_-0.99496
11,198992,0.00000_0.00000_-0.99496_0.00000_-0.99496,198992,0.00000_0.00000_-0.99496_0.00000_-0.99496
11,198992,0.00000_0.00000_-0.99496_0.00000_-0.99496,198992,0.00000_0.00000_-0.99496_0.00000_-0.99496
11,198992,0.00000_0.00000_-0.99496_0.00000_-0.99496,198992,0.00000_0.00000_-0.99496_0.00000_-0.99496
11,198992,0.00000_0.00000_-0.99496_0.00000_-0.99496,198992,0.00000_0.00000_-0.99496_0.00000_-0.99496
11,198992,0.00000_0.00000_-0.99496_0.00000_-0.99496,198992,0.00000_0.00000_-0.99496_0.00000_-0.99496
11,198992,0.00000_0.00000_-0.99496_0.00000_-0.99496,198992,0.00000_0.00000_-0.99496_0.00000_-0.99496
11,198992,0.00000_0.00000_-0.99496_0.00000_-0.99496,198992,0.00000_0.00000_-0.99496_0.00000_-0.99496
11,198992,0.00000_0.00000_-0.99496_0.00000_-0.99496,198992,0.00000_0.00000_-0.99496_0.00000_-0.99496
11,198992,0.00000_0.00000_-0.99496_0.00000_-0.99496,99496,0.00000_0.00000_-0.99496_0.00000_0.00000
11,99496,0.00000_0.00000_-0.99496_0.00000_0.00000,99496,-0.99496_0.00000_0.00000_0.00000_0.00000
11,99496,-0.99496_0.00000_0.00000_0.00000_0.00000,99496,-0.99496_0.00000_0.00000_0.00000_0.00000
11,99496,-0.99496_0.00000_0.00000_0.00000_0.00000,99496,-0.99496_0.00000_0.00000_0.00000_0.00000
11,99496,-0.99496_0.00000_0.00000_0.00000_0.00000,0,0.00000_0.00000_0.00000_0.00000_0.00000
12,5074253,-4.97469_0.00000_0.99496_-3.97978_-2.98486,4278301,-3.97978_0.99496_0.99496_-3.97978_-2.98486
12,4278301,-3.97978_0.99496_0.99496_-3.97978_-2.98486,4079309,-2.98486_0.00000_0.00000_-3.97978_-3.97978
12,4079309,-2.98486_0.00000_0.00000_-3.97978_-3.97978,1790916,0.00000_3.97978_0.00000_-0.99496_0.99496
12,1790916,0.00000_3.97978_0.00000_-0.99496_0.99496,1591932,-1.98991_0.00000_1.98991_1.98991_-1.98991
12,1591932,-1.98991_0.00000_1.98991_1.98991_-1.98991,994958,-1.98991_0.99496_0.00000_0.99495_-1.98991
12,994958,-1.98991_0.99496_0.00000_0.99495_-1.98991,696471,-0.99496_0.99496_-0.99496_0.00000_-1.98991
12,696471,-0.99496_0.99496_-0.99496_0.00000_-1.98991,596975,0.00000_0.99496_-0.99496_0.00000_-1.98991
12,596975,0.00000_0.99496_-0.99496_0.00000_-1.98991,298488,0.99496_0.99496_0.00000_0.00000_-0.99496
12,298488,0.99496_0.99496_0.00000_0.00000_-0.99496,198992,0.99496_0.00000_0.99496_0.00000_0.00000
12,198992,0.99496_0.00000_0.99496_0.00000_0.00000,198992,0.99496_0.00000_0.99496_0.00000_0.00000
12,198992,0.99496_0.00000_0.99496_0.00000_0.00000,198992,0.99496_0.00000_0.99496_0.00000_0.00000
12,198992,0.99496_0.00000_0.99496_0.00000_0.00000,99496,0.99496_0.00000_0.00000_0.00000_0.00000
12,99496,0.99496_0.00000_0.00000_0.00000_0.00000,99496,0.00000_0.99496_0.00000_0.00000_0.00000
12,99496,0.00000_0.99496_0.00000_0.00000_0.00000,99496,0.00000_0.00000_0.99496_0.00000_0.00000
12,99496,0.00000_0.00000_0.99496_0.00000_0.00000,99496,0.00000_0.00000_0.99496_0.00000_0.00000
12,99496,0.00000_0.00000_0.99496_0.00000_0.00000,99496,0.00000_0.00000_0.00000_0.00000_0.99496
12,99496,0.00000_0.00000_0.00000_0.00000_0.99496,99496,0.00000_0.00000_0.00000_0.00000_0.99496
12,99496,0.00000_0.00000_0.00000_0.00000_0.99496,99496,0.00000_0.00000_0.00000_0.00000_0.99496
12,99496,0.00000_0.00000_0.00000_0.00000_0.99496,99496,0.00000_0.00000_0.00000_0.00000_0.99496
13,994958,1.98991_-0.99496_1.98991_0.00000_0.99496,696471,0.00000_-1.98991_0.99496_0.99496_0.99496
13,696471,0.00000_-1.98991_0.99496_0.99496_0.99496,198992,0.00000_-0.99496_0.00000_0.99496_0.00000
13,198992,0.00000_-0.99496_0.00000_0.99496_0.00000,198992,0.99496_-0.99496_0.00000_0.00000_0.00000
13,198992,0.99496_-0.99496_0.00000_0.00000_0.00000,99496,0.00000_-0.99496_0.00000_0.00000_0.00000
13,99496,0.00000_-0.99496_0.00000_0.00000_0.00000,99496,0.00000_-0.99496_0.00000_0.00000_0.00000
13,99496,0.00000_-0.99496_0.00000_0.00000_0.00000,99496,-0.99496_0.00000_0.00000_0.00000_0.00000
13,99496,-0.99496_0.00000_0.00000_0.00000_0.00000,0,0.00000_0.00000_0.00000_0.00000_0.00000
13,0,0.00000_0.00000_0.00000_0.00000_0.00000,0,0.00000_0.00000_0.00000_0.00000_0.00000
13,0,0.00000_0.00000_0.00000_0.00000_0.00000,0,0.00000_0.00000_0.00000_0.00000_0.00000
14,7064148,-0.99496_-4.97469_-4.97469_1.98991_-3.97978,5074253,-2.98486_0.00000_-4.97469_3.97978_0.99496
14,5074253,-2.98486_0.00000_-4.97469_3.97978_0.99496,2487387,0.99496_-1.98991_0.00000_3.97978_-1.98991
14,2487387,0.99496_-1.98991_0.00000_3.97978_-1.98991,2288399,-0.99496_-2.98486_0.00000_1.98991_-2.98486
14,2288399,-0.99496_-2.98486_0.00000_1.98991_-2.98486,1492435,-1.98991_-0.99496_0.99496_2.98486_0.00000
14,1492435,-1.98991_-0.99496_0.99496_2.98486_0.00000,994958,-1.98991_0.00000_1.98991_0.99496_0.99496
14,994958,-1.98991_0.00000_1.98991_0.99496_0.99496,696471,0.00000_0.99496_0.99496_-0.99496_1.98991
14,696471,0.00000_0.99496_0.99496_-0.99496_1.98991,696471,0.00000_0.99496_0.99496_-0.99496_1.98991
14,696471,0.00000_0.99496_0.99496_-0.99496_1.98991,696471,0.99496_0.99496_0.00000_-0.99496_1.98991
14,696471,0.99496_0.99496_0.00000_-0.99496_1.98991,596975,0.99496_0.99496_0.00000_0.00000_1.98991
14,596975,0.99496_0.99496_0.00000_0.00000_1.98991,397984,0.00000_-0.99496_0.99496_0.99496_0.99496
14,397984,0.00000_-0.99496_0.99496_0.99496_0.99496,397984,0.00000_-0.99496_0.99496_0.99496_0.99496
14,397984,0.00000_-0.99496_0.99496_0.99496_0.99496,298488,0.00000_0.00000_0.99496_0.99496_0.99496
14,298488,0.00000_0.00000_0.99496_0.99496_0.99496,198992,0.99496_0.00000_0.99496_0.00000_0.00000
14,198992,0.99496_0.00000_0.99496_0.00000_0.00000,198992,0.99496_0.00000_0.00000_0.00000_0.99496
14,198992,0.99496_0.00000_0.00000_0.00000_0.99496,99496,0.00000_0.00000_0.00000_-0.99496_0.00000
14,99496,0.00000_0.00000_0.00000_-0.99496_0.00000,99496,0.00000_0.00000_0.00000_-0.99496_0.00000
14,99496,0.00000_0.00000_0.00000_-0.99496_0.00000,99496,0.00000_0.00000_0.00000_0.00000_0.99496
14,99496,0.00000_0.00000_0.00000_0.00000_0.99496,99496,0.00000_0.00000_0.00000_0.00000_0.99496
14,99496,0.00000_0.00000_0.00000_0.00000_0.99496,99496,0.00000_0.00000_0.00000_0.00000_0.99496
14,99496,0.00000_0.00000_0.00000_0.00000_0.99496,99496,0.00000_0.00000_0.00000_0.00000_0.99496
14,99496,0.00000_0.00000_0.00000_0.00000_0.99496,99496,0.00000_0.00000_0.00000_0.00000_0.99496
14,99496,0.00000_0.00000_0.00000_0.00000_0.99496,99496,-0.99496_0.00000_0.00000_0.00000_0.00000
14,99496,-0.99496_0.00000_0.00000_0.00000_0.00000,99496,-0.99496_0.00000_0.00000_0.00000_0.00000
14,99496,-0.99496_0.00000_0.00000_0.00000_0.00000,99496,-0.99496_0.00000_0.00000_0.00000_0.00000
15,4576788,-1.98991_2.98486_0.99496_-3.97979_-3.97979,3581836,-0.99496_2.98486_0.99496_-2.98486_-3.97978
15,3581836,-0.99496_2.98486_0.99496_-2.98486_-3.97978,3382847,0.99496_3.97978_1.98991_-2.98486_-1.98991
15,3382847,0.99496_3.97978_1.98991_-2.98486_-1.98991,2984864,2.98485_0.00000_-1.98991_-3.97978_0.99496
15,2984864,2.98485_0.00000_-1.98991_-3.97978_0.99496,2686382,-0.99494_2.98482_1.98990_-1.98990_2.98488
15,2686382,-0.99494_2.98482_1.98990_-1.98990_2.98488,1591932,-1.98991_0.00000_-1.98991_1.98992_1.98991
15,1591932,-1.98991_0.00000_-1.98991_1.98992_1.98991,994958,-1.98991_0.99496_-1.98991_0.99496_0.00000
15,994958,-1.98991_0.99496_-1.98991_0.99496_0.00000,795967,-1.98991_0.99496_-0.99496_0.99496_0.99496
15,795967,-1.98991_0.99496_-0.99496_0.99496_0.99496,696471,-1.98991_-0.99496_0.99496_0.00000_-0.99496
15,696471,-1.98991_-0.99496_0.99496_0.00000_-0.99496,596975,-0.99496_-1.98991_0.99496_0.00000_0.00000
15,596975,-0.99496_-1.98991_0.99496_0.00000_0.00000,397984,-0.99496_-0.99496_0.00000_-0.99496_-0.99496
15,397984,-0.99496_-0.99496_0.00000_-0.99496_-0.99496,198992,-0.99496_0.00000_0.00000_0.00000_-0.99496
15,198992,-0.99496_0.00000_0.00000_0.00000_-0.99496,198992,-0.99496_0.00000_-0.99496_0.00000_0.00000
15,198992,-0.99496_0.00000_-0.99496_0.00000_0.00000,198992,-0.99496_0.00000_-0.99496_0.00000_0.00000
15,198992,-0.99496_0.00000_-0.99496_0.00000_0.00000,198992,-0.99496_0.00000_-0.99496_0.00000_0.00000
15,198992,-0.99496_0.00000_-0.99496_0.00000_0.00000,198992,-0.99496_0.00000_-0.99496_0.00000_0.00000
15,198992,-0.99496_0.00000_-0.99496_0.00000_0.00000,198992,0.00000_0.00000_-0.99496_0.00000_-0.99496
15,198992,0.00000_0.00000_-0.99496_0.00000_-0.99496,99496,0.00000_0.00000_0.00000_0.00000_-0.99496
15,99496,0.00000_0.00000_0.00000_0.00000_-0.99496,99496,0.00000_0.00000_0.00000_0.00000_-0.99496
15,99496,0.00000_0.00000_0.00000_0.00000_-0.99496,99496,0.00000_0.00000_0.00000_0.00000_-0.99496
15,99496,0.00000_0.00000_0.00000_0.00000_-0.99496,99496,0.00000_0.00000_0.00000_0.00000_-0.99496
15,99496,0.00000_0.00000_0.00000_0.00000_-0.99496,99496,0.00000_-0.99496_0.00000_0.00000_0.00000
15,99496,0.00000_-0.99496_0.00000_0.00000_0.00000,99496,0.00000_-0.99496_0.00000_0.00000_0.00000
15,99496,0.00000_-0.99496_0.00000_0.00000_0.00000,99496,0.00000_-0.99496_0.00000_0.00000_0.00000
15,99496,0.00000_-0.99496_0.00000_0.00000_0.00000,99496,0.00000_-0.99496_0.00000_0.00000_0.00000
16,3084347,-0.99496_-1.98991_-4.97469_0.00000_-0.99496,2586880,0.00000_-2.98485_-3.97978_0.99496_0.00000
16,2586880,0.00000_-2.98485_-3.97978_0.99496_0.00000,2288395,0.99496_-0.99496_-3.97978_-0.99496_-1.98991
16,2288395,0.99496_-0.99496_-3.97978_-0.99496_-1.98991,2089409,1.98991_-1.98991_-2.98486_0.00000_-1.98991
16,2089409,1.98991_-1.98991_-2.98486_0.00000_-1.98991,1790922,0.99496_1.98991_-2.98486_0.00000_1.98991
16,1790922,0.99496_1.98991_-2.98486_0.00000_1.98991,1591931,-0.99496_2.98486_-0.99496_0.99496_1.98991
16,1591931,-0.99496_2.98486_-0.99496_0.99496_1.98991,1293444,-0.99496_2.98486_-0.99496_-0.99496_0.99496
16,1293444,-0.99496_2.98486_-0.99496_-0.99496_0.99496,1193948,-0.99496_2.98486_-0.99496_0.00000_0.99496
16,1193948,-0.99496_2.98486_-0.99496_0.00000_0.99496,1094454,-0.99496_1.98991_-0.99496_-0.99496_1.98991
16,1094454,-0.99496_1.98991_-0.99496_-0.99496_1.98991,994958,-0.99496_1.98991_-0.99496_0.00000_1.98991
16,994958,-0.99496_1.98991_-0.99496_0.00000_1.98991,696471,0.00000_0.99496_0.99496_-0.99496_1.98991
16,696471,0.00000_0.99496_0.99496_-0.99496_1.98991,696471,-0.99496_0.00000_0.99496_-0.99496_1.98991
16,696471,-0.99496_0.00000_0.99496_-0.99496_1.98991,397984,0.99496_0.99496_-0.99496_0.99496_0.00000
16,397984,0.99496_0.99496_-0.99496_0.99496_0.00000,397984,0.00000_0.99496_-0.99496_0.99496_0.99496
16,397984,0.00000_0.99496_-0.99496_0.99496_0.99496,198992,0.00000_0.99496_-0.99496_0.00000_0.00000
16,198992,0.00000_0.99496_-0.99496_0.00000_0.00000,198992,0.00000_0.99496_-0.99496_0.00000_0.00000
16,198992,0.00000_0.99496_-0.99496_0.00000_0.00000,198992,0.00000_0.00000_-0.99496_0.00000_-0.99496
16,198992,0.00000_0.00000_-0.99496_0.00000_-0.99496,198992,0.00000_0.00000_-0.99496_0.00000_-0.99496
16,198992,0.00000_0.00000_-0.99496_0.00000_-0.99496,198992,0.00000_0.00000_-0.99496_0.00000_-0.99496
16,198992,0.00000_0.00000_-0.99496_0.00000_-0.99496,99496,0.00000_0.99496_0.00000_0.00000_0.00000
16,99496,0.00000_0.99496_0.00000_0.00000_0.00000,99496,0.00000_0.99496_0.00000_0.00000_0.00000
16,99496,0.00000_0.99496_0.00000_0.00000_0.00000,99496,0.00000_0.99496_0.00000_0.00000_0.00000
16,99496,0.00000_0.99496_0.00000_0.00000_0.00000,99496,0.00000_0.00000_0.00000_0.00000_-0.99496
16,99496,0.00000_0.00000_0.00000_0.00000_-0.99496,99496,-0.99496_0.00000_0.00000_0.00000_0.00000
16,99496,-0.99496_0.00000_0.00000_0.00000_0.00000,99496,-0.99496_0.00000_0.00000_0.00000_0.00000
16,99496,-0.99496_0.00000_0.00000_0.00000_0.00000,99496,-0.99496_0.00000_0.00000_0.00000_0.00000
16,99496,-0.99496_0.00000_0.00000_0.00000_0.00000,99496,-0.99496_0.00000_0.00000_0.00000_0.00000
16,99496,-0.99496_0.00000_0.00000_0.00000_0.00000,99496,-0.99496_0.00000_0.00000_0.00000_0.00000
16,99496,-0.99496_0.00000_0.00000_0.00000_0.00000,99496,-0.99496_0.00000_0.00000_0.00000_0.00000
16,99496,-0.99496_0.00000_0.00000_0.00000_0.00000,99496,-0.99496_0.00000_0.00000_0.00000_0.00000
16,99496,-0.99496_0.00000_0.00000_0.00000_0.00000,99496,-0.99496_0.00000_0.00000_0.00000_0.00000
16,99496,-0.99496_0.00000_0.00000_0.00000_0.00000,99496,-0.99496_0.00000_0.00000_0.00000_0.00000
17,6964664,-1.98991_4.97469_-2.98486_-3.97978_-3.97978,3780816,0.00000_0.00000_-4.97469_-1.98991_2.98486
17,3780816,0.00000_0.00000_-4.97469_-1.98991_2.98486,2586882,0.99496_-0.99496_-1.98991_-1.98991_3.97978
17,2586882,0.99496_-0.99496_-1.98991_-1.98991_3.97978,2487393,1.98991_-1.98991_-1.98991_-1.98991_2.98486
17,2487393,1.98991_-1.98991_-1.98991_-1.98991_2.98486,1890418,1.98991_-0.99496_-0.99496_-1.98991_2.98486
17,1890418,1.98991_-0.99496_-0.99496_-1.98991_2.98486,1492435,0.99496_0.00000_-0.99496_-1.98991_2.98486
17,1492435,0.99496_0.00000_-0.99496_-1.98991_2.98486,397984,-0.99496_0.99496_0.99496_0.99496_0.00000
17,397984,-0.99496_0.99496_0.99496_0.99496_0.00000,397984,-0.99496_0.99496_0.99496_0.99496_0.00000
17,397984,-0.99496_0.99496_0.99496_0.99496_0.00000,298488,-0.99496_0.99496_0.99496_0.00000_0.00000
17,298488,-0.99496_0.99496_0.99496_0.00000_0.00000,298488,-0.99496_0.99496_0.99496_0.00000_0.00000
17,298488,-0.99496_0.99496_0.99496_0.00000_0.00000,298488,0.00000_0.99496_0.99496_0.00000_0.99496
17,298488,0.00000_0.99496_0.99496_0.00000_0.99496,298488,0.00000_0.99496_0.99496_0.00000_0.99496
17,298488,0.00000_0.99496_0.99496_0.00000_0.99496,198992,0.99496_0.00000_0.99496_0.00000_0.00000
17,198992,0.99496_0.00000_0.99496_0.00000_0.00000,99496,0.00000_0.00000_0.99496_0.00000_0.00000
17,99496,0.00000_0.00000_0.99496_0.00000_0.00000,99496,0.00000_0.00000_0.99496_0.00000_0.00000
17,99496,0.00000_0.00000_0.99496_0.00000_0.00000,99496,0.00000_0.00000_0.00000_0.00000_0.99496
17,99496,0.00000_0.00000_0.00000_0.00000_0.99496,99496,0.00000_-0.99496_0.00000_0.00000_0.00000
17,99496,0.00000_-0.99496_0.00000_0.00000_0.00000,99496,-0.99496_0.00000_0.00000_0.00000_0.00000
17,99496,-0.99496_0.00000_0.00000_0.00000_0.00000,99496,-0.99496_0.00000_0.00000_0.00000_0.00000
17,99496,-0.99496_0.00000_0.00000_0.00000_0.00000,0,0.00000_0.00000_0.00000_0.00000_0.00000
17,0,0.00000_0.00000_0.00000_0.00000_0.00000,0,0.00000_0.00000_0.00000_0.00000_0.00000
18,3780818,-1.98991_1.98991_0.99496_-4.97469_-1.98991,1989912,-0.99496_2.98485_2.98485_-0.99495_-0.00001
18,1989912,-0.99496_2.98485_2.98485_-0.99495_-0.00001,1691428,-1.98991_1.98991_1.98991_-1.98991_-0.99496
18,1691428,-1.98991_1.98991_1.98991_-1.98991_-0.99496,1293444,-2.98486_0.99496_0.99496_-0.99496_-0.99496
18,1293444,-2.98486_0.99496_0.99496_-0.99496_-0.99496,596975,-0.99496_0.00000_0.99496_-1.98991_0.00000
18,596975,-0.99496_0.00000_0.99496_-1.98991_0.00000,497480,-0.99496_0.99496_0.99496_-0.99496_-0.99496
18,497480,-0.99496_0.99496_0.99496_-0.99496_-0.99496,397984,-0.99496_0.99496_0.99496_-0.99496_0.00000
18,397984,-0.99496_0.99496_0.99496_-0.99496_0.00000,99496,0.00000_0.99496_0.00000_0.00000_0.00000
18,99496,0.00000_0.99496_0.00000_0.00000_0.00000,99496,0.00000_0.99496_0.00000_0.00000_0.00000
18,99496,0.00000_0.99496_0.00000_0.00000_0.00000,99496,0.00000_0.99496_0.00000_0.00000_0.00000
18,99496,0.00000_0.99496_0.00000_0.00000_0.00000,99496,0.00000_0.00000_0.99496_0.00000_0.00000
18,99496,0.00000_0.00000_0.99496_0.00000_0.00000,99496,0.00000_0.00000_0.00000_0.00000_0.99496
18,99496,0.00000_0.00000_0.00000_0.00000_0.99496,99496,0.00000_-0.99496_0.00000_0.00000_0.00000
18,99496,0.00000_-0.99496_0.00000_0.00000_0.00000,99496,-0.99496_0.00000_0.00000_0.00000_0.00000
18,99496,-0.99496_0.00000_0.00000_0.00000_0.00000,99496,-0.99496_0.00000_0.00000_0.00000_0.00000
18,99496,-0.99496_0.00000_0.00000_0.00000_0.00000,99496,-0.99496_0.00000_0.00000_0.00000_0.00000
18,99496,-0.99496_0.00000_0.00000_0.00000_0.00000,99496,-0.99496_0.00000_0.00000_0.00000_0.00000
19,4477284,4.97469_0.99496_2.98486_-2.98486_-0.99496,3880311,4.97469_0.00000_2.98486_-1.98991_-0.99496
19,3880311,4.97469_0.00000_2.98486_-1.98991_-0.99496,3382845,3.97978_0.00000_2.98486_-2.98486_0.00000
19,3382845,3.97978_0.00000_2.98486_-2.98486_0.00000,1890412,3.97978_0.99496_0.99496_-0.99496_0.00000
19,1890412,3.97978_0.99496_0.99496_-0.99496_0.00000,1392941,1.98991_-0.99496_1.98991_-1.98991_-0.99496
19,1392941,1.98991_-0.99496_1.98991_-1.98991_-0.99496,795967,1.98991_-0.99496_0.99496_-0.99496_-0.99496
19,795967,1.98991_-0.99496_0.99496_-0.99496_-0.99496,596975,1.98991_0.00000_0.99496_0.00000_-0.99496
19,596975,1.98991_0.00000_0.99496_0.00000_-0.99496,397984,0.99496_-0.99496_-0.99496_-0.99496_0.00000
19,397984,0.99496_-0.99496_-0.99496_-0.99496_0.00000,397984,0.99496_-0.99496_-0.99496_-0.99496_0.00000
19,397984,0.99496_-0.99496_-0.99496_-0.99496_0.00000,298488,0.99496_-0.99496_0.00000_-0.99496_0.00000
19,298488,0.99496_-0.99496_0.00000_-0.99496_0.00000,298488,0.99496_-0.99496_0.00000_-0.99496_0.00000
19,298488,0.99496_-0.99496_0.00000_-0.99496_0.00000,198992,0.99496_-0.99496_0.00000_0.00000_0.00000
19,198992,0.99496_-0.99496_0.00000_0.00000_0.00000,99496,0.00000_0.00000_0.99496_0.00000_0.00000
19,99496,0.00000_0.00000_0.99496_0.00000_0.00000,99496,0.00000_0.00000_0.99496_0.00000_0.00000
19,99496,0.00000_0.00000_0.99496_0.00000_0.00000,99496,0.00000_0.00000_0.00000_0.00000_-0.99496
19,99496,0.00000_0.00000_0.00000_0.00000_-0.99496,99496,0.00000_0.00000_0.00000_0.00000_-0.99496
19,99496,0.00000_0.00000_0.00000_0.00000_-0.99496,99496,0.00000_0.00000_0.00000_0.00000_-0.99496
19,99496,0.00000_0.00000_0.00000_0.00000_-0.99496,99496,0.00000_0.00000_-0.99496_0.00000_0.00000
19,99496,0.00000_0.00000_-0.99496_0.00000_0.00000,99496,0.00000_0.00000_-0.99496_0.00000_0.00000
19,99496,0.00000_0.00000_-0.99496_0.00000_0.00000,99496,0.00000_0.00000_-0.99496_0.00000_0.00000
19,99496,0.00000_0.00000_-0.99496_0.00000_0.00000,0,0.00000_0.00000_0.00000_0.00000_0.00000
20,3482328,-0.00001_0.99496_2.98486_0.00001_4.97470,3382834,-0.99496_1.98991_1.98991_0.00000_4.97469
20,3382834,-0.99496_1.98991_1.98991_0.00000_4.97469,3084347,-0.99496_1.98991_0.99496_0.00000_4.97469
20,3084347,-0.99496_1.98991_0.99496_0.00000_4.97469,2089409,1.98991_-1.98991_-1.98991_2.98486_0.00000
20,2089409,1.98991_-1.98991_-1.98991_2.98486_0.00000,1492435,0.00000_-0.99496_-2.98486_0.99496_-1.98991
20,1492435,0.00000_-0.99496_-2.98486_0.99496_-1.98991,1094452,0.00000_0.00000_-2.98486_0.99496_-0.99496
20,1094452,0.00000_0.00000_-2.98486_0.99496_-0.99496,994956,0.00000_0.00000_-2.98486_0.00000_-0.99496
20,994956,0.00000_0.00000_-2.98486_0.00000_-0.99496,895462,0.00000_0.00000_-1.98991_-0.99496_-1.98991
20,895462,0.00000_0.00000_-1.98991_-0.99496_-1.98991,596975,0.00000_0.00000_-0.99496_-0.99496_-1.98991
20,596975,0.00000_0.00000_-0.99496_-0.99496_-1.98991,298488,0.00000_-0.99496_0.00000_-0.99496_-0.99496
20,298488,0.00000_-0.99496_0.00000_-0.99496_-0.99496,198992,0.00000_-0.99496_0.00000_-0.99496_0.00000
20,198992,0.00000_-0.99496_0.00000_-0.99496_0.00000,198992,0.00000_-0.99496_0.00000_-0.99496_0.00000
20,198992,0.00000_-0.99496_0.00000_-0.99496_0.00000,198992,0.00000_-0.99496_0.00000_-0.99496_0.00000
20,198992,0.00000_-0.99496_0.00000_-0.99496_0.00000,99496,0.00000_0.00000_0.99496_0.00000_0.00000
20,99496,0.00000_0.00000_0.99496_0.00000_0.00000,99496,0.00000_0.00000_0.99496_0.00000_0.00000
20,99496,0.00000_0.00000_0.99496_0.00000_0.00000,99496,0.00000_0.00000_0.99496_0.00000_0.00000
20,99496,0.00000_0.00000_0.99496_0.00000_0.00000,99496,0.00000_0.00000_0.00000_0.00000_0.99496
20,99496,0.00000_0.00000_0.00000_0.00000_0.99496,99496,0.00000_0.00000_0.00000_0.00000_0.99496
20,99496,0.00000_0.00000_0.00000_0.00000_0.99496,99496,0.00000_0.00000_0.00000_0.00000_0.99496
20,99496,0.00000_0.00000_0.00000_0.00000_0.99496,99496,0.00000_-0.99496_0.00000_0.00000_0.00000
20,99496,0.00000_-0.99496_0.00000_0.00000_0.00000,99496,-0.99496_0.00000_0.00000_0.00000_0.00000
20,99496,-0.99496_0.00000_0.00000_0.00000_0.00000,99496,-0.99496_0.00000_0.00000_0.00000_0.00000
20,99496,-0.99496_0.00000_0.00000_0.00000_0.00000,99496,-0.99496_0.00000_0.00000_0.00000_0.00000
20,99496,-0.99496_0.00000_0.00000_0.00000_0.00000,99496,-0.99496_0.00000_0.00000_0.00000_0.00000
20,99496,-0.99496_0.00000_0.00000_0.00000_0.00000,99496,-0.99496_0.00000_0.00000_0.00000_0.00000
20,99496,-0.99496_0.00000_0.00000_0.00000_0.00000,99496,-0.99496_0.00000_0.00000_0.00000_0.00000
20,99496,-0.99496_0.00000_0.00000_0.00000_0.00000,99496,-0.99496_0.00000_0.00000_0.00000_0.00000
20,99496,-0.99496_0.00000_0.00000_0.00000_0.00000,99496,-0.99496_0.00000_0.00000_0.00000_0.00000
21,3880311,0.00000_4.97469_2.98485_-1.98991_-0.99495,2885368,2.98485_0.00000_0.00000_-3.97978_1.98991
21,2885368,2.98485_0.00000_0.00000_-3.97978_1.98991,298488,0.99496_0.99496_0.99496_0.00000_0.00000
21,298488,0.99496_0.99496_0.99496_0.00000_0.00000,298488,0.99496_0.99496_0.00000_0.00000_0.99496
21,298488,0.99496_0.99496_0.00000_0.00000_0.99496,298488,0.99496_0.00000_0.99496_-0.99496_0.00000
21,298488,0.99496_0.00000_0.99496_-0.99496_0.00000,198992,0.99496_0.00000_0.00000_-0.99496_0.00000
21,198992,0.99496_0.00000_0.00000_-0.99496_0.00000,198992,0.00000_0.99496_0.99496_0.00000_0.00000
21,198992,0.00000_0.99496_0.99496_0.00000_0.00000,99496,0.00000_0.00000_0.99496_0.00000_0.00000
21,99496,0.00000_0.00000_0.99496_0.00000_0.00000,99496,0.00000_0.00000_0.99496_0.00000_0.00000
21,99496,0.00000_0.00000_0.99496_0.00000_0.00000,99496,0.00000_0.00000_0.00000_0.00000_-0.99496
21,99496,0.00000_0.00000_0.00000_0.00000_-0.99496,99496,0.00000_0.00000_0.00000_0.00000_-0.99496
21,99496,0.00000_0.00000_0.00000_0.00000_-0.99496,99496,0.00000_0.00000_0.00000_0.00000_-0.99496
21,99496,0.00000_0.00000_0.00000_0.00000_-0.99496,99496,0.00000_0.00000_0.00000_0.00000_-0.99496
21,99496,0.00000_0.00000_0.00000_0.00000_-0.99496,99496,0.00000_0.00000_0.00000_-0.99496_0.00000
21,99496,0.00000_0.00000_0.00000_-0.99496_0.00000,99496,0.00000_0.00000_0.00000_-0.99496_0.00000
21,99496,0.00000_0.00000_0.00000_-0.99496_0.00000,99496,0.00000_0.00000_0.00000_-0.99496_0.00000
21,99496,0.00000_0.00000_0.00000_-0.99496_0.00000,99496,0.00000_-0.99496_0.00000_0.00000_0.00000
21,99496,0.00000_-0.99496_0.00000_0.00000_0.00000,99496,-0.99496_0.00000_0.00000_0.00000_0.00000
21,99496,-0.99496_0.00000_0.00000_0.00000_0.00000,99496,-0.99496_0.00000_0.00000_0.00000_0.00000
21,99496,-0.99496_0.00000_0.00000_0.00000_0.00000,99496,-0.99496_0.00000_0.00000_0.00000_0.00000
21,99496,-0.99496_0.00000_0.00000_0.00000_0.00000,99496,-0.99496_0.00000_0.00000_0.00000_0.00000
21,99496,-0.99496_0.00000_0.00000_0.00000_0.00000,99496,-0.99496_0.00000_0.00000_0.00000_0.00000
21,99496,-0.99496_0.00000_0.00000_0.00000_0.00000,0,0.00000_0.00000_0.00000_0.00000_0.00000
22,2785860,-0.99496_4.97469_0.99496_0.00000_0.99496,1591932,1.98991_0.00000_-1.98991_1.98991_-1.98991
22,1591932,1.98991_0.00000_-1.98991_1.98991_-1.98991,1392939,0.00000_0.99496_-2.98486_1.98991_0.00000
22,1392939,0.00000_0.99496_-2.98486_1.98991_0.00000,696471,-0.99496_0.00000_-0.99496_1.98991_-0.99496
22,696471,-0.99496_0.00000_-0.99496_1.98991_-0.99496,397984,0.00000_0.99496_-0.99496_0.99496_-0.99496
22,397984,0.00000_0.99496_-0.99496_0.99496_-0.99496,397984,0.99496_0.00000_-0.99496_0.99496_-0.99496
22,397984,0.99496_0.00000_-0.99496_0.99496_-0.99496,397984,0.99496_-0.99496_0.99496_0.00000_0.99496
22,397984,0.99496_-0.99496_0.99496_0.00000_0.99496,397984,0.99496_0.00000_0.99496_0.99496_0.99496
22,397984,0.99496_0.00000_0.99496_0.99496_0.99496,298488,0.99496_-0.99496_0.99496_0.00000_0.00000
22,298488,0.99496_-0.99496_0.99496_0.00000_0.00000,298488,0.99496_-0.99496_0.99496_0.00000_0.00000
22,298488,0.99496_-0.99496_0.99496_0.00000_0.00000,298488,0.00000_-0.99496_0.00000_-0.99496_-0.99496
22,298488,0.00000_-0.99496_0.00000_-0.99496_-0.99496,198992,0.00000_-0.99496_0.00000_0.00000_-0.99496
22,198992,0.00000_-0.99496_0.00000_0.00000_-0.99496,198992,0.00000_-0.99496_0.00000_0.99496_0.00000
22,198992,0.00000_-0.99496_0.00000_0.99496_0.00000,198992,0.99496_-0.99496_0.00000_0.00000_0.00000
22,198992,0.99496_-0.99496_0.00000_0.00000_0.00000,198992,0.00000_-0.99496_0.99496_0.00000_0.00000
22,198992,0.00000_-0.99496_0.99496_0.00000_0.00000,99496,0.00000_-0.99496_0.00000_0.00000_0.00000
22,99496,0.00000_-0.99496_0.00000_0.00000_0.00000,99496,0.00000_-0.99496_0.00000_0.00000_0.00000
22,99496,0.00000_-0.99496_0.00000_0.00000_0.00000,99496,0.00000_-0.99496_0.00000_0.00000_0.00000
22,99496,0.00000_-0.99496_0.00000_0.00000_0.00000,99496,0.00000_-0.99496_0.00000_0.00000_0.00000
22,99496,0.00000_-0.99496_0.00000_0.00000_0.00000,99496,0.00000_-0.99496_0.00000_0.00000_0.00000
22,99496,0.00000_-0.99496_0.00000_0.00000_0.00000,99496,-0.99496_0.00000_0.00000_0.00000_0.00000
22,99496,-0.99496_0.00000_0.00000_0.00000_0.00000,99496,-0.99496_0.00000_0.00000_0.00000_0.00000
22,99496,-0.99496_0.00000_0.00000_0.00000_0.00000,99496,-0.99496_0.00000_0.00000_0.00000_0.00000
22,99496,-0.99496_0.00000_0.00000_0.00000_0.00000,99496,-0.99496_0.00000_0.00000_0.00000_0.00000
22,99496,-0.99496_0.00000_0.00000_0.00000_0.00000,99496,-0.99496_0.00000_0.00000_0.00000_0.00000
22,99496,-0.99496_0.00000_0.00000_0.00000_0.00000,99496,-0.99496_0.00000_0.00000_0.00000_0.00000
22,99496,-0.99496_0.00000_0.00000_0.00000_0.00000,99496,-0.99496_0.00000_0.00000_0.00000_0.00000
23,5770717,3.97978_-0.99496_0.00000_-3.97978_-4.97469,4477284,0.99496_-2.98486_-2.98486_0.99496_-4.97469
23,4477284,0.99496_-2.98486_-2.98486_0.99496_-4.97469,3979807,-1.98991_0.99496_0.99496_2.98486_-4.97469
23,3979807,-1.98991_0.99496_0.99496_2.98486_-4.97469,2984864,-3.97978_2.98486_-1.98991_-0.99496_0.00000
23,2984864,-3.97978_2.98486_-1.98991_-0.99496_0.00000,2586882,0.99496_3.97978_1.98991_-1.98991_-0.99496
23,2586882,0.99496_3.97978_1.98991_-1.98991_-0.99496,1591931,0.99496_2.98486_0.99496_-1.98991_-0.99496
23,1591931,0.99496_2.98486_0.99496_-1.98991_-0.99496,1193948,-0.99496_0.99496_-0.99496_-2.98486_0.00000
23,1193948,-0.99496_0.99496_-0.99496_-2.98486_0.00000,994958,-1.98991_0.99496_-0.99496_-1.98991_0.00000
23,994958,-1.98991_0.99496_-0.99496_-1.98991_0.00000,497480,-0.99496_0.99496_-0.99496_-0.99496_-0.99496
23,497480,-0.99496_0.99496_-0.99496_-0.99496_-0.99496,298488,-0.99496_0.00000_0.00000_-0.99496_-0.99496
23,298488,-0.99496_0.00000_0.00000_-0.99496_-0.99496,298488,0.00000_0.99496_0.99496_0.00000_-0.99496
23,298488,0.00000_0.99496_0.99496_0.00000_-0.99496,198992,0.00000_0.00000_0.99496_0.00000_-0.99496
23,198992,0.00000_0.00000_0.99496_0.00000_-0.99496,198992,0.00000_0.00000_0.00000_0.99496_-0.99496
23,198992,0.00000_0.00000_0.00000_0.99496_-0.99496,198992,0.00000_0.00000_0.99496_0.99496_0.00000
23,198992,0.00000_0.00000_0.99496_0.99496_0.00000,198992,0.00000_0.00000_0.99496_0.99496_0.00000
23,198992,0.00000_0.00000_0.99496_0.99496_0.00000,99496,0.99496_0.00000_0.00000_0.00000_0.00000
23,99496,0.99496_0.00000_0.00000_0.00000_0.00000,99496,0.99496_0.00000_0.00000_0.00000_0.00000
23,99496,0.99496_0.00000_0.00000_0.00000_0.00000,99496,0.99496_0.00000_0.00000_0.00000_0.00000
23,99496,0.99496_0.00000_0.00000_0.00000_0.00000,99496,0.00000_0.00000_-0.99496_0.00000_0.00000
23,99496,0.00000_0.00000_-0.99496_0.00000_0.00000,99496,0.00000_0.00000_-0.99496_0.00000_0.00000
23,99496,0.00000_0.00000_-0.99496_0.00000_0.00000,99496,-0.99496_0.00000_0.00000_0.00000_0.00000
23,99496,-0.99496_0.00000_0.00000_0.00000_0.00000,0,0.00000_0.00000_0.00000_0.00000_0.00000
23,0,0.00000_0.00000_0.00000_0.00000_0.00000,0,0.00000_0.00000_0.00000_0.00000_0.00000
24,5770723,4.97470_3.97979_2.98485_-1.98990_1.98991,3283351,1.98991_1.98991_3.97979_0.00000_2.98485
24,3283351,1.98991_1.98991_3.97979_0.00000_2.98485,2487385,0.00000_-2.98485_0.00000_-3.97979_0.00000
24,2487385,0.00000_-2.98485_0.00000_-3.97979_0.00000,1790922,1.98991_0.99496_1.98991_0.00000_-2.98486
24,1790922,1.98991_0.99496_1.98991_0.00000_-2.98486,1591931,1.98991_0.99496_0.99496_0.99496_-2.98486
24,1591931,1.98991_0.99496_0.99496_0.99496_-2.98486,1392941,-0.99496_-1.98991_-1.98991_-1.98991_0.99496
24,1392941,-0.99496_-1.98991_-1.98991_-1.98991_0.99496,1392941,-0.99496_-1.98991_-1.98991_-1.98991_0.99496
24,1392941,-0.99496_-1.98991_-1.98991_-1.98991_0.99496,696471,0.00000_-1.98991_-0.99496_-0.99496_0.99496
24,696471,0.00000_-1.98991_-0.99496_-0.99496_0.99496,596975,-0.99496_-0.99496_0.00000_-1.98991_0.00000
24,596975,-0.99496_-0.99496_0.00000_-1.98991_0.00000,298488,-0.99496_0.00000_0.99496_-0.99496_0.00000
24,298488,-0.99496_0.00000_0.99496_-0.99496_0.00000,198992,-0.99496_0.00000_0.00000_-0.99496_0.00000
24,198992,-0.99496_0.00000_0.00000_-0.99496_0.00000,198992,0.00000_-0.99496_0.00000_-0.99496_0.00000
24,198992,0.00000_-0.99496_0.00000_-0.99496_0.00000,198992,0.00000_-0.99496_0.00000_-0.99496_0.00000
24,198992,0.00000_-0.99496_0.00000_-0.99496_0.00000,198992,0.00000_-0.99496_0.00000_-0.99496_0.00000
24,198992,0.00000_-0.99496_0.00000_-0.99496_0.00000,99496,0.00000_-0.99496_0.00000_0.00000_0.00000
24,99496,0.00000_-0.99496_0.00000_0.00000_0.00000,99496,0.00000_-0.99496_0.00000_0.00000_0.00000
24,99496,0.00000_-0.99496_0.00000_0.00000_0.00000,99496,0.00000_-0.99496_0.00000_0.00000_0.00000
24,99496,0.00000_-0.99496_0.00000_0.00000_0.00000,99496,-0.99496_0.00000_0.00000_0.00000_0.00000
24,99496,-0.99496_0.00000_0.00000_0.00000_0.00000,99496,-0.99496_0.00000_0.00000_0.00000_0.00000
24,99496,-0.99496_0.00000_0.00000_0.00000_0.00000,99496,-0.99496_0.00000_0.00000_0.00000_0.00000
24,99496,-0.99496_0.00000_0.00000_0.00000_0.00000,99496,-0.99496_0.00000_0.00000_0.00000_0.00000
24,99496,-0.99496_0.00000_0.00000_0.00000_0.00000,99496,-0.99496_0.00000_0.00000_0.00000_0.00000
24,99496,-0.99496_0.00000_0.00000_0.00000_0.00000,99496,-0.99496_0.00000_0.00000_0.00000_0.00000
24,99496,-0.99496_0.00000_0.00000_0.00000_0.00000,99496,-0.99496_0.00000_0.00000_0.00000_0.00000
25,2885368,1.98991_0.00000_3.97978_0.00000_-2.98486,2288399,2.98486_-0.99496_1.98991_0.00000_-2.98486
25,2288399,2.98486_-0.99496_1.98991_0.00000_-2.98486,1591931,-0.99496_1.98991_-0.99496_2.98486_0.99496
25,1591931,-0.99496_1.98991_-0.99496_2.98486_0.99496,1293445,0.00000_1.98991_-1.98991_0.99496_1.98992
25,1293445,0.00000_1.98991_-1.98991_0.99496_1.98992,596975,-0.99496_0.00000_-1.98991_0.99496_0.00000
25,596975,-0.99496_0.00000_-1.98991_0.99496_0.00000,596975,0.00000_-0.99496_-1.98991_0.00000_0.99496
25,596975,0.00000_-0.99496_-1.98991_0.00000_0.99496,497480,-0.99496_-0.99496_-0.99496_0.99496_0.99496
25,497480,-0.99496_-0.99496_-0.99496_0.99496_0.99496,497480,-0.99496_-0.99496_-0.99496_0.99496_0.99496
25,497480,-0.99496_-0.99496_-0.99496_0.99496_0.99496,497480,-0.99496_-0.99496_-0.99496_0.99496_0.99496
25,497480,-0.99496_-0.99496_-0.99496_0.99496_0.99496,397984,-0.99496_-0.99496_0.00000_0.99496_0.99496
25,397984,-0.99496_-0.99496_0.00000_0.99496_0.99496,298488,-0.99496_-0.99496_0.00000_0.99496_0.00000
25,298488,-0.99496_-0.99496_0.00000_0.99496_0.00000,298488,0.00000_-0.99496_0.99496_0.00000_-0.99496
25,298488,0.00000_-0.99496_0.99496_0.00000_-0.99496,198992,0.00000_-0.99496_0.99496_0.00000_0.00000
25,198992,0.00000_-0.99496_0.99496_0.00000_0.00000,198992,0.00000_-0.99496_0.99496_0.00000_0.00000
25,198992,0.00000_-0.99496_0.99496_0.00000_0.00000,198992,0.00000_-0.99496_0.99496_0.00000_0.00000
25,198992,0.00000_-0.99496_0.99496_0.00000_0.00000,198992,0.00000_-0.99496_0.99496_0.00000_0.00000
25,198992,0.00000_-0.99496_0.99496_0.00000_0.00000,198992,0.00000_-0.99496_0.00000_-0.99496_0.00000
25,198992,0.00000_-0.99496_0.00000_-0.99496_0.00000,198992,0.00000_-0.99496_0.00000_-0.99496_0.00000
25,198992,0.00000_-0.99496_0.00000_-0.99496_0.00000,198992,0.00000_-0.99496_0.00000_-0.99496_0.00000
25,198992,0.00000_-0.99496_0.00000_-0.99496_0.00000,198992,0.00000_-0.99496_0.00000_-0.99496_0.00000
25,198992,0.00000_-0.99496_0.00000_-0.99496_0.00000,99496,0.00000_-0.99496_0.00000_0.00000_0.00000
25,99496,0.00000_-0.99496_0.00000_0.00000_0.00000,99496,0.00000_-0.99496_0.00000_0.00000_0.00000
25,99496,0.00000_-0.99496_0.00000_0.00000_0.00000,0,0.00000_0.00000_0.00000_0.00000_0.00000
26,5372740,2.98486_0.00000_-1.98991_-4.97469_-3.97978,2984864,3.97978_-1.98992_0.99495_0.00000_-2.98485
26,2984864,3.97978_-1.98992_0.99495_0.00000_-2.98485,1492435,1.98991_-2.98486_-0.99496_0.99496_0.00000
26,1492435,1.98991_-2.98486_-0.99496_0.99496_0.00000,994958,0.99496_-0.99496_-1.98991_0.00000_1.98991
26,994958,0.99496_-0.99496_-1.98991_0.00000_1.98991,895462,0.00000_-1.98991_-1.98991_0.00000_0.99496
26,895462,0.00000_-1.98991_-1.98991_0.00000_0.99496,696471,0.00000_-0.99496_-1.98991_0.99496_0.99496
26,696471,0.00000_-0.99496_-1.98991_0.99496_0.99496,696471,-0.99496_0.00000_-1.98991_0.99496_0.99496
26,696471,-0.99496_0.00000_-1.98991_0.99496_0.99496,198992,0.00000_0.00000_-0.99496_0.99496_0.00000
26,198992,0.00000_0.00000_-0.99496_0.99496_0.00000,198992,0.00000_0.00000_-0.99496_0.99496_0.00000
26,198992,0.00000_0.00000_-0.99496_0.99496_0.00000,198992,0.99496_0.00000_-0.99496_0.00000_0.00000
26,198992,0.99496_0.00000_-0.99496_0.00000_0.00000,198992,0.00000_0.00000_-0.99496_0.00000_-0.99496
26,198992,0.00000_0.00000_-0.99496_0.00000_-0.99496,198992,-0.99496_0.99496_0.00000_0.00000_0.00000
26,198992,-0.99496_0.99496_0.00000_0.00000_0.00000,99496,0.00000_0.99496_0.00000_0.00000_0.00000
26,99496,0.00000_0.99496_0.00000_0.00000_0.00000,99496,0.00000_0.00000_0.00000_0.99496_0.00000
26,99496,0.00000_0.00000_0.00000_0.99496_0.00000,99496,0.00000_-0.99496_0.00000_0.00000_0.00000
26,99496,0.00000_-0.99496_0.00000_0.00000_0.00000,99496,0.00000_-0.99496_0.00000_0.00000_0.00000
26,99496,0.00000_-0.99496_0.00000_0.00000_0.00000,99496,0.00000_-0.99496_0.00000_0.00000_0.00000
26,99496,0.00000_-0.99496_0.00000_0.00000_0.00000,99496,0.00000_-0.99496_0.00000_0.00000_0.00000
26,99496,0.00000_-0.99496_0.00000_0.00000_0.00000,99496,0.00000_-0.99496_0.00000_0.00000_0.00000
26,99496,0.00000_-0.99496_0.00000_0.00000_0.00000,99496,-0.99496_0.00000_0.00000_0.00000_0.00000
26,99496,-0.99496_0.00000_0.00000_0.00000_0.00000,99496,-0.99496_0.00000_0.00000_0.00000_0.00000
26,99496,-0.99496_0.00000_0.00000_0.00000_0.00000,99496,-0.99496_0.00000_0.00000_0.00000_0.00000
26,99496,-0.99496_0.00000_0.00000_0.00000_0.00000,99496,-0.99496_0.00000_0.00000_0.00000_0.00000
26,99496,-0.99496_0.00000_0.00000_0.00000_0.00000,99496,-0.99496_0.00000_0.00000_0.00000_0.00000
27,4576788,-2.98486_3.97978_-1.98991_3.97978_0.99496,1492435,-2.98486_0.00000_-1.98991_0.99496_-0.99496
27,1492435,-2.98486_0.00000_-1.98991_0.99496_-0.99496,1293445,0.00000_-0.99496_1.98991_-1.98991_1.98991
27,1293445,0.00000_-0.99496_1.98991_-1.98991_1.98991,1293445,0.00000_-0.99496_1.98991_-1.98991_1.98991
27,1293445,0.00000_-0.99496_1.98991_-1.98991_1.98991,1193948,0.00000_-0.99496_2.98486_-0.99496_0.99496
27,1193948,0.00000_-0.99496_2.98486_-0.99496_0.99496,696471,0.00000_-0.99496_1.98991_-0.99496_0.99496
27,696471,0.00000_-0.99496_1.98991_-0.99496_0.99496,696471,0.99496_0.99496_0.00000_-1.98991_-0.99496
27,696471,0.99496_0.99496_0.00000_-1.98991_-0.99496,596975,0.00000_0.99496_0.00000_-1.98991_-0.99496
27,596975,0.00000_0.99496_0.00000_-1.98991_-0.99496,497480,0.99496_0.99496_-0.99496_-0.99496_-0.99496
27,497480,0.99496_0.99496_-0.99496_-0.99496_-0.99496,397984,0.00000_0.99496_-0.99496_-0.99496_-0.99496
27,397984,0.00000_0.99496_-0.99496_-0.99496_-0.99496,198992,0.00000_0.00000_-0.99496_-0.99496_0.00000
27,198992,0.00000_0.00000_-0.99496_-0.99496_0.00000,198992,0.00000_0.00000_-0.99496_-0.99496_0.00000
27,198992,0.00000_0.00000_-0.99496_-0.99496_0.00000,198992,-0.99496_0.00000_0.00000_-0.99496_0.00000
27,198992,-0.99496_0.00000_0.00000_-0.99496_0.00000,198992,-0.99496_0.00000_0.00000_-0.99496_0.00000
27,198992,-0.99496_0.00000_0.00000_-0.99496_0.00000,198992,0.00000_-0.99496_0.00000_-0.99496_0.00000
27,198992,0.00000_-0.99496_0.00000_-0.99496_0.00000,198992,0.00000_-0.99496_0.00000_-0.99496_0.00000
27,198992,0.00000_-0.99496_0.00000_-0.99496_0.00000,99496,0.00000_0.00000_0.00000_0.00000_0.99496
27,99496,0.00000_0.00000_0.00000_0.00000_0.99496,0,0.00000_0.00000_0.00000_0.00000_0.00000
27,0,0.00000_0.00000_0.00000_0.00000_0.00000,0,0.00000_0.00000_0.00000_0.00000_0.00000
28,7163648,-2.98487_-4.97469_-1.98991_2.98486_4.97469,2586880,0.99496_-0.00001_-2.98485_3.97978_-0.00001
28,2586880,0.99496_-0.00001_-2.98485_3.97978_-0.00001,1691420,0.00000_-0.99496_0.00000_3.97978_0.00000
28,1691420,0.00000_-0.99496_0.00000_3.97978_0.00000,994958,1.98991_-1.98991_0.99496_0.00000_0.99496
28,994958,1.98991_-1.98991_0.99496_0.00000_0.99496,994958,1.98991_-1.98991_0.99496_0.00000_0.99496
28,994958,1.98991_-1.98991_0.99496_0.00000_0.99496,696471,1.98991_-0.99496_0.99496_0.00000_0.99496
28,696471,1.98991_-0.99496_0.99496_0.00000_0.99496,596975,1.98991_0.00000_0.00000_-0.99496_0.99496
28,596975,1.98991_0.00000_0.00000_-0.99496_0.99496,596975,1.98991_0.00000_0.00000_-0.99496_0.99496
28,596975,1.98991_0.00000_0.00000_-0.99496_0.99496,596975,0.99496_0.00000_0.00000_-0.99496_1.98991
28,596975,0.99496_0.00000_0.00000_-0.99496_1.98991,397984,0.99496_-0.99496_0.99496_0.00000_0.99496
28,397984,0.99496_-0.99496_0.99496_0.00000_0.99496,397984,0.99496_-0.99496_0.99496_0.00000_0.99496
28,397984,0.99496_-0.99496_0.99496_0.00000_0.99496,298488,0.99496_-0.99496_0.00000_0.00000_0.99496
28,298488,0.99496_-0.99496_0.00000_0.00000_0.99496,198992,0.00000_0.00000_0.99496_0.00000_0.99496
28,198992,0.00000_0.00000_0.99496_0.00000_0.99496,198992,0.00000_0.00000_0.99496_0.00000_0.99496
28,198992,0.00000_0.00000_0.99496_0.00000_0.99496,198992,0.99496_0.00000_0.99496_0.00000_0.00000
28,198992,0.99496_0.00000_0.99496_0.00000_0.00000,99496,0.00000_0.99496_0.00000_0.00000_0.00000
28,99496,0.00000_0.99496_0.00000_0.00000_0.00000,99496,0.00000_0.99496_0.00000_0.00000_0.00000
28,99496,0.00000_0.99496_0.00000_0.00000_0.00000,99496,0.00000_0.00000_0.00000_-0.99496_0.00000
28,99496,0.00000_0.00000_0.00000_-0.99496_0.00000,99496,0.00000_0.00000_0.00000_0.00000_0.99496
28,99496,0.00000_0.00000_0.00000_0.00000_0.99496,99496,0.00000_0.00000_0.00000_0.00000_0.99496
28,99496,0.00000_0.00000_0.00000_0.00000_0.99496,99496,-0.99496_0.00000_0.00000_0.00000_0.00000
28,99496,-0.99496_0.00000_0.00000_0.00000_0.00000,99496,-0.99496_0.00000_0.00000_0.00000_0.00000
28,99496,-0.99496_0.00000_0.00000_0.00000_0.00000,99496,-0.99496_0.00000_0.00000_0.00000_0.00000
29,3681322,4.97470_-0.00003_1.98990_-1.98989_1.98991,2288395,3.97978_0.99496_0.99496_-1.98991_0.99496
29,2288395,3.97978_0.99496_0.99496_-1.98991_0.99496,1890418,-0.99496_2.98486_-1.98991_0.99496_-1.98991
29,1890418,-0.99496_2.98486_-1.98991_0.99496_-1.98991,1492435,-2.98485_-0.99496_0.00000_-1.98991_-0.99496
29,1492435,-2.98485_-0.99496_0.00000_-1.98991_-0.99496,1094454,-1.98991_-0.99496_-0.99496_-1.98991_-0.99496
29,1094454,-1.98991_-0.99496_-0.99496_-1.98991_-0.99496,497480,-0.99496_0.99496_0.99496_-0.99496_-0.99496
29,497480,-0.99496_0.99496_0.99496_-0.99496_-0.99496,397984,-0.99496_0.99496_0.99496_-0.99496_0.00000
29,397984,-0.99496_0.99496_0.99496_-0.99496_0.00000,397984,-0.99496_0.99496_0.99496_0.00000_0.99496
29,397984,-0.99496_0.99496_0.99496_0.00000_0.99496,298488,0.00000_0.99496_0.00000_0.99496_0.99496
29,298488,0.00000_0.99496_0.00000_0.99496_0.99496,198992,0.00000_0.99496_0.99496_0.00000_0.00000
29,198992,0.00000_0.99496_0.99496_0.00000_0.00000,198992,0.00000_0.99496_0.99496_0.00000_0.00000
29,198992,0.00000_0.99496_0.99496_0.00000_0.00000,198992,0.00000_0.99496_0.00000_0.00000_-0.99496
29,198992,0.00000_0.99496_0.00000_0.00000_-0.99496,198992,0.00000_0.00000_-0.99496_0.00000_-0.99496
29,198992,0.00000_0.00000_-0.99496_0.00000_-0.99496,198992,0.00000_0.00000_-0.99496_0.00000_-0.99496
29,198992,0.00000_0.00000_-0.99496_0.00000_-0.99496,198992,0.00000_0.00000_-0.99496_0.00000_-0.99496
29,198992,0.00000_0.00000_-0.99496_0.00000_-0.99496,198992,0.00000_0.00000_-0.99496_0.00000_-0.99496
29,198992,0.00000_0.00000_-0.99496_0.00000_-0.99496,198992,-0.99496_0.99496_0.00000_0.00000_0.00000
29,198992,-0.99496_0.99496_0.00000_0.00000_0.00000,198992,-0.99496_0.99496_0.00000_0.00000_0.00000
29,198992,-0.99496_0.99496_0.00000_0.00000_0.00000,198992,-0.99496_0.99496_0.00000_0.00000_0.00000
29,198992,-0.99496_0.99496_0.00000_0.00000_0.00000,198992,-0.99496_0.99496_0.00000_0.00000_0.00000
29,198992,-0.99496_0.99496_0.00000_0.00000_0.00000,198992,-0.99496_0.99496_0.00000_0.00000_0.00000
29,198992,-0.99496_0.99496_0.00000_0.00000_0.00000,99496,0.00000_0.99496_0.00000_0.00000_0.00000
29,99496,0.00000_0.99496_0.00000_0.00000_0.00000,99496,0.00000_0.00000_0.00000_0.99496_0.00000
29,99496,0.00000_0.00000_0.00000_0.99496_0.00000,99496,0.00000_0.00000_0.00000_-0.99496_0.00000
29,99496,0.00000_0.00000_0.00000_-0.99496_0.00000,99496,-0.99496_0.00000_0.00000_0.00000_0.00000
29,99496,-0.99496_0.00000_0.00000_0.00000_0.00000,99496,-0.99496_0.00000_0.00000_0.00000_0.00000
29,99496,-0.99496_0.00000_0.00000_0.00000_0.00000,99496,-0.99496_0.00000_0.00000_0.00000_0.00000
29,99496,-0.99496_0.00000_0.00000_0.00000_0.00000,99496,-0.99496_0.00000_0.00000_0.00000_0.00000
29,99496,-0.99496_0.00000_0.00000_0.00000_0.00000,99496,-0.99496_0.00000_0.00000_0.00000_0.00000
29,99496,-0.99496_0.00000_0.00000_0.00000_0.00000,99496,-0.99496_0.00000_0.00000_0.00000_0.00000
29,99496,-0.99496_0.00000_0.00000_0.00000_0.00000,99496,-0.99496_0.00000_0.00000_0.00000_0.00000
30,2089403,0.00000_-0.99496_0.00000_3.97978_-1.98991,1492435,0.00000_-1.98991_-0.99496_2.98486_-0.99496
30,1492435,0.00000_-1.98991_-0.99496_2.98486_-0.99496,1094454,-0.99496_-1.98991_-0.99496_1.98991_-0.99496
30,1094454,-0.99496_-1.98991_-0.99496_1.98991_-0.99496,895462,0.00000_-1.98991_0.00000_1.98991_-0.99496
30,895462,0.00000_-1.98991_0.00000_1.98991_-0.99496,596975,-0.99496_-0.99496_0.00000_1.98991_0.00000
30,596975,-0.99496_-0.99496_0.00000_1.98991_0.00000,596975,-0.99496_-0.99496_0.00000_1.98991_0.00000
30,596975,-0.99496_-0.99496_0.00000_1.98991_0.00000,497479,0.00000_-0.99496_0.00000_1.98991_0.00000
30,497479,0.00000_-0.99496_0.00000_1.98991_0.00000,397984,0.99496_-0.99496_0.00000_0.99496_-0.99496
30,397984,0.99496_-0.99496_0.00000_0.99496_-0.99496,298488,0.99496_-0.99496_0.99496_0.00000_0.00000
30,298488,0.99496_-0.99496_0.99496_0.00000_0.00000,198992,0.00000_0.00000_0.99496_-0.99496_0.00000
30,198992,0.00000_0.00000_0.99496_-0.99496_0.00000,198992,0.00000_-0.99496_0.99496_0.00000_0.00000
30,198992,0.00000_-0.99496_0.99496_0.00000_0.00000,198992,0.00000_-0.99496_0.99496_0.00000_0.00000
30,198992,0.00000_-0.99496_0.99496_0.00000_0.00000,99496,0.00000_0.00000_0.00000_0.00000_-0.99496
30,99496,0.00000_0.00000_0.00000_0.00000_-0.99496,99496,0.00000_-0.99496_0.00000_0.00000_0.00000
30,99496,0.00000_-0.99496_0.00000_0.00000_0.00000,99496,0.00000_-0.99496_0.00000_0.00000_0.00000
30,99496,0.00000_-0.99496_0.00000_0.00000_0.00000,99496,0.00000_-0.99496_0.00000_0.00000_0.00000
30,99496,0.00000_-0.99496_0.00000_0.00000_0.00000,99496,0.00000_-0.99496_0.00000_0.00000_0.00000
30,99496,0.00000_-0.99496_0.00000_0.00000_0.00000,99496,0.00000_-0.99496_0.00000_0.00000_0.00000
30,99496,0.00000_-0.99496_0.00000_0.00000_0.00000,99496,0.00000_-0.99496_0.00000_0.00000_0.00000
30,99496,0.00000_-0.99496_0.00000_0.00000_0.00000,99496,-0.99496_0.00000_0.00000_0.00000_0.00000
30,99496,-0.99496_0.00000_0.00000_0.00000_0.00000,99496,-0.99496_0.00000_0.00000_0.00000_0.00000
31,2586880,0.00000_-0.99496_3.97978_0.00000_2.98486,2487387,1.98991_0.00000_0.99496_-1.98991_3.97978
31,2487387,1.98991_0.00000_0.99496_-1.98991_3.97978,1890418,0.99496_0.99496_1.98991_-2.98486_1.98991
31,1890418,0.99496_0.99496_1.98991_-2.98486_1.98991,1094454,0.99496_0.99496_1.98991_-1.98991_0.99496
31,1094454,0.99496_0.99496_1.98991_-1.98991_0.99496,994958,0.00000_0.99496_0.99496_-1.98991_1.98991
31,994958,0.00000_0.99496_0.99496_-1.98991_1.98991,696471,-0.99496_1.98991_0.00000_-0.99496_0.99496
31,696471,-0.99496_1.98991_0.00000_-0.99496_0.99496,596975,0.00000_0.99496_0.00000_-1.98991_-0.99496
31,596975,0.00000_0.99496_0.00000_-1.98991_-0.99496,298488,0.99496_0.00000_0.99496_-0.99496_0.00000
31,298488,0.99496_0.00000_0.99496_-0.99496_0.00000,298488,0.99496_0.00000_0.99496_-0.99496_0.00000
31,298488,0.99496_0.00000_0.99496_-0.99496_0.00000,198992,0.00000_0.00000_0.99496_0.00000_-0.99496
31,198992,0.00000_0.00000_0.99496_0.00000_-0.99496,198992,0.00000_0.00000_0.99496_-0.99496_0.00000
31,198992,0.00000_0.00000_0.99496_-0.99496_0.00000,198992,-0.99496_0.00000_0.99496_0.00000_0.00000
31,198992,-0.99496_0.00000_0.99496_0.00000_0.00000,198992,-0.99496_0.00000_0.00000_-0.99496_0.00000
31,198992,-0.99496_0.00000_0.00000_-0.99496_0.00000,99496,-0.99496_0.00000_0.00000_0.00000_0.00000
31,99496,-0.99496_0.00000_0.00000_0.00000_0.00000,99496,-0.99496_0.00000_0.00000_0.00000_0.00000
31,99496,-0.99496_0.00000_0.00000_0.00000_0.00000,99496,-0.99496_0.00000_0.00000_0.00000_0.00000
31,99496,-0.99496_0.00000_0.00000_0.00000_0.00000,99496,-0.99496_0.00000_0.00000_0.00000_0.00000
31,99496,-0.99496_0.00000_0.00000_0.00000_0.00000,0,0.00000_0.00000_0.00000_0.00000_0.00000
32,3283351,-1.98991_-1.98991_0.00000_3.97978_-2.98485,3084359,-0.99496_-2.98486_-0.99496_3.97978_-1.98991
32,3084359,-0.99496_-2.98486_-0.99496_3.97978_-1.98991,2487387,-1.98991_-0.99496_0.00000_3.97978_-1.98991
32,2487387,-1.98991_-0.99496_0.00000_3.97978_-1.98991,1392939,-1.98991_0.00000_0.99496_2.98485_0.00000
32,1392939,-1.98991_0.00000_0.99496_2.98485_0.00000,1094452,-0.99496_0.00000_0.99496_2.98486_0.00000
32,1094452,-0.99496_0.00000_0.99496_2.98486_0.00000,795967,0.99496_1.98991_-0.99496_0.99496_0.99496
32,795967,0.99496_1.98991_-0.99496_0.99496_0.99496,696471,0.99496_1.98992_-0.99496_0.99496_0.00000
32,696471,0.99496_1.98992_-0.99496_0.99496_0.00000,696471,0.99496_0.99496_-1.98991_0.99496_0.00000
32,696471,0.99496_0.99496_-1.98991_0.99496_0.00000,596975,0.00000_0.99496_-1.98991_0.99496_0.00000
32,596975,0.00000_0.99496_-1.98991_0.99496_0.00000,596975,0.00000_0.99496_-1.98991_0.99496_0.00000
32,596975,0.00000_0.99496_-1.98991_0.99496_0.00000,397984,-0.99496_0.99496_-0.99496_0.00000_0.99496
32,397984,-0.99496_0.99496_-0.99496_0.00000_0.99496,298488,-0.99496_0.99496_-0.99496_0.00000_0.00000
32,298488,-0.99496_0.99496_-0.99496_0.00000_0.00000,298488,-0.99496_0.00000_-0.99496_-0.99496_0.00000
32,298488,-0.99496_0.00000_-0.99496_-0.99496_0.00000,198992,0.00000_0.00000_-0.99496_-0.99496_0.00000
32,198992,0.00000_0.00000_-0.99496_-0.99496_0.00000,198992,0.00000_0.00000_-0.99496_0.00000_0.99496
32,198992,0.00000_0.00000_-0.99496_0.00000_0.99496,99496,0.99496_0.00000_0.00000_0.00000_0.00000
32,99496,0.99496_0.00000_0.00000_0.00000_0.00000,99496,0.00000_0.00000_0.00000_-0.99496_0.00000
32,99496,0.00000_0.00000_0.00000_-0.99496_0.00000,99496,0.00000_0.00000_0.00000_-0.99496_0.00000
32,99496,0.00000_0.00000_0.00000_-0.99496_0.00000,99496,0.00000_0.00000_0.00000_-0.99496_0.00000
32,99496,0.00000_0.00000_0.00000_-0.99496_0.00000,99496,0.00000_0.00000_0.00000_-0.99496_0.00000
32,99496,0.00000_0.00000_0.00000_-0.99496_0.00000,99496,-0.99496_0.00000_0.00000_0.00000_0.00000
32,99496,-0.99496_0.00000_0.00000_0.00000_0.00000,99496,-0.99496_0.00000_0.00000_0.00000_0.00000
32,99496,-0.99496_0.00000_0.00000_0.00000_0.00000,99496,-0.99496_0.00000_0.00000_0.00000_0.00000
32,99496,-0.99496_0.00000_0.00000_0.00000_0.00000,99496,-0.99496_0.00000_0.00000_0.00000_0.00000
33,3780818,4.97469_0.99496_-1.98991_-1.98991_1.98991,3681334,2.98486_-1.98991_1.98991_-1.98991_3.97978
33,3681334,2.98486_-1.98991_1.98991_-1.98991_3.97978,795967,-0.99496_1.98991_-0.99496_0.99496_-0.99496
33,795967,-0.99496_1.98991_-0.99496_0.99496_-0.99496,696471,-0.99496_0.99496_-1.98991_0.99496_0.00000
33,696471,-0.99496_0.99496_-1.98991_0.99496_0.00000,198992,0.00000_0.99496_-0.99496_0.00000_0.00000
33,198992,0.00000_0.99496_-0.99496_0.00000_0.00000,198992,0.00000_0.99496_-0.99496_0.00000_0.00000
33,198992,0.00000_0.99496_-0.99496_0.00000_0.00000,198992,0.00000_0.99496_-0.99496_0.00000_0.00000
33,198992,0.00000_0.99496_-0.99496_0.00000_0.00000,198992,-0.99496_0.99496_0.00000_0.00000_0.00000
33,198992,-0.99496_0.99496_0.00000_0.00000_0.00000,99496,-0.99496_0.00000_0.00000_0.00000_0.00000
33,99496,-0.99496_0.00000_0.00000_0.00000_0.00000,99496,-0.99496_0.00000_0.00000_0.00000_0.00000
33,99496,-0.99496_0.00000_0.00000_0.00000_0.00000,99496,-0.99496_0.00000_0.00000_0.00000_0.00000
33,99496,-0.99496_0.00000_0.00000_0.00000_0.00000,99496,-0.99496_0.00000_0.00000_0.00000_0.00000
33,99496,-0.99496_0.00000_0.00000_0.00000_0.00000,99496,-0.99496_0.00000_0.00000_0.00000_0.00000
33,99496,-0.99496_0.00000_0.00000_0.00000_0.00000,99496,-0.99496_0.00000_0.00000_0.00000_0.00000
33,99496,-0.99496_0.00000_0.00000_0.00000_0.00000,99496,-0.99496_0.00000_0.00000_0.00000_0.00000
33,99496,-0.99496_0.00000_0.00000_0.00000_0.00000,99496,-0.99496_0.00000_0.00000_0.00000_0.00000
33,99496,-0.99496_0.00000_0.00000_0.00000_0.00000,0,0.00000_0.00000_0.00000_0.00000_0.00000
33,0,0.00000_0.00000_0.00000_0.00000_0.00000,0,0.00000_0.00000_0.00000_0.00000_0.00000
34,4477284,0.99496_-2.98486_-2.98486_0.99496_-4.97469,3979807,2.98486_0.99496_0.99496_-1.98991_-4.97469
34,3979807,2.98486_0.99496_0.99496_-1.98991_-4.97469,3780818,-0.99496_-1.98991_-1.98991_1.98991_-4.97469
34,3780818,-0.99496_-1.98991_-1.98991_1.98991_-4.97469,2785874,1.98992_1.98991_-3.97978_-1.98992_0.00000
34,2785874,1.98992_1.98991_-3.97978_-1.98992_0.00000,1790922,1.98991_2.98485_-1.98991_-0.99496_0.00000
34,1790922,1.98991_2.98485_-1.98991_-0.99496_0.00000,1492435,1.98991_2.98486_0.00000_0.99496_0.99496
34,1492435,1.98991_2.98486_0.00000_0.99496_0.99496,1094452,0.99496_2.98486_0.00000_0.00000_0.99496
34,1094452,0.99496_2.98486_0.00000_0.00000_0.99496,596975,0.99496_1.98991_0.00000_0.00000_0.99496
34,596975,0.99496_1.98991_0.00000_0.00000_0.99496,298488,0.99496_0.99496_0.00000_0.00000_0.99496
34,298488,0.99496_0.99496_0.00000_0.00000_0.99496,298488,0.99496_0.99496_0.00000_0.00000_0.99496
34,298488,0.99496_0.99496_0.00000_0.00000_0.99496,198992,0.99496_0.00000_0.00000_0.00000_0.99496
34,198992,0.99496_0.00000_0.00000_0.00000_0.99496,198992,0.99496_0.00000_0.00000_0.00000_0.99496
34,198992,0.99496_0.00000_0.00000_0.00000_0.99496,99496,0.00000_0.00000_0.00000_0.00000_0.99496
34,99496,0.00000_0.00000_0.00000_0.00000_0.99496,99496,0.00000_-0.99496_0.00000_0.00000_0.00000
34,99496,0.00000_-0.99496_0.00000_0.00000_0.00000,99496,0.00000_-0.99496_0.00000_0.00000_0.00000
34,99496,0.00000_-0.99496_0.00000_0.00000_0.00000,99496,0.00000_-0.99496_0.00000_0.00000_0.00000
34,99496,0.00000_-0.99496_0.00000_0.00000_0.00000,99496,0.00000_-0.99496_0.00000_0.00000_0.00000
34,99496,0.00000_-0.99496_0.00000_0.00000_0.00000,99496,0.00000_-0.99496_0.00000_0.00000_0.00000
34,99496,0.00000_-0.99496_0.00000_0.00000_0.00000,99496,0.00000_-0.99496_0.00000_0.00000_0.00000
34,99496,0.00000_-0.99496_0.00000_0.00000_0.00000,99496,0.00000_-0.99496_0.00000_0.00000_0.00000
34,99496,0.00000_-0.99496_0.00000_0.00000_0.00000,99496,0.00000_-0.99496_0.00000_0.00000_0.00000
34,99496,0.00000_-0.99496_0.00000_0.00000_0.00000,99496,-0.99496_0.00000_0.00000_0.00000_0.00000
34,99496,-0.99496_0.00000_0.00000_0.00000_0.00000,99496,-0.99496_0.00000_0.00000_0.00000_0.00000
35,2984864,0.00000_1.98991_0.99496_-2.98485_-3.97978,2188899,1.98991_0.00000_-0.99496_-3.97978_-0.99496
35,2188899,1.98991_0.00000_-0.99496_-3.97978_-0.99496,1989908,0.99496_0.99496_-0.99496_-3.97978_-0.99496
35,1989908,0.99496_0.99496_-0.99496_-3.97978_-0.99496,1392939,0.00000_1.98991_-0.99496_-2.98486_0.00000
35,1392939,0.00000_1.98991_-0.99496_-2.98486_0.00000,696471,0.99496_0.99496_-1.98991_0.00000_-0.99496
35,696471,0.99496_0.99496_-1.98991_0.00000_-0.99496,596975,0.00000_-0.99496_-0.99496_0.00000_-1.98991
35,596975,0.00000_-0.99496_-0.99496_0.00000_-1.98991,596975,0.00000_-0.99496_-0.99496_0.00000_-1.98991
35,596975,0.00000_-0.99496_-0.99496_0.00000_-1.98991,198992,0.00000_-0.99496_0.00000_0.00000_-0.99496
35,198992,0.00000_-0.99496_0.00000_0.00000_-0.99496,198992,0.00000_-0.99496_0.00000_0.00000_-0.99496
35,198992,0.00000_-0.99496_0.00000_0.00000_-0.99496,198992,0.00000_-0.99496_0.00000_0.00000_-0.99496
35,198992,0.00000_-0.99496_0.00000_0.00000_-0.99496,198992,0.00000_-0.99496_0.00000_0.00000_-0.99496
35,198992,0.00000_-0.99496_0.00000_0.00000_-0.99496,198992,0.00000_-0.99496_-0.99496_0.00000_0.00000
35,198992,0.00000_-0.99496_-0.99496_0.00000_0.00000,198992,0.00000_-0.99496_-0.99496_0.00000_0.00000
35,198992,0.00000_-0.99496_-0.99496_0.00000_0.00000,198992,0.00000_-0.99496_-0.99496_0.00000_0.00000
35,198992,0.00000_-0.99496_-0.99496_0.00000_0.00000,198992,-0.99496_0.00000_-0.99496_0.00000_0.00000
35,198992,-0.99496_0.00000_-0.99496_0.00000_0.00000,99496,0.00000_-0.99496_0.00000_0.00000_0.00000
35,99496,0.00000_-0.99496_0.00000_0.00000_0.00000,99496,0.00000_-0.99496_0.00000_0.00000_0.00000
35,99496,0.00000_-0.99496_0.00000_0.00000_0.00000,99496,0.00000_-0.99496_0.00000_0.00000_0.00000
35,99496,0.00000_-0.99496_0.00000_0.00000_0.00000,99496,0.00000_-0.99496_0.00000_0.00000_0.00000
35,99496,0.00000_-0.99496_0.00000_0.00000_0.00000,99496,0.00000_-0.99496_0.00000_0.00000_0.00000
35,99496,0.00000_-0.99496_0.00000_0.00000_0.00000,99496,0.00000_-0.99496_0.00000_0.00000_0.00000
35,99496,0.00000_-0.99496_0.00000_0.00000_0.00000,99496,0.00000_-0.99496_0.00000_0.00000_0.00000
35,99496,0.00000_-0.99496_0.00000_0.00000_0.00000,99496,-0.99496_0.00000_0.00000_0.00000_0.00000
35,99496,-0.99496_0.00000_0.00000_0.00000_0.00000,99496,-0.99496_0.00000_0.00000_0.00000_0.00000
35,99496,-0.99496_0.00000_0.00000_0.00000_0.00000,99496,-0.99496_0.00000_0.00000_0.00000_0.00000
35,99496,-0.99496_0.00000_0.00000_0.00000_0.00000,99496,-0.99496_0.00000_0.00000_0.00000_0.00000
36,3681334,1.98990_-2.98486_1.98991_1.98992_-3.97979,2686382,1.98991_-0.99496_2.98486_2.98486_-1.98991
36,2686382,1.98991_-0.99496_2.98486_2.98486_-1.98991,1890418,1.98991_-0.99496_2.98486_1.98991_-0.99496
36,1890418,1.98991_-0.99496_2.98486_1.98991_-0.99496,1790922,0.99496_0.00000_2.98486_1.98991_-1.98991
36,1790922,0.99496_0.00000_2.98486_1.98991_-1.98991,1790916,-0.99496_0.00000_3.97978_0.00000_-0.99496
36,1790916,-0.99496_0.00000_3.97978_0.00000_-0.99496,1790916,0.00000_0.99496_3.97978_0.00000_-0.99496
36,1790916,0.00000_0.99496_3.97978_0.00000_-0.99496,1492435,0.99496_0.99496_2.98486_0.00000_-1.98991
36,1492435,0.99496_0.99496_2.98486_0.00000_-1.98991,994958,-0.99496_-0.99496_1.98991_0.00000_-1.98991
36,994958,-0.99496_-0.99496_1.98991_0.00000_-1.98991,596975,-1.98991_0.00000_-0.99496_0.99496_0.00000
36,596975,-1.98991_0.00000_-0.99496_0.99496_0.00000,596975,-1.98991_0.00000_-0.99496_0.99496_0.00000
36,596975,-1.98991_0.00000_-0.99496_0.99496_0.00000,596975,-1.98991_0.00000_-0.99496_0.99496_0.00000
36,596975,-1.98991_0.00000_-0.99496_0.99496_0.00000,596975,-1.98991_-0.99496_0.00000_0.00000_-0.99496
36,596975,-1.98991_-0.99496_0.00000_0.00000_-0.99496,596975,-1.98991_-0.99496_0.00000_0.00000_-0.99496
36,596975,-1.98991_-0.99496_0.00000_0.00000_-0.99496,596975,-1.98991_-0.99496_0.00000_0.99496_0.00000
36,596975,-1.98991_-0.99496_0.00000_0.99496_0.00000,497479,-1.98991_0.00000_0.99496_0.00000_0.00000
36,497479,-1.98991_0.00000_0.99496_0.00000_0.00000,397984,0.00000_0.99496_-0.99496_0.99496_0.99496
36,397984,0.00000_0.99496_-0.99496_0.99496_0.99496,298488,0.00000_0.00000_-0.99496_0.99496_0.99496
36,298488,0.00000_0.00000_-0.99496_0.99496_0.99496,198992,0.00000_0.00000_0.00000_0.99496_0.99496
36,198992,0.00000_0.00000_0.00000_0.99496_0.99496,198992,0.99496_0.00000_0.00000_0.00000_0.99496
36,198992,0.99496_0.00000_0.00000_0.00000_0.99496,99496,0.00000_0.00000_0.00000_0.00000_0.99496
36,99496,0.00000_0.00000_0.00000_0.00000_0.99496,99496,0.00000_0.00000_0.00000_0.00000_0.99496
36,99496,0.00000_0.00000_0.00000_0.00000_0.99496,99496,0.00000_0.00000_0.00000_0.00000_0.99496
36,99496,0.00000_0.00000_0.00000_0.00000_0.99496,99496,-0.99496_0.00000_0.00000_0.00000_0.00000
36,99496,-0.99496_0.00000_0.00000_0.00000_0.00000,99496,-0.99496_0.00000_0.00000_0.00000_0.00000
36,99496,-0.99496_0.00000_0.00000_0.00000_0.00000,99496,-0.99496_0.00000_0.00000_0.00000_0.00000
36,99496,-0.99496_0.00000_0.00000_0.00000_0.00000,99496,-0.99496_0.00000_0.00000_0.00000_0.00000
36,99496,-0.99496_0.00000_0.00000_0.00000_0.00000,99496,-0.99496_0.00000_0.00000_0.00000_0.00000
37,3382841,-0.99496_0.99496_-3.97978_0.00000_-3.97978,2188903,-2.98486_-1.98991_0.00000_2.98485_0.00000
37,2188903,-2.98486_-1.98991_0.00000_2.98485_0.00000,497480,-0.99496_-0.99496_0.99496_0.99496_0.99496
37,497480,-0.99496_-0.99496_0.99496_0.99496_0.99496,397984,-0.99496_-0.99496_0.99496_0.99496_0.00000
37,397984,-0.99496_-0.99496_0.99496_0.99496_0.00000,298488,0.00000_-0.99496_0.99496_0.99496_0.00000
37,298488,0.00000_-0.99496_0.99496_0.99496_0.00000,298488,0.00000_-0.99496_0.99496_0.99496_0.00000
37,298488,0.00000_-0.99496_0.99496_0.99496_0.00000,298488,0.99496_-0.99496_0.00000_0.99496_0.00000
37,298488,0.99496_-0.99496_0.00000_0.99496_0.00000,198992,0.99496_0.00000_-0.99496_0.00000_0.00000
37,198992,0.99496_0.00000_-0.99496_0.00000_0.00000,198992,0.00000_0.00000_-0.99496_0.00000_-0.99496
37,198992,0.00000_0.00000_-0.99496_0.00000_-0.99496,99496,0.99496_0.00000_0.00000_0.00000_0.00000
37,99496,0.99496_0.00000_0.00000_0.00000_0.00000,99496,0.00000_0.00000_0.99496_0.00000_0.00000
37,99496,0.00000_0.00000_0.99496_0.00000_0.00000,99496,0.00000_-0.99496_0.00000_0.00000_0.00000
37,99496,0.00000_-0.99496_0.00000_0.00000_0.00000,99496,0.00000_-0.99496_0.00000_0.00000_0.00000
37,99496,0.00000_-0.99496_0.00000_0.00000_0.00000,99496,0.00000_-0.99496_0.00000_0.00000_0.00000
37,99496,0.00000_-0.99496_0.00000_0.00000_0.00000,99496,0.00000_-0.99496_0.00000_0.00000_0.00000
37,99496,0.00000_-0.99496_0.00000_0.00000_0.00000,99496,-0.99496_0.00000_0.00000_0.00000_0.00000
37,99496,-0.99496_0.00000_0.00000_0.00000_0.00000,99496,-0.99496_0.00000_0.00000_0.00000_0.00000
37,99496,-0.99496_0.00000_0.00000_0.00000_0.00000,0,0.00000_0.00000_0.00000_0.00000_0.00000
37,0,0.00000_0.00000_0.00000_0.00000_0.00000,0,0.00000_0.00000_0.00000_0.00000_0.00000
37,0,0.00000_0.00000_0.00000_0.00000_0.00000,0,0.00000_0.00000_0.00000_0.00000_0.00000
38,3382834,0.00000_-1.98991_-4.97469_1.98991_-0.99496,2089409,-2.98486_1.98991_0.00000_-1.98991_1.98991
38,2089409,-2.98486_1.98991_0.00000_-1.98991_1.98991,1492435,0.99496_0.00000_2.98486_0.99496_-1.98991
38,1492435,0.99496_0.00000_2.98486_0.99496_-1.98991,596975,0.00000_-0.99496_1.98991_-0.99496_0.00000
38,596975,0.00000_-0.99496_1.98991_-0.99496_0.00000,497480,0.99496_0.99496_0.99496_0.99496_-0.99496
38,497480,0.99496_0.99496_0.99496_0.99496_-0.99496,497480,0.99496_0.99496_0.99496_0.99496_-0.99496
38,497480,0.99496_0.99496_0.99496_0.99496_-0.99496,298488,0.99496_0.00000_0.00000_0.99496_-0.99496
38,298488,0.99496_0.00000_0.00000_0.99496_-0.99496,198992,0.00000_0.00000_0.00000_0.99496_-0.99496
38,198992,0.00000_0.00000_0.00000_0.99496_-0.99496,198992,0.99496_0.00000_0.00000_0.00000_-0.99496
38,198992,0.99496_0.00000_0.00000_0.00000_-0.99496,198992,0.99496_0.00000_0.00000_0.00000_-0.99496
38,198992,0.99496_0.00000_0.00000_0.00000_-0.99496,99496,0.00000_0.00000_0.00000_-0.99496_0.00000
38,99496,0.00000_0.00000_0.00000_-0.99496_0.00000,99496,0.00000_0.00000_0.00000_-0.99496_0.00000
38,99496,0.00000_0.00000_0.00000_-0.99496_0.00000,99496,0.00000_-0.99496_0.00000_0.00000_0.00000
38,99496,0.00000_-0.99496_0.00000_0.00000_0.00000,99496,0.00000_-0.99496_0.00000_0.00000_0.00000
38,99496,0.00000_-0.99496_0.00000_0.00000_0.00000,99496,0.00000_-0.99496_0.00000_0.00000_0.00000
38,99496,0.00000_-0.99496_0.00000_0.00000_0.00000,99496,-0.99496_0.00000_0.00000_0.00000_0.00000
38,99496,-0.99496_0.00000_0.00000_0.00000_0.00000,99496,-0.99496_0.00000_0.00000_0.00000_0.00000
38,99496,-0.99496_0.00000_0.00000_0.00000_0.00000,99496,-0.99496_0.00000_0.00000_0.00000_0.00000
38,99496,-0.99496_0.00000_0.00000_0.00000_0.00000,99496,-0.99496_0.00000_0.00000_0.00000_0.00000
38,99496,-0.99496_0.00000_0.00000_0.00000_0.00000,99496,-0.99496_0.00000_0.00000_0.00000_0.00000
39,1492435,-2.98486_-1.98991_0.99496_-0.99496_0.00000,1094454,-1.98991_-0.99496_0.99496_-1.98991_-0.99496
39,1094454,-1.98991_-0.99496_0.99496_-1.98991_-0.99496,994958,-0.99496_-1.98991_-0.99496_-1.98991_0.00000
39,994958,-0.99496_-1.98991_-0.99496_-1.98991_0.00000,696471,-0.99496_-0.99496_-0.99496_-1.98991_0.00000
39,696471,-0.99496_-0.99496_-0.99496_-1.98991_0.00000,497479,-0.99496_0.00000_0.00000_-1.98991_0.00000
39,497479,-0.99496_0.00000_0.00000_-1.98991_0.00000,298488,0.00000_-0.99496_-0.99496_-0.99496_0.00000
39,298488,0.00000_-0.99496_-0.99496_-0.99496_0.00000,198992,0.00000_0.00000_0.00000_-0.99496_0.99496
39,198992,0.00000_0.00000_0.00000_-0.99496_0.99496,198992,-0.99496_0.99496_0.00000_0.00000_0.00000
39,198992,-0.99496_0.99496_0.00000_0.00000_0.00000,198992,-0.99496_0.99496_0.00000_0.00000_0.00000
39,198992,-0.99496_0.99496_0.00000_0.00000_0.00000,99496,-0.99496_0.00000_0.00000_0.00000_0.00000
39,99496,-0.99496_0.00000_0.00000_0.00000_0.00000,99496,-0.99496_0.00000_0.00000_0.00000_0.00000
39,99496,-0.99496_0.00000_0.00000_0.00000_0.00000,0,0.00000_0.00000_0.00000_0.00000_0.00000
39,0,0.00000_0.00000_0.00000_0.00000_0.00000,0,0.00000_0.00000_0.00000_0.00000_0.00000
40,596975,-0.99496_0.00000_0.99496_-1.98991_0.00000,397984,-0.99496_0.99496_0.00000_-0.99496_-0.99496
40,397984,-0.99496_0.99496_0.00000_-0.99496_-0.99496,298488,-0.99496_0.99496_0.00000_-0.99496_0.00000
40,298488,-0.99496_0.99496_0.00000_-0.99496_0.00000,298488,-0.99496_0.99496_0.99496_0.00000_0.00000
40,298488,-0.99496_0.99496_0.99496_0.00000_0.00000,198992,-0.99496_0.00000_0.99496_0.00000_0.00000
40,198992,-0.99496_0.00000_0.99496_0.00000_0.00000,198992,-0.99496_0.00000_0.99496_0.00000_0.00000
40,198992,-0.99496_0.00000_0.99496_0.00000_0.00000,198992,-0.99496_0.00000_0.99496_0.00000_0.00000
40,198992,-0.99496_0.00000_0.99496_0.00000_0.00000,198992,-0.99496_0.00000_0.00000_-0.99496_0.00000
40,198992,-0.99496_0.00000_0.00000_-0.99496_0.00000,198992,-0.99496_0.00000_0.00000_-0.99496_0.00000
40,198992,-0.99496_0.00000_0.00000_-0.99496_0.00000,198992,-0.99496_0.00000_0.00000_-0.99496_0.00000
40,198992,-0.99496_0.00000_0.00000_-0.99496_0.00000,198992,-0.99496_0.00000_0.00000_-0.99496_0.00000
40,198992,-0.99496_0.00000_0.00000_-0.99496_0.00000,99496,-0.99496_0.00000_0.00000_0.00000_0.00000
40,99496,-0.99496_0.00000_0.00000_0.00000_0.00000,99496,-0.99496_0.00000_0.00000_0.00000_0.00000
40,99496,-0.99496_0.00000_0.00000_0.00000_0.00000,99496,-0.99496_0.00000_0.00000_0.00000_0.00000
40,99496,-0.99496_0.00000_0.00000_0.00000_0.00000,99496,-0.99496_0.00000_0.00000_0.00000_0.00000
40,99496,-0.99496_0.00000_0.00000_0.00000_0.00000,99496,-0.99496_0.00000_0.00000_0.00000_0.00000
40,99496,-0.99496_0.00000_0.00000_0.00000_0.00000,0,0.00000_0.00000_0.00000_0.00000_0.00000
40,0,0.00000_0.00000_0.00000_0.00000_0.00000,0,0.00000_0.00000_0.00000_0.00000_0.00000
41,2885370,1.98991_-1.98991_0.99496_-1.98991_3.97978,2885370,1.98991_-0.99496_1.98991_-1.98991_3.97978
41,2885370,1.98991_-0.99496_1.98991_-1.98991_3.97978,2885370,0.99496_-1.98991_1.98991_-1.98991_3.97978
41,2885370,0.99496_-1.98991_1.98991_-1.98991_3.97978,2785874,0.00000_-1.98991_1.98991_-1.98991_3.97978
41,2785874,0.00000_-1.98991_1.98991_-1.98991_3.97978,2586886,0.00000_-1.98991_2.98485_-1.98992_2.98486
41,2586886,0.00000_-1.98991_2.98485_-1.98992_2.98486,1492435,0.00000_1.98992_2.98486_-0.99496_-0.99496
41,1492435,0.00000_1.98992_2.98486_-0.99496_-0.99496,1392939,0.99496_2.98486_1.98991_0.00000_0.00000
41,1392939,0.99496_2.98486_1.98991_0.00000_0.00000,696471,0.00000_1.98991_0.99496_-0.99496_0.99496
41,696471,0.00000_1.98991_0.99496_-0.99496_0.99496,596975,-0.99496_1.98991_0.99496_0.00000_0.00000
41,596975,-0.99496_1.98991_0.99496_0.00000_0.00000,497480,0.99496_0.99496_-0.99496_-0.99496_0.99496
41,497480,0.99496_0.99496_-0.99496_-0.99496_0.99496,497479,1.98991_0.99496_0.00000_0.00000_0.00000
41,497479,1.98991_0.99496_0.00000_0.00000_0.00000,198992,0.99496_0.99496_0.00000_0.00000_0.00000
41,198992,0.99496_0.99496_0.00000_0.00000_0.00000,99496,0.00000_0.00000_0.00000_-0.99496_0.00000
41,99496,0.00000_0.00000_0.00000_-0.99496_0.00000,99496,0.00000_0.00000_0.00000_-0.99496_0.00000
41,99496,0.00000_0.00000_0.00000_-0.99496_0.00000,99496,0.00000_-0.99496_0.00000_0.00000_0.00000
41,99496,0.00000_-0.99496_0.00000_0.00000_0.00000,99496,0.00000_-0.99496_0.00000_0.00000_0.00000
41,99496,0.00000_-0.99496_0.00000_0.00000_0.00000,99496,0.00000_-0.99496_0.00000_0.00000_0.00000
41,99496,0.00000_-0.99496_0.00000_0.00000_0.00000,99496,0.00000_-0.99496_0.00000_0.00000_0.00000
41,99496,0.00000_-0.99496_0.00000_0.00000_0.00000,99496,0.00000_-0.99496_0.00000_0.00000_0.00000
41,99496,0.00000_-0.99496_0.00000_0.00000_0.00000,99496,0.00000_-0.99496_0.00000_0.00000_0.00000
41,99496,0.00000_-0.99496_0.00000_0.00000_0.00000,99496,0.00000_-0.99496_0.00000_0.00000_0.00000
41,99496,0.00000_-0.99496_0.00000_0.00000_0.00000,99496,0.00000_-0.99496_0.00000_0.00000_0.00000
41,99496,0.00000_-0.99496_0.00000_0.00000_0.00000,99496,-0.99496_0.00000_0.00000_0.00000_0.00000
41,99496,-0.99496_0.00000_0.00000_0.00000_0.00000,99496,-0.99496_0.00000_0.00000_0.00000_0.00000
41,99496,-0.99496_0.00000_0.00000_0.00000_0.00000,99496,-0.99496_0.00000_0.00000_0.00000_0.00000
41,99496,-0.99496_0.00000_0.00000_0.00000_0.00000,99496,-0.99496_0.00000_0.00000_0.00000_0.00000
41,99496,-0.99496_0.00000_0.00000_0.00000_0.00000,99496,-0.99496_0.00000_0.00000_0.00000_0.00000
41,99496,-0.99496_0.00000_0.00000_0.00000_0.00000,99496,-0.99496_0.00000_0.00000_0.00000_0.00000
41,99496,-0.99496_0.00000_0.00000_0.00000_0.00000,99496,-0.99496_0.00000_0.00000_0.00000_0.00000
42,1790916,3.97978_0.00000_0.00000_-0.99496_-0.99496,1392941,1.98992_0.99496_0.99496_-1.98991_-1.98991
42,1392941,1.98992_0.99496_0.99496_-1.98991_-1.98991,1094454,1.98991_0.99496_0.99496_-0.99496_-1.98991
42,1094454,1.98991_0.99496_0.99496_-0.99496_-1.98991,1094454,1.98991_0.99496_1.98991_-0.99496_-0.99496
42,1094454,1.98991_0.99496_1.98991_-0.99496_-0.99496,696471,0.99496_0.99496_1.98991_-0.99496_0.00000
42,696471,0.99496_0.99496_1.98991_-0.99496_0.00000,696471,1.98991_-0.99496_0.99496_0.00000_0.99496
42,696471,1.98991_-0.99496_0.99496_0.00000_0.99496,596975,1.98991_0.00000_0.00000_0.99496_0.99496
42,596975,1.98991_0.00000_0.00000_0.99496_0.99496,298488,0.99496_-0.99496_0.00000_0.99496_0.00000
42,298488,0.99496_-0.99496_0.00000_0.99496_0.00000,198992,0.99496_0.00000_0.99496_0.00000_0.00000
42,198992,0.99496_0.00000_0.99496_0.00000_0.00000,198992,0.99496_0.00000_0.99496_0.00000_0.00000
42,198992,0.99496_0.00000_0.99496_0.00000_0.00000,198992,0.00000_0.99496_0.00000_0.00000_0.99496
42,198992,0.00000_0.99496_0.00000_0.00000_0.99496,198992,0.00000_0.99496_0.00000_0.00000_0.99496
42,198992,0.00000_0.99496_0.00000_0.00000_0.99496,198992,0.00000_0.99496_0.00000_0.00000_0.99496
42,198992,0.00000_0.99496_0.00000_0.00000_0.99496,198992,-0.99496_0.99496_0.00000_0.00000_0.00000
42,198992,-0.99496_0.99496_0.00000_0.00000_0.00000,198992,-0.99496_0.99496_0.00000_0.00000_0.00000
42,198992,-0.99496_0.99496_0.00000_0.00000_0.00000,198992,-0.99496_0.99496_0.00000_0.00000_0.00000
42,198992,-0.99496_0.99496_0.00000_0.00000_0.00000,198992,-0.99496_0.99496_0.00000_0.00000_0.00000
42,198992,-0.99496_0.99496_0.00000_0.00000_0.00000,198992,-0.99496_0.99496_0.00000_0.00000_0.00000
42,198992,-0.99496_0.99496_0.00000_0.00000_0.00000,198992,-0.99496_0.99496_0.00000_0.00000_0.00000
42,198992,-0.99496_0.99496_0.00000_0.00000_0.00000,198992,-0.99496_0.99496_0.00000_0.00000_0.00000
42,198992,-0.99496_0.99496_0.00000_0.00000_0.00000,198992,-0.99496_0.99496_0.00000_0.00000_0.00000
42,198992,-0.99496_0.99496_0.00000_0.00000_0.00000,198992,-0.99496_0.99496_0.00000_0.00000_0.00000
42,198992,-0.99496_0.99496_0.00000_0.00000_0.00000,99496,0.00000_0.99496_0.00000_0.00000_0.00000
42,99496,0.00000_0.99496_0.00000_0.00000_0.00000,99496,-0.99496_0.00000_0.00000_0.00000_0.00000
42,99496,-0.99496_0.00000_0.00000_0.00000_0.00000,99496,-0.99496_0.00000_0.00000_0.00000_0.00000
42,99496,-0.99496_0.00000_0.00000_0.00000_0.00000,99496,-0.99496_0.00000_0.00000_0.00000_0.00000
42,99496,-0.99496_0.00000_0.00000_0.00000_0.00000,99496,-0.99496_0.00000_0.00000_0.00000_0.00000
42,99496,-0.99496_0.00000_0.00000_0.00000_0.00000,99496,-0.99496_0.00000_0.00000_0.00000_0.00000
42,99496,-0.99496_0.00000_0.00000_0.00000_0.00000,99496,-0.99496_0.00000_0.00000_0.00000_0.00000
42,99496,-0.99496_0.00000_0.00000_0.00000_0.00000,99496,-0.99496_0.00000_0.00000_0.00000_0.00000
42,99496,-0.99496_0.00000_0.00000_0.00000_0.00000,99496,-0.99496_0.00000_0.00000_0.00000_0.00000
43,5372740,3.97978_4.97469_0.00000_-1.98991_2.98486,2686376,3.97978_0.00000_2.98485_0.99497_-0.99496
43,2686376,3.97978_0.00000_2.98485_0.99497_-0.99496,2686376,3.97979_0.99496_2.98486_0.00000_-0.99496
43,2686376,3.97979_0.99496_2.98486_0.00000_-0.99496,1989912,2.98486_0.00000_2.98486_0.99496_-0.99496
43,1989912,2.98486_0.00000_2.98486_0.99496_-0.99496,696471,-0.99496_0.99496_-0.99496_1.98991_0.00000
43,696471,-0.99496_0.99496_-0.99496_1.98991_0.00000,696471,-0.99496_0.99496_-0.99496_1.98991_0.00000
43,696471,-0.99496_0.99496_-0.99496_1.98991_0.00000,596975,-0.99496_0.99496_0.00000_1.98991_0.00000
43,596975,-0.99496_0.99496_0.00000_1.98991_0.00000,497479,-0.99496_0.00000_0.00000_1.98991_0.00000
43,497479,-0.99496_0.00000_0.00000_1.98991_0.00000,298488,-0.99496_0.99496_0.00000_0.99496_0.00000
43,298488,-0.99496_0.99496_0.00000_0.99496_0.00000,198992,-0.99496_0.00000_0.00000_0.99496_0.00000
43,198992,-0.99496_0.00000_0.00000_0.99496_0.00000,198992,0.00000_0.00000_0.99496_0.99496_0.00000
43,198992,0.00000_0.00000_0.99496_0.99496_0.00000,198992,0.00000_0.00000_0.99496_0.99496_0.00000
43,198992,0.00000_0.00000_0.99496_0.99496_0.00000,198992,0.00000_0.00000_0.99496_0.99496_0.00000
43,198992,0.00000_0.00000_0.99496_0.99496_0.00000,99496,0.00000_0.00000_0.99496_0.00000_0.00000
43,99496,0.00000_0.00000_0.99496_0.00000_0.00000,99496,0.00000_0.00000_0.99496_0.00000_0.00000
43,99496,0.00000_0.00000_0.99496_0.00000_0.00000,99496,0.00000_0.00000_0.99496_0.00000_0.00000
43,99496,0.00000_0.00000_0.99496_0.00000_0.00000,99496,0.00000_0.00000_0.00000_0.00000_-0.99496
43,99496,0.00000_0.00000_0.00000_0.00000_-0.99496,99496,0.00000_0.00000_0.00000_0.00000_-0.99496
43,99496,0.00000_0.00000_0.00000_0.00000_-0.99496,99496,0.00000_0.00000_0.00000_0.99496_0.00000
43,99496,0.00000_0.00000_0.00000_0.99496_0.00000,99496,0.00000_0.00000_0.00000_0.99496_0.00000
43,99496,0.00000_0.00000_0.00000_0.99496_0.00000,99496,0.00000_0.00000_0.00000_0.00000_0.99496
43,99496,0.00000_0.00000_0.00000_0.00000_0.99496,99496,0.00000_0.00000_0.00000_0.00000_0.99496
43,99496,0.00000_0.00000_0.00000_0.00000_0.99496,99496,0.00000_-0.99496_0.00000_0.00000_0.00000
43,99496,0.00000_-0.99496_0.00000_0.00000_0.00000,99496,0.00000_-0.99496_0.00000_0.00000_0.00000
43,99496,0.00000_-0.99496_0.00000_0.00000_0.00000,99496,0.00000_-0.99496_0.00000_0.00000_0.00000
43,99496,0.00000_-0.99496_0.00000_0.00000_0.00000,99496,0.00000_-0.99496_0.00000_0.00000_0.00000
43,99496,0.00000_-0.99496_0.00000_0.00000_0.00000,99496,0.00000_-0.99496_0.00000_0.00000_0.00000
43,99496,0.00000_-0.99496_0.00000_0.00000_0.00000,99496,-0.99496_0.00000_0.00000_0.00000_0.00000
43,99496,-0.99496_0.00000_0.00000_0.00000_0.00000,99496,-0.99496_0.00000_0.00000_0.00000_0.00000
43,99496,-0.99496_0.00000_0.00000_0.00000_0.00000,99496,-0.99496_0.00000_0.00000_0.00000_0.00000
44,1591931,-0.99496_-0.99496_-1.98991_0.99496_-2.98486,1392941,-0.99496_-1.98991_-0.99496_1.98991_-1.98991
44,1392941,-0.99496_-1.98991_-0.99496_1.98991_-1.98991,1094454,-0.99496_-1.98991_-0.99496_0.99496_-1.98991
44,1094454,-0.99496_-1.98991_-0.99496_0.99496_-1.98991,895462,0.00000_-1.98991_0.00000_0.99496_-1.98991
44,895462,0.00000_-1.98991_0.00000_0.99496_-1.98991,696471,0.00000_-0.99496_0.99496_0.99496_-1.98991
44,696471,0.00000_-0.99496_0.99496_0.99496_-1.98991,696471,0.00000_-0.99496_0.99496_1.98991_-0.99496
44,696471,0.00000_-0.99496_0.99496_1.98991_-0.99496,596975,0.00000_0.00000_0.99496_1.98991_-0.99496
44,596975,0.00000_0.00000_0.99496_1.98991_-0.99496,397984,0.00000_0.99496_0.99496_0.99496_-0.99496
44,397984,0.00000_0.99496_0.99496_0.99496_-0.99496,298488,0.99496_0.99496_0.00000_0.00000_-0.99496
44,298488,0.99496_0.99496_0.00000_0.00000_-0.99496,298488,0.00000_0.99496_0.00000_-0.99496_-0.99496
44,298488,0.00000_0.99496_0.00000_-0.99496_-0.99496,198992,0.00000_0.00000_0.00000_-0.99496_-0.99496
44,198992,0.00000_0.00000_0.00000_-0.99496_-0.99496,198992,0.00000_0.00000_0.00000_-0.99496_-0.99496
44,198992,0.00000_0.00000_0.00000_-0.99496_-0.99496,198992,0.00000_0.00000_0.00000_-0.99496_-0.99496
44,198992,0.00000_0.00000_0.00000_-0.99496_-0.99496,198992,0.99496_0.00000_0.00000_0.00000_-0.99496
44,198992,0.99496_0.00000_0.00000_0.00000_-0.99496,198992,0.99496_0.00000_0.00000_0.00000_-0.99496
44,198992,0.99496_0.00000_0.00000_0.00000_-0.99496,198992,0.99496_0.00000_0.00000_0.00000_-0.99496
44,198992,0.99496_0.00000_0.00000_0.00000_-0.99496,198992,0.00000_0.00000_0.00000_-0.99496_-0.99496
44,198992,0.00000_0.00000_0.00000_-0.99496_-0.99496,198992,0.00000_0.00000_-0.99496_0.00000_-0.99496
44,198992,0.00000_0.00000_-0.99496_0.00000_-0.99496,198992,0.00000_0.00000_-0.99496_0.00000_-0.99496
44,198992,0.00000_0.00000_-0.99496_0.00000_-0.99496,198992,0.00000_0.00000_-0.99496_0.00000_-0.99496
44,198992,0.00000_0.00000_-0.99496_0.00000_-0.99496,198992,0.00000_0.00000_-0.99496_0.00000_-0.99496
44,198992,0.00000_0.00000_-0.99496_0.00000_-0.99496,198992,0.00000_0.00000_-0.99496_0.00000_-0.99496
44,198992,0.00000_0.00000_-0.99496_0.00000_-0.99496,198992,0.00000_0.00000_-0.99496_0.00000_-0.99496
44,198992,0.00000_0.00000_-0.99496_0.00000_-0.99496,198992,0.00000_0.00000_-0.99496_0.00000_-0.99496
44,198992,0.00000_0.00000_-0.99496_0.00000_-0.99496,198992,0.00000_0.00000_-0.99496_0.00000_-0.99496
44,198992,0.00000_0.00000_-0.99496_0.00000_-0.99496,198992,0.00000_0.00000_-0.99496_0.00000_-0.99496
44,198992,0.00000_0.00000_-0.99496_0.00000_-0.99496,198992,0.00000_0.00000_-0.99496_0.00000_-0.99496
44,198992,0.00000_0.00000_-0.99496_0.00000_-0.99496,198992,0.00000_0.00000_-0.99496_0.00000_-0.99496
44,198992,0.00000_0.00000_-0.99496_0.00000_-0.99496,198992,0.00000_0.00000_-0.99496_0.00000_-0.99496
44,198992,0.00000_0.00000_-0.99496_0.00000_-0.99496,198992,0.00000_0.00000_-0.99496_0.00000_-0.99496
44,198992,0.00000_0.00000_-0.99496_0.00000_-0.99496,198992,0.00000_0.00000_-0.99496_0.00000_-0.99496
44,198992,0.00000_0.00000_-0.99496_0.00000_-0.99496,198992,0.00000_0.00000_-0.99496_0.00000_-0.99496
44,198992,0.00000_0.00000_-0.99496_0.00000_-0.99496,198992,0.00000_0.00000_-0.99496_0.00000_-0.99496
44,198992,0.00000_0.00000_-0.99496_0.00000_-0.99496,198992,0.00000_0.00000_-0.99496_0.00000_-0.99496
44,198992,0.00000_0.00000_-0.99496_0.00000_-0.99496,198992,0.00000_0.00000_-0.99496_0.00000_-0.99496
44,198992,0.00000_0.00000_-0.99496_0.00000_-0.99496,198992,0.00000_0.00000_-0.99496_0.00000_-0.99496
44,198992,0.00000_0.00000_-0.99496_0.00000_-0.99496,198992,0.00000_0.00000_-0.99496_0.00000_-0.99496
44,198992,0.00000_0.00000_-0.99496_0.00000_-0.99496,198992,0.00000_0.00000_-0.99496_0.00000_-0.99496
44,198992,0.00000_0.00000_-0.99496_0.00000_-0.99496,198992,0.00000_0.00000_-0.99496_0.00000_-0.99496
44,198992,0.00000_0.00000_-0.99496_0.00000_-0.99496,99496,0.00000_0.00000_-0.99496_0.00000_0.00000
44,99496,0.00000_0.00000_-0.99496_0.00000_0.00000,99496,0.00000_0.00000_-0.99496_0.00000_0.00000
44,99496,0.00000_0.00000_-0.99496_0.00000_0.00000,99496,0.00000_0.00000_0.00000_0.00000_0.99496
44,99496,0.00000_0.00000_0.00000_0.00000_0.99496,99496,0.00000_0.00000_0.00000_0.00000_0.99496
44,99496,0.00000_0.00000_0.00000_0.00000_0.99496,99496,-0.99496_0.00000_0.00000_0.00000_0.00000
44,99496,-0.99496_0.00000_0.00000_0.00000_0.00000,99496,-0.99496_0.00000_0.00000_0.00000_0.00000
44,99496,-0.99496_0.00000_0.00000_0.00000_0.00000,99496,-0.99496_0.00000_0.00000_0.00000_0.00000
45,2686376,0.00000_-3.97978_2.98486_0.99496_-0.99496,2288395,0.99496_-0.99496_3.97978_-0.99496_-1.98991
45,2288395,0.99496_-0.99496_3.97978_-0.99496_-1.98991,1890412,0.99496_0.00000_3.97978_-0.99496_-0.99496
45,1890412,0.99496_0.00000_3.97978_-0.99496_-0.99496,1591931,0.99496_0.99496_2.98486_-1.98991_-0.99496
45,1591931,0.99496_0.99496_2.98486_-1.98991_-0.99496,1193948,0.00000_0.99496_2.98486_-0.99496_-0.99496
45,1193948,0.00000_0.99496_2.98486_-0.99496_-0.99496,795966,0.00000_0.00000_1.98991_0.00000_-1.98991
45,795966,0.00000_0.00000_1.98991_0.00000_-1.98991,298488,0.99496_-0.99496_0.00000_0.99496_0.00000
45,298488,0.99496_-0.99496_0.00000_0.99496_0.00000,198992,0.99496_0.00000_0.00000_0.00000_-0.99496
45,198992,0.99496_0.00000_0.00000_0.00000_-0.99496,198992,0.99496_0.00000_0.00000_0.00000_-0.99496
45,198992,0.99496_0.00000_0.00000_0.00000_-0.99496,198992,0.99496_0.00000_0.00000_0.00000_-0.99496
45,198992,0.99496_0.00000_0.00000_0.00000_-0.99496,198992,0.00000_0.99496_-0.99496_0.00000_0.00000
45,198992,0.00000_0.99496_-0.99496_0.00000_0.00000,198992,0.00000_0.99496_-0.99496_0.00000_0.00000
45,198992,0.00000_0.99496_-0.99496_0.00000_0.00000,198992,0.00000_0.99496_-0.99496_0.00000_0.00000
45,198992,0.00000_0.99496_-0.99496_0.00000_0.00000,99496,0.00000_0.00000_0.00000_0.00000_0.99496
45,99496,0.00000_0.00000_0.00000_0.00000_0.99496,99496,0.00000_-0.99496_0.00000_0.00000_0.00000
45,99496,0.00000_-0.99496_0.00000_0.00000_0.00000,99496,0.00000_-0.99496_0.00000_0.00000_0.00000
45,99496,0.00000_-0.99496_0.00000_0.00000_0.00000,99496,0.00000_-0.99496_0.00000_0.00000_0.00000
45,99496,0.00000_-0.99496_0.00000_0.00000_0.00000,99496,-0.99496_0.00000_0.00000_0.00000_0.00000
45,99496,-0.99496_0.00000_0.00000_0.00000_0.00000,99496,-0.99496_0.00000_0.00000_0.00000_0.00000
45,99496,-0.99496_0.00000_0.00000_0.00000_0.00000,99496,-0.99496_0.00000_0.00000_0.00000_0.00000
45,99496,-0.99496_0.00000_0.00000_0.00000_0.00000,99496,-0.99496_0.00000_0.00000_0.00000_0.00000
46,5969713,3.97978_-0.99496_2.98485_-2.98486_4.97469,2785874,1.98991_-1.98991_0.00000_-3.97978_1.98991
46,2785874,1.98991_-1.98991_0.00000_-3.97978_1.98991,596975,-0.99496_0.00000_-0.99496_-1.98991_0.00000
46,596975,-0.99496_0.00000_-0.99496_-1.98991_0.00000,198992,0.00000_0.00000_0.00000_-0.99496_-0.99496
46,198992,0.00000_0.00000_0.00000_-0.99496_-0.99496,198992,0.00000_-0.99496_0.00000_-0.99496_0.00000
46,198992,0.00000_-0.99496_0.00000_-0.99496_0.00000,99496,0.00000_-0.99496_0.00000_0.00000_0.00000
46,99496,0.00000_-0.99496_0.00000_0.00000_0.00000,99496,0.00000_-0.99496_0.00000_0.00000_0.00000
46,99496,0.00000_-0.99496_0.00000_0.00000_0.00000,99496,0.00000_-0.99496_0.00000_0.00000_0.00000
46,99496,0.00000_-0.99496_0.00000_0.00000_0.00000,99496,0.00000_-0.99496_0.00000_0.00000_0.00000
46,99496,0.00000_-0.99496_0.00000_0.00000_0.00000,0,0.00000_0.00000_0.00000_0.00000_0.00000
46,0,0.00000_0.00000_0.00000_0.00000_0.00000,0,0.00000_0.00000_0.00000_0.00000_0.00000
46,0,0.00000_0.00000_0.00000_0.00000_0.00000,0,0.00000_0.00000_0.00000_0.00000_0.00000
47,5074265,-2.98486_-0.99496_-3.97978_3.97978_-2.98486,5074253,-3.97978_-2.98486_-4.97469_0.00000_0.99496
47,5074253,-3.97978_-2.98486_-4.97469_0.00000_0.99496,2387891,0.00000_-3.97978_0.00000_1.98991_-1.98991
47,2387891,0.00000_-3.97978_0.00000_1.98991_-1.98991,994958,0.99496_-1.98991_0.99496_1.98991_0.00000
47,994958,0.99496_-1.98991_0.99496_1.98991_0.00000,994958,1.98991_-0.99496_1.98991_0.99496_0.00000
47,994958,1.98991_-0.99496_1.98991_0.99496_0.00000,795967,0.99496_-0.99496_1.98991_0.99496_0.99496
47,795967,0.99496_-0.99496_1.98991_0.99496_0.99496,596975,0.00000_-0.99496_1.98991_0.99496_0.00000
47,596975,0.00000_-0.99496_1.98991_0.99496_0.00000,497480,-0.99496_-0.99496_0.99496_0.99496_-0.99496
47,497480,-0.99496_-0.99496_0.99496_0.99496_-0.99496,497479,0.00000_-0.99496_0.00000_1.98991_0.00000
47,497479,0.00000_-0.99496_0.00000_1.98991_0.00000,298488,0.00000_-0.99496_0.99496_0.99496_0.00000
47,298488,0.00000_-0.99496_0.99496_0.99496_0.00000,298488,0.00000_0.00000_0.99496_0.99496_0.99496
47,298488,0.00000_0.00000_0.99496_0.99496_0.99496,198992,0.99496_0.00000_0.00000_0.99496_0.00000
47,198992,0.99496_0.00000_0.00000_0.99496_0.00000,198992,0.99496_0.00000_0.00000_0.99496_0.00000
47,198992,0.99496_0.00000_0.00000_0.99496_0.00000,198992,0.99496_0.00000_0.00000_0.00000_-0.99496
47,198992,0.99496_0.00000_0.00000_0.00000_-0.99496,198992,0.99496_0.00000_0.00000_0.00000_-0.99496
47,198992,0.99496_0.00000_0.00000_0.00000_-0.99496,198992,0.99496_0.00000_0.99496_0.00000_0.00000
47,198992,0.99496_0.00000_0.99496_0.00000_0.00000,198992,0.99496_0.00000_0.99496_0.00000_0.00000
47,198992,0.99496_0.00000_0.99496_0.00000_0.00000,198992,0.00000_-0.99496_0.99496_0.00000_0.00000
47,198992,0.00000_-0.99496_0.99496_0.00000_0.00000,198992,0.99496_0.00000_0.00000_0.00000_0.99496
47,198992,0.99496_0.00000_0.00000_0.00000_0.99496,198992,0.99496_0.00000_0.00000_0.00000_0.99496
47,198992,0.99496_0.00000_0.00000_0.00000_0.99496,198992,0.99496_0.00000_0.00000_0.00000_0.99496
47,198992,0.99496_0.00000_0.00000_0.00000_0.99496,198992,0.99496_0.00000_0.00000_0.00000_0.99496
47,198992,0.99496_0.00000_0.00000_0.00000_0.99496,198992,0.99496_0.00000_0.00000_0.00000_0.99496
47,198992,0.99496_0.00000_0.00000_0.00000_0.99496,198992,0.99496_0.00000_0.00000_0.00000_0.99496
47,198992,0.99496_0.00000_0.00000_0.00000_0.99496,198992,0.99496_0.00000_0.00000_0.00000_0.99496
47,198992,0.99496_0.00000_0.00000_0.00000_0.99496,99496,0.00000_0.00000_0.00000_0.00000_0.99496
47,99496,0.00000_0.00000_0.00000_0.00000_0.99496,99496,0.00000_0.00000_0.00000_0.00000_0.99496
47,99496,0.00000_0.00000_0.00000_0.00000_0.99496,99496,-0.99496_0.00000_0.00000_0.00000_0.00000
47,99496,-0.99496_0.00000_0.00000_0.00000_0.00000,99496,-0.99496_0.00000_0.00000_0.00000_0.00000
47,99496,-0.99496_0.00000_0.00000_0.00000_0.00000,99496,-0.99496_0.00000_0.00000_0.00000_0.00000
47,99496,-0.99496_0.00000_0.00000_0.00000_0.00000,99496,-0.99496_0.00000_0.00000_0.00000_0.00000
47,99496,-0.99496_0.00000_0.00000_0.00000_0.00000,99496,-0.99496_0.00000_0.00000_0.00000_0.00000
47,99496,-0.99496_0.00000_0.00000_0.00000_0.00000,99496,-0.99496_0.00000_0.00000_0.00000_0.00000
48,3681328,-3.97979_-1.98991_3.97979_0.00000_0.99496,2487385,0.00000_-3.97978_0.00000_-2.98485_0.00000
48,2487385,0.00000_-3.97978_0.00000_-2.98485_0.00000,2387895,-2.98486_0.99496_2.98486_0.99496_-1.98991
48,2387895,-2.98486_0.99496_2.98486_0.99496_-1.98991,1293445,-1.98991_0.00000_1.98991_-0.99496_-1.98991
48,1293445,-1.98991_0.00000_1.98991_-0.99496_-1.98991,696471,-0.99496_0.99496_0.00000_0.99496_-1.98991
48,696471,-0.99496_0.99496_0.00000_0.99496_-1.98991,596975,0.00000_0.00000_0.99496_0.99496_-1.98991
48,596975,0.00000_0.00000_0.99496_0.99496_-1.98991,298488,0.99496_0.00000_0.99496_0.00000_-0.99496
48,298488,0.99496_0.00000_0.99496_0.00000_-0.99496,198992,0.99496_0.00000_0.00000_0.00000_-0.99496
48,198992,0.99496_0.00000_0.00000_0.00000_-0.99496,99496,0.99496_0.00000_0.00000_0.00000_0.00000
48,99496,0.99496_0.00000_0.00000_0.00000_0.00000,99496,0.99496_0.00000_0.00000_0.00000_0.00000
48,99496,0.99496_0.00000_0.00000_0.00000_0.00000,99496,0.99496_0.00000_0.00000_0.00000_0.00000
48,99496,0.99496_0.00000_0.00000_0.00000_0.00000,99496,0.00000_-0.99496_0.00000_0.00000_0.00000
48,99496,0.00000_-0.99496_0.00000_0.00000_0.00000,99496,0.00000_-0.99496_0.00000_0.00000_0.00000
48,99496,0.00000_-0.99496_0.00000_0.00000_0.00000,99496,-0.99496_0.00000_0.00000_0.00000_0.00000
48,99496,-0.99496_0.00000_0.00000_0.00000_0.00000,99496,-0.99496_0.00000_0.00000_0.00000_0.00000
48,99496,-0.99496_0.00000_0.00000_0.00000_0.00000,99496,-0.99496_0.00000_0.00000_0.00000_0.00000
48,99496,-0.99496_0.00000_0.00000_0.00000_0.00000,99496,-0.99496_0.00000_0.00000_0.00000_0.00000
49,5969701,0.00000_4.97469_-0.99496_-2.98485_4.97469,5472236,-0.99496_4.97469_-1.98991_-2.98486_3.97979
49,5472236,-0.99496_4.97469_-1.98991_-2.98486_3.97979,4278301,-3.97979_-0.99496_-0.99496_2.98486_3.97978
49,4278301,-3.97979_-0.99496_-0.99496_2.98486_3.97978,3681328,-3.97977_0.00000_-0.99496_1.98991_3.97978
49,3681328,-3.97977_0.00000_-0.99496_1.98991_3.97978,3482341,-2.98486_0.00000_-0.99496_2.98486_3.97978
49,3482341,-2.98486_0.00000_-0.99496_2.98486_3.97978,2487387,-3.97978_1.98991_1.98991_-0.99496_0.00000
49,2487387,-3.97978_1.98991_1.98991_-0.99496_0.00000,2387895,0.99496_-1.98991_-0.99496_-2.98485_2.98486
49,2387895,0.99496_-1.98991_-0.99496_-2.98485_2.98486,1890418,-0.99496_-2.98485_-1.98991_-1.98991_0.99496
49,1890418,-0.99496_-2.98485_-1.98991_-1.98991_0.99496,895462,1.98991_0.99496_0.00000_1.98991_0.00000
49,895462,1.98991_0.99496_0.00000_1.98991_0.00000,696471,0.99496_0.00000_-0.99496_1.98991_0.99496
49,696471,0.99496_0.00000_-0.99496_1.98991_0.99496,397984,-0.99496_0.99496_0.99496_0.00000_-0.99496
49,397984,-0.99496_0.99496_0.99496_0.00000_-0.99496,298488,0.00000_0.00000_0.99496_0.99496_-0.99496
49,298488,0.00000_0.00000_0.99496_0.99496_-0.99496,198992,0.00000_0.00000_0.99496_0.00000_-0.99496
49,198992,0.00000_0.00000_0.99496_0.00000_-0.99496,198992,0.00000_0.00000_0.00000_-0.99496_-0.99496
49,198992,0.00000_0.00000_0.00000_-0.99496_-0.99496,198992,-0.99496_0.99496_0.00000_0.00000_0.00000
49,198992,-0.99496_0.99496_0.00000_0.00000_0.00000,198992,-0.99496_0.99496_0.00000_0.00000_0.00000
49,198992,-0.99496_0.99496_0.00000_0.00000_0.00000,99496,0.00000_0.00000_-0.99496_0.00000_0.00000
49,99496,0.00000_0.00000_-0.99496_0.00000_0.00000,99496,0.00000_0.00000_0.00000_0.00000_0.99496
49,99496,0.00000_0.00000_0.00000_0.00000_0.99496,99496,-0.99496_0.00000_0.00000_0.00000_0.00000
49,99496,-0.99496_0.00000_0.00000_0.00000_0.00000,99496,-0.99496_0.00000_0.00000_0.00000_0.00000
49,99496,-0.99496_0.00000_0.00000_0.00000_0.00000,99496,-0.99496_0.00000_0.00000_0.00000_0.00000
49,99496,-0.99496_0.00000_0.00000_0.00000_0.00000,99496,-0.99496_0.00000_0.00000_0.00000_0.00000
49,99496,-0.99496_0.00000_0.00000_0.00000_0.00000,99496,-0.99496_0.00000_0.00000_0.00000_0.00000
49,99496,-0.99496_0.00000_0.00000_0.00000_0.00000,99496,-0.99496_0.00000_0.00000_0.00000_0.00000
49,99496,-0.99496_0.00000_0.00000_0.00000_0.00000,0,0.00000_0.00000_0.00000_0.00000_0.00000
49,0,0.00000_0.00000_0.00000_0.00000_0.00000,0,0.00000_0.00000_0.00000_0.00000_0.00000
50,2785872,0.99496_-2.98485_3.97978_0.99494_0.99496,2188899,-0.99496_-3.97978_0.99496_0.00000_1.98991
50,2188899,-0.99496_-3.97978_0.99496_0.00000_1.98991,1890412,0.00000_-3.97978_0.99496_-0.99496_0.99496
50,1890412,0.00000_-3.97978_0.99496_-0.99496_0.99496,696471,0.00000_-1.98991_-0.99496_-0.99496_0.99496
50,696471,0.00000_-1.98991_-0.99496_-0.99496_0.99496,298488,0.00000_-0.99496_-0.99496_-0.99496_0.00000
50,298488,0.00000_-0.99496_-0.99496_-0.99496_0.00000,198992,0.00000_-0.99496_0.00000_0.00000_-0.99496
50,198992,0.00000_-0.99496_0.00000_0.00000_-0.99496,198992,0.00000_-0.99496_-0.99496_0.00000_0.00000
50,198992,0.00000_-0.99496_-0.99496_0.00000_0.00000,198992,0.00000_-0.99496_-0.99496_0.00000_0.00000
50,198992,0.00000_-0.99496_-0.99496_0.00000_0.00000,198992,0.00000_-0.99496_-0.99496_0.00000_0.00000
50,198992,0.00000_-0.99496_-0.99496_0.00000_0.00000,198992,0.00000_-0.99496_-0.99496_0.00000_0.00000
50,198992,0.00000_-0.99496_-0.99496_0.00000_0.00000,99496,0.99496_0.00000_0.00000_0.00000_0.00000
50,99496,0.99496_0.00000_0.00000_0.00000_0.00000,0,0.00000_0.00000_0.00000_0.00000_0.00000
50,0,0.00000_0.00000_0.00000_0.00000_0.00000,0,0.00000_0.00000_0.00000_0.00000_0.00000
50,0,0.00000_0.00000_0.00000_0.00000_0.00000,0,0.00000_0.00000_0.00000_0.00000_0.00000
51,4875263,-1.98991_-1.98991_0.00000_4.97469_3.97978,4576788,-2.98486_-1.98991_-0.99496_3.97978_3.97978
51,4576788,-2.98486_-1.98991_-0.99496_3.97978_3.97978,4377798,-3.97978_-1.98991_-1.98991_3.97978_1.98991
51,4377798,-3.97978_-1.98991_-1.98991_3.97978_1.98991,3382847,-3.97978_-2.98486_-0.99496_1.98991_1.98991
51,3382847,-3.97978_-2.98486_-0.99496_1.98991_1.98991,1591931,-0.99496_0.99496_2.98485_1.98991_0.99496
51,1591931,-0.99496_0.99496_2.98485_1.98991_0.99496,1392941,-1.98991_1.98991_1.98991_0.99496_0.99496
51,1392941,-1.98991_1.98991_1.98991_0.99496_0.99496,1094454,-1.98991_0.99496_1.98991_0.99496_0.99496
51,1094454,-1.98991_0.99496_1.98991_0.99496_0.99496,994958,-0.99496_1.98991_0.00000_1.98991_-0.99496
51,994958,-0.99496_1.98991_0.00000_1.98991_-0.99496,994958,-0.99496_1.98991_0.00000_1.98991_-0.99496
51,994958,-0.99496_1.98991_0.00000_1.98991_-0.99496,895462,-1.98991_1.98991_0.00000_0.99496_0.00000
51,895462,-1.98991_1.98991_0.00000_0.99496_0.00000,696471,-0.99496_1.98991_0.99496_0.99496_0.00000
51,696471,-0.99496_1.98991_0.99496_0.99496_0.00000,696471,-0.99496_1.98991_0.99496_0.99496_0.00000
51,696471,-0.99496_1.98991_0.99496_0.99496_0.00000,596975,0.00000_1.98991_0.99496_0.99496_0.00000
51,596975,0.00000_1.98991_0.99496_0.99496_0.00000,497479,0.00000_1.98991_0.00000_0.99496_0.00000
51,497479,0.00000_1.98991_0.00000_0.99496_0.00000,298488,0.00000_0.99496_0.00000_0.99496_-0.99496
51,298488,0.00000_0.99496_0.00000_0.99496_-0.99496,198992,0.00000_0.00000_-0.99496_0.00000_-0.99496
51,198992,0.00000_0.00000_-0.99496_0.00000_-0.99496,198992,0.00000_0.00000_-0.99496_0.00000_-0.99496
51,198992,0.00000_0.00000_-0.99496_0.00000_-0.99496,198992,0.00000_0.00000_-0.99496_0.00000_-0.99496
51,198992,0.00000_0.00000_-0.99496_0.00000_-0.99496,198992,0.00000_0.00000_-0.99496_0.00000_-0.99496
51,198992,0.00000_0.00000_-0.99496_0.00000_-0.99496,99496,0.00000_0.00000_0.00000_0.99496_0.00000
51,99496,0.00000_0.00000_0.00000_0.99496_0.00000,99496,0.00000_0.00000_0.00000_0.99496_0.00000
51,99496,0.00000_0.00000_0.00000_0.99496_0.00000,99496,0.00000_0.00000_0.00000_0.99496_0.00000
51,99496,0.00000_0.00000_0.00000_0.99496_0.00000,99496,0.00000_0.00000_-0.99496_0.00000_0.00000
51,99496,0.00000_0.00000_-0.99496_0.00000_0.00000,99496,0.00000_0.00000_-0.99496_0.00000_0.00000
51,99496,0.00000_0.00000_-0.99496_0.00000_0.00000,99496,0.00000_0.00000_-0.99496_0.00000_0.00000
51,99496,0.00000_0.00000_-0.99496_0.00000_0.00000,99496,0.00000_0.00000_0.00000_-0.99496_0.00000
51,99496,0.00000_0.00000_0.00000_-0.99496_0.00000,99496,-0.99496_0.00000_0.00000_0.00000_0.00000
51,99496,-0.99496_0.00000_0.00000_0.00000_0.00000,99496,-0.99496_0.00000_0.00000_0.00000_0.00000
51,99496,-0.99496_0.00000_0.00000_0.00000_0.00000,99496,-0.99496_0.00000_0.00000_0.00000_0.00000
51,99496,-0.99496_0.00000_0.00000_0.00000_0.00000,99496,-0.99496_0.00000_0.00000_0.00000_0.00000
51,99496,-0.99496_0.00000_0.00000_0.00000_0.00000,99496,-0.99496_0.00000_0.00000_0.00000_0.00000
51,99496,-0.99496_0.00000_0.00000_0.00000_0.00000,99496,-0.99496_0.00000_0.00000_0.00000_0.00000
51,99496,-0.99496_0.00000_0.00000_0.00000_0.00000,99496,-0.99496_0.00000_0.00000_0.00000_0.00000
51,99496,-0.99496_0.00000_0.00000_0.00000_0.00000,99496,-0.99496_0.00000_0.00000_0.00000_0.00000
52,3283345,0.00000_-3.97979_0.00000_0.99496_3.97979,3183849,0.00000_-3.97978_0.00000_0.00000_3.97978
52,3183849,0.00000_-3.97978_0.00000_0.00000_3.97978,2586880,0.00000_-3.97978_0.00000_-0.99496_2.98486
52,2586880,0.00000_-3.97978_0.00000_-0.99496_2.98486,1890418,1.98991_0.99496_-2.98486_1.98991_-0.99496
52,1890418,1.98991_0.99496_-2.98486_1.98991_-0.99496,1790922,2.98486_1.98991_-0.99496_0.00000_-1.98991
52,1790922,2.98486_1.98991_-0.99496_0.00000_-1.98991,1193948,2.98486_0.99496_0.00000_0.99496_-0.99496
52,1193948,2.98486_0.99496_0.00000_0.99496_-0.99496,696471,0.00000_-0.99496_0.99496_-1.98991_-0.99496
52,696471,0.00000_-0.99496_0.99496_-1.98991_-0.99496,397984,-0.99496_-0.99496_-0.99496_-0.99496_0.00000
52,397984,-0.99496_-0.99496_-0.99496_-0.99496_0.00000,198992,0.00000_-0.99496_0.00000_-0.99496_0.00000
52,198992,0.00000_-0.99496_0.00000_-0.99496_0.00000,198992,0.00000_-0.99496_0.00000_-0.99496_0.00000
52,198992,0.00000_-0.99496_0.00000_-0.99496_0.00000,99496,0.00000_0.00000_0.00000_0.00000_0.99496
52,99496,0.00000_0.00000_0.00000_0.00000_0.99496,99496,0.00000_0.00000_0.00000_0.00000_0.99496
52,99496,0.00000_0.00000_0.00000_0.00000_0.99496,99496,-0.99496_0.00000_0.00000_0.00000_0.00000
52,99496,-0.99496_0.00000_0.00000_0.00000_0.00000,0,0.00000_0.00000_0.00000_0.00000_0.00000
53,1790922,-0.99496_0.00000_-1.98991_-2.98486_1.98991,1293444,0.99496_0.99496_-2.98486_-0.99496_0.99496
53,1293444,0.99496_0.99496_-2.98486_-0.99496_0.99496,994956,0.00000_0.00000_-2.98486_0.00000_0.99496
53,994956,0.00000_0.00000_-2.98486_0.00000_0.99496,497479,1.98991_0.00000_0.00000_0.00000_0.99496
53,497479,1.98991_0.00000_0.00000_0.00000_0.99496,397984,0.00000_-0.99496_-0.99496_0.99496_-0.99496
53,397984,0.00000_-0.99496_-0.99496_0.99496_-0.99496,298488,0.00000_-0.99496_-0.99496_0.00000_-0.99496
53,298488,0.00000_-0.99496_-0.99496_0.00000_-0.99496,298488,0.00000_-0.99496_-0.99496_0.00000_-0.99496
53,298488,0.00000_-0.99496_-0.99496_0.00000_-0.99496,298488,0.99496_-0.99496_0.00000_0.00000_-0.99496
53,298488,0.99496_-0.99496_0.00000_0.00000_-0.99496,298488,0.00000_-0.99496_0.00000_-0.99496_-0.99496
53,298488,0.00000_-0.99496_0.00000_-0.99496_-0.99496,198992,0.00000_0.00000_0.00000_-0.99496_-0.99496
53,198992,0.00000_0.00000_0.00000_-0.99496_-0.99496,198992,0.00000_0.00000_0.00000_-0.99496_-0.99496
53,198992,0.00000_0.00000_0.00000_-0.99496_-0.99496,198992,0.00000_0.00000_0.00000_-0.99496_-0.99496
53,198992,0.00000_0.00000_0.00000_-0.99496_-0.99496,99496,0.00000_0.00000_0.99496_0.00000_0.00000
53,99496,0.00000_0.00000_0.99496_0.00000_0.00000,99496,0.00000_0.00000_0.00000_0.99496_0.00000
53,99496,0.00000_0.00000_0.00000_0.99496_0.00000,99496,0.00000_0.00000_0.00000_0.99496_0.00000
53,99496,0.00000_0.00000_0.00000_0.99496_0.00000,99496,0.00000_0.00000_0.00000_0.99496_0.00000
53,99496,0.00000_0.00000_0.00000_0.99496_0.00000,99496,0.00000_0.00000_0.00000_0.99496_0.00000
53,99496,0.00000_0.00000_0.00000_0.99496_0.00000,99496,0.00000_0.00000_0.00000_0.99496_0.00000
53,99496,0.00000_0.00000_0.00000_0.99496_0.00000,99496,0.00000_0.00000_0.00000_0.99496_0.00000
53,99496,0.00000_0.00000_0.00000_0.99496_0.00000,99496,0.00000_0.00000_0.00000_0.99496_0.00000
53,99496,0.00000_0.00000_0.00000_0.99496_0.00000,99496,0.00000_0.00000_-0.99496_0.00000_0.00000
53,99496,0.00000_0.00000_-0.99496_0.00000_0.00000,99496,0.00000_0.00000_-0.99496_0.00000_0.00000
53,99496,0.00000_0.00000_-0.99496_0.00000_0.00000,99496,0.00000_0.00000_0.00000_0.00000_0.99496
53,99496,0.00000_0.00000_0.00000_0.00000_0.99496,99496,0.00000_0.00000_0.00000_0.00000_0.99496
53,99496,0.00000_0.00000_0.00000_0.00000_0.99496,99496,0.00000_0.00000_0.00000_0.00000_0.99496
53,99496,0.00000_0.00000_0.00000_0.00000_0.99496,99496,0.00000_0.00000_0.00000_0.00000_0.99496
53,99496,0.00000_0.00000_0.00000_0.00000_0.99496,99496,0.00000_-0.99496_0.00000_0.00000_0.00000
53,99496,0.00000_-0.99496_0.00000_0.00000_0.00000,99496,0.00000_-0.99496_0.00000_0.00000_0.00000
53,99496,0.00000_-0.99496_0.00000_0.00000_0.00000,99496,-0.99496_0.00000_0.00000_0.00000_0.00000
53,99496,-0.99496_0.00000_0.00000_0.00000_0.00000,99496,-0.99496_0.00000_0.00000_0.00000_0.00000
54,2984864,3.97978_0.00000_0.99496_-1.98991_-2.98486,2089408,-0.99496_2.98486_2.98486_0.99496_0.99496
54,2089408,-0.99496_2.98486_2.98486_0.99496_0.99496,1392941,-0.99496_1.98991_1.98991_1.98991_0.99496
54,1392941,-0.99496_1.98991_1.98991_1.98991_0.99496,994958,0.00000_0.99496_1.98991_1.98991_-0.99496
54,994958,0.00000_0.99496_1.98991_1.98991_-0.99496,596975,0.99496_0.00000_0.99496_0.00000_-1.98991
54,596975,0.99496_0.00000_0.99496_0.00000_-1.98991,298488,0.00000_0.00000_0.99496_0.99496_-0.99496
54,298488,0.00000_0.00000_0.99496_0.99496_-0.99496,198992,0.00000_0.00000_0.00000_0.99496_-0.99496
54,198992,0.00000_0.00000_0.00000_0.99496_-0.99496,198992,0.99496_0.00000_0.00000_0.00000_-0.99496
54,198992,0.99496_0.00000_0.00000_0.00000_-0.99496,198992,0.00000_-0.99496_0.00000_-0.99496_0.00000
54,198992,0.00000_-0.99496_0.00000_-0.99496_0.00000,99496,0.00000_-0.99496_0.00000_0.00000_0.00000
54,99496,0.00000_-0.99496_0.00000_0.00000_0.00000,99496,0.00000_-0.99496_0.00000_0.00000_0.00000
54,99496,0.00000_-0.99496_0.00000_0.00000_0.00000,99496,-0.99496_0.00000_0.00000_0.00000_0.00000
54,99496,-0.99496_0.00000_0.00000_0.00000_0.00000,99496,-0.99496_0.00000_0.00000_0.00000_0.00000
54,99496,-0.99496_0.00000_0.00000_0.00000_0.00000,99496,-0.99496_0.00000_0.00000_0.00000_0.00000
54,99496,-0.99496_0.00000_0.00000_0.00000_0.00000,99496,-0.99496_0.00000_0.00000_0.00000_0.00000
54,99496,-0.99496_0.00000_0.00000_0.00000_0.00000,99496,-0.99496_0.00000_0.00000_0.00000_0.00000
54,99496,-0.99496_0.00000_0.00000_0.00000_0.00000,99496,-0.99496_0.00000_0.00000_0.00000_0.00000
54,99496,-0.99496_0.00000_0.00000_0.00000_0.00000,99496,-0.99496_0.00000_0.00000_0.00000_0.00000
54,99496,-0.99496_0.00000_0.00000_0.00000_0.00000,99496,-0.99496_0.00000_0.00000_0.00000_0.00000
54,99496,-0.99496_0.00000_0.00000_0.00000_0.00000,99496,-0.99496_0.00000_0.00000_0.00000_0.00000
54,99496,-0.99496_0.00000_0.00000_0.00000_0.00000,99496,-0.99496_0.00000_0.00000_0.00000_0.00000
54,99496,-0.99496_0.00000_0.00000_0.00000_0.00000,99496,-0.99496_0.00000_0.00000_0.00000_0.00000
54,99496,-0.99496_0.00000_0.00000_0.00000_0.00000,99496,-0.99496_0.00000_0.00000_0.00000_0.00000
55,2288399,-2.98486_0.00000_1.98991_0.99496_-2.98486,1989916,-1.98991_1.98991_1.98991_-1.98991_-1.98991
55,1989916,-1.98991_1.98991_1.98991_-1.98991_-1.98991,895462,-0.99496_0.00000_1.98991_0.00000_-1.98991
55,895462,-0.99496_0.00000_1.98991_0.00000_-1.98991,795967,-1.98991_0.99496_0.99496_-0.99496_-0.99496
55,795967,-1.98991_0.99496_0.99496_-0.99496_-0.99496,497480,-0.99496_0.99496_0.99496_-0.99496_-0.99496
55,497480,-0.99496_0.99496_0.99496_-0.99496_-0.99496,298488,-0.99496_0.00000_0.99496_0.00000_-0.99496
55,298488,-0.99496_0.00000_0.99496_0.00000_-0.99496,298488,-0.99496_0.00000_0.99496_0.00000_-0.99496
55,298488,-0.99496_0.00000_0.99496_0.00000_-0.99496,298488,0.00000_0.99496_0.99496_0.00000_-0.99496
55,298488,0.00000_0.99496_0.99496_0.00000_-0.99496,198992,0.00000_0.99496_0.00000_-0.99496_0.00000
55,198992,0.00000_0.99496_0.00000_-0.99496_0.00000,198992,0.00000_0.99496_-0.99496_0.00000_0.00000
55,198992,0.00000_0.99496_-0.99496_0.00000_0.00000,198992,-0.99496_0.99496_0.00000_0.00000_0.00000
55,198992,-0.99496_0.99496_0.00000_0.00000_0.00000,198992,-0.99496_0.99496_0.00000_0.00000_0.00000
55,198992,-0.99496_0.99496_0.00000_0.00000_0.00000,99496,0.00000_0.99496_0.00000_0.00000_0.00000
55,99496,0.00000_0.99496_0.00000_0.00000_0.00000,99496,0.00000_0.00000_0.99496_0.00000_0.00000
55,99496,0.00000_0.00000_0.99496_0.00000_0.00000,99496,0.00000_0.00000_0.99496_0.00000_0.00000
55,99496,0.00000_0.00000_0.99496_0.00000_0.00000,99496,0.00000_0.00000_0.99496_0.00000_0.00000
55,99496,0.00000_0.00000_0.99496_0.00000_0.00000,99496,0.00000_0.00000_0.00000_-0.99496_0.00000
55,99496,0.00000_0.00000_0.00000_-0.99496_0.00000,99496,0.00000_0.00000_0.00000_0.00000_0.99496
55,99496,0.00000_0.00000_0.00000_0.00000_0.99496,99496,0.00000_0.00000_0.00000_0.00000_0.99496
55,99496,0.00000_0.00000_0.00000_0.00000_0.99496,99496,0.00000_-0.99496_0.00000_0.00000_0.00000
55,99496,0.00000_-0.99496_0.00000_0.00000_0.00000,99496,0.00000_-0.99496_0.00000_0.00000_0.00000
55,99496,0.00000_-0.99496_0.00000_0.00000_0.00000,99496,-0.99496_0.00000_0.00000_0.00000_0.00000
55,99496,-0.99496_0.00000_0.00000_0.00000_0.00000,99496,-0.99496_0.00000_0.00000_0.00000_0.00000
56,2089409,0.00000_-1.98991_-1.98992_1.98991_-2.98486,1094454,0.99496_-0.99496_-1.98991_0.99496_-1.98991
56,1094454,0.99496_-0.99496_-1.98991_0.99496_-1.98991,994958,0.00000_-0.99496_-1.98991_0.99496_-1.98991
56,994958,0.00000_-0.99496_-1.98991_0.99496_-1.98991,596975,0.00000_0.00000_-1.98991_0.99496_-0.99496
56,596975,0.00000_0.00000_-1.98991_0.99496_-0.99496,298488,-0.99496_0.00000_-0.99496_-0.99496_0.00000
56,298488,-0.99496_0.00000_-0.99496_-0.99496_0.00000,198992,-0.99496_0.00000_0.00000_0.00000_0.99496
56,198992,-0.99496_0.00000_0.00000_0.00000_0.99496,198992,-0.99496_0.00000_0.00000_0.00000_0.99496
56,198992,-0.99496_0.00000_0.00000_0.00000_0.99496,198992,-0.99496_0.00000_0.00000_0.00000_0.99496
56,198992,-0.99496_0.00000_0.00000_0.00000_0.99496,198992,0.00000_0.00000_0.00000_0.99496_0.99496
56,198992,0.00000_0.00000_0.00000_0.99496_0.99496,198992,0.99496_-0.99496_0.00000_0.00000_0.00000
56,198992,0.99496_-0.99496_0.00000_0.00000_0.00000,198992,0.99496_0.00000_0.00000_0.00000_-0.99496
56,198992,0.99496_0.00000_0.00000_0.00000_-0.99496,198992,0.99496_0.00000_0.00000_0.00000_-0.99496
56,198992,0.99496_0.00000_0.00000_0.00000_-0.99496,198992,0.99496_0.00000_0.00000_0.00000_-0.99496
56,198992,0.99496_0.00000_0.00000_0.00000_-0.99496,198992,0.00000_0.00000_-0.99496_0.00000_-0.99496
56,198992,0.00000_0.00000_-0.99496_0.00000_-0.99496,198992,0.00000_0.00000_-0.99496_0.00000_-0.99496
56,198992,0.00000_0.00000_-0.99496_0.00000_-0.99496,198992,0.00000_0.00000_-0.99496_0.00000_-0.99496
56,198992,0.00000_0.00000_-0.99496_0.00000_-0.99496,198992,0.00000_0.00000_-0.99496_0.00000_-0.99496
56,198992,0.00000_0.00000_-0.99496_0.00000_-0.99496,198992,0.00000_0.00000_-0.99496_0.00000_-0.99496
56,198992,0.00000_0.00000_-0.99496_0.00000_-0.99496,198992,0.00000_0.00000_-0.99496_0.00000_-0.99496
56,198992,0.00000_0.00000_-0.99496_0.00000_-0.99496,198992,0.00000_0.00000_-0.99496_0.00000_-0.99496
56,198992,0.00000_0.00000_-0.99496_0.00000_-0.99496,99496,0.00000_-0.99496_0.00000_0.00000_0.00000
56,99496,0.00000_-0.99496_0.00000_0.00000_0.00000,99496,-0.99496_0.00000_0.00000_0.00000_0.00000
56,99496,-0.99496_0.00000_0.00000_0.00000_0.00000,99496,-0.99496_0.00000_0.00000_0.00000_0.00000
56,99496,-0.99496_0.00000_0.00000_0.00000_0.00000,99496,-0.99496_0.00000_0.00000_0.00000_0.00000
56,99496,-0.99496_0.00000_0.00000_0.00000_0.00000,99496,-0.99496_0.00000_0.00000_0.00000_0.00000
56,99496,-0.99496_0.00000_0.00000_0.00000_0.00000,99496,-0.99496_0.00000_0.00000_0.00000_0.00000
56,99496,-0.99496_0.00000_0.00000_0.00000_0.00000,99496,-0.99496_0.00000_0.00000_0.00000_0.00000
56,99496,-0.99496_0.00000_0.00000_0.00000_0.00000,99496,-0.99496_0.00000_0.00000_0.00000_0.00000
56,99496,-0.99496_0.00000_0.00000_0.00000_0.00000,99496,-0.99496_0.00000_0.00000_0.00000_0.00000
57,1591931,2.98485_0.99496_-0.99496_-0.99496_-1.98992,1492435,0.99496_0.00000_-1.98991_0.99496_-2.98486
57,1492435,0.99496_0.00000_-1.98991_0.99496_-2.98486,1492435,0.99496_0.00000_-1.98991_0.99496_-2.98486
57,1492435,0.99496_0.00000_-1.98991_0.99496_-2.98486,1392939,0.99496_0.00000_-2.98486_0.00000_-1.98991
57,1392939,0.99496_0.00000_-2.98486_0.00000_-1.98991,994958,0.99496_-0.99496_-1.98991_0.00000_-1.98991
57,994958,0.99496_-0.99496_-1.98991_0.00000_-1.98991,397984,0.99496_-0.99496_-0.99496_0.00000_-0.99496
57,397984,0.99496_-0.99496_-0.99496_0.00000_-0.99496,397984,0.99496_-0.99496_-0.99496_0.99496_0.00000
57,397984,0.99496_-0.99496_-0.99496_0.99496_0.00000,397983,0.00000_0.00000_0.00000_1.98991_0.00000
57,397983,0.00000_0.00000_0.00000_1.98991_0.00000,198992,0.00000_0.00000_0.00000_0.99496_0.99496
57,198992,0.00000_0.00000_0.00000_0.99496_0.99496,198992,0.00000_0.00000_-0.99496_0.00000_0.99496
57,198992,0.00000_0.00000_-0.99496_0.00000_0.99496,198992,0.00000_0.00000_-0.99496_0.00000_0.99496
57,198992,0.00000_0.00000_-0.99496_0.00000_0.99496,198992,0.00000_0.00000_-0.99496_0.00000_0.99496
57,198992,0.00000_0.00000_-0.99496_0.00000_0.99496,198992,0.00000_0.00000_-0.99496_0.00000_0.99496
57,198992,0.00000_0.00000_-0.99496_0.00000_0.99496,198992,0.00000_0.00000_-0.99496_0.00000_0.99496
57,198992,0.00000_0.00000_-0.99496_0.00000_0.99496,198992,0.00000_0.00000_-0.99496_0.00000_0.99496
57,198992,0.00000_0.00000_-0.99496_0.00000_0.99496,198992,0.00000_0.00000_-0.99496_0.00000_0.99496
57,198992,0.00000_0.00000_-0.99496_0.00000_0.99496,198992,0.00000_0.00000_-0.99496_0.00000_0.99496
57,198992,0.00000_0.00000_-0.99496_0.00000_0.99496,99496,0.00000_0.00000_-0.99496_0.00000_0.00000
57,99496,0.00000_0.00000_-0.99496_0.00000_0.00000,99496,0.00000_0.00000_-0.99496_0.00000_0.00000
57,99496,0.00000_0.00000_-0.99496_0.00000_0.00000,0,0.00000_0.00000_0.00000_0.00000_0.00000
58,1790922,-2.98486_-1.98991_1.98991_0.00000_-0.99496,1790922,-1.98991_-0.99496_2.98486_0.00000_-1.98991
58,1790922,-1.98991_-0.99496_2.98486_0.00000_-1.98991,1691428,-1.98991_1.98991_-0.99496_-1.98991_1.98991
58,1691428,-1.98991_1.98991_-0.99496_-1.98991_1.98991,1392941,-1.98991_1.98991_-0.99496_-1.98991_0.99496
58,1392941,-1.98991_1.98991_-0.99496_-1.98991_0.99496,994958,-1.98991_0.99496_-0.99496_-1.98991_0.00000
58,994958,-1.98991_0.99496_-0.99496_-1.98991_0.00000,895462,-1.98991_0.00000_0.00000_-1.98991_0.99496
58,895462,-1.98991_0.00000_0.00000_-1.98991_0.99496,397984,0.00000_0.99496_-0.99496_-0.99496_0.99496
58,397984,0.00000_0.99496_-0.99496_-0.99496_0.99496,298488,0.00000_0.00000_-0.99496_-0.99496_0.99496
58,298488,0.00000_0.00000_-0.99496_-0.99496_0.99496,298488,-0.99496_0.99496_0.00000_-0.99496_0.00000
58,298488,-0.99496_0.99496_0.00000_-0.99496_0.00000,198992,-0.99496_0.00000_0.00000_-0.99496_0.00000
58,198992,-0.99496_0.00000_0.00000_-0.99496_0.00000,198992,-0.99496_0.00000_0.00000_-0.99496_0.00000
58,198992,-0.99496_0.00000_0.00000_-0.99496_0.00000,99496,0.00000_0.00000_0.00000_-0.99496_0.00000
58,99496,0.00000_0.00000_0.00000_-0.99496_0.00000,99496,0.00000_0.00000_0.00000_-0.99496_0.00000
58,99496,0.00000_0.00000_0.00000_-0.99496_0.00000,99496,-0.99496_0.00000_0.00000_0.00000_0.00000
58,99496,-0.99496_0.00000_0.00000_0.00000_0.00000,99496,-0.99496_0.00000_0.00000_0.00000_0.00000
58,99496,-0.99496_0.00000_0.00000_0.00000_0.00000,99496,-0.99496_0.00000_0.00000_0.00000_0.00000
58,99496,-0.99496_0.00000_0.00000_0.00000_0.00000,99496,-0.99496_0.00000_0.00000_0.00000_0.00000
58,99496,-0.99496_0.00000_0.00000_0.00000_0.00000,99496,-0.99496_0.00000_0.00000_0.00000_0.00000
58,99496,-0.99496_0.00000_0.00000_0.00000_0.00000,99496,-0.99496_0.00000_0.00000_0.00000_0.00000
58,99496,-0.99496_0.00000_0.00000_0.00000_0.00000,99496,-0.99496_0.00000_0.00000_0.00000_0.00000
58,99496,-0.99496_0.00000_0.00000_0.00000_0.00000,99496,-0.99496_0.00000_0.00000_0.00000_0.00000
58,99496,-0.99496_0.00000_0.00000_0.00000_0.00000,99496,-0.99496_0.00000_0.00000_0.00000_0.00000
58,99496,-0.99496_0.00000_0.00000_0.00000_0.00000,99496,-0.99496_0.00000_0.00000_0.00000_0.00000
59,6964652,0.00000_3.97979_4.97469_4.97470_1.98992,4576776,0.99494_3.97974_1.98989_4.97469_0.00000
59,4576776,0.99494_3.97974_1.98989_4.97469_0.00000,2487387,-1.98991_0.99496_3.97978_0.00000_1.98991
59,2487387,-1.98991_0.99496_3.97978_0.00000_1.98991,1790922,0.00000_-0.99496_1.98991_1.98991_2.98486
59,1790922,0.00000_-0.99496_1.98991_1.98991_2.98486,1691428,0.99496_-1.98991_1.98991_1.98991_1.98991
59,1691428,0.99496_-1.98991_1.98991_1.98991_1.98991,1591931,0.99496_-0.99496_1.98991_0.99496_2.98486
59,1591931,0.99496_-0.99496_1.98991_0.99496_2.98486,895462,0.00000_-0.99496_1.98991_0.00000_1.98991
59,895462,0.00000_-0.99496_1.98991_0.00000_1.98991,596975,0.99496_0.00000_0.00000_-0.99496_1.98991
59,596975,0.99496_0.00000_0.00000_-0.99496_1.98991,397984,0.99496_-0.99496_0.00000_-0.99496_0.99496
59,397984,0.99496_-0.99496_0.00000_-0.99496_0.99496,298488,0.99496_-0.99496_0.99496_0.00000_0.00000
59,298488,0.99496_-0.99496_0.99496_0.00000_0.00000,298488,0.99496_0.00000_0.99496_0.00000_0.99496
59,298488,0.99496_0.00000_0.99496_0.00000_0.99496,298488,0.99496_0.00000_0.99496_0.00000_0.99496
59,298488,0.99496_0.00000_0.99496_0.00000_0.99496,198992,0.99496_0.00000_0.00000_0.99496_0.00000
59,198992,0.99496_0.00000_0.00000_0.99496_0.00000,198992,0.99496_0.00000_0.00000_0.99496_0.00000
59,198992,0.99496_0.00000_0.00000_0.99496_0.00000,198992,0.00000_0.00000_0.99496_0.99496_0.00000
59,198992,0.00000_0.00000_0.99496_0.99496_0.00000,198992,0.00000_0.00000_0.99496_0.99496_0.00000
59,198992,0.00000_0.00000_0.99496_0.99496_0.00000,99496,0.99496_0.00000_0.00000_0.00000_0.00000
59,99496,0.99496_0.00000_0.00000_0.00000_0.00000,99496,0.99496_0.00000_0.00000_0.00000_0.00000
59,99496,0.99496_0.00000_0.00000_0.00000_0.00000,99496,0.00000_0.00000_0.00000_-0.99496_0.00000
59,99496,0.00000_0.00000_0.00000_-0.99496_0.00000,99496,0.00000_-0.99496_0.00000_0.00000_0.00000
59,99496,0.00000_-0.99496_0.00000_0.00000_0.00000,99496,0.00000_-0.99496_0.00000_0.00000_0.00000
59,99496,0.00000_-0.99496_0.00000_0.00000_0.00000,99496,0.00000_-0.99496_0.00000_0.00000_0.00000
59,99496,0.00000_-0.99496_0.00000_0.00000_0.00000,99496,0.00000_-0.99496_0.00000_0.00000_0.00000
59,99496,0.00000_-0.99496_0.00000_0.00000_0.00000,99496,0.00000_-0.99496_0.00000_0.00000_0.00000
59,99496,0.00000_-0.99496_0.00000_0.00000_0.00000,99496,0.00000_-0.99496_0.00000_0.00000_0.00000
59,99496,0.00000_-0.99496_0.00000_0.00000_0.00000,99496,0.00000_-0.99496_0.00000_0.00000_0.00000
59,99496,0.00000_-0.99496_0.00000_0.00000_0.00000,99496,0.00000_-0.99496_0.00000_0.00000_0.00000
59,99496,0.00000_-0.99496_0.00000_0.00000_0.00000,99496,-0.99496_0.00000_0.00000_0.00000_0.00000
59,99496,-0.99496_0.00000_0.00000_0.00000_0.00000,99496,-0.99496_0.00000_0.00000_0.00000_0.00000
59,99496,-0.99496_0.00000_0.00000_0.00000_0.00000,99496,-0.99496_0.00000_0.00000_0.00000_0.00000
59,99496,-0.99496_0.00000_0.00000_0.00000_0.00000,99496,-0.99496_0.00000_0.00000_0.00000_0.00000
60,3979807,-0.99496_4.97469_-0.99496_-2.98486_-1.98991,2487387,-1.98991_0.99496_1.98991_-3.97978_0.00000
60,2487387,-1.98991_0.99496_1.98991_-3.97978_0.00000,2188905,-2.98486_1.98991_1.98991_-1.98991_0.99496
60,2188905,-2.98486_1.98991_1.98991_-1.98991_0.99496,1890418,-1.98991_2.98486_0.99496_-1.98991_0.99496
60,1890418,-1.98991_2.98486_0.99496_-1.98991_0.99496,1790922,-2.98486_1.98991_0.00000_-1.98991_0.99496
60,1790922,-2.98486_1.98991_0.00000_-1.98991_0.99496,1691426,-1.98991_2.98486_0.00000_-1.98991_0.00000
60,1691426,-1.98991_2.98486_0.00000_-1.98991_0.00000,1094454,-0.99496_1.98992_0.99496_-1.98991_-0.99496
60,1094454,-0.99496_1.98992_0.99496_-1.98991_-0.99496,298488,0.99496_0.00000_-0.99496_0.00000_0.99496
60,298488,0.99496_0.00000_-0.99496_0.00000_0.99496,298488,0.99496_0.99496_0.00000_0.99496_0.00000
60,298488,0.99496_0.99496_0.00000_0.99496_0.00000,298488,0.99496_0.99496_0.00000_0.99496_0.00000
60,298488,0.99496_0.99496_0.00000_0.99496_0.00000,198992,0.00000_0.99496_-0.99496_0.00000_0.00000
60,198992,0.00000_0.99496_-0.99496_0.00000_0.00000,198992,0.00000_0.99496_-0.99496_0.00000_0.00000
60,198992,0.00000_0.99496_-0.99496_0.00000_0.00000,198992,-0.99496_0.99496_0.00000_0.00000_0.00000
60,198992,-0.99496_0.99496_0.00000_0.00000_0.00000,198992,-0.99496_0.99496_0.00000_0.00000_0.00000
60,198992,-0.99496_0.99496_0.00000_0.00000_0.00000,198992,-0.99496_0.99496_0.00000_0.00000_0.00000
60,198992,-0.99496_0.99496_0.00000_0.00000_0.00000,198992,-0.99496_0.99496_0.00000_0.00000_0.00000
60,198992,-0.99496_0.99496_0.00000_0.00000_0.00000,198992,-0.99496_0.99496_0.00000_0.00000_0.00000
60,198992,-0.99496_0.99496_0.00000_0.00000_0.00000,99496,-0.99496_0.00000_0.00000_0.00000_0.00000
60,99496,-0.99496_0.00000_0.00000_0.00000_0.00000,0,0.00000_0.00000_0.00000_0.00000_0.00000
60,0,0.00000_0.00000_0.00000_0.00000_0.00000,0,0.00000_0.00000_0.00000_0.00000_0.00000
60,0,0.00000_0.00000_0.00000_0.00000_0.00000,0,0.00000_0.00000_0.00000_0.00000_0.00000
61,1094454,0.99496_-0.99496_1.98991_0.99496_-1.98991,994958,0.99496_0.00000_0.99496_1.98991_-1.98991
61,994958,0.99496_0.00000_0.99496_1.98991_-1.98991,596975,0.00000_0.00000_0.99496_1.98991_-0.99496
61,596975,0.00000_0.00000_0.99496_1.98991_-0.99496,596975,-0.99496_0.00000_0.99496_1.98991_0.00000
61,596975,-0.99496_0.00000_0.99496_1.98991_0.00000,497479,-1.98991_0.00000_0.00000_0.99496_0.00000
61,497479,-1.98991_0.00000_0.00000_0.99496_0.00000,397984,-0.99496_-0.99496_-0.99496_0.00000_-0.99496
61,397984,-0.99496_-0.99496_-0.99496_0.00000_-0.99496,298488,0.00000_-0.99496_-0.99496_0.00000_-0.99496
61,298488,0.00000_-0.99496_-0.99496_0.00000_-0.99496,298488,0.00000_-0.99496_0.00000_0.99496_-0.99496
61,298488,0.00000_-0.99496_0.00000_0.99496_-0.99496,198992,0.00000_0.00000_0.00000_0.99496_-0.99496
61,198992,0.00000_0.00000_0.00000_0.99496_-0.99496,198992,0.99496_0.00000_0.99496_0.00000_0.00000
61,198992,0.99496_0.00000_0.99496_0.00000_0.00000,99496,0.00000_0.00000_0.00000_-0.99496_0.00000
61,99496,0.00000_0.00000_0.00000_-0.99496_0.00000,99496,0.00000_0.00000_0.00000_-0.99496_0.00000
61,99496,0.00000_0.00000_0.00000_-0.99496_0.00000,99496,0.00000_0.00000_0.00000_-0.99496_0.00000
61,99496,0.00000_0.00000_0.00000_-0.99496_0.00000,99496,0.00000_0.00000_0.00000_0.00000_0.99496
61,99496,0.00000_0.00000_0.00000_0.00000_0.99496,99496,0.00000_0.00000_0.00000_0.00000_0.99496
61,99496,0.00000_0.00000_0.00000_0.00000_0.99496,99496,0.00000_0.00000_0.00000_0.00000_0.99496
61,99496,0.00000_0.00000_0.00000_0.00000_0.99496,99496,0.00000_0.00000_0.00000_0.00000_0.99496
61,99496,0.00000_0.00000_0.00000_0.00000_0.99496,99496,0.00000_0.00000_0.00000_0.00000_0.99496
61,99496,0.00000_0.00000_0.00000_0.00000_0.99496,99496,0.00000_-0.99496_0.00000_0.00000_0.00000
61,99496,0.00000_-0.99496_0.00000_0.00000_0.00000,99496,0.00000_-0.99496_0.00000_0.00000_0.00000
61,99496,0.00000_-0.99496_0.00000_0.00000_0.00000,99496,0.00000_-0.99496_0.00000_0.00000_0.00000
61,99496,0.00000_-0.99496_0.00000_0.00000_0.00000,99496,-0.99496_0.00000_0.00000_0.00000_0.00000
62,1691428,-1.98991_1.98991_-1.98991_1.98991_0.99496,994958,-1.98991_0.99496_-0.99496_1.98991_0.00000
62,994958,-1.98991_0.99496_-0.99496_1.98991_0.00000,696471,-1.98991_0.99496_-0.99496_0.99496_0.00000
62,696471,-1.98991_0.99496_-0.99496_0.99496_0.00000,397984,0.00000_-0.99496_0.99496_-0.99496_-0.99496
62,397984,0.00000_-0.99496_0.99496_-0.99496_-0.99496,298488,0.00000_-0.99496_0.99496_-0.99496_0.00000
62,298488,0.00000_-0.99496_0.99496_-0.99496_0.00000,198992,0.00000_-0.99496_0.00000_-0.99496_0.00000
62,198992,0.00000_-0.99496_0.00000_-0.99496_0.00000,99496,0.00000_0.00000_0.00000_0.00000_-0.99496
62,99496,0.00000_0.00000_0.00000_0.00000_-0.99496,99496,-0.99496_0.00000_0.00000_0.00000_0.00000
62,99496,-0.99496_0.00000_0.00000_0.00000_0.00000,99496,-0.99496_0.00000_0.00000_0.00000_0.00000
62,99496,-0.99496_0.00000_0.00000_0.00000_0.00000,99496,-0.99496_0.00000_0.00000_0.00000_0.00000
62,99496,-0.99496_0.00000_0.00000_0.00000_0.00000,99496,-0.99496_0.00000_0.00000_0.00000_0.00000
62,99496,-0.99496_0.00000_0.00000_0.00000_0.00000,99496,-0.99496_0.00000_0.00000_0.00000_0.00000
62,99496,-0.99496_0.00000_0.00000_0.00000_0.00000,0,0.00000_0.00000_0.00000_0.00000_0.00000
62,0,0.00000_0.00000_0.00000_0.00000_0.00000,0,0.00000_0.00000_0.00000_0.00000_0.00000
63,3681320,-0.99496_-0.99496_-4.97469_-0.99496_2.98486,1790922,-2.98486_1.98991_0.00000_1.98991_-0.99496
63,1790922,-2.98486_1.98991_0.00000_1.98991_-0.99496,1392941,0.99496_-1.98991_1.98991_-0.99496_1.98991
63,1392941,0.99496_-1.98991_1.98991_-0.99496_1.98991,497479,0.00000_-1.98991_0.99496_0.00000_0.00000
63,497479,0.00000_-1.98991_0.99496_0.00000_0.00000,397984,0.99496_-0.99496_0.99496_0.00000_-0.99496
63,397984,0.99496_-0.99496_0.99496_0.00000_-0.99496,397984,0.99496_0.00000_0.99496_0.99496_-0.99496
63,397984,0.99496_0.00000_0.99496_0.99496_-0.99496,298488,0.99496_0.00000_0.00000_0.99496_-0.99496
63,298488,0.99496_0.00000_0.00000_0.99496_-0.99496,198992,0.00000_-0.99496_0.00000_0.99496_0.00000
63,198992,0.00000_-0.99496_0.00000_0.99496_0.00000,198992,0.00000_0.00000_0.00000_0.99496_-0.99496
63,198992,0.00000_0.00000_0.00000_0.99496_-0.99496,198992,0.99496_0.00000_0.00000_0.00000_-0.99496
63,198992,0.99496_0.00000_0.00000_0.00000_-0.99496,198992,0.00000_0.99496_-0.99496_0.00000_0.00000
63,198992,0.00000_0.99496_-0.99496_0.00000_0.00000,99496,0.00000_0.00000_-0.99496_0.00000_0.00000
63,99496,0.00000_0.00000_-0.99496_0.00000_0.00000,99496,0.00000_0.00000_0.00000_0.00000_0.99496
63,99496,0.00000_0.00000_0.00000_0.00000_0.99496,99496,0.00000_0.00000_0.00000_0.00000_0.99496
63,99496,0.00000_0.00000_0.00000_0.00000_0.99496,99496,0.00000_0.00000_0.00000_0.00000_0.99496
63,99496,0.00000_0.00000_0.00000_0.00000_0.99496,99496,0.00000_-0.99496_0.00000_0.00000_0.00000
63,99496,0.00000_-0.99496_0.00000_0.00000_0.00000,99496,0.00000_-0.99496_0.00000_0.00000_0.00000
63,99496,0.00000_-0.99496_0.00000_0.00000_0.00000,99496,0.00000_-0.99496_0.00000_0.00000_0.00000
63,99496,0.00000_-0.99496_0.00000_0.00000_0.00000,99496,0.00000_-0.99496_0.00000_0.00000_0.00000
64,2686376,-3.97978_2.98485_0.99496_0.99495_0.00000,1890418,-1.98991_2.98486_1.98991_-0.99496_-0.99496
64,1890418,-1.98991_2.98486_1.98991_-0.99496_-0.99496,795967,0.99496_0.99496_0.99496_-0.99496_1.98991
64,795967,0.99496_0.99496_0.99496_-0.99496_1.98991,696471,0.99496_0.99496_0.99496_0.00000_1.98991
64,696471,0.99496_0.99496_0.99496_0.00000_1.98991,596975,0.99496_0.99496_0.00000_0.00000_1.98991
64,596975,0.99496_0.99496_0.00000_0.00000_1.98991,298488,0.00000_0.99496_0.99496_0.00000_0.99496
64,298488,0.00000_0.99496_0.99496_0.00000_0.99496,198992,-0.99496_0.00000_0.99496_0.00000_0.00000
64,198992,-0.99496_0.00000_0.99496_0.00000_0.00000,198992,-0.99496_0.00000_0.99496_0.00000_0.00000
64,198992,-0.99496_0.00000_0.99496_0.00000_0.00000,198992,-0.99496_0.00000_0.00000_-0.99496_0.00000
64,198992,-0.99496_0.00000_0.00000_-0.99496_0.00000,198992,-0.99496_0.99496_0.00000_0.00000_0.00000
64,198992,-0.99496_0.99496_0.00000_0.00000_0.00000,198992,-0.99496_0.99496_0.00000_0.00000_0.00000
64,198992,-0.99496_0.99496_0.00000_0.00000_0.00000,99496,-0.99496_0.00000_0.00000_0.00000_0.00000
64,99496,-0.99496_0.00000_0.00000_0.00000_0.00000,99496,-0.99496_0.00000_0.00000_0.00000_0.00000
64,99496,-0.99496_0.00000_0.00000_0.00000_0.00000,99496,-0.99496_0.00000_0.00000_0.00000_0.00000
64,99496,-0.99496_0.00000_0.00000_0.00000_0.00000,99496,-0.99496_0.00000_0.00000_0.00000_0.00000
64,99496,-0.99496_0.00000_0.00000_0.00000_0.00000,99496,-0.99496_0.00000_0.00000_0.00000_0.00000
64,99496,-0.99496_0.00000_0.00000_0.00000_0.00000,99496,-0.99496_0.00000_0.00000_0.00000_0.00000
64,99496,-0.99496_0.00000_0.00000_0.00000_0.00000,99496,-0.99496_0.00000_0.00000_0.00000_0.00000
65,4178811,-1.98991_2.98486_-1.98991_-3.97979_2.98486,3382847,-3.97979_0.99496_-2.98486_-1.98989_1.98993
65,3382847,-3.97979_0.99496_-2.98486_-1.98989_1.98993,2586882,-3.97978_1.98991_-1.98991_-0.99496_0.99496
65,2586882,-3.97978_1.98991_-1.98991_-0.99496_0.99496,2188899,-3.97978_1.98991_-0.99496_0.00000_0.99496
65,2188899,-3.97978_1.98991_-0.99496_0.00000_0.99496,1989908,-3.97978_0.99496_-0.99496_-0.99496_0.99496
65,1989908,-3.97978_0.99496_-0.99496_-0.99496_0.99496,1492435,-2.98486_1.98991_-0.99496_0.00000_-0.99496
65,1492435,-2.98486_1.98991_-0.99496_0.00000_-0.99496,895462,-1.98991_0.00000_0.99496_0.00000_-1.98991
65,895462,-1.98991_0.00000_0.99496_0.00000_-1.98991,397984,-0.99496_-0.99496_0.99496_0.00000_-0.99496
65,397984,-0.99496_-0.99496_0.99496_0.00000_-0.99496,298488,0.00000_-0.99496_0.99496_0.99496_0.00000
65,298488,0.00000_-0.99496_0.99496_0.99496_0.00000,198992,0.99496_0.00000_0.00000_0.00000_-0.99496
65,198992,0.99496_0.00000_0.00000_0.00000_-0.99496,198992,0.99496_0.00000_0.00000_0.00000_-0.99496
65,198992,0.99496_0.00000_0.00000_0.00000_-0.99496,99496,0.00000_-0.99496_0.00000_0.00000_0.00000
65,99496,0.00000_-0.99496_0.00000_0.00000_0.00000,99496,0.00000_-0.99496_0.00000_0.00000_0.00000
65,99496,0.00000_-0.99496_0.00000_0.00000_0.00000,99496,0.00000_-0.99496_0.00000_0.00000_0.00000
65,99496,0.00000_-0.99496_0.00000_0.00000_0.00000,99496,0.00000_-0.99496_0.00000_0.00000_0.00000
65,99496,0.00000_-0.99496_0.00000_0.00000_0.00000,99496,0.00000_-0.99496_0.00000_0.00000_0.00000
65,99496,0.00000_-0.99496_0.00000_0.00000_0.00000,99496,-0.99496_0.00000_0.00000_0.00000_0.00000
65,99496,-0.99496_0.00000_0.00000_0.00000_0.00000,99496,-0.99496_0.00000_0.00000_0.00000_0.00000
65,99496,-0.99496_0.00000_0.00000_0.00000_0.00000,99496,-0.99496_0.00000_0.00000_0.00000_0.00000
65,99496,-0.99496_0.00000_0.00000_0.00000_0.00000,0,0.00000_0.00000_0.00000_0.00000_0.00000
66,1890412,0.00000_3.97978_-0.99496_-0.99496_-0.99496,1691428,-1.98991_-0.99495_-1.98991_1.98991_1.98991
66,1691428,-1.98991_-0.99495_-1.98991_1.98991_1.98991,994958,-1.98991_-1.98991_0.00000_0.99496_0.99496
66,994958,-1.98991_-1.98991_0.00000_0.99496_0.99496,596975,-1.98991_-0.99496_0.00000_0.00000_0.99496
66,596975,-1.98991_-0.99496_0.00000_0.00000_0.99496,298488,-0.99496_0.00000_0.00000_-0.99496_0.99496
66,298488,-0.99496_0.00000_0.00000_-0.99496_0.99496,298488,0.00000_0.99496_0.00000_-0.99496_0.99496
66,298488,0.00000_0.99496_0.00000_-0.99496_0.99496,198992,0.00000_0.99496_-0.99496_0.00000_0.00000
66,198992,0.00000_0.99496_-0.99496_0.00000_0.00000,99496,0.00000_0.99496_0.00000_0.00000_0.00000
66,99496,0.00000_0.99496_0.00000_0.00000_0.00000,99496,0.00000_0.00000_0.00000_0.99496_0.00000
66,99496,0.00000_0.00000_0.00000_0.99496_0.00000,99496,-0.99496_0.00000_0.00000_0.00000_0.00000
66,99496,-0.99496_0.00000_0.00000_0.00000_0.00000,99496,-0.99496_0.00000_0.00000_0.00000_0.00000
66,99496,-0.99496_0.00000_0.00000_0.00000_0.00000,99496,-0.99496_0.00000_0.00000_0.00000_0.00000
66,99496,-0.99496_0.00000_0.00000_0.00000_0.00000,99496,-0.99496_0.00000_0.00000_0.00000_0.00000
66,99496,-0.99496_0.00000_0.00000_0.00000_0.00000,99496,-0.99496_0.00000_0.00000_0.00000_0.00000
66,99496,-0.99496_0.00000_0.00000_0.00000_0.00000,99496,-0.99496_0.00000_0.00000_0.00000_0.00000
66,99496,-0.99496_0.00000_0.00000_0.00000_0.00000,99496,-0.99496_0.00000_0.00000_0.00000_0.00000
66,99496,-0.99496_0.00000_0.00000_0.00000_0.00000,99496,-0.99496_0.00000_0.00000_0.00000_0.00000
66,99496,-0.99496_0.00000_0.00000_0.00000_0.00000,99496,-0.99496_0.00000_0.00000_0.00000_0.00000
67,4974765,-3.97978_-0.99496_-0.99496_3.97978_3.97978,3283339,0.00000_1.98991_1.98991_0.00000_4.97469
67,3283339,0.00000_1.98991_1.98991_0.00000_4.97469,2984851,0.00000_4.97469_1.98991_0.99496_0.00000
67,2984851,0.00000_4.97469_1.98991_0.99496_0.00000,2984851,0.00000_4.97469_1.98991_0.99496_0.00000
67,2984851,0.00000_4.97469_1.98991_0.99496_0.00000,2586886,1.98991_0.00000_2.98486_-1.98991_-2.98486
67,2586886,1.98991_0.00000_2.98486_-1.98991_-2.98486,1989912,0.99496_-0.99496_2.98485_0.00000_-2.98485
67,1989912,0.99496_-0.99496_2.98485_0.00000_-2.98485,1691426,-1.98991_-2.98486_0.00000_-1.98991_0.00000
67,1691426,-1.98991_-2.98486_0.00000_-1.98991_0.00000,994958,-1.98991_-1.98991_-0.99496_-0.99496_0.00000
67,994958,-1.98991_-1.98991_-0.99496_-0.99496_0.00000,895462,-1.98991_-0.99496_-1.98991_0.00000_0.00000
67,895462,-1.98991_-0.99496_-1.98991_0.00000_0.00000,696471,-0.99496_-0.99496_-1.98991_0.99496_0.00000
67,696471,-0.99496_-0.99496_-1.98991_0.99496_0.00000,696471,-0.99496_-0.99496_-1.98991_0.99496_0.00000
67,696471,-0.99496_-0.99496_-1.98991_0.99496_0.00000,696471,-0.99496_-0.99496_-1.98991_0.00000_0.99496
67,696471,-0.99496_-0.99496_-1.98991_0.00000_0.99496,596975,-0.99496_0.00000_-1.98991_0.00000_0.99496
67,596975,-0.99496_0.00000_-1.98991_0.00000_0.99496,497480,-0.99496_-0.99496_-0.99496_-0.99496_0.99496
67,497480,-0.99496_-0.99496_-0.99496_-0.99496_0.99496,397984,0.00000_-0.99496_-0.99496_-0.99496_0.99496
67,397984,0.00000_-0.99496_-0.99496_-0.99496_0.99496,298488,0.00000_-0.99496_0.00000_-0.99496_0.99496
67,298488,0.00000_-0.99496_0.00000_-0.99496_0.99496,198992,0.99496_-0.99496_0.00000_0.00000_0.00000
67,198992,0.99496_-0.99496_0.00000_0.00000_0.00000,198992,0.99496_-0.99496_0.00000_0.00000_0.00000
67,198992,0.99496_-0.99496_0.00000_0.00000_0.00000,198992,0.00000_-0.99496_0.99496_0.00000_0.00000
67,198992,0.00000_-0.99496_0.99496_0.00000_0.00000,198992,0.00000_-0.99496_0.99496_0.00000_0.00000
67,198992,0.00000_-0.99496_0.99496_0.00000_0.00000,198992,0.00000_-0.99496_0.99496_0.00000_0.00000
67,198992,0.00000_-0.99496_0.99496_0.00000_0.00000,198992,0.00000_-0.99496_0.99496_0.00000_0.00000
67,198992,0.00000_-0.99496_0.99496_0.00000_0.00000,198992,0.00000_-0.99496_0.00000_-0.99496_0.00000
67,198992,0.00000_-0.99496_0.00000_-0.99496_0.00000,198992,0.00000_-0.99496_0.00000_-0.99496_0.00000
67,198992,0.00000_-0.99496_0.00000_-0.99496_0.00000,198992,0.00000_-0.99496_0.00000_-0.99496_0.00000
67,198992,0.00000_-0.99496_0.00000_-0.99496_0.00000,198992,0.00000_-0.99496_0.00000_-0.99496_0.00000
67,198992,0.00000_-0.99496_0.00000_-0.99496_0.00000,198992,0.00000_-0.99496_0.00000_-0.99496_0.00000
67,198992,0.00000_-0.99496_0.00000_-0.99496_0.00000,198992,0.00000_-0.99496_0.00000_-0.99496_0.00000
67,198992,0.00000_-0.99496_0.00000_-0.99496_0.00000,198992,0.00000_0.00000_-0.99496_0.00000_-0.99496
67,198992,0.00000_0.00000_-0.99496_0.00000_-0.99496,99496,-0.99496_0.00000_0.00000_0.00000_0.00000
67,99496,-0.99496_0.00000_0.00000_0.00000_0.00000,99496,-0.99496_0.00000_0.00000_0.00000_0.00000
67,99496,-0.99496_0.00000_0.00000_0.00000_0.00000,99496,-0.99496_0.00000_0.00000_0.00000_0.00000
67,99496,-0.99496_0.00000_0.00000_0.00000_0.00000,99496,-0.99496_0.00000_0.00000_0.00000_0.00000
67,99496,-0.99496_0.00000_0.00000_0.00000_0.00000,99496,-0.99496_0.00000_0.00000_0.00000_0.00000
67,99496,-0.99496_0.00000_0.00000_0.00000_0.00000,99496,-0.99496_0.00000_0.00000_0.00000_0.00000
68,4178805,0.00000_-2.98485_-3.97979_3.97978_0.99496,3581836,-0.99496_-3.97978_-2.98486_2.98486_0.99496
68,3581836,-0.99496_-3.97978_-2.98486_2.98486_0.99496,3283351,-1.98991_-2.98486_-3.97979_1.98991_0.00000
68,3283351,-1.98991_-2.98486_-3.97979_1.98991_0.00000,994958,0.99496_0.99496_0.00000_-1.98991_-1.98991
68,994958,0.99496_0.99496_0.00000_-1.98991_-1.98991,696471,0.99496_0.00000_-0.99496_-1.98991_-0.99496
68,696471,0.99496_0.00000_-0.99496_-1.98991_-0.99496,497479,0.99496_0.00000_0.00000_-1.98991_0.00000
68,497479,0.99496_0.00000_0.00000_-1.98991_0.00000,497479,0.99496_0.00000_0.00000_-1.98991_0.00000
68,497479,0.99496_0.00000_0.00000_-1.98991_0.00000,397984,0.99496_-0.99496_-0.99496_-0.99496_0.00000
68,397984,0.99496_-0.99496_-0.99496_-0.99496_0.00000,397984,0.00000_-0.99496_-0.99496_-0.99496_-0.99496
68,397984,0.00000_-0.99496_-0.99496_-0.99496_-0.99496,298488,0.00000_-0.99496_-0.99496_-0.99496_0.00000
68,298488,0.00000_-0.99496_-0.99496_-0.99496_0.00000,298488,0.00000_-0.99496_-0.99496_-0.99496_0.00000
68,298488,0.00000_-0.99496_-0.99496_-0.99496_0.00000,298488,0.00000_-0.99496_-0.99496_0.00000_0.99496
68,298488,0.00000_-0.99496_-0.99496_0.00000_0.99496,298488,0.00000_-0.99496_-0.99496_0.00000_0.99496
68,298488,0.00000_-0.99496_-0.99496_0.00000_0.99496,298488,0.00000_-0.99496_-0.99496_0.00000_0.99496
68,298488,0.00000_-0.99496_-0.99496_0.00000_0.99496,198992,0.00000_0.00000_-0.99496_0.99496_0.00000
68,198992,0.00000_0.00000_-0.99496_0.99496_0.00000,198992,0.00000_0.00000_0.00000_0.99496_0.99496
68,198992,0.00000_0.00000_0.00000_0.99496_0.99496,198992,0.00000_0.00000_0.00000_0.99496_0.99496
68,198992,0.00000_0.00000_0.00000_0.99496_0.99496,198992,0.00000_0.99496_0.00000_0.99496_0.00000
68,198992,0.00000_0.99496_0.00000_0.99496_0.00000,198992,0.00000_0.99496_0.00000_0.99496_0.00000
68,198992,0.00000_0.99496_0.00000_0.99496_0.00000,198992,0.00000_0.99496_0.00000_0.99496_0.00000
68,198992,0.00000_0.99496_0.00000_0.99496_0.00000,198992,0.00000_0.99496_0.00000_0.00000_-0.99496
68,198992,0.00000_0.99496_0.00000_0.00000_-0.99496,198992,0.00000_0.00000_0.00000_-0.99496_-0.99496
68,198992,0.00000_0.00000_0.00000_-0.99496_-0.99496,99496,0.00000_0.99496_0.00000_0.00000_0.00000
68,99496,0.00000_0.99496_0.00000_0.00000_0.00000,99496,0.00000_0.00000_0.00000_0.00000_-0.99496
68,99496,0.00000_0.00000_0.00000_0.00000_-0.99496,99496,0.00000_0.00000_0.00000_0.99496_0.00000
68,99496,0.00000_0.00000_0.00000_0.99496_0.00000,99496,-0.99496_0.00000_0.00000_0.00000_0.00000
68,99496,-0.99496_0.00000_0.00000_0.00000_0.00000,99496,-0.99496_0.00000_0.00000_0.00000_0.00000
68,99496,-0.99496_0.00000_0.00000_0.00000_0.00000,99496,-0.99496_0.00000_0.00000_0.00000_0.00000
69,1591931,1.98991_0.99496_-0.99496_0.99496_2.98486,795967,0.99496_0.99496_-0.99496_0.99496_1.98991
69,795967,0.99496_0.99496_-0.99496_0.99496_1.98991,596975,1.98991_0.00000_-0.99496_0.00000_0.99496
69,596975,1.98991_0.00000_-0.99496_0.00000_0.99496,298488,0.99496_-0.99496_-0.99496_0.00000_0.00000
69,298488,0.99496_-0.99496_-0.99496_0.00000_0.00000,298488,0.00000_-0.99496_0.00000_0.99496_-0.99496
69,298488,0.00000_-0.99496_0.00000_0.99496_-0.99496,298488,0.00000_0.00000_-0.99496_0.99496_-0.99496
69,298488,0.00000_0.00000_-0.99496_0.99496_-0.99496,298488,0.00000_0.00000_-0.99496_0.99496_-0.99496
69,298488,0.00000_0.00000_-0.99496_0.99496_-0.99496,198992,0.00000_0.00000_-0.99496_0.99496_0.00000
69,198992,0.00000_0.00000_-0.99496_0.99496_0.00000,198992,0.00000_0.00000_-0.99496_0.99496_0.00000
69,198992,0.00000_0.00000_-0.99496_0.99496_0.00000,198992,0.00000_0.00000_-0.99496_0.99496_0.00000
69,198992,0.00000_0.00000_-0.99496_0.99496_0.00000,198992,0.00000_0.00000_-0.99496_0.99496_0.00000
69,198992,0.00000_0.00000_-0.99496_0.99496_0.00000,198992,0.00000_0.99496_0.00000_0.99496_0.00000
69,198992,0.00000_0.99496_0.00000_0.99496_0.00000,198992,0.00000_0.99496_0.00000_0.99496_0.00000
69,198992,0.00000_0.99496_0.00000_0.99496_0.00000,198992,-0.99496_0.99496_0.00000_0.00000_0.00000
69,198992,-0.99496_0.99496_0.00000_0.00000_0.00000,198992,-0.99496_0.99496_0.00000_0.00000_0.00000
69,198992,-0.99496_0.99496_0.00000_0.00000_0.00000,99496,-0.99496_0.00000_0.00000_0.00000_0.00000
69,99496,-0.99496_0.00000_0.00000_0.00000_0.00000,0,0.00000_0.00000_0.00000_0.00000_0.00000
70,3084359,2.98486_-0.99496_-3.97978_0.99496_-1.98991,696471,0.00000_0.99496_-1.98991_-0.99496_0.99496
70,696471,0.00000_0.99496_-1.98991_-0.99496_0.99496,397984,0.99496_0.00000_-0.99496_0.99496_-0.99496
70,397984,0.99496_0.00000_-0.99496_0.99496_-0.99496,298488,0.00000_0.00000_-0.99496_0.99496_-0.99496
70,298488,0.00000_0.00000_-0.99496_0.99496_-0.99496,198992,0.00000_0.00000_0.00000_0.99496_-0.99496
70,198992,0.00000_0.00000_0.00000_0.99496_-0.99496,198992,0.99496_0.00000_0.00000_0.00000_-0.99496
70,198992,0.99496_0.00000_0.00000_0.00000_-0.99496,198992,0.99496_0.00000_0.00000_0.00000_-0.99496
70,198992,0.99496_0.00000_0.00000_0.00000_-0.99496,198992,0.99496_0.00000_0.99496_0.00000_0.00000
70,198992,0.99496_0.00000_0.99496_0.00000_0.00000,198992,0.99496_0.00000_0.99496_0.00000_0.00000
70,198992,0.99496_0.00000_0.99496_0.00000_0.00000,198992,0.99496_0.00000_0.99496_0.00000_0.00000
70,198992,0.99496_0.00000_0.99496_0.00000_0.00000,198992,0.99496_0.00000_0.99496_0.00000_0.00000
70,198992,0.99496_0.00000_0.99496_0.00000_0.00000,99496,0.00000_-0.99496_0.00000_0.00000_0.00000
70,99496,0.00000_-0.99496_0.00000_0.00000_0.00000,99496,0.00000_-0.99496_0.00000_0.00000_0.00000
70,99496,0.00000_-0.99496_0.00000_0.00000_0.00000,99496,0.00000_-0.99496_0.00000_0.00000_0.00000
70,99496,0.00000_-0.99496_0.00000_0.00000_0.00000,99496,0.00000_-0.99496_0.00000_0.00000_0.00000
70,99496,0.00000_-0.99496_0.00000_0.00000_0.00000,99496,-0.99496_0.00000_0.00000_0.00000_0.00000
70,99496,-0.99496_0.00000_0.00000_0.00000_0.00000,99496,-0.99496_0.00000_0.00000_0.00000_0.00000
70,99496,-0.99496_0.00000_0.00000_0.00000_0.00000,99496,-0.99496_0.00000_0.00000_0.00000_0.00000
70,99496,-0.99496_0.00000_0.00000_0.00000_0.00000,99496,-0.99496_0.00000_0.00000_0.00000_0.00000
70,99496,-0.99496_0.00000_0.00000_0.00000_0.00000,99496,-0.99496_0.00000_0.00000_0.00000_0.00000
70,99496,-0.99496_0.00000_0.00000_0.00000_0.00000,99496,-0.99496_0.00000_0.00000_0.00000_0.00000
71,4278293,0.00000_-2.98485_0.00000_-2.98485_4.97469,3880311,-0.99496_-1.98991_0.00000_-2.98486_4.97469
71,3880311,-0.99496_-1.98991_0.00000_-2.98486_4.97469,994958,0.00000_-1.98991_-0.99496_-0.99496_1.98991
71,994958,0.00000_-1.98991_-0.99496_-0.99496_1.98991,895462,0.99496_0.00000_-1.98991_0.00000_1.98991
71,895462,0.99496_0.00000_-1.98991_0.00000_1.98991,696471,-0.99496_0.99496_-0.99496_-1.98991_0.00000
71,696471,-0.99496_0.99496_-0.99496_-1.98991_0.00000,696471,-0.99496_0.99496_-0.99496_-1.98991_0.00000
71,696471,-0.99496_0.99496_-0.99496_-1.98991_0.00000,596975,0.00000_-0.99496_-1.98991_0.00000_-0.99496
71,596975,0.00000_-0.99496_-1.98991_0.00000_-0.99496,596975,0.00000_-0.99496_-1.98991_0.00000_-0.99496
71,596975,0.00000_-0.99496_-1.98991_0.00000_-0.99496,397984,-0.99496_-0.99496_-0.99496_0.00000_-0.99496
71,397984,-0.99496_-0.99496_-0.99496_0.00000_-0.99496,298488,-0.99496_0.00000_-0.99496_0.00000_-0.99496
71,298488,-0.99496_0.00000_-0.99496_0.00000_-0.99496,198992,0.00000_0.00000_-0.99496_0.99496_0.00000
71,198992,0.00000_0.00000_-0.99496_0.99496_0.00000,198992,0.00000_-0.99496_0.00000_0.99496_0.00000
71,198992,0.00000_-0.99496_0.00000_0.99496_0.00000,198992,0.99496_0.00000_0.99496_0.00000_0.00000
71,198992,0.99496_0.00000_0.99496_0.00000_0.00000,198992,0.99496_0.00000_0.99496_0.00000_0.00000
71,198992,0.99496_0.00000_0.99496_0.00000_0.00000,198992,0.99496_0.00000_0.99496_0.00000_0.00000
71,198992,0.99496_0.00000_0.99496_0.00000_0.00000,198992,0.99496_0.00000_0.99496_0.00000_0.00000
71,198992,0.99496_0.00000_0.99496_0.00000_0.00000,198992,0.99496_0.00000_0.99496_0.00000_0.00000
71,198992,0.99496_0.00000_0.99496_0.00000_0.00000,198992,0.99496_0.00000_0.99496_0.00000_0.00000
71,198992,0.99496_0.00000_0.99496_0.00000_0.00000,198992,0.00000_-0.99496_0.99496_0.00000_0.00000
71,198992,0.00000_-0.99496_0.99496_0.00000_0.00000,198992,0.00000_-0.99496_0.00000_-0.99496_0.00000
71,198992,0.00000_-0.99496_0.00000_-0.99496_0.00000,198992,0.00000_-0.99496_0.00000_-0.99496_0.00000
71,198992,0.00000_-0.99496_0.00000_-0.99496_0.00000,198992,0.00000_-0.99496_0.00000_-0.99496_0.00000
71,198992,0.00000_-0.99496_0.00000_-0.99496_0.00000,198992,0.00000_-0.99496_0.00000_-0.99496_0.00000
71,198992,0.00000_-0.99496_0.00000_-0.99496_0.00000,198992,0.00000_-0.99496_0.00000_-0.99496_0.00000
71,198992,0.00000_-0.99496_0.00000_-0.99496_0.00000,198992,0.00000_0.00000_-0.99496_0.00000_-0.99496
71,198992,0.00000_0.00000_-0.99496_0.00000_-0.99496,99496,0.00000_0.00000_0.00000_0.99496_0.00000
71,99496,0.00000_0.00000_0.00000_0.99496_0.00000,99496,0.00000_0.00000_0.00000_0.99496_0.00000
71,99496,0.00000_0.00000_0.00000_0.99496_0.00000,99496,0.00000_0.00000_-0.99496_0.00000_0.00000
71,99496,0.00000_0.00000_-0.99496_0.00000_0.00000,99496,0.00000_0.00000_-0.99496_0.00000_0.00000
71,99496,0.00000_0.00000_-0.99496_0.00000_0.00000,99496,0.00000_0.00000_0.00000_0.00000_0.99496
71,99496,0.00000_0.00000_0.00000_0.00000_0.99496,99496,0.00000_0.00000_0.00000_0.00000_0.99496
71,99496,0.00000_0.00000_0.00000_0.00000_0.99496,99496,0.00000_0.00000_0.00000_0.00000_0.99496
71,99496,0.00000_0.00000_0.00000_0.00000_0.99496,99496,0.00000_0.00000_0.00000_0.00000_0.99496
71,99496,0.00000_0.00000_0.00000_0.00000_0.99496,99496,0.00000_0.00000_0.00000_0.00000_0.99496
71,99496,0.00000_0.00000_0.00000_0.00000_0.99496,99496,-0.99496_0.00000_0.00000_0.00000_0.00000
71,99496,-0.99496_0.00000_0.00000_0.00000_0.00000,99496,-0.99496_0.00000_0.00000_0.00000_0.00000
72,2188905,1.98991_-1.98991_2.98486_0.99495_-1.98991,1492435,0.99496_-2.98486_1.98991_0.00000_-0.99496
72,1492435,0.99496_-2.98486_1.98991_0.00000_-0.99496,1193949,1.98991_0.00000_0.00000_1.98991_1.98991
72,1193949,1.98991_0.00000_0.00000_1.98991_1.98991,298488,0.00000_-0.99496_-0.99496_0.99496_0.00000
72,298488,0.00000_-0.99496_-0.99496_0.99496_0.00000,198992,0.00000_-0.99496_0.00000_0.99496_0.00000
72,198992,0.00000_-0.99496_0.00000_0.99496_0.00000,198992,-0.99496_0.00000_0.99496_0.00000_0.00000
72,198992,-0.99496_0.00000_0.99496_0.00000_0.00000,99496,0.00000_0.00000_0.00000_-0.99496_0.00000
72,99496,0.00000_0.00000_0.00000_-0.99496_0.00000,99496,-0.99496_0.00000_0.00000_0.00000_0.00000
72,99496,-0.99496_0.00000_0.00000_0.00000_0.00000,99496,-0.99496_0.00000_0.00000_0.00000_0.00000
72,99496,-0.99496_0.00000_0.00000_0.00000_0.00000,99496,-0.99496_0.00000_0.00000_0.00000_0.00000
72,99496,-0.99496_0.00000_0.00000_0.00000_0.00000,99496,-0.99496_0.00000_0.00000_0.00000_0.00000
72,99496,-0.99496_0.00000_0.00000_0.00000_0.00000,99496,-0.99496_0.00000_0.00000_0.00000_0.00000
72,99496,-0.99496_0.00000_0.00000_0.00000_0.00000,99496,-0.99496_0.00000_0.00000_0.00000_0.00000
73,1890412,0.99496_0.00000_-3.97978_0.99496_-0.99496,1392939,0.00000_0.00000_-2.98486_1.98991_-0.99496
73,1392939,0.00000_0.00000_-2.98486_1.98991_-0.99496,1293444,-0.99496_-0.99496_-2.98486_0.99496_-0.99496
73,1293444,-0.99496_-0.99496_-2.98486_0.99496_-0.99496,994958,-1.98991_-0.99496_-1.98991_0.99496_0.00000
73,994958,-1.98991_-0.99496_-1.98991_0.99496_0.00000,696471,0.00000_0.99496_-0.99496_1.98991_0.99496
73,696471,0.00000_0.99496_-0.99496_1.98991_0.99496,497479,0.00000_0.00000_-0.99496_1.98991_0.00000
73,497479,0.00000_0.00000_-0.99496_1.98991_0.00000,298488,0.00000_0.99496_-0.99496_0.99496_0.00000
73,298488,0.00000_0.99496_-0.99496_0.99496_0.00000,298488,0.99496_0.99496_0.00000_0.99496_0.00000
73,298488,0.99496_0.99496_0.00000_0.99496_0.00000,298488,0.99496_0.99496_0.00000_0.99496_0.00000
73,298488,0.99496_0.99496_0.00000_0.99496_0.00000,198992,0.99496_0.00000_0.99496_0.00000_0.00000
73,198992,0.99496_0.00000_0.99496_0.00000_0.00000,198992,0.99496_0.00000_0.99496_0.00000_0.00000
73,198992,0.99496_0.00000_0.99496_0.00000_0.00000,198992,0.00000_-0.99496_0.99496_0.00000_0.00000
73,198992,0.00000_-0.99496_0.99496_0.00000_0.00000,198992,0.00000_-0.99496_0.99496_0.00000_0.00000
73,198992,0.00000_-0.99496_0.99496_0.00000_0.00000,99496,0.00000_-0.99496_0.00000_0.00000_0.00000
73,99496,0.00000_-0.99496_0.00000_0.00000_0.00000,99496,-0.99496_0.00000_0.00000_0.00000_0.00000
73,99496,-0.99496_0.00000_0.00000_0.00000_0.00000,99496,-0.99496_0.00000_0.00000_0.00000_0.00000
73,99496,-0.99496_0.00000_0.00000_0.00000_0.00000,99496,-0.99496_0.00000_0.00000_0.00000_0.00000
73,99496,-0.99496_0.00000_0.00000_0.00000_0.00000,99496,-0.99496_0.00000_0.00000_0.00000_0.00000
74,5870217,2.98486_2.98486_0.00000_4.97469_3.97978,4278295,1.98991_1.98991_-0.99496_4.97469_2.98486
74,4278295,1.98991_1.98991_-0.99496_4.97469_2.98486,994958,-0.99496_-0.99496_1.98991_0.00000_1.98991
74,994958,-0.99496_-0.99496_1.98991_0.00000_1.98991,696471,0.00000_-0.99496_0.99496_-0.99496_1.98991
74,696471,0.00000_-0.99496_0.99496_-0.99496_1.98991,696471,0.99496_-0.99496_0.00000_-0.99496_1.98991
74,696471,0.99496_-0.99496_0.00000_-0.99496_1.98991,696471,0.99496_0.00000_0.99496_-0.99496_1.98991
74,696471,0.99496_0.00000_0.99496_-0.99496_1.98991,497479,0.00000_0.00000_0.99496_0.00000_1.98991
74,497479,0.00000_0.00000_0.99496_0.00000_1.98991,198992,0.99496_0.00000_0.00000_0.00000_0.99496
74,198992,0.99496_0.00000_0.00000_0.00000_0.99496,198992,0.99496_0.00000_0.00000_0.00000_0.99496
74,198992,0.99496_0.00000_0.00000_0.00000_0.99496,198992,0.99496_0.00000_0.00000_0.00000_0.99496
74,198992,0.99496_0.00000_0.00000_0.00000_0.99496,198992,0.99496_0.00000_0.00000_0.00000_0.99496
74,198992,0.99496_0.00000_0.00000_0.00000_0.99496,99496,0.00000_0.99496_0.00000_0.00000_0.00000
74,99496,0.00000_0.99496_0.00000_0.00000_0.00000,99496,0.00000_0.00000_0.00000_0.00000_0.99496
74,99496,0.00000_0.00000_0.00000_0.00000_0.99496,99496,0.00000_0.00000_0.00000_0.00000_0.99496
74,99496,0.00000_0.00000_0.00000_0.00000_0.99496,99496,0.00000_0.00000_0.00000_0.00000_0.99496
74,99496,0.00000_0.00000_0.00000_0.00000_0.99496,99496,0.00000_-0.99496_0.00000_0.00000_0.00000
74,99496,0.00000_-0.99496_0.00000_0.00000_0.00000,0,0.00000_0.00000_0.00000_0.00000_0.00000
74,0,0.00000_0.00000_0.00000_0.00000_0.00000,0,0.00000_0.00000_0.00000_0.00000_0.00000
74,0,0.00000_0.00000_0.00000_0.00000_0.00000,0,0.00000_0.00000_0.00000_0.00000_0.00000
74,0,0.00000_0.00000_0.00000_0.00000_0.00000,0,0.00000_0.00000_0.00000_0.00000_0.00000
75,3581832,0.00000_-3.97978_-1.98991_3.97978_0.00000,1989912,2.98486_0.00000_0.99496_-0.99496_-2.98486
75,1989912,2.98486_0.00000_0.99496_-0.99496_-2.98486,1492435,1.98991_0.00000_0.99496_-0.99496_-2.98486
75,1492435,1.98991_0.00000_0.99496_-0.99496_-2.98486,1094454,1.98991_0.99496_0.99496_-0.99496_-1.98991
75,1094454,1.98991_0.99496_0.99496_-0.99496_-1.98991,994958,0.99496_1.98991_0.00000_-1.98991_-0.99496
75,994958,0.99496_1.98991_0.00000_-1.98991_-0.99496,795967,0.99496_0.99496_-0.99496_-1.98991_-0.99496
75,795967,0.99496_0.99496_-0.99496_-1.98991_-0.99496,696471,0.99496_0.99496_-0.99496_-1.98991_0.00000
75,696471,0.99496_0.99496_-0.99496_-1.98991_0.00000,497480,0.99496_0.99496_-0.99496_-0.99496_-0.99496
75,497480,0.99496_0.99496_-0.99496_-0.99496_-0.99496,397984,0.00000_0.99496_-0.99496_-0.99496_-0.99496
75,397984,0.00000_0.99496_-0.99496_-0.99496_-0.99496,397984,0.00000_0.99496_-0.99496_-0.99496_-0.99496
75,397984,0.00000_0.99496_-0.99496_-0.99496_-0.99496,298488,-0.99496_0.00000_-0.99496_-0.99496_0.00000
75,298488,-0.99496_0.00000_-0.99496_-0.99496_0.00000,298488,-0.99496_0.00000_-0.99496_-0.99496_0.00000
75,298488,-0.99496_0.00000_-0.99496_-0.99496_0.00000,99496,0.00000_0.00000_0.00000_0.00000_0.99496
75,99496,0.00000_0.00000_0.00000_0.00000_0.99496,99496,0.00000_0.00000_0.00000_0.00000_0.99496
75,99496,0.00000_0.00000_0.00000_0.00000_0.99496,99496,0.00000_-0.99496_0.00000_0.00000_0.00000
75,99496,0.00000_-0.99496_0.00000_0.00000_0.00000,99496,0.00000_-0.99496_0.00000_0.00000_0.00000
75,99496,0.00000_-0.99496_0.00000_0.00000_0.00000,99496,0.00000_-0.99496_0.00000_0.00000_0.00000
75,99496,0.00000_-0.99496_0.00000_0.00000_0.00000,99496,0.00000_-0.99496_0.00000_0.00000_0.00000
75,99496,0.00000_-0.99496_0.00000_0.00000_0.00000,99496,0.00000_-0.99496_0.00000_0.00000_0.00000
75,99496,0.00000_-0.99496_0.00000_0.00000_0.00000,99496,0.00000_-0.99496_0.00000_0.00000_0.00000
75,99496,0.00000_-0.99496_0.00000_0.00000_0.00000,99496,0.00000_-0.99496_0.00000_0.00000_0.00000
75,99496,0.00000_-0.99496_0.00000_0.00000_0.00000,99496,0.00000_-0.99496_0.00000_0.00000_0.00000
76,7860112,-4.97469_1.98991_-4.97469_3.97978_-2.98486,4377784,-0.99496_0.99496_-4.97469_3.97978_0.99496
76,4377784,-0.99496_0.99496_-4.97469_3.97978_0.99496,3084359,0.99496_-0.99497_-1.98991_3.97978_2.98487
76,3084359,0.99496_-0.99497_-1.98991_3.97978_2.98487,1890412,-0.99496_0.99496_-3.97978_0.99496_0.00000
76,1890412,-0.99496_0.99496_-3.97978_0.99496_0.00000,1691420,0.00000_0.99496_-3.97978_0.00000_0.00000
76,1691420,0.00000_0.99496_-3.97978_0.00000_0.00000,1591931,0.99496_-1.98991_-0.99496_-2.98486_-0.99496
76,1591931,0.99496_-1.98991_-0.99496_-2.98486_-0.99496,1193949,1.98991_-1.98991_0.00000_-1.98991_0.00000
76,1193949,1.98991_-1.98991_0.00000_-1.98991_0.00000,1193949,1.98991_-1.98991_0.00000_-1.98991_0.00000
76,1193949,1.98991_-1.98991_0.00000_-1.98991_0.00000,994958,1.98991_-0.99496_0.00000_-1.98991_0.99496
76,994958,1.98991_-0.99496_0.00000_-1.98991_0.99496,596975,0.99496_0.00000_-0.99496_0.00000_1.98991
76,596975,0.99496_0.00000_-0.99496_0.00000_1.98991,596975,0.99496_0.00000_0.00000_0.99496_1.98991
76,596975,0.99496_0.00000_0.00000_0.99496_1.98991,397984,0.99496_-0.99496_0.00000_0.99496_0.99496
76,397984,0.99496_-0.99496_0.00000_0.99496_0.99496,198992,0.00000_-0.99496_0.00000_0.00000_0.99496
76,198992,0.00000_-0.99496_0.00000_0.00000_0.99496,198992,0.00000_-0.99496_-0.99496_0.00000_0.00000
76,198992,0.00000_-0.99496_-0.99496_0.00000_0.00000,99496,0.00000_0.00000_-0.99496_0.00000_0.00000
76,99496,0.00000_0.00000_-0.99496_0.00000_0.00000,99496,0.00000_0.00000_-0.99496_0.00000_0.00000
76,99496,0.00000_0.00000_-0.99496_0.00000_0.00000,99496,0.00000_0.00000_-0.99496_0.00000_0.00000
76,99496,0.00000_0.00000_-0.99496_0.00000_0.00000,99496,0.00000_0.00000_-0.99496_0.00000_0.00000
76,99496,0.00000_0.00000_-0.99496_0.00000_0.00000,99496,0.00000_0.00000_0.00000_-0.99496_0.00000
76,99496,0.00000_0.00000_0.00000_-0.99496_0.00000,99496,0.00000_0.00000_0.00000_-0.99496_0.00000
76,99496,0.00000_0.00000_0.00000_-0.99496_0.00000,99496,0.00000_0.00000_0.00000_-0.99496_0.00000
76,99496,0.00000_0.00000_0.00000_-0.99496_0.00000,99496,0.00000_0.00000_0.00000_-0.99496_0.00000
76,99496,0.00000_0.00000_0.00000_-0.99496_0.00000,99496,0.00000_0.00000_0.00000_0.00000_0.99496
76,99496,0.00000_0.00000_0.00000_0.00000_0.99496,99496,0.00000_0.00000_0.00000_0.00000_0.99496
76,99496,0.00000_0.00000_0.00000_0.00000_0.99496,99496,0.00000_0.00000_0.00000_0.00000_0.99496
76,99496,0.00000_0.00000_0.00000_0.00000_0.99496,99496,0.00000_-0.99496_0.00000_0.00000_0.00000
76,99496,0.00000_-0.99496_0.00000_0.00000_0.00000,99496,0.00000_-0.99496_0.00000_0.00000_0.00000
76,99496,0.00000_-0.99496_0.00000_0.00000_0.00000,99496,0.00000_-0.99496_0.00000_0.00000_0.00000
77,5870207,1.98991_0.99496_-1.98991_4.97469_-4.97469,4477284,0.99496_2.98486_-2.98486_4.97469_0.99496
77,4477284,0.99496_2.98486_-2.98486_4.97469_0.99496,2487387,-1.98992_3.97978_0.99495_0.00000_-1.98992
77,2487387,-1.98992_3.97978_0.99495_0.00000_-1.98992,1989912,0.00000_2.98486_-0.99496_0.99496_-2.98486
77,1989912,0.00000_2.98486_-0.99496_0.99496_-2.98486,1890418,2.98486_-0.99496_1.98991_-1.98991_0.99496
77,1890418,2.98486_-0.99496_1.98991_-1.98991_0.99496,1591931,1.98991_-0.99496_2.98486_-0.99496_0.99496
77,1591931,1.98991_-0.99496_2.98486_-0.99496_0.99496,795967,0.99496_-1.98991_0.99496_0.99496_-0.99496
77,795967,0.99496_-1.98991_0.99496_0.99496_-0.99496,298488,0.99496_-0.99496_0.00000_0.00000_-0.99496
77,298488,0.99496_-0.99496_0.00000_0.00000_-0.99496,198992,0.00000_-0.99496_0.00000_-0.99496_0.00000
77,198992,0.00000_-0.99496_0.00000_-0.99496_0.00000,198992,0.00000_-0.99496_0.00000_-0.99496_0.00000
77,198992,0.00000_-0.99496_0.00000_-0.99496_0.00000,99496,0.00000_-0.99496_0.00000_0.00000_0.00000
77,99496,0.00000_-0.99496_0.00000_0.00000_0.00000,99496,0.00000_-0.99496_0.00000_0.00000_0.00000
77,99496,0.00000_-0.99496_0.00000_0.00000_0.00000,99496,0.00000_-0.99496_0.00000_0.00000_0.00000
77,99496,0.00000_-0.99496_0.00000_0.00000_0.00000,99496,0.00000_-0.99496_0.00000_0.00000_0.00000
77,99496,0.00000_-0.99496_0.00000_0.00000_0.00000,99496,0.00000_-0.99496_0.00000_0.00000_0.00000
77,99496,0.00000_-0.99496_0.00000_0.00000_0.00000,99496,0.00000_-0.99496_0.00000_0.00000_0.00000
77,99496,0.00000_-0.99496_0.00000_0.00000_0.00000,99496,0.00000_-0.99496_0.00000_0.00000_0.00000
77,99496,0.00000_-0.99496_0.00000_0.00000_0.00000,99496,0.00000_-0.99496_0.00000_0.00000_0.00000
78,5173749,-0.99496_-2.98486_-3.97979_0.99496_4.97469,2885372,2.98485_-2.98485_-0.99496_-2.98485_0.99496
78,2885372,2.98485_-2.98485_-0.99496_-2.98485_0.99496,1293444,0.99496_-2.98486_0.99496_-0.99496_-0.99496
78,1293444,0.99496_-2.98486_0.99496_-0.99496_-0.99496,1094452,0.00000_-2.98485_0.99496_-0.99496_0.00000
78,1094452,0.00000_-2.98485_0.99496_-0.99496_0.00000,696471,0.99496_-0.99496_0.00000_-1.98991_0.99496
78,696471,0.99496_-0.99496_0.00000_-1.98991_0.99496,397984,0.99496_-0.99496_0.00000_-0.99496_0.99496
78,397984,0.99496_-0.99496_0.00000_-0.99496_0.99496,397984,0.99496_0.00000_0.99496_-0.99496_0.99496
78,397984,0.99496_0.00000_0.99496_-0.99496_0.99496,298488,0.99496_0.00000_0.99496_-0.99496_0.00000
78,298488,0.99496_0.00000_0.99496_-0.99496_0.00000,198992,0.00000_0.00000_0.99496_-0.99496_0.00000
78,198992,0.00000_0.00000_0.99496_-0.99496_0.00000,198992,0.00000_-0.99496_0.00000_-0.99496_0.00000
78,198992,0.00000_-0.99496_0.00000_-0.99496_0.00000,198992,0.00000_-0.99496_0.00000_-0.99496_0.00000
78,198992,0.00000_-0.99496_0.00000_-0.99496_0.00000,198992,0.00000_-0.99496_0.00000_-0.99496_0.00000
78,198992,0.00000_-0.99496_0.00000_-0.99496_0.00000,198992,0.00000_-0.99496_0.00000_-0.99496_0.00000
78,198992,0.00000_-0.99496_0.00000_-0.99496_0.00000,198992,0.00000_-0.99496_0.00000_-0.99496_0.00000
78,198992,0.00000_-0.99496_0.00000_-0.99496_0.00000,198992,0.00000_-0.99496_0.00000_-0.99496_0.00000
78,198992,0.00000_-0.99496_0.00000_-0.99496_0.00000,198992,0.00000_-0.99496_0.00000_-0.99496_0.00000
78,198992,0.00000_-0.99496_0.00000_-0.99496_0.00000,198992,0.00000_-0.99496_0.00000_-0.99496_0.00000
78,198992,0.00000_-0.99496_0.00000_-0.99496_0.00000,198992,0.00000_-0.99496_0.00000_-0.99496_0.00000
78,198992,0.00000_-0.99496_0.00000_-0.99496_0.00000,198992,0.00000_-0.99496_0.00000_-0.99496_0.00000
78,198992,0.00000_-0.99496_0.00000_-0.99496_0.00000,99496,-0.99496_0.00000_0.00000_0.00000_0.00000
78,99496,-0.99496_0.00000_0.00000_0.00000_0.00000,99496,-0.99496_0.00000_0.00000_0.00000_0.00000
78,99496,-0.99496_0.00000_0.00000_0.00000_0.00000,99496,-0.99496_0.00000_0.00000_0.00000_0.00000
78,99496,-0.99496_0.00000_0.00000_0.00000_0.00000,99496,-0.99496_0.00000_0.00000_0.00000_0.00000
78,99496,-0.99496_0.00000_0.00000_0.00000_0.00000,99496,-0.99496_0.00000_0.00000_0.00000_0.00000
78,99496,-0.99496_0.00000_0.00000_0.00000_0.00000,99496,-0.99496_0.00000_0.00000_0.00000_0.00000
78,99496,-0.99496_0.00000_0.00000_0.00000_0.00000,99496,-0.99496_0.00000_0.00000_0.00000_0.00000
78,99496,-0.99496_0.00000_0.00000_0.00000_0.00000,99496,-0.99496_0.00000_0.00000_0.00000_0.00000
79,4974765,3.97978_-3.97978_3.97978_0.99496_0.99496,4278295,2.98486_-4.97469_-0.99496_-1.98991_-1.98991
79,4278295,2.98486_-4.97469_-0.99496_-1.98991_-1.98991,2785874,3.97978_0.00001_1.98991_1.98990_1.98991
79,2785874,3.97978_0.00001_1.98991_1.98990_1.98991,1790922,0.00000_2.98486_-1.98991_-0.99496_-1.98991
79,1790922,0.00000_2.98486_-1.98991_-0.99496_-1.98991,696471,0.99496_0.99496_0.00000_0.99496_-1.98991
79,696471,0.99496_0.99496_0.00000_0.99496_-1.98991,298488,-0.99496_0.00000_0.99496_0.00000_-0.99496
79,298488,-0.99496_0.00000_0.99496_0.00000_-0.99496,298488,-0.99496_0.00000_0.99496_0.00000_-0.99496
79,298488,-0.99496_0.00000_0.99496_0.00000_-0.99496,298488,-0.99496_0.00000_0.99496_0.00000_-0.99496
79,298488,-0.99496_0.00000_0.99496_0.00000_-0.99496,198992,0.00000_0.00000_0.99496_0.00000_-0.99496
79,198992,0.00000_0.00000_0.99496_0.00000_-0.99496,198992,0.00000_0.00000_0.00000_0.99496_-0.99496
79,198992,0.00000_0.00000_0.00000_0.99496_-0.99496,198992,0.00000_0.00000_0.00000_0.99496_-0.99496
79,198992,0.00000_0.00000_0.00000_0.99496_-0.99496,198992,0.00000_0.00000_0.00000_0.99496_-0.99496
79,198992,0.00000_0.00000_0.00000_0.99496_-0.99496,198992,0.00000_0.00000_0.00000_0.99496_-0.99496
79,198992,0.00000_0.00000_0.00000_0.99496_-0.99496,198992,0.00000_0.00000_0.00000_0.99496_-0.99496
79,198992,0.00000_0.00000_0.00000_0.99496_-0.99496,198992,-0.99496_0.99496_0.00000_0.00000_0.00000
79,198992,-0.99496_0.99496_0.00000_0.00000_0.00000,99496,-0.99496_0.00000_0.00000_0.00000_0.00000
79,99496,-0.99496_0.00000_0.00000_0.00000_0.00000,99496,-0.99496_0.00000_0.00000_0.00000_0.00000
79,99496,-0.99496_0.00000_0.00000_0.00000_0.00000,99496,-0.99496_0.00000_0.00000_0.00000_0.00000
79,99496,-0.99496_0.00000_0.00000_0.00000_0.00000,99496,-0.99496_0.00000_0.00000_0.00000_0.00000
79,99496,-0.99496_0.00000_0.00000_0.00000_0.00000,0,0.00000_0.00000_0.00000_0.00000_0.00000
80,4576776,-4.97469_0.00000_1.98991_3.97978_-0.99496,3482336,-3.97978_0.99496_0.99496_3.97978_-0.99496
80,3482336,-3.97978_0.99496_0.99496_3.97978_-0.99496,1790922,0.00000_2.98486_-1.98991_-0.99496_1.98991
80,1790922,0.00000_2.98486_-1.98991_-0.99496_1.98991,1790922,0.00000_2.98486_-1.98991_-0.99496_1.98991
80,1790922,0.00000_2.98486_-1.98991_-0.99496_1.98991,696471,0.00000_1.98991_-0.99496_-0.99496_0.99496
80,696471,0.00000_1.98991_-0.99496_-0.99496_0.99496,596975,0.00000_1.98991_0.00000_-0.99496_0.99496
80,596975,0.00000_1.98991_0.00000_-0.99496_0.99496,596975,0.00000_1.98991_0.00000_-0.99496_0.99496
80,596975,0.00000_1.98991_0.00000_-0.99496_0.99496,497479,0.00000_1.98991_0.00000_-0.99496_0.00000
80,497479,0.00000_1.98991_0.00000_-0.99496_0.00000,298488,0.00000_0.99496_0.00000_-0.99496_0.99496
80,298488,0.00000_0.99496_0.00000_-0.99496_0.99496,198992,-0.99496_0.00000_0.00000_-0.99496_0.00000
80,198992,-0.99496_0.00000_0.00000_-0.99496_0.00000,198992,-0.99496_0.00000_-0.99496_0.00000_0.00000
80,198992,-0.99496_0.00000_-0.99496_0.00000_0.00000,198992,-0.99496_0.00000_-0.99496_0.00000_0.00000
80,198992,-0.99496_0.00000_-0.99496_0.00000_0.00000,198992,-0.99496_0.00000_-0.99496_0.00000_0.00000
80,198992,-0.99496_0.00000_-0.99496_0.00000_0.00000,99496,0.00000_0.00000_0.00000_0.00000_-0.99496
80,99496,0.00000_0.00000_0.00000_0.00000_-0.99496,99496,0.00000_0.00000_0.00000_0.00000_-0.99496
80,99496,0.00000_0.00000_0.00000_0.00000_-0.99496,99496,0.00000_0.00000_0.00000_-0.99496_0.00000
80,99496,0.00000_0.00000_0.00000_-0.99496_0.00000,99496,0.00000_0.00000_0.00000_-0.99496_0.00000
80,99496,0.00000_0.00000_0.00000_-0.99496_0.00000,99496,0.00000_0.00000_0.00000_-0.99496_0.00000
80,99496,0.00000_0.00000_0.00000_-0.99496_0.00000,99496,0.00000_0.00000_0.00000_-0.99496_0.00000
80,99496,0.00000_0.00000_0.00000_-0.99496_0.00000,99496,0.00000_0.00000_0.00000_0.00000_0.99496
80,99496,0.00000_0.00000_0.00000_0.00000_0.99496,99496,-0.99496_0.00000_0.00000_0.00000_0.00000
80,99496,-0.99496_0.00000_0.00000_0.00000_0.00000,99496,-0.99496_0.00000_0.00000_0.00000_0.00000
80,99496,-0.99496_0.00000_0.00000_0.00000_0.00000,99496,-0.99496_0.00000_0.00000_0.00000_0.00000
80,99496,-0.99496_0.00000_0.00000_0.00000_0.00000,99496,-0.99496_0.00000_0.00000_0.00000_0.00000
80,99496,-0.99496_0.00000_0.00000_0.00000_0.00000,99496,-0.99496_0.00000_0.00000_0.00000_0.00000
80,99496,-0.99496_0.00000_0.00000_0.00000_0.00000,99496,-0.99496_0.00000_0.00000_0.00000_0.00000
80,99496,-0.99496_0.00000_0.00000_0.00000_0.00000,99496,-0.99496_0.00000_0.00000_0.00000_0.00000
81,1094454,0.99496_-1.98991_1.98992_0.99495_0.99495,795967,0.99496_-1.98991_0.99496_0.99496_0.99496
81,795967,0.99496_-1.98991_0.99496_0.99496_0.99496,696471,0.00000_-1.98991_0.99496_0.99496_0.99496
81,696471,0.00000_-1.98991_0.99496_0.99496_0.99496,596975,-0.99496_-0.99496_1.98991_0.00000_0.00000
81,596975,-0.99496_-0.99496_1.98991_0.00000_0.00000,298488,-0.99496_-0.99496_0.99496_0.00000_0.00000
81,298488,-0.99496_-0.99496_0.99496_0.00000_0.00000,198992,0.00000_0.00000_0.00000_-0.99496_-0.99496
81,198992,0.00000_0.00000_0.00000_-0.99496_-0.99496,198992,0.00000_0.00000_-0.99496_0.00000_-0.99496
81,198992,0.00000_0.00000_-0.99496_0.00000_-0.99496,99496,0.99496_0.00000_0.00000_0.00000_0.00000
81,99496,0.99496_0.00000_0.00000_0.00000_0.00000,99496,0.00000_0.00000_0.99496_0.00000_0.00000
81,99496,0.00000_0.00000_0.99496_0.00000_0.00000,99496,0.00000_0.00000_0.99496_0.00000_0.00000
81,99496,0.00000_0.00000_0.99496_0.00000_0.00000,99496,0.00000_0.00000_0.99496_0.00000_0.00000
81,99496,0.00000_0.00000_0.99496_0.00000_0.00000,99496,0.00000_0.00000_0.99496_0.00000_0.00000
81,99496,0.00000_0.00000_0.99496_0.00000_0.00000,99496,0.00000_0.00000_0.99496_0.00000_0.00000
81,99496,0.00000_0.00000_0.99496_0.00000_0.00000,99496,0.00000_0.00000_0.99496_0.00000_0.00000
81,99496,0.00000_0.00000_0.99496_0.00000_0.00000,99496,0.00000_0.00000_0.99496_0.00000_0.00000
81,99496,0.00000_0.00000_0.99496_0.00000_0.00000,99496,-0.99496_0.00000_0.00000_0.00000_0.00000
81,99496,-0.99496_0.00000_0.00000_0.00000_0.00000,99496,-0.99496_0.00000_0.00000_0.00000_0.00000
81,99496,-0.99496_0.00000_0.00000_0.00000_0.00000,99496,-0.99496_0.00000_0.00000_0.00000_0.00000
81,99496,-0.99496_0.00000_0.00000_0.00000_0.00000,99496,-0.99496_0.00000_0.00000_0.00000_0.00000
81,99496,-0.99496_0.00000_0.00000_0.00000_0.00000,99496,-0.99496_0.00000_0.00000_0.00000_0.00000
82,3382834,-1.98991_0.99496_-4.97469_-1.98991_0.00000,2686382,-1.98992_1.98991_-2.98486_-2.98486_0.99496
82,2686382,-1.98992_1.98991_-2.98486_-2.98486_0.99496,2686382,1.98991_2.98486_-2.98486_0.99496_-1.98991
82,2686382,1.98991_2.98486_-2.98486_0.99496_-1.98991,2686382,1.98991_2.98486_-2.98486_0.99496_-1.98991
82,2686382,1.98991_2.98486_-2.98486_0.99496_-1.98991,1890418,1.98991_2.98486_-1.98991_0.99496_-0.99496
82,1890418,1.98991_2.98486_-1.98991_0.99496_-0.99496,994958,-1.98991_-0.99496_0.99496_0.00000_1.98991
82,994958,-1.98991_-0.99496_0.99496_0.00000_1.98991,994956,0.00000_0.00001_-0.99496_-2.98486_0.00000
82,994956,0.00000_0.00001_-0.99496_-2.98486_0.00000,497480,0.99496_-0.99496_-0.99496_-0.99496_0.99496
82,497480,0.99496_-0.99496_-0.99496_-0.99496_0.99496,397984,0.99496_0.00000_-0.99496_-0.99496_0.99496
82,397984,0.99496_0.00000_-0.99496_-0.99496_0.99496,298488,0.00000_0.00000_-0.99496_-0.99496_0.99496
82,298488,0.00000_0.00000_-0.99496_-0.99496_0.99496,298488,-0.99496_0.00000_-0.99496_0.00000_0.99496
82,298488,-0.99496_0.00000_-0.99496_0.00000_0.99496,198992,-0.99496_0.00000_-0.99496_0.00000_0.00000
82,198992,-0.99496_0.00000_-0.99496_0.00000_0.00000,198992,0.00000_0.00000_-0.99496_0.00000_-0.99496
82,198992,0.00000_0.00000_-0.99496_0.00000_-0.99496,99496,-0.99496_0.00000_0.00000_0.00000_0.00000
82,99496,-0.99496_0.00000_0.00000_0.00000_0.00000,99496,-0.99496_0.00000_0.00000_0.00000_0.00000
82,99496,-0.99496_0.00000_0.00000_0.00000_0.00000,99496,-0.99496_0.00000_0.00000_0.00000_0.00000
82,99496,-0.99496_0.00000_0.00000_0.00000_0.00000,99496,-0.99496_0.00000_0.00000_0.00000_0.00000
82,99496,-0.99496_0.00000_0.00000_0.00000_0.00000,99496,-0.99496_0.00000_0.00000_0.00000_0.00000
82,99496,-0.99496_0.00000_0.00000_0.00000_0.00000,99496,-0.99496_0.00000_0.00000_0.00000_0.00000
82,99496,-0.99496_0.00000_0.00000_0.00000_0.00000,99496,-0.99496_0.00000_0.00000_0.00000_0.00000
82,99496,-0.99496_0.00000_0.00000_0.00000_0.00000,99496,-0.99496_0.00000_0.00000_0.00000_0.00000
82,99496,-0.99496_0.00000_0.00000_0.00000_0.00000,99496,-0.99496_0.00000_0.00000_0.00000_0.00000
82,99496,-0.99496_0.00000_0.00000_0.00000_0.00000,99496,-0.99496_0.00000_0.00000_0.00000_0.00000
83,3482341,0.99496_0.00000_-2.98486_3.97978_2.98486,2885370,1.98991_1.98991_-0.99496_3.97978_1.98991
83,2885370,1.98991_1.98991_-0.99496_3.97978_1.98991,1691428,1.98991_0.99496_-1.98991_1.98991_1.98991
83,1691428,1.98991_0.99496_-1.98991_1.98991_1.98991,895462,0.99496_1.98991_-1.98991_0.00000_0.00000
83,895462,0.99496_1.98991_-1.98991_0.00000_0.00000,298488,0.00000_0.00000_-0.99496_0.99496_-0.99496
83,298488,0.00000_0.00000_-0.99496_0.99496_-0.99496,198992,0.00000_0.00000_0.00000_0.99496_-0.99496
83,198992,0.00000_0.00000_0.00000_0.99496_-0.99496,198992,0.00000_0.00000_-0.99496_0.00000_-0.99496
83,198992,0.00000_0.00000_-0.99496_0.00000_-0.99496,99496,0.00000_0.00000_-0.99496_0.00000_0.00000
83,99496,0.00000_0.00000_-0.99496_0.00000_0.00000,99496,0.00000_-0.99496_0.00000_0.00000_0.00000
83,99496,0.00000_-0.99496_0.00000_0.00000_0.00000,99496,0.00000_-0.99496_0.00000_0.00000_0.00000
83,99496,0.00000_-0.99496_0.00000_0.00000_0.00000,99496,0.00000_-0.99496_0.00000_0.00000_0.00000
83,99496,0.00000_-0.99496_0.00000_0.00000_0.00000,0,0.00000_0.00000_0.00000_0.00000_0.00000
84,2089403,1.98991_3.97978_0.00000_0.99496_0.00000,1591932,1.98991_1.98991_0.00000_1.98991_1.98991
84,1591932,1.98991_1.98991_0.00000_1.98991_1.98991,1293445,0.99496_1.98991_-0.00001_1.98991_1.98992
84,1293445,0.99496_1.98991_-0.00001_1.98991_1.98992,696471,0.99496_1.98991_0.00000_0.99496_0.99496
84,696471,0.99496_1.98991_0.00000_0.99496_0.99496,696471,0.99496_1.98991_0.00000_0.99496_0.99496
84,696471,0.99496_1.98991_0.00000_0.99496_0.99496,596975,0.00000_1.98991_0.99496_0.99496_0.00000
84,596975,0.00000_1.98991_0.99496_0.99496_0.00000,198992,0.00000_0.99496_0.99496_0.00000_0.00000
84,198992,0.00000_0.99496_0.99496_0.00000_0.00000,198992,0.00000_0.99496_0.00000_0.00000_0.99496
84,198992,0.00000_0.99496_0.00000_0.00000_0.99496,198992,-0.99496_0.00000_-0.99496_0.00000_0.00000
84,198992,-0.99496_0.00000_-0.99496_0.00000_0.00000,198992,-0.99496_0.99496_0.00000_0.00000_0.00000
84,198992,-0.99496_0.99496_0.00000_0.00000_0.00000,198992,-0.99496_0.99496_0.00000_0.00000_0.00000
84,198992,-0.99496_0.99496_0.00000_0.00000_0.00000,198992,-0.99496_0.99496_0.00000_0.00000_0.00000
84,198992,-0.99496_0.99496_0.00000_0.00000_0.00000,198992,-0.99496_0.99496_0.00000_0.00000_0.00000
84,198992,-0.99496_0.99496_0.00000_0.00000_0.00000,198992,-0.99496_0.99496_0.00000_0.00000_0.00000
84,198992,-0.99496_0.99496_0.00000_0.00000_0.00000,198992,-0.99496_0.99496_0.00000_0.00000_0.00000
84,198992,-0.99496_0.99496_0.00000_0.00000_0.00000,198992,-0.99496_0.99496_0.00000_0.00000_0.00000
84,198992,-0.99496_0.99496_0.00000_0.00000_0.00000,99496,0.00000_0.99496_0.00000_0.00000_0.00000
84,99496,0.00000_0.99496_0.00000_0.00000_0.00000,99496,0.00000_0.00000_0.99496_0.00000_0.00000
84,99496,0.00000_0.00000_0.99496_0.00000_0.00000,99496,0.00000_0.00000_0.00000_0.00000_-0.99496
84,99496,0.00000_0.00000_0.00000_0.00000_-0.99496,99496,-0.99496_0.00000_0.00000_0.00000_0.00000
84,99496,-0.99496_0.00000_0.00000_0.00000_0.00000,99496,-0.99496_0.00000_0.00000_0.00000_0.00000
84,99496,-0.99496_0.00000_0.00000_0.00000_0.00000,99496,-0.99496_0.00000_0.00000_0.00000_0.00000
84,99496,-0.99496_0.00000_0.00000_0.00000_0.00000,99496,-0.99496_0.00000_0.00000_0.00000_0.00000
84,99496,-0.99496_0.00000_0.00000_0.00000_0.00000,0,0.00000_0.00000_0.00000_0.00000_0.00000
85,4974769,0.00001_-2.98486_2.98486_-3.97978_3.97978,4676272,-0.99496_0.99496_1.98991_-3.97978_4.97469
85,4676272,-0.99496_0.99496_1.98991_-3.97978_4.97469,1193948,-2.98485_-0.99496_-0.99496_0.99496_0.00000
85,1193948,-2.98485_-0.99496_-0.99496_0.99496_0.00000,298488,-0.99496_0.99496_-0.99496_0.00000_0.00000
85,298488,-0.99496_0.99496_-0.99496_0.00000_0.00000,298488,-0.99496_0.00000_-0.99496_0.00000_0.99496
85,298488,-0.99496_0.00000_-0.99496_0.00000_0.99496,298488,-0.99496_0.00000_-0.99496_-0.99496_0.00000
85,298488,-0.99496_0.00000_-0.99496_-0.99496_0.00000,198992,0.00000_0.00000_0.00000_-0.99496_-0.99496
85,198992,0.00000_0.00000_0.00000_-0.99496_-0.99496,198992,0.00000_0.00000_0.00000_-0.99496_-0.99496
85,198992,0.00000_0.00000_0.00000_-0.99496_-0.99496,198992,0.00000_0.00000_0.00000_-0.99496_-0.99496
85,198992,0.00000_0.00000_0.00000_-0.99496_-0.99496,198992,0.00000_0.00000_0.00000_-0.99496_-0.99496
85,198992,0.00000_0.00000_0.00000_-0.99496_-0.99496,198992,0.00000_0.00000_0.00000_-0.99496_-0.99496
85,198992,0.00000_0.00000_0.00000_-0.99496_-0.99496,198992,0.00000_0.00000_0.00000_-0.99496_-0.99496
85,198992,0.00000_0.00000_0.00000_-0.99496_-0.99496,198992,0.00000_0.00000_0.00000_-0.99496_-0.99496
85,198992,0.00000_0.00000_0.00000_-0.99496_-0.99496,198992,0.00000_0.00000_0.00000_-0.99496_-0.99496
85,198992,0.00000_0.00000_0.00000_-0.99496_-0.99496,198992,0.00000_0.00000_0.00000_-0.99496_-0.99496
85,198992,0.00000_0.00000_0.00000_-0.99496_-0.99496,99496,0.00000_0.00000_0.99496_0.00000_0.00000
85,99496,0.00000_0.00000_0.99496_0.00000_0.00000,99496,0.00000_0.00000_0.99496_0.00000_0.00000
85,99496,0.00000_0.00000_0.99496_0.00000_0.00000,99496,0.00000_0.00000_0.00000_0.99496_0.00000
85,99496,0.00000_0.00000_0.00000_0.99496_0.00000,99496,-0.99496_0.00000_0.00000_0.00000_0.00000
85,99496,-0.99496_0.00000_0.00000_0.00000_0.00000,99496,-0.99496_0.00000_0.00000_0.00000_0.00000
85,99496,-0.99496_0.00000_0.00000_0.00000_0.00000,99496,-0.99496_0.00000_0.00000_0.00000_0.00000
85,99496,-0.99496_0.00000_0.00000_0.00000_0.00000,99496,-0.99496_0.00000_0.00000_0.00000_0.00000
85,99496,-0.99496_0.00000_0.00000_0.00000_0.00000,99496,-0.99496_0.00000_0.00000_0.00000_0.00000
86,1890418,2.98486_0.99496_-0.99496_1.98991_-1.98991,1591932,-1.98991_-1.98991_1.98991_0.00000_1.98991
86,1591932,-1.98991_-1.98991_1.98991_0.00000_1.98991,795967,-0.99496_-0.99496_0.99496_0.99496_1.98991
86,795967,-0.99496_-0.99496_0.99496_0.99496_1.98991,596975,0.00000_-0.99496_0.00000_0.99496_1.98991
86,596975,0.00000_-0.99496_0.00000_0.99496_1.98991,596975,0.00000_-1.98991_0.00000_0.99496_0.99496
86,596975,0.00000_-1.98991_0.00000_0.99496_0.99496,298488,0.00000_-0.99496_0.00000_0.99496_0.99496
86,298488,0.00000_-0.99496_0.00000_0.99496_0.99496,198992,0.99496_0.00000_0.00000_0.99496_0.00000
86,198992,0.99496_0.00000_0.00000_0.99496_0.00000,198992,0.00000_0.00000_0.99496_0.99496_0.00000
86,198992,0.00000_0.00000_0.99496_0.99496_0.00000,198992,0.00000_0.00000_0.99496_0.99496_0.00000
86,198992,0.00000_0.00000_0.99496_0.99496_0.00000,198992,-0.99496_0.99496_0.00000_0.00000_0.00000
86,198992,-0.99496_0.99496_0.00000_0.00000_0.00000,99496,0.00000_0.00000_0.99496_0.00000_0.00000
86,99496,0.00000_0.00000_0.99496_0.00000_0.00000,99496,0.00000_0.00000_0.99496_0.00000_0.00000
86,99496,0.00000_0.00000_0.99496_0.00000_0.00000,99496,0.00000_0.00000_0.99496_0.00000_0.00000
86,99496,0.00000_0.00000_0.99496_0.00000_0.00000,99496,0.00000_0.00000_0.99496_0.00000_0.00000
86,99496,0.00000_0.00000_0.99496_0.00000_0.00000,99496,0.00000_0.00000_0.00000_0.99496_0.00000
86,99496,0.00000_0.00000_0.00000_0.99496_0.00000,99496,0.00000_-0.99496_0.00000_0.00000_0.00000
86,99496,0.00000_-0.99496_0.00000_0.00000_0.00000,99496,0.00000_-0.99496_0.00000_0.00000_0.00000
86,99496,0.00000_-0.99496_0.00000_0.00000_0.00000,99496,-0.99496_0.00000_0.00000_0.00000_0.00000
86,99496,-0.99496_0.00000_0.00000_0.00000_0.00000,99496,-0.99496_0.00000_0.00000_0.00000_0.00000
86,99496,-0.99496_0.00000_0.00000_0.00000_0.00000,99496,-0.99496_0.00000_0.00000_0.00000_0.00000
86,99496,-0.99496_0.00000_0.00000_0.00000_0.00000,99496,-0.99496_0.00000_0.00000_0.00000_0.00000
86,99496,-0.99496_0.00000_0.00000_0.00000_0.00000,99496,-0.99496_0.00000_0.00000_0.00000_0.00000
87,4477284,2.98484_2.98485_-0.99495_0.99496_-4.97469,3084359,3.97978_-0.99496_2.98486_1.98991_-0.99496
87,3084359,3.97978_-0.99496_2.98486_1.98991_-0.99496,2785860,4.97469_0.00000_0.99496_0.99496_-0.99496
87,2785860,4.97469_0.00000_0.99496_0.99496_-0.99496,1094454,0.99496_-0.99496_1.98991_-1.98991_0.99496
87,1094454,0.99496_-0.99496_1.98991_-1.98991_0.99496,795967,0.99496_-0.99496_0.99496_-0.99496_1.98991
87,795967,0.99496_-0.99496_0.99496_-0.99496_1.98991,298488,0.00000_0.00000_0.99496_-0.99496_0.99496
87,298488,0.00000_0.00000_0.99496_-0.99496_0.99496,198992,-0.99496_0.00000_0.99496_0.00000_0.00000
87,198992,-0.99496_0.00000_0.99496_0.00000_0.00000,99496,0.00000_0.00000_0.00000_0.00000_-0.99496
87,99496,0.00000_0.00000_0.00000_0.00000_-0.99496,99496,0.00000_0.00000_0.00000_0.00000_-0.99496
87,99496,0.00000_0.00000_0.00000_0.00000_-0.99496,99496,0.00000_0.00000_0.00000_0.00000_-0.99496
87,99496,0.00000_0.00000_0.00000_0.00000_-0.99496,99496,0.00000_0.00000_-0.99496_0.00000_0.00000
87,99496,0.00000_0.00000_-0.99496_0.00000_0.00000,99496,0.00000_0.00000_0.00000_-0.99496_0.00000
87,99496,0.00000_0.00000_0.00000_-0.99496_0.00000,99496,0.00000_0.00000_0.00000_-0.99496_0.00000
87,99496,0.00000_0.00000_0.00000_-0.99496_0.00000,99496,-0.99496_0.00000_0.00000_0.00000_0.00000
87,99496,-0.99496_0.00000_0.00000_0.00000_0.00000,0,0.00000_0.00000_0.00000_0.00000_0.00000
88,1492435,0.99495_0.00000_0.99496_2.98485_1.98991,994958,1.98991_0.00000_0.99496_1.98991_0.99496
88,994958,1.98991_0.00000_0.99496_1.98991_0.99496,895462,0.99496_0.00000_0.00000_1.98991_1.98991
88,895462,0.99496_0.00000_0.00000_1.98991_1.98991,696471,0.00000_0.99496_0.99496_1.98991_0.99496
88,696471,0.00000_0.99496_0.99496_1.98991_0.99496,497480,0.99496_0.99496_0.99496_0.99496_0.99496
88,497480,0.99496_0.99496_0.99496_0.99496_0.99496,497480,0.99496_-0.99496_-0.99496_-0.99496_0.99496
88,497480,0.99496_-0.99496_-0.99496_-0.99496_0.99496,397984,0.99496_-0.99496_-0.99496_0.00000_0.99496
88,397984,0.99496_-0.99496_-0.99496_0.00000_0.99496,298488,0.00000_-0.99496_-0.99496_0.00000_0.99496
88,298488,0.00000_-0.99496_-0.99496_0.00000_0.99496,198992,0.00000_0.00000_-0.99496_0.00000_0.99496
88,198992,0.00000_0.00000_-0.99496_0.00000_0.99496,198992,0.00000_0.00000_-0.99496_0.00000_0.99496
88,198992,0.00000_0.00000_-0.99496_0.00000_0.99496,198992,0.00000_0.00000_-0.99496_0.00000_0.99496
88,198992,0.00000_0.00000_-0.99496_0.00000_0.99496,198992,0.00000_0.00000_-0.99496_0.00000_0.99496
88,198992,0.00000_0.00000_-0.99496_0.00000_0.99496,198992,0.00000_0.00000_-0.99496_0.00000_0.99496
88,198992,0.00000_0.00000_-0.99496_0.00000_0.99496,198992,0.00000_0.00000_-0.99496_0.00000_0.99496
88,198992,0.00000_0.00000_-0.99496_0.00000_0.99496,198992,0.00000_0.00000_-0.99496_0.00000_0.99496
88,198992,0.00000_0.00000_-0.99496_0.00000_0.99496,99496,0.00000_0.00000_0.00000_0.00000_0.99496
88,99496,0.00000_0.00000_0.00000_0.00000_0.99496,99496,0.00000_-0.99496_0.00000_0.00000_0.00000
88,99496,0.00000_-0.99496_0.00000_0.00000_0.00000,99496,-0.99496_0.00000_0.00000_0.00000_0.00000
88,99496,-0.99496_0.00000_0.00000_0.00000_0.00000,99496,-0.99496_0.00000_0.00000_0.00000_0.00000
88,99496,-0.99496_0.00000_0.00000_0.00000_0.00000,99496,-0.99496_0.00000_0.00000_0.00000_0.00000
88,99496,-0.99496_0.00000_0.00000_0.00000_0.00000,99496,-0.99496_0.00000_0.00000_0.00000_0.00000
88,99496,-0.99496_0.00000_0.00000_0.00000_0.00000,99496,-0.99496_0.00000_0.00000_0.00000_0.00000
88,99496,-0.99496_0.00000_0.00000_0.00000_0.00000,99496,-0.99496_0.00000_0.00000_0.00000_0.00000
88,99496,-0.99496_0.00000_0.00000_0.00000_0.00000,0,0.00000_0.00000_0.00000_0.00000_0.00000
88,0,0.00000_0.00000_0.00000_0.00000_0.00000,0,0.00000_0.00000_0.00000_0.00000_0.00000
89,5472236,-4.97469_-1.98991_0.99495_2.98485_-3.97980,3183843,-0.99496_-0.99496_1.98991_4.97469_-0.99496
89,3183843,-0.99496_-0.99496_1.98991_4.97469_-0.99496,1790922,-1.98991_-1.98991_-0.99496_0.00000_2.98486
89,1790922,-1.98991_-1.98991_-0.99496_0.00000_2.98486,1094452,0.00000_-2.98486_0.99496_0.00000_0.99496
89,1094452,0.00000_-2.98486_0.99496_0.00000_0.99496,696471,0.99496_-0.99496_0.00000_-0.99496_1.98991
89,696471,0.99496_-0.99496_0.00000_-0.99496_1.98991,596975,0.00000_-0.99496_0.00000_0.99496_1.98991
89,596975,0.00000_-0.99496_0.00000_0.99496_1.98991,497479,0.00000_-0.99496_0.00000_0.00000_1.98991
89,497479,0.00000_-0.99496_0.00000_0.00000_1.98991,298488,0.00000_-0.99496_-0.99496_0.00000_0.99496
89,298488,0.00000_-0.99496_-0.99496_0.00000_0.99496,298488,0.00000_-0.99496_-0.99496_0.00000_0.99496
89,298488,0.00000_-0.99496_-0.99496_0.00000_0.99496,198992,0.00000_-0.99496_0.00000_-0.99496_0.00000
89,198992,0.00000_-0.99496_0.00000_-0.99496_0.00000,198992,0.00000_-0.99496_0.00000_-0.99496_0.00000
89,198992,0.00000_-0.99496_0.00000_-0.99496_0.00000,99496,-0.99496_0.00000_0.00000_0.00000_0.00000
89,99496,-0.99496_0.00000_0.00000_0.00000_0.00000,99496,-0.99496_0.00000_0.00000_0.00000_0.00000
89,99496,-0.99496_0.00000_0.00000_0.00000_0.00000,99496,-0.99496_0.00000_0.00000_0.00000_0.00000
89,99496,-0.99496_0.00000_0.00000_0.00000_0.00000,99496,-0.99496_0.00000_0.00000_0.00000_0.00000
89,99496,-0.99496_0.00000_0.00000_0.00000_0.00000,99496,-0.99496_0.00000_0.00000_0.00000_0.00000
89,99496,-0.99496_0.00000_0.00000_0.00000_0.00000,99496,-0.99496_0.00000_0.00000_0.00000_0.00000
89,99496,-0.99496_0.00000_0.00000_0.00000_0.00000,99496,-0.99496_0.00000_0.00000_0.00000_0.00000
89,99496,-0.99496_0.00000_0.00000_0.00000_0.00000,99496,-0.99496_0.00000_0.00000_0.00000_0.00000
89,99496,-0.99496_0.00000_0.00000_0.00000_0.00000,99496,-0.99496_0.00000_0.00000_0.00000_0.00000
89,99496,-0.99496_0.00000_0.00000_0.00000_0.00000,99496,-0.99496_0.00000_0.00000_0.00000_0.00000
89,99496,-0.99496_0.00000_0.00000_0.00000_0.00000,99496,-0.99496_0.00000_0.00000_0.00000_0.00000
89,99496,-0.99496_0.00000_0.00000_0.00000_0.00000,99496,-0.99496_0.00000_0.00000_0.00000_0.00000
90,2089409,1.98991_0.00000_1.98991_1.98991_2.98486,1691428,1.98991_-0.99496_1.98991_1.98991_1.98991
90,1691428,1.98991_-0.99496_1.98991_1.98991_1.98991,1492435,1.98991_0.99496_2.98485_0.99496_0.00000
90,1492435,1.98991_0.99496_2.98485_0.99496_0.00000,994958,0.99496_1.98991_1.98991_0.00000_0.99496
90,994958,0.99496_1.98991_1.98991_0.00000_0.99496,397984,0.99496_0.99496_0.99496_0.00000_0.99496
90,397984,0.99496_0.99496_0.99496_0.00000_0.99496,198992,0.00000_0.00000_0.99496_0.00000_0.99496
90,198992,0.00000_0.00000_0.99496_0.00000_0.99496,198992,0.00000_0.00000_0.99496_0.00000_0.99496
90,198992,0.00000_0.00000_0.99496_0.00000_0.99496,99496,0.00000_0.99496_0.00000_0.00000_0.00000
90,99496,0.00000_0.99496_0.00000_0.00000_0.00000,99496,0.00000_0.00000_0.99496_0.00000_0.00000
90,99496,0.00000_0.00000_0.99496_0.00000_0.00000,99496,0.00000_0.00000_0.00000_0.00000_0.99496
90,99496,0.00000_0.00000_0.00000_0.00000_0.99496,99496,0.00000_0.00000_0.00000_0.00000_0.99496
90,99496,0.00000_0.00000_0.00000_0.00000_0.99496,99496,0.00000_0.00000_0.00000_0.00000_0.99496
90,99496,0.00000_0.00000_0.00000_0.00000_0.99496,99496,0.00000_0.00000_0.00000_0.00000_0.99496
90,99496,0.00000_0.00000_0.00000_0.00000_0.99496,99496,0.00000_0.00000_0.00000_0.00000_0.99496
90,99496,0.00000_0.00000_0.00000_0.00000_0.99496,99496,0.00000_0.00000_0.00000_0.00000_0.99496
90,99496,0.00000_0.00000_0.00000_0.00000_0.99496,99496,0.00000_0.00000_0.00000_0.00000_0.99496
90,99496,0.00000_0.00000_0.00000_0.00000_0.99496,99496,-0.99496_0.00000_0.00000_0.00000_0.00000
90,99496,-0.99496_0.00000_0.00000_0.00000_0.00000,99496,-0.99496_0.00000_0.00000_0.00000_0.00000
90,99496,-0.99496_0.00000_0.00000_0.00000_0.00000,99496,-0.99496_0.00000_0.00000_0.00000_0.00000
91,1094452,0.00000_-0.99496_-2.98486_0.00000_-0.99496,994958,0.00000_-0.99496_-1.98991_0.99496_-1.98991
91,994958,0.00000_-0.99496_-1.98991_0.99496_-1.98991,795966,0.00000_0.00000_-1.98991_0.00000_-1.98991
91,795966,0.00000_0.00000_-1.98991_0.00000_-1.98991,795966,0.00000_0.00000_-1.98991_0.00000_-1.98991
91,795966,0.00000_0.00000_-1.98991_0.00000_-1.98991,198992,0.00000_0.00000_-0.99496_0.00000_-0.99496
91,198992,0.00000_0.00000_-0.99496_0.00000_-0.99496,99496,0.00000_0.99496_0.00000_0.00000_0.00000
91,99496,0.00000_0.99496_0.00000_0.00000_0.00000,99496,-0.99496_0.00000_0.00000_0.00000_0.00000
91,99496,-0.99496_0.00000_0.00000_0.00000_0.00000,99496,-0.99496_0.00000_0.00000_0.00000_0.00000
91,99496,-0.99496_0.00000_0.00000_0.00000_0.00000,99496,-0.99496_0.00000_0.00000_0.00000_0.00000
91,99496,-0.99496_0.00000_0.00000_0.00000_0.00000,99496,-0.99496_0.00000_0.00000_0.00000_0.00000
91,99496,-0.99496_0.00000_0.00000_0.00000_0.00000,99496,-0.99496_0.00000_0.00000_0.00000_0.00000
92,1691426,-2.98486_0.00000_1.98991_1.98991_0.00000,1293444,-2.98486_-0.99496_0.99496_0.99496_0.99496
92,1293444,-2.98486_-0.99496_0.99496_0.99496_0.99496,696471,-0.99496_-0.99496_1.98991_-0.99496_0.00000
92,696471,-0.99496_-0.99496_1.98991_-0.99496_0.00000,696471,-0.99496_-0.99496_1.98991_-0.99496_0.00000
92,696471,-0.99496_-0.99496_1.98991_-0.99496_0.00000,298488,-0.99496_-0.99496_0.99496_0.00000_0.00000
92,298488,-0.99496_-0.99496_0.99496_0.00000_0.00000,198992,-0.99496_0.00000_0.99496_0.00000_0.00000
92,198992,-0.99496_0.00000_0.99496_0.00000_0.00000,198992,0.00000_0.99496_0.00000_0.00000_0.99496
92,198992,0.00000_0.99496_0.00000_0.00000_0.99496,198992,0.99496_0.00000_0.00000_0.00000_0.99496
92,198992,0.99496_0.00000_0.00000_0.00000_0.99496,99496,0.00000_0.00000_0.99496_0.00000_0.00000
92,99496,0.00000_0.00000_0.99496_0.00000_0.00000,99496,0.00000_-0.99496_0.00000_0.00000_0.00000
92,99496,0.00000_-0.99496_0.00000_0.00000_0.00000,99496,0.00000_-0.99496_0.00000_0.00000_0.00000
92,99496,0.00000_-0.99496_0.00000_0.00000_0.00000,99496,0.00000_-0.99496_0.00000_0.00000_0.00000
92,99496,0.00000_-0.99496_0.00000_0.00000_0.00000,99496,-0.99496_0.00000_0.00000_0.00000_0.00000
92,99496,-0.99496_0.00000_0.00000_0.00000_0.00000,99496,-0.99496_0.00000_0.00000_0.00000_0.00000
92,99496,-0.99496_0.00000_0.00000_0.00000_0.00000,99496,-0.99496_0.00000_0.00000_0.00000_0.00000
92,99496,-0.99496_0.00000_0.00000_0.00000_0.00000,99496,-0.99496_0.00000_0.00000_0.00000_0.00000
93,4477292,2.98485_3.97978_-3.97979_1.98991_0.00000,1492435,-0.99496_-0.99496_0.00000_-1.98991_2.98486
93,1492435,-0.99496_-0.99496_0.00000_-1.98991_2.98486,1392939,0.00000_-0.99496_0.00000_-1.98991_2.98486
93,1392939,0.00000_-0.99496_0.00000_-1.98991_2.98486,1094452,0.00000_-0.99496_0.00000_-0.99496_2.98486
93,1094452,0.00000_-0.99496_0.00000_-0.99496_2.98486,994958,-0.99496_-1.98991_-0.99496_0.00000_1.98991
93,994958,-0.99496_-1.98991_-0.99496_0.00000_1.98991,994958,-0.99496_-1.98991_0.00000_-0.99496_1.98991
93,994958,-0.99496_-1.98991_0.00000_-0.99496_1.98991,795967,-0.99496_-0.99496_-0.99496_-1.98991_0.99496
93,795967,-0.99496_-0.99496_-0.99496_-1.98991_0.99496,696471,-0.99496_0.00000_-0.99496_-0.99496_1.98991
93,696471,-0.99496_0.00000_-0.99496_-0.99496_1.98991,397984,-0.99496_-0.99496_-0.99496_0.00000_0.99496
93,397984,-0.99496_-0.99496_-0.99496_0.00000_0.99496,397984,-0.99496_-0.99496_-0.99496_0.00000_0.99496
93,397984,-0.99496_-0.99496_-0.99496_0.00000_0.99496,298488,0.00000_0.00000_-0.99496_0.99496_0.99496
93,298488,0.00000_0.00000_-0.99496_0.99496_0.99496,298488,0.99496_0.00000_-0.99496_0.00000_0.99496
93,298488,0.99496_0.00000_-0.99496_0.00000_0.99496,298488,0.99496_0.99496_0.00000_0.99496_0.00000
93,298488,0.99496_0.99496_0.00000_0.99496_0.00000,298488,0.99496_0.99496_0.00000_0.99496_0.00000
93,298488,0.99496_0.99496_0.00000_0.99496_0.00000,198992,0.00000_0.00000_0.00000_-0.99496_0.99496
93,198992,0.00000_0.00000_0.00000_-0.99496_0.99496,99496,0.00000_0.00000_0.00000_-0.99496_0.00000
93,99496,0.00000_0.00000_0.00000_-0.99496_0.00000,99496,0.00000_0.00000_0.00000_-0.99496_0.00000
93,99496,0.00000_0.00000_0.00000_-0.99496_0.00000,0,0.00000_0.00000_0.00000_0.00000_0.00000
93,0,0.00000_0.00000_0.00000_0.00000_0.00000,0,0.00000_0.00000_0.00000_0.00000_0.00000
93,0,0.00000_0.00000_0.00000_0.00000_0.00000,0,0.00000_0.00000_0.00000_0.00000_0.00000
94,3581824,0.99496_-0.99496_0.00000_4.97469_2.98485,2885356,0.99496_-0.99495_-0.99496_4.97469_0.99495
94,2885356,0.99496_-0.99495_-0.99496_4.97469_0.99495,2586886,2.98485_-2.98485_1.98991_0.00000_-1.98991
94,2586886,2.98485_-2.98485_1.98991_0.00000_-1.98991,895462,-1.98991_1.98991_0.00000_0.00000_-0.99496
94,895462,-1.98991_1.98991_0.00000_0.00000_-0.99496,895462,-1.98991_1.98991_0.00000_0.00000_-0.99496
94,895462,-1.98991_1.98991_0.00000_0.00000_-0.99496,696471,-1.98991_0.00000_-0.99496_0.99496_0.99496
94,696471,-1.98991_0.00000_-0.99496_0.99496_0.99496,596975,-1.98991_0.00000_-0.99496_0.99496_0.00000
94,596975,-1.98991_0.00000_-0.99496_0.99496_0.00000,397984,-0.99496_-0.99496_-0.99496_0.99496_0.00000
94,397984,-0.99496_-0.99496_-0.99496_0.99496_0.00000,198992,0.00000_-0.99496_0.00000_0.00000_-0.99496
94,198992,0.00000_-0.99496_0.00000_0.00000_-0.99496,198992,0.00000_0.00000_0.00000_0.99496_-0.99496
94,198992,0.00000_0.00000_0.00000_0.99496_-0.99496,198992,0.00000_0.00000_0.00000_0.99496_-0.99496
94,198992,0.00000_0.00000_0.00000_0.99496_-0.99496,198992,0.99496_0.00000_0.00000_0.00000_-0.99496
94,198992,0.99496_0.00000_0.00000_0.00000_-0.99496,198992,0.99496_0.00000_0.00000_0.00000_-0.99496
94,198992,0.99496_0.00000_0.00000_0.00000_-0.99496,198992,0.99496_0.00000_0.00000_0.00000_-0.99496
94,198992,0.99496_0.00000_0.00000_0.00000_-0.99496,99496,0.99496_0.00000_0.00000_0.00000_0.00000
94,99496,0.99496_0.00000_0.00000_0.00000_0.00000,99496,0.00000_0.00000_0.99496_0.00000_0.00000
94,99496,0.00000_0.00000_0.99496_0.00000_0.00000,99496,0.00000_0.00000_0.99496_0.00000_0.00000
94,99496,0.00000_0.00000_0.99496_0.00000_0.00000,99496,0.00000_0.00000_0.00000_0.99496_0.00000
94,99496,0.00000_0.00000_0.00000_0.99496_0.00000,99496,0.00000_0.00000_-0.99496_0.00000_0.00000
94,99496,0.00000_0.00000_-0.99496_0.00000_0.00000,99496,0.00000_-0.99496_0.00000_0.00000_0.00000
94,99496,0.00000_-0.99496_0.00000_0.00000_0.00000,0,0.00000_0.00000_0.00000_0.00000_0.00000
94,0,0.00000_0.00000_0.00000_0.00000_0.00000,0,0.00000_0.00000_0.00000_0.00000_0.00000
95,3084359,-0.99496_-0.99496_2.98486_3.97978_-1.98991,2387895,-2.98486_1.98991_-0.99496_-0.99496_-2.98486
95,2387895,-2.98486_1.98991_-0.99496_-0.99496_-2.98486,596975,-1.98991_0.00000_0.99496_0.00000_-0.99496
95,596975,-1.98991_0.00000_0.99496_0.00000_-0.99496,596975,-1.98991_0.00000_0.00000_-0.99496_-0.99496
95,596975,-1.98991_0.00000_0.00000_-0.99496_-0.99496,298488,-0.99496_0.99496_0.00000_0.00000_-0.99496
95,298488,-0.99496_0.99496_0.00000_0.00000_-0.99496,198992,0.00000_0.00000_-0.99496_0.00000_-0.99496
95,198992,0.00000_0.00000_-0.99496_0.00000_-0.99496,99496,0.00000_0.00000_-0.99496_0.00000_0.00000
95,99496,0.00000_0.00000_-0.99496_0.00000_0.00000,99496,0.00000_0.00000_0.00000_-0.99496_0.00000
95,99496,0.00000_0.00000_0.00000_-0.99496_0.00000,99496,0.00000_0.00000_0.00000_-0.99496_0.00000
95,99496,0.00000_0.00000_0.00000_-0.99496_0.00000,99496,0.00000_0.00000_0.00000_-0.99496_0.00000
95,99496,0.00000_0.00000_0.00000_-0.99496_0.00000,99496,0.00000_0.00000_0.00000_-0.99496_0.00000
95,99496,0.00000_0.00000_0.00000_-0.99496_0.00000,99496,0.00000_0.00000_0.00000_-0.99496_0.00000
95,99496,0.00000_0.00000_0.00000_-0.99496_0.00000,99496,0.00000_-0.99496_0.00000_0.00000_0.00000
95,99496,0.00000_-0.99496_0.00000_0.00000_0.00000,99496,-0.99496_0.00000_0.00000_0.00000_0.00000
95,99496,-0.99496_0.00000_0.00000_0.00000_0.00000,99496,-0.99496_0.00000_0.00000_0.00000_0.00000
95,99496,-0.99496_0.00000_0.00000_0.00000_0.00000,99496,-0.99496_0.00000_0.00000_0.00000_0.00000
95,99496,-0.99496_0.00000_0.00000_0.00000_0.00000,99496,-0.99496_0.00000_0.00000_0.00000_0.00000
95,99496,-0.99496_0.00000_0.00000_0.00000_0.00000,99496,-0.99496_0.00000_0.00000_0.00000_0.00000
95,99496,-0.99496_0.00000_0.00000_0.00000_0.00000,99496,-0.99496_0.00000_0.00000_0.00000_0.00000
95,99496,-0.99496_0.00000_0.00000_0.00000_0.00000,99496,-0.99496_0.00000_0.00000_0.00000_0.00000
95,99496,-0.99496_0.00000_0.00000_0.00000_0.00000,99496,-0.99496_0.00000_0.00000_0.00000_0.00000
95,99496,-0.99496_0.00000_0.00000_0.00000_0.00000,99496,-0.99496_0.00000_0.00000_0.00000_0.00000
96,5770717,-0.00001_-4.97469_3.97978_-0.99496_3.97978,2487387,0.99496_-1.98991_1.98991_0.00000_3.97978
96,2487387,0.99496_-1.98991_1.98991_0.00000_3.97978,1591931,0.99496_-0.99496_1.98991_-0.99496_2.98486
96,1591931,0.99496_-0.99496_1.98991_-0.99496_2.98486,895462,1.98991_0.00000_1.98991_0.00000_0.99496
96,895462,1.98991_0.00000_1.98991_0.00000_0.99496,895462,1.98991_0.00000_1.98991_0.99496_0.00000
96,895462,1.98991_0.00000_1.98991_0.99496_0.00000,298488,0.99496_-0.99496_0.99496_0.00000_0.00000
96,298488,0.99496_-0.99496_0.99496_0.00000_0.00000,198992,0.99496_-0.99496_0.00000_0.00000_0.00000
96,198992,0.99496_-0.99496_0.00000_0.00000_0.00000,198992,0.99496_-0.99496_0.00000_0.00000_0.00000
96,198992,0.99496_-0.99496_0.00000_0.00000_0.00000,198992,0.99496_-0.99496_0.00000_0.00000_0.00000
96,198992,0.99496_-0.99496_0.00000_0.00000_0.00000,99496,0.00000_0.00000_0.00000_0.00000_-0.99496
96,99496,0.00000_0.00000_0.00000_0.00000_-0.99496,99496,0.00000_0.00000_-0.99496_0.00000_0.00000
96,99496,0.00000_0.00000_-0.99496_0.00000_0.00000,99496,0.00000_0.00000_0.00000_0.00000_0.99496
96,99496,0.00000_0.00000_0.00000_0.00000_0.99496,99496,0.00000_0.00000_0.00000_0.00000_0.99496
96,99496,0.00000_0.00000_0.00000_0.00000_0.99496,99496,0.00000_0.00000_0.00000_0.00000_0.99496
96,99496,0.00000_0.00000_0.00000_0.00000_0.99496,99496,0.00000_0.00000_0.00000_0.00000_0.99496
96,99496,0.00000_0.00000_0.00000_0.00000_0.99496,99496,0.00000_0.00000_0.00000_0.00000_0.99496
96,99496,0.00000_0.00000_0.00000_0.00000_0.99496,99496,0.00000_0.00000_0.00000_0.00000_0.99496
97,7959596,-4.97469_-1.98991_-0.99496_-4.97469_4.97469,4278295,1.98991_2.98486_1.98991_-4.97469_0.99496
97,4278295,1.98991_2.98486_1.98991_-4.97469_0.99496,3382834,1.98991_0.99494_1.98993_-4.97469_-0.00002
97,3382834,1.98991_0.99494_1.98993_-4.97469_-0.00002,2984864,-0.99496_-1.98991_3.97978_0.00000_-2.98486
97,2984864,-0.99496_-1.98991_3.97978_0.00000_-2.98486,696471,0.99496_0.00000_1.98991_0.99496_-0.99496
97,696471,0.99496_0.00000_1.98991_0.99496_-0.99496,696471,0.99496_0.00000_1.98991_0.99496_-0.99496
97,696471,0.99496_0.00000_1.98991_0.99496_-0.99496,696471,0.99496_0.00000_1.98991_0.99496_-0.99496
97,696471,0.99496_0.00000_1.98991_0.99496_-0.99496,596975,0.00000_0.00000_1.98991_0.99496_-0.99496
97,596975,0.00000_0.00000_1.98991_0.99496_-0.99496,497479,0.00000_-0.99496_1.98991_0.00000_0.00000
97,497479,0.00000_-0.99496_1.98991_0.00000_0.00000,497479,0.00000_0.00000_1.98991_0.00000_0.99496
97,497479,0.00000_0.00000_1.98991_0.00000_0.99496,397984,-0.99496_-0.99496_0.99496_0.00000_0.99496
97,397984,-0.99496_-0.99496_0.99496_0.00000_0.99496,198992,0.00000_0.00000_0.99496_0.00000_0.99496
97,198992,0.00000_0.00000_0.99496_0.00000_0.99496,198992,0.00000_-0.99496_0.99496_0.00000_0.00000
97,198992,0.00000_-0.99496_0.99496_0.00000_0.00000,198992,0.00000_-0.99496_0.00000_-0.99496_0.00000
97,198992,0.00000_-0.99496_0.00000_-0.99496_0.00000,99496,0.00000_-0.99496_0.00000_0.00000_0.00000
97,99496,0.00000_-0.99496_0.00000_0.00000_0.00000,99496,0.00000_-0.99496_0.00000_0.00000_0.00000
97,99496,0.00000_-0.99496_0.00000_0.00000_0.00000,99496,-0.99496_0.00000_0.00000_0.00000_0.00000
97,99496,-0.99496_0.00000_0.00000_0.00000_0.00000,99496,-0.99496_0.00000_0.00000_0.00000_0.00000
97,99496,-0.99496_0.00000_0.00000_0.00000_0.00000,99496,-0.99496_0.00000_0.00000_0.00000_0.00000
97,99496,-0.99496_0.00000_0.00000_0.00000_0.00000,99496,-0.99496_0.00000_0.00000_0.00000_0.00000
97,99496,-0.99496_0.00000_0.00000_0.00000_0.00000,99496,-0.99496_0.00000_0.00000_0.00000_0.00000
97,99496,-0.99496_0.00000_0.00000_0.00000_0.00000,99496,-0.99496_0.00000_0.00000_0.00000_0.00000
97,99496,-0.99496_0.00000_0.00000_0.00000_0.00000,99496,-0.99496_0.00000_0.00000_0.00000_0.00000
97,99496,-0.99496_0.00000_0.00000_0.00000_0.00000,99496,-0.99496_0.00000_0.00000_0.00000_0.00000
97,99496,-0.99496_0.00000_0.00000_0.00000_0.00000,99496,-0.99496_0.00000_0.00000_0.00000_0.00000
97,99496,-0.99496_0.00000_0.00000_0.00000_0.00000,99496,-0.99496_0.00000_0.00000_0.00000_0.00000
98,2686364,0.00000_0.99496_0.00000_4.97469_0.99496,2288395,-0.99496_0.99496_-0.99496_3.97978_1.98991
98,2288395,-0.99496_0.99496_-0.99496_3.97978_1.98991,2089403,0.00000_0.99496_0.00000_3.97978_1.98991
98,2089403,0.00000_0.99496_0.00000_3.97978_1.98991,1890412,0.00000_0.99496_0.99496_3.97978_0.99496
98,1890412,0.00000_0.99496_0.99496_3.97978_0.99496,994958,-0.99496_1.98991_0.99496_1.98991_0.00000
98,994958,-0.99496_1.98991_0.99496_1.98991_0.00000,696471,0.00000_0.99496_0.99496_1.98991_-0.99496
98,696471,0.00000_0.99496_0.99496_1.98991_-0.99496,696471,0.00000_0.99496_0.99496_1.98991_-0.99496
98,696471,0.00000_0.99496_0.99496_1.98991_-0.99496,596975,0.99496_0.00000_0.99496_1.98991_-0.00001
98,596975,0.99496_0.00000_0.99496_1.98991_-0.00001,298488,0.99496_0.00000_0.99496_0.99496_0.00000
98,298488,0.99496_0.00000_0.99496_0.99496_0.00000,298488,0.99496_0.00000_0.99496_0.00000_-0.99496
98,298488,0.99496_0.00000_0.99496_0.00000_-0.99496,298488,0.99496_0.99496_0.00000_0.99496_0.00000
98,298488,0.99496_0.99496_0.00000_0.99496_0.00000,198992,0.00000_0.99496_0.99496_0.00000_0.00000
98,198992,0.00000_0.99496_0.99496_0.00000_0.00000,198992,0.00000_0.00000_0.00000_0.99496_0.99496
98,198992,0.00000_0.00000_0.00000_0.99496_0.99496,198992,0.00000_0.00000_0.00000_0.99496_0.99496
98,198992,0.00000_0.00000_0.00000_0.99496_0.99496,198992,0.00000_0.00000_-0.99496_0.00000_0.99496
98,198992,0.00000_0.00000_-0.99496_0.00000_0.99496,198992,0.00000_0.99496_-0.99496_0.00000_0.00000
98,198992,0.00000_0.99496_-0.99496_0.00000_0.00000,198992,0.00000_0.99496_-0.99496_0.00000_0.00000
98,198992,0.00000_0.99496_-0.99496_0.00000_0.00000,99496,0.00000_0.00000_-0.99496_0.00000_0.00000
98,99496,0.00000_0.00000_-0.99496_0.00000_0.00000,99496,-0.99496_0.00000_0.00000_0.00000_0.00000
98,99496,-0.99496_0.00000_0.00000_0.00000_0.00000,99496,-0.99496_0.00000_0.00000_0.00000_0.00000
98,99496,-0.99496_0.00000_0.00000_0.00000_0.00000,99496,-0.99496_0.00000_0.00000_0.00000_0.00000
98,99496,-0.99496_0.00000_0.00000_0.00000_0.00000,99496,-0.99496_0.00000_0.00000_0.00000_0.00000
98,99496,-0.99496_0.00000_0.00000_0.00000_0.00000,99496,-0.99496_0.00000_0.00000_0.00000_0.00000
98,99496,-0.99496_0.00000_0.00000_0.00000_0.00000,99496,-0.99496_0.00000_0.00000_0.00000_0.00000
98,99496,-0.99496_0.00000_0.00000_0.00000_0.00000,99496,-0.99496_0.00000_0.00000_0.00000_0.00000
98,99496,-0.99496_0.00000_0.00000_0.00000_0.00000,99496,-0.99496_0.00000_0.00000_0.00000_0.00000
98,99496,-0.99496_0.00000_0.00000_0.00000_0.00000,99496,-0.99496_0.00000_0.00000_0.00000_0.00000
98,99496,-0.99496_0.00000_0.00000_0.00000_0.00000,99496,-0.99496_0.00000_0.00000_0.00000_0.00000
99,2288399,2.98486_1.98991_0.00000_-2.98486_-0.99496,1492435,0.99496_2.98485_-0.99495_-1.98992_0.00000
99,1492435,0.99496_2.98485_-0.99495_-1.98992_0.00000,1094454,0.99496_1.98991_-0.99496_-1.98991_-0.99496
99,1094454,0.99496_1.98991_-0.99496_-1.98991_-0.99496,1094454,1.98991_1.98991_-0.99496_-0.99496_-0.99496
99,1094454,1.98991_1.98991_-0.99496_-0.99496_-0.99496,596975,1.98991_0.99496_0.00000_0.00000_-0.99496
99,596975,1.98991_0.99496_0.00000_0.00000_-0.99496,397984,0.99496_0.00000_-0.99496_-0.99496_-0.99496
99,397984,0.99496_0.00000_-0.99496_-0.99496_-0.99496,298488,0.00000_0.00000_-0.99496_-0.99496_-0.99496
99,298488,0.00000_0.00000_-0.99496_-0.99496_-0.99496,298488,0.99496_0.00000_-0.99496_0.00000_-0.99496
99,298488,0.99496_0.00000_-0.99496_0.00000_-0.99496,298488,0.99496_-0.99496_0.00000_0.00000_-0.99496
99,298488,0.99496_-0.99496_0.00000_0.00000_-0.99496,298488,0.99496_-0.99496_0.00000_0.00000_-0.99496
99,298488,0.99496_-0.99496_0.00000_0.00000_-0.99496,298488,0.99496_0.00000_0.99496_0.00000_-0.99496
99,298488,0.99496_0.00000_0.99496_0.00000_-0.99496,198992,0.99496_0.00000_0.99496_0.00000_0.00000
99,198992,0.99496_0.00000_0.99496_0.00000_0.00000,198992,0.99496_0.00000_0.99496_0.00000_0.00000
99,198992,0.99496_0.00000_0.99496_0.00000_0.00000,198992,0.99496_0.00000_0.00000_0.00000_0.99496
99,198992,0.99496_0.00000_0.00000_0.00000_0.99496,198992,0.00000_-0.99496_0.00000_-0.99496_0.00000
99,198992,0.00000_-0.99496_0.00000_-0.99496_0.00000,198992,0.00000_-0.99496_0.00000_-0.99496_0.00000
99,198992,0.00000_-0.99496_0.00000_-0.99496_0.00000,198992,0.00000_-0.99496_0.00000_-0.99496_0.00000
99,198992,0.00000_-0.99496_0.00000_-0.99496_0.00000,198992,0.00000_-0.99496_0.00000_-0.99496_0.00000
99,198992,0.00000_-0.99496_0.00000_-0.99496_0.00000,198992,0.00000_-0.99496_0.00000_-0.99496_0.00000
99,198992,0.00000_-0.99496_0.00000_-0.99496_0.00000,198992,0.00000_-0.99496_0.00000_-0.99496_0.00000
99,198992,0.00000_-0.99496_0.00000_-0.99496_0.00000,198992,0.00000_-0.99496_0.00000_-0.99496_0.00000
99,198992,0.00000_-0.99496_0.00000_-0.99496_0.00000,198992,0.00000_-0.99496_0.00000_-0.99496_0.00000
99,198992,0.00000_-0.99496_0.00000_-0.99496_0.00000,198992,0.00000_-0.99496_0.00000_-0.99496_0.00000
99,198992,0.00000_-0.99496_0.00000_-0.99496_0.00000,198992,0.00000_-0.99496_0.00000_-0.99496_0.00000
99,198992,0.00000_-0.99496_0.00000_-0.99496_0.00000,198992,0.00000_-0.99496_0.00000_-0.99496_0.00000
99,198992,0.00000_-0.99496_0.00000_-0.99496_0.00000,198992,0.00000_-0.99496_0.00000_-0.99496_0.00000
99,198992,0.00000_-0.99496_0.00000_-0.99496_0.00000,198992,0.00000_-0.99496_0.00000_-0.99496_0.00000
99,198992,0.00000_-0.99496_0.00000_-0.99496_0.00000,99496,0.00000_-0.99496_0.00000_0.00000_0.00000
99,99496,0.00000_-0.99496_0.00000_0.00000_0.00000,99496,-0.99496_0.00000_0.00000_0.00000_0.00000
99,99496,-0.99496_0.00000_0.00000_0.00000_0.00000,99496,-0.99496_0.00000_0.00000_0.00000_0.00000
99,99496,-0.99496_0.00000_0.00000_0.00000_0.00000,99496,-0.99496_0.00000_0.00000_0.00000_0.00000
99,99496,-0.99496_0.00000_0.00000_0.00000_0.00000,99496,-0.99496_0.00000_0.00000_0.00000_0.00000
99,99496,-0.99496_0.00000_0.00000_0.00000_0.00000,99496,-0.99496_0.00000_0.00000_0.00000_0.00000
99,99496,-0.99496_0.00000_0.00000_0.00000_0.00000,99496,-0.99496_0.00000_0.00000_0.00000_0.00000
99,99496,-0.99496_0.00000_0.00000_0.00000_0.00000,99496,-0.99496_0.00000_0.00000_0.00000_0.00000
99,99496,-0.99496_0.00000_0.00000_0.00000_0.00000,99496,-0.99496_0.00000_0.00000_0.00000_0.00000
100,2686376,-3.97978_0.99496_0.00001_-0.99496_-2.98486,1691426,-2.98486_0.00000_0.00000_-1.98991_-1.98991
100,1691426,-2.98486_0.00000_0.00000_-1.98991_-1.98991,1492435,-1.98991_-0.99496_0.00000_-0.99496_-2.98486
100,1492435,-1.98991_-0.99496_0.00000_-0.99496_-2.98486,994958,-1.98991_-0.99496_0.00000_-0.99496_-1.98991
100,994958,-1.98991_-0.99496_0.00000_-0.99496_-1.98991,795967,-1.98991_-0.99496_0.99496_-0.99496_-0.99496
100,795967,-1.98991_-0.99496_0.99496_-0.99496_-0.99496,696471,-1.98991_-0.99496_0.99496_-0.99496_0.00000
100,696471,-1.98991_-0.99496_0.99496_-0.99496_0.00000,397984,-0.99496_0.99496_0.00000_0.99496_0.99496
100,397984,-0.99496_0.99496_0.00000_0.99496_0.99496,298488,-0.99496_0.99496_-0.99496_0.00000_0.00000
100,298488,-0.99496_0.99496_-0.99496_0.00000_0.00000,298488,-0.99496_0.99496_-0.99496_0.00000_0.00000
100,298488,-0.99496_0.99496_-0.99496_0.00000_0.00000,298488,-0.99496_0.00000_-0.99496_0.00000_0.99496
100,298488,-0.99496_0.00000_-0.99496_0.00000_0.99496,198992,-0.99496_0.00000_0.00000_0.99496_0.00000
100,198992,-0.99496_0.00000_0.00000_0.99496_0.00000,198992,0.00000_0.00000_0.99496_0.99496_0.00000
100,198992,0.00000_0.00000_0.99496_0.99496_0.00000,198992,0.00000_0.00000_0.99496_0.99496_0.00000
100,198992,0.00000_0.00000_0.99496_0.99496_0.00000,198992,0.00000_0.00000_0.99496_0.99496_0.00000
100,198992,0.00000_0.00000_0.99496_0.99496_0.00000,99496,0.99496_0.00000_0.00000_0.00000_0.00000
100,99496,0.99496_0.00000_0.00000_0.00000_0.00000,99496,0.00000_0.00000_0.00000_0.00000_0.99496
100,99496,0.00000_0.00000_0.00000_0.00000_0.99496,0,0.00000_0.00000_0.00000_0.00000_0.00000
100,0,0.00000_0.00000_0.00000_0.00000_0.00000,0,0.00000_0.00000_0.00000_0.00000_0.00000
