run,fit1,node1,fit2,node2
1,195277,-7.9996_29.9986_14.9993_5.9997_-22.9989,195221,-8.9996_28.9986_15.9992_5.9997_-22.9989
1,195221,-8.9996_28.9986_15.9992_5.9997_-22.9989,194088,-10.9993_24.9984_15.9990_7.9995_-21.9986
1,194088,-10.9993_24.9984_15.9990_7.9995_-21.9986,193317,-10.9992_23.9982_14.9989_8.9993_-20.9985
1,193317,-10.9992_23.9982_14.9989_8.9993_-20.9985,191887,-9.9990_23.9977_11.9989_7.9992_-19.9981
1,191887,-9.9990_23.9977_11.9989_7.9992_-19.9981,189214,-7.9989_21.9970_10.9985_5.9992_-18.9974
1,189214,-7.9989_21.9970_10.9985_5.9992_-18.9974,185434,-8.9981_18.9961_11.9975_3.9992_-15.9967
1,185434,-8.9981_18.9961_11.9975_3.9992_-15.9967,183806,-7.9981_17.9957_10.9973_4.9988_-15.9962
1,183806,-7.9981_17.9957_10.9973_4.9988_-15.9962,139084,-1.9962_1.9962_0.0000_-0.0000_-12.9750
1,139084,-1.9962_1.9962_0.0000_-0.0000_-12.9750,58176,-1.9687_0.9844_-0.9844_2.9527_0.0000
1,58176,-1.9687_0.9844_-0.9844_2.9527_0.0000,41671,-1.9481_-0.9744_0.9744_0.0000_-0.9744
1,41671,-1.9481_-0.9744_0.9744_0.0000_-0.9744,35740,0.0000_0.9684_-0.0000_-0.0000_-1.9356
1,35740,0.0000_0.9684_-0.0000_-0.0000_-1.9356,16462,-0.0000_-0.0000_0.9175_0.0000_0.0000
1,16462,-0.0000_-0.0000_0.9175_0.0000_0.0000,0,0.0000_0.0000_0.0000_-0.0000_-0.0000
1,0,0.0000_0.0000_0.0000_-0.0000_-0.0000,0,-0.0000_-0.0000_-0.0000_-0.0000_-0.0000
1,0,-0.0000_-0.0000_-0.0000_-0.0000_-0.0000,0,0.0000_-0.0000_-0.0000_0.0000_0.0000
1,0,0.0000_-0.0000_-0.0000_0.0000_0.0000,0,-0.0000_0.0000_-0.0000_0.0000_0.0000
2,196507,-26.9991_17.9994_22.9993_-20.9993_-4.9998,196277,-26.9991_17.9994_20.9993_-20.9993_-6.9997
2,196277,-26.9991_17.9994_20.9993_-20.9993_-6.9997,196186,-25.9991_16.9994_22.9992_-20.9992_-4.9998
2,196186,-25.9991_16.9994_22.9992_-20.9992_-4.9998,195828,-25.9990_16.9993_20.9992_-20.9992_-4.9998
2,195828,-25.9990_16.9993_20.9992_-20.9992_-4.9998,195828,-25.9990_16.9993_20.9992_-20.9992_-4.9998
2,195828,-25.9990_16.9993_20.9992_-20.9992_-4.9998,195516,-23.9990_18.9992_20.9991_-19.9991_-4.9998
2,195516,-23.9990_18.9992_20.9991_-19.9991_-4.9998,195444,-23.9989_18.9991_18.9991_-20.9991_-6.9997
2,195444,-23.9989_18.9991_18.9991_-20.9991_-6.9997,194492,-22.9987_17.9990_17.9990_-19.9989_-5.9997
2,194492,-22.9987_17.9990_17.9990_-19.9989_-5.9997,194443,-21.9987_18.9989_17.9990_-19.9988_-5.9997
2,194443,-21.9987_18.9989_17.9990_-19.9988_-5.9997,194399,-21.9987_19.9988_16.9990_-19.9988_-4.9997
2,194399,-21.9987_19.9988_16.9990_-19.9988_-4.9997,194342,-21.9987_19.9988_16.9990_-19.9988_-3.9998
2,194342,-21.9987_19.9988_16.9990_-19.9988_-3.9998,193532,-20.9985_18.9987_14.9989_-20.9985_-1.9999
2,193532,-20.9985_18.9987_14.9989_-20.9985_-1.9999,192700,-21.9982_16.9986_13.9988_-19.9984_-0.9999
2,192700,-21.9982_16.9986_13.9988_-19.9984_-0.9999,192429,-21.9981_15.9986_13.9988_-19.9983_-1.9998
2,192429,-21.9981_15.9986_13.9988_-19.9983_-1.9998,191554,-20.9979_14.9985_11.9988_-20.9979_-0.9999
2,191554,-20.9979_14.9985_11.9988_-20.9979_-0.9999,191326,-19.9979_16.9983_9.9990_-20.9978_0.9999
2,191326,-19.9979_16.9983_9.9990_-20.9978_0.9999,184285,-13.9968_19.9954_3.9991_-13.9968_-0.9998
2,184285,-13.9968_19.9954_3.9991_-13.9968_-0.9998,180412,-11.9962_18.9940_4.9984_-11.9962_-0.9997
2,180412,-11.9962_18.9940_4.9984_-11.9962_-0.9997,178070,-10.9959_18.9930_4.9981_-9.9963_-1.9993
2,178070,-10.9959_18.9930_4.9981_-9.9963_-1.9993,175672,-9.9957_18.9918_2.9986_-8.9961_-1.9992
2,175672,-9.9957_18.9918_2.9986_-8.9961_-1.9992,171158,-2.9983_18.9894_4.9972_-6.9961_-4.9972
2,171158,-2.9983_18.9894_4.9972_-6.9961_-4.9972,163674,2.9976_15.9873_6.9944_-6.9944_0.9992
2,163674,2.9976_15.9873_6.9944_-6.9944_0.9992,163244,1.9984_15.9870_6.9943_-6.9943_-0.9992
2,163244,1.9984_15.9870_6.9943_-6.9943_-0.9992,159691,1.9981_15.9850_4.9953_-5.9944_0.0000
2,159691,1.9981_15.9850_4.9953_-5.9944_0.0000,158133,0.0000_14.9850_3.9960_-7.9920_0.9990
2,158133,0.0000_14.9850_3.9960_-7.9920_0.9990,156588,0.9989_14.9841_3.9958_-6.9926_0.9989
2,156588,0.9989_14.9841_3.9958_-6.9926_0.9989,124508,2.9913_6.9796_2.9913_3.9884_5.9826
2,124508,2.9913_6.9796_2.9913_3.9884_5.9826,122273,1.9938_7.9753_1.9938_1.9938_5.9815
2,122273,1.9938_7.9753_1.9938_1.9938_5.9815,110431,0.9958_5.9748_1.9916_1.9916_5.9748
2,110431,0.9958_5.9748_1.9916_1.9916_5.9748,100355,-0.0000_0.0000_2.9839_3.9785_5.9676
2,100355,-0.0000_0.0000_2.9839_3.9785_5.9676,59783,0.9851_0.9851_2.9548_0.9851_1.9701
2,59783,0.9851_0.9851_2.9548_0.9851_1.9701,32228,0.0000_0.9639_0.9639_-0.9639_-0.9639
2,32228,0.0000_0.9639_0.9639_-0.9639_-0.9639,0,-0.0000_-0.0000_0.0000_0.0000_0.0000
2,0,-0.0000_-0.0000_0.0000_0.0000_0.0000,0,0.0000_-0.0000_0.0000_0.0000_-0.0000
2,0,0.0000_-0.0000_0.0000_0.0000_-0.0000,0,-0.0000_-0.0000_0.0000_0.0000_0.0000
2,0,-0.0000_-0.0000_0.0000_0.0000_0.0000,0,-0.0000_-0.0000_-0.0000_-0.0000_0.0000
2,0,-0.0000_-0.0000_-0.0000_-0.0000_0.0000,0,0.0000_0.0000_0.0000_-0.0000_0.0000
2,0,0.0000_0.0000_0.0000_-0.0000_0.0000,0,-0.0000_-0.0000_0.0000_0.0000_-0.0000
2,0,-0.0000_-0.0000_0.0000_0.0000_-0.0000,0,0.0000_-0.0000_0.0000_-0.0000_0.0000
2,0,0.0000_-0.0000_0.0000_-0.0000_0.0000,0,0.0000_0.0000_-0.0000_-0.0000_0.0000
2,0,0.0000_0.0000_-0.0000_-0.0000_0.0000,0,0.0000_0.0000_0.0000_0.0000_-0.0000
3,195282,24.9988_14.9993_27.9987_-10.9995_0.0000,194994,23.9988_13.9993_27.9986_-11.9994_-0.0000
3,194994,23.9988_13.9993_27.9986_-11.9994_-0.0000,194811,24.9987_12.9993_26.9986_-11.9994_-0.0000
3,194811,24.9987_12.9993_26.9986_-11.9994_-0.0000,194349,24.9985_11.9993_25.9985_-11.9993_0.9999
3,194349,24.9985_11.9993_25.9985_-11.9993_0.9999,194194,24.9985_10.9993_25.9984_-11.9993_0.0000
3,194194,24.9985_10.9993_25.9984_-11.9993_0.0000,193739,23.9984_9.9993_25.9982_-11.9992_1.9999
3,193739,23.9984_9.9993_25.9982_-11.9992_1.9999,193717,23.9984_9.9993_25.9982_-11.9992_0.9999
3,193717,23.9984_9.9993_25.9982_-11.9992_0.9999,193710,23.9984_9.9993_25.9982_-11.9992_-0.0000
3,193710,23.9984_9.9993_25.9982_-11.9992_-0.0000,193026,22.9982_8.9993_25.9980_-10.9992_0.9999
3,193026,22.9982_8.9993_25.9980_-10.9992_0.9999,192629,21.9982_8.9993_25.9978_-10.9991_0.0000
3,192629,21.9982_8.9993_25.9978_-10.9991_0.0000,191877,21.9979_6.9993_24.9976_-10.9990_-1.9998
3,191877,21.9979_6.9993_24.9976_-10.9990_-1.9998,189490,17.9976_-5.9992_14.9980_-21.9971_-3.9995
3,189490,17.9976_-5.9992_14.9980_-21.9971_-3.9995,189170,16.9976_-6.9990_14.9979_-21.9970_-3.9994
3,189170,16.9976_-6.9990_14.9979_-21.9970_-3.9994,189140,15.9978_-6.9990_15.9978_-21.9969_-3.9994
3,189140,15.9978_-6.9990_15.9978_-21.9969_-3.9994,125426,0.9972_3.9887_9.9716_1.9943_0.9972
3,125426,0.9972_3.9887_9.9716_1.9943_0.9972,109529,3.9829_2.9872_6.9699_-0.9957_1.9915
3,109529,3.9829_2.9872_6.9699_-0.9957_1.9915,68200,0.0000_-1.9761_0.9881_3.9517_0.9881
3,68200,0.0000_-1.9761_0.9881_3.9517_0.9881,48838,-0.0000_-2.9374_0.0000_0.0000_-0.9796
3,48838,-0.0000_-2.9374_0.0000_0.0000_-0.9796,35745,-0.9685_-0.9685_0.9685_-0.9685_-0.9685
3,35745,-0.9685_-0.9685_0.9685_-0.9685_-0.9685,32228,-0.9639_-0.9639_0.9639_-0.0000_-0.9639
3,32228,-0.9639_-0.9639_0.9639_-0.0000_-0.9639,23168,-0.9454_-0.0000_-0.0000_0.9454_0.0000
3,23168,-0.9454_-0.0000_-0.0000_0.9454_0.0000,0,-0.0000_0.0000_-0.0000_0.0000_0.0000
3,0,-0.0000_0.0000_-0.0000_0.0000_0.0000,0,-0.0000_0.0000_-0.0000_0.0000_0.0000
3,0,-0.0000_0.0000_-0.0000_0.0000_0.0000,0,0.0000_-0.0000_-0.0000_-0.0000_0.0000
3,0,0.0000_-0.0000_-0.0000_-0.0000_0.0000,0,0.0000_-0.0000_0.0000_0.0000_0.0000
3,0,0.0000_-0.0000_0.0000_0.0000_0.0000,0,-0.0000_-0.0000_-0.0000_-0.0000_-0.0000
3,0,-0.0000_-0.0000_-0.0000_-0.0000_-0.0000,0,0.0000_0.0000_0.0000_0.0000_-0.0000
3,0,0.0000_0.0000_0.0000_0.0000_-0.0000,0,0.0000_-0.0000_-0.0000_0.0000_0.0000
3,0,0.0000_-0.0000_-0.0000_0.0000_0.0000,0,0.0000_0.0000_-0.0000_0.0000_-0.0000
4,191618,23.9976_1.9998_13.9986_-18.9981_10.9989,190492,24.9971_2.9997_10.9988_-17.9979_8.9990
4,190492,24.9971_2.9997_10.9988_-17.9979_8.9990,189852,24.9968_3.9995_9.9987_-16.9979_8.9989
4,189852,24.9968_3.9995_9.9987_-16.9979_8.9989,189490,24.9967_2.9996_8.9988_-16.9977_8.9988
4,189490,24.9967_2.9996_8.9988_-16.9977_8.9988,189418,24.9966_1.9997_8.9988_-16.9977_8.9988
4,189418,24.9966_1.9997_8.9988_-16.9977_8.9988,189375,24.9966_0.9999_8.9988_-16.9977_8.9988
4,189375,24.9966_0.9999_8.9988_-16.9977_8.9988,176262,10.9954_-2.9988_-6.9971_-16.9929_-9.9958
4,176262,10.9954_-2.9988_-6.9971_-16.9929_-9.9958,174819,7.9964_-1.9991_-8.9959_-17.9918_-7.9964
4,174819,7.9964_-1.9991_-8.9959_-17.9918_-7.9964,172480,6.9964_-2.9984_-7.9959_-16.9912_-8.9953
4,172480,6.9964_-2.9984_-7.9959_-16.9912_-8.9953,167855,6.9954_-3.9974_-7.9948_-14.9902_-7.9948
4,167855,6.9954_-3.9974_-7.9948_-14.9902_-7.9948,167429,6.9953_-2.9980_-6.9953_-15.9893_-6.9953
4,167429,6.9953_-2.9980_-6.9953_-15.9893_-6.9953,165158,4.9963_-3.9970_-6.9948_-15.9881_-5.9955
4,165158,4.9963_-3.9970_-6.9948_-15.9881_-5.9955,161440,4.9956_-1.9983_-6.9939_-14.9869_-5.9948
4,161440,4.9956_-1.9983_-6.9939_-14.9869_-5.9948,158453,5.9941_-1.9980_-5.9940_-12.9871_-7.9921
4,158453,5.9941_-1.9980_-5.9940_-12.9871_-7.9921,72943,-1.9789_1.9789_2.9682_-2.9682_0.0000
4,72943,-1.9789_1.9789_2.9682_-2.9682_0.0000,0,0.0000_-0.0000_-0.0000_0.0000_-0.0000
4,0,0.0000_-0.0000_-0.0000_0.0000_-0.0000,0,-0.0000_0.0000_-0.0000_-0.0000_0.0000
4,0,-0.0000_0.0000_-0.0000_-0.0000_0.0000,0,0.0000_-0.0000_0.0000_-0.0000_0.0000
4,0,0.0000_-0.0000_0.0000_-0.0000_0.0000,0,-0.0000_-0.0000_0.0000_-0.0000_0.0000
4,0,-0.0000_-0.0000_0.0000_-0.0000_0.0000,0,0.0000_0.0000_0.0000_0.0000_0.0000
5,157262,-0.9989_-16.9824_-1.9980_1.9980_0.0001,154211,-1.9977_-15.9814_-1.9977_1.9977_-1.9977
5,154211,-1.9977_-15.9814_-1.9977_1.9977_-1.9977,141456,-0.0000_-11.9786_-3.9929_1.9964_4.9911
5,141456,-0.0000_-11.9786_-3.9929_1.9964_4.9911,140489,-1.9963_-10.9798_-4.9908_2.9945_4.9908
5,140489,-1.9963_-10.9798_-4.9908_2.9945_4.9908,137402,-0.9980_-9.9798_-5.9879_3.9919_3.9919
5,137402,-0.9980_-9.9798_-5.9879_3.9919_3.9919,134004,-1.9955_-9.9777_-4.9889_4.9889_0.0000
5,134004,-1.9955_-9.9777_-4.9889_4.9889_0.0000,129433,-1.9949_-8.9771_-4.9873_4.9873_-0.9975
5,129433,-1.9949_-8.9771_-4.9873_4.9873_-0.9975,88514,0.9928_-2.9785_1.9856_1.9857_-4.9639
5,88514,0.9928_-2.9785_1.9856_1.9857_-4.9639,75116,-0.9900_-0.9900_2.9699_0.9900_-3.9597
5,75116,-0.9900_-0.9900_2.9699_0.9900_-3.9597,59783,-0.9851_0.9851_2.9548_0.9851_-1.9701
5,59783,-0.9851_0.9851_2.9548_0.9851_-1.9701,58176,-0.9844_0.9844_2.9527_-0.0000_-1.9687
5,58176,-0.9844_0.9844_2.9527_-0.0000_-1.9687,0,0.0000_-0.0000_-0.0000_-0.0000_-0.0000
5,0,0.0000_-0.0000_-0.0000_-0.0000_-0.0000,0,0.0000_-0.0000_0.0000_-0.0000_-0.0000
5,0,0.0000_-0.0000_0.0000_-0.0000_-0.0000,0,-0.0000_0.0000_-0.0000_-0.0000_-0.0000
5,0,-0.0000_0.0000_-0.0000_-0.0000_-0.0000,0,-0.0000_0.0000_0.0000_0.0000_-0.0000
5,0,-0.0000_0.0000_0.0000_0.0000_-0.0000,0,0.0000_-0.0000_0.0000_0.0000_-0.0000
5,0,0.0000_-0.0000_0.0000_0.0000_-0.0000,0,0.0000_-0.0000_-0.0000_0.0000_0.0000
5,0,0.0000_-0.0000_-0.0000_0.0000_0.0000,0,-0.0000_-0.0000_0.0000_-0.0000_0.0000
5,0,-0.0000_-0.0000_0.0000_-0.0000_0.0000,0,0.0000_0.0000_-0.0000_0.0000_0.0000
5,0,0.0000_0.0000_-0.0000_0.0000_0.0000,0,0.0000_0.0000_0.0000_-0.0000_0.0000
6,194929,-3.9998_-3.9998_27.9986_-25.9987_-13.9993,192874,-3.9997_-4.9996_25.9979_-22.9981_-11.9991
6,192874,-3.9997_-4.9996_25.9979_-22.9981_-11.9991,192770,-3.9997_-5.9995_25.9979_-22.9981_-10.9991
6,192770,-3.9997_-5.9995_25.9979_-22.9981_-10.9991,192584,-3.9997_-5.9995_25.9978_-22.9981_-9.9992
6,192584,-3.9997_-5.9995_25.9978_-22.9981_-9.9992,192420,-2.9997_-4.9996_25.9978_-22.9980_-9.9991
6,192420,-2.9997_-4.9996_25.9978_-22.9980_-9.9991,192251,-1.9998_-5.9995_25.9977_-21.9981_-10.9990
6,192251,-1.9998_-5.9995_25.9977_-21.9981_-10.9990,192241,-1.9998_-4.9996_26.9976_-20.9981_-10.9990
6,192241,-1.9998_-4.9996_26.9976_-20.9981_-10.9990,191618,-3.9996_-5.9994_25.9974_-18.9981_-12.9987
6,191618,-3.9996_-5.9994_25.9974_-18.9981_-12.9987,190378,-2.9997_-5.9993_24.9970_-15.9981_-14.9982
6,190378,-2.9997_-5.9993_24.9970_-15.9981_-14.9982,188974,-1.9997_-5.9991_22.9967_-14.9979_-15.9978
6,188974,-1.9997_-5.9991_22.9967_-14.9979_-15.9978,188537,-0.9998_-4.9992_21.9967_-15.9976_-15.9976
6,188537,-0.9998_-4.9992_21.9967_-15.9976_-15.9976,188024,-3.9994_-6.9989_20.9967_-13.9978_-16.9973
6,188024,-3.9994_-6.9989_20.9967_-13.9978_-16.9973,187426,-2.9995_-6.9988_20.9964_-12.9978_-16.9971
6,187426,-2.9995_-6.9988_20.9964_-12.9978_-16.9971,183624,-1.9995_-6.9983_18.9954_-11.9971_-14.9963
6,183624,-1.9995_-6.9983_18.9954_-11.9971_-14.9963,183359,-2.9993_2.9993_10.9973_-2.9992_-24.9938
6,183359,-2.9993_2.9993_10.9973_-2.9992_-24.9938,178806,4.9982_13.9951_11.9958_-2.9989_-15.9944
6,178806,4.9982_13.9951_11.9958_-2.9989_-15.9944,177297,2.9988_12.9949_9.9961_-4.9981_-16.9934
6,177297,2.9988_12.9949_9.9961_-4.9981_-16.9934,177297,2.9988_12.9949_9.9961_-4.9981_-16.9934
6,177297,2.9988_12.9949_9.9961_-4.9981_-16.9934,175625,1.9991_12.9944_9.9958_-4.9977_-15.9931
6,175625,1.9991_12.9944_9.9958_-4.9977_-15.9931,170675,2.9983_8.9949_8.9949_-0.9994_-16.9903
6,170675,2.9983_8.9949_8.9949_-0.9994_-16.9903,168817,1.9987_6.9956_8.9944_-2.9981_-16.9893
6,168817,1.9987_6.9956_8.9944_-2.9981_-16.9893,167714,0.9993_5.9960_8.9941_-2.9980_-16.9888
6,167714,0.9993_5.9960_8.9941_-2.9980_-16.9888,162087,0.0000_3.9966_6.9940_-4.9957_-15.9864
6,162087,0.0000_3.9966_6.9940_-4.9957_-15.9864,154704,-3.9954_2.9966_4.9943_-0.9989_-14.9829
6,154704,-3.9954_2.9966_4.9943_-0.9989_-14.9829,145396,-0.9984_3.9937_3.9937_-2.9953_-12.9795
6,145396,-0.9984_3.9937_3.9937_-2.9953_-12.9795,143128,0.0000_4.9915_4.9915_-1.9966_-11.9796
6,143128,0.0000_4.9915_4.9915_-1.9966_-11.9796,16462,-0.0000_-0.9175_0.0000_0.0000_0.0000
6,16462,-0.0000_-0.9175_0.0000_0.0000_0.0000,0,0.0000_-0.0000_0.0000_-0.0000_0.0000
6,0,0.0000_-0.0000_0.0000_-0.0000_0.0000,0,0.0000_-0.0000_0.0000_-0.0000_-0.0000
6,0,0.0000_-0.0000_0.0000_-0.0000_-0.0000,0,0.0000_-0.0000_-0.0000_-0.0000_0.0000
6,0,0.0000_-0.0000_-0.0000_-0.0000_0.0000,0,-0.0000_0.0000_0.0000_0.0000_-0.0000
6,0,-0.0000_0.0000_0.0000_0.0000_-0.0000,0,0.0000_-0.0000_-0.0000_0.0000_0.0000
6,0,0.0000_-0.0000_-0.0000_0.0000_0.0000,0,0.0000_-0.0000_-0.0000_0.0000_-0.0000
7,203024,9.9999_-27.9996_31.9996_9.9999_32.7680,202710,10.9998_-25.9996_29.9995_7.9999_32.7680
7,202710,10.9998_-25.9996_29.9995_7.9999_32.7680,198425,11.9998_-27.9997_29.9996_8.9999_31.9996
7,198425,11.9998_-27.9997_29.9996_8.9999_31.9996,198289,11.9998_-26.9996_29.9996_9.9999_30.9996
7,198289,11.9998_-26.9996_29.9996_9.9999_30.9996,198143,1.9998_-15.9987_9.9992_-7.9994_32.7680
7,198143,1.9998_-15.9987_9.9992_-7.9994_32.7680,193555,7.9994_-19.9986_12.9991_-0.9999_28.9980
7,193555,7.9994_-19.9986_12.9991_-0.9999_28.9980,193083,8.9993_-17.9986_12.9990_-0.0000_28.9978
7,193083,8.9993_-17.9986_12.9990_-0.0000_28.9978,190749,2.9997_-20.9976_4.9994_8.9990_24.9972
7,190749,2.9997_-20.9976_4.9994_8.9990_24.9972,182238,-6.9981_-5.9984_13.9962_13.9962_15.9956
7,182238,-6.9981_-5.9984_13.9962_13.9962_15.9956,180779,-4.9985_-5.9982_11.9963_15.9951_14.9954
7,180779,-4.9985_-5.9982_11.9963_15.9951_14.9954,152939,2.9964_-12.9842_-1.9975_3.9951_7.9903
7,152939,2.9964_-12.9842_-1.9975_3.9951_7.9903,152546,0.9988_-13.9827_-2.9963_1.9975_6.9914
7,152546,0.9988_-13.9827_-2.9963_1.9975_6.9914,117366,-3.9860_-3.9860_0.9965_-6.9754_-3.9860
7,117366,-3.9860_-3.9860_0.9965_-6.9754_-3.9860,86162,-2.9772_0.9924_-0.9924_-4.9617_1.9848
7,86162,-2.9772_0.9924_-0.9924_-4.9617_1.9848,0,0.0000_0.0000_0.0000_-0.0000_-0.0000
7,0,0.0000_0.0000_0.0000_-0.0000_-0.0000,0,0.0000_0.0000_0.0000_0.0000_-0.0000
7,0,0.0000_0.0000_0.0000_0.0000_-0.0000,0,0.0000_-0.0000_0.0000_0.0000_-0.0000
7,0,0.0000_-0.0000_0.0000_0.0000_-0.0000,0,0.0000_-0.0000_0.0000_0.0000_-0.0000
7,0,0.0000_-0.0000_0.0000_0.0000_-0.0000,0,-0.0000_0.0000_-0.0000_-0.0000_-0.0000
7,0,-0.0000_0.0000_-0.0000_-0.0000_-0.0000,0,-0.0000_0.0000_0.0000_0.0000_0.0000
7,0,-0.0000_0.0000_0.0000_0.0000_0.0000,0,0.0000_-0.0000_-0.0000_0.0000_0.0000
7,0,0.0000_-0.0000_-0.0000_0.0000_0.0000,0,-0.0000_0.0000_0.0000_0.0000_0.0000
7,0,-0.0000_0.0000_0.0000_0.0000_0.0000,0,-0.0000_-0.0000_-0.0000_0.0000_-0.0000
8,195488,-22.9990_-23.9989_-5.9997_-19.9991_15.9993,194895,-21.9988_-23.9988_-5.9997_-18.9990_14.9992
8,194895,-21.9988_-23.9988_-5.9997_-18.9990_14.9992,194411,-19.9988_-21.9987_-5.9996_-21.9987_13.9992
8,194411,-19.9988_-21.9987_-5.9996_-21.9987_13.9992,193695,-19.9986_-20.9986_-4.9997_-21.9985_11.9992
8,193695,-19.9986_-20.9986_-4.9997_-21.9985_11.9992,193213,-20.9984_-20.9985_-6.9995_-19.9985_9.9992
8,193213,-20.9984_-20.9985_-6.9995_-19.9985_9.9992,192183,-21.9980_-18.9983_-7.9993_-17.9984_8.9992
8,192183,-21.9980_-18.9983_-7.9993_-17.9984_8.9992,191957,-20.9980_-18.9982_-7.9993_-18.9982_7.9993
8,191957,-20.9980_-18.9982_-7.9993_-18.9982_7.9993,189961,-20.9974_-16.9979_-7.9990_-16.9979_5.9993
8,189961,-20.9974_-16.9979_-7.9990_-16.9979_5.9993,188193,-19.9969_-15.9975_-7.9988_-15.9975_4.9992
8,188193,-19.9969_-15.9975_-7.9988_-15.9975_4.9992,171217,-10.9939_1.9989_9.9945_-13.9922_-6.9961
8,171217,-10.9939_1.9989_9.9945_-13.9922_-6.9961,169672,-8.9946_1.9988_9.9940_-13.9916_-7.9952
8,169672,-8.9946_1.9988_9.9940_-13.9916_-7.9952,167284,-7.9945_0.9993_9.9932_-13.9906_-6.9953
8,167284,-7.9945_0.9993_9.9932_-13.9906_-6.9953,110874,-3.9834_-0.0000_4.9793_-3.9834_4.9793
8,110874,-3.9834_-0.0000_4.9793_-3.9834_4.9793,108137,-3.9823_-0.9956_4.9778_-2.9867_4.9778
8,108137,-3.9823_-0.9956_4.9778_-2.9867_4.9778,107182,-3.9818_-1.9909_4.9773_-1.9909_4.9773
8,107182,-3.9818_-1.9909_4.9773_-1.9909_4.9773,100355,-3.9785_-1.9893_3.9785_-2.9839_3.9785
8,100355,-3.9785_-1.9893_3.9785_-2.9839_3.9785,79140,-0.9910_-1.9819_0.9910_-4.9542_0.9910
8,79140,-0.9910_-1.9819_0.9910_-4.9542_0.9910,72941,0.0000_-0.0000_0.0000_-4.9463_-0.9895
8,72941,0.0000_-0.0000_0.0000_-4.9463_-0.9895,56495,-1.9672_-0.9837_0.0000_-2.9504_0.0000
8,56495,-1.9672_-0.9837_0.0000_-2.9504_0.0000,28143,-0.0000_0.9571_0.0000_-0.9571_-0.9571
8,28143,-0.0000_0.9571_0.0000_-0.9571_-0.9571,28143,0.9571_0.9571_0.9571_-0.0000_0.0000
8,28143,0.9571_0.9571_0.9571_-0.0000_0.0000,28143,0.9571_-0.0000_0.9571_-0.0000_-0.9571
8,28143,0.9571_-0.0000_0.9571_-0.0000_-0.9571,28143,-0.0000_-0.9571_0.9571_-0.9571_0.0000
8,28143,-0.0000_-0.9571_0.9571_-0.9571_0.0000,23168,0.9454_0.0000_0.0000_-0.9454_0.0000
8,23168,0.9454_0.0000_0.0000_-0.9454_0.0000,23168,0.0000_0.9454_-0.0000_-0.9454_0.0000
8,23168,0.0000_0.9454_-0.0000_-0.9454_0.0000,23168,-0.0000_0.0000_-0.0000_-0.9454_-0.9454
8,23168,-0.0000_0.0000_-0.0000_-0.9454_-0.9454,0,0.0000_-0.0000_-0.0000_-0.0000_-0.0000
8,0,0.0000_-0.0000_-0.0000_-0.0000_-0.0000,0,0.0000_-0.0000_0.0000_0.0000_0.0000
8,0,0.0000_-0.0000_0.0000_0.0000_0.0000,0,-0.0000_-0.0000_0.0000_-0.0000_-0.0000
9,193797,-0.9999_15.9989_10.9993_-16.9989_-28.9981,193395,0.9999_15.9989_9.9993_-15.9988_-28.9979
9,193395,0.9999_15.9989_9.9993_-15.9988_-28.9979,193050,0.9999_16.9987_8.9993_-15.9988_-27.9978
9,193050,0.9999_16.9987_8.9993_-15.9988_-27.9978,191702,2.9997_15.9985_9.9990_-14.9985_-25.9975
9,191702,2.9997_15.9985_9.9990_-14.9985_-25.9975,191490,4.9995_15.9984_11.9988_-13.9986_-24.9975
9,191490,4.9995_15.9984_11.9988_-13.9986_-24.9975,191237,4.9995_15.9983_10.9989_-13.9985_-24.9974
9,191237,4.9995_15.9983_10.9989_-13.9985_-24.9974,190578,8.9989_15.9982_5.9993_-12.9985_-24.9972
9,190578,8.9989_15.9982_5.9993_-12.9985_-24.9972,189907,7.9990_16.9979_3.9995_-10.9986_-24.9968
9,189907,7.9990_16.9979_3.9995_-10.9986_-24.9968,187956,3.9994_14.9976_0.9998_-12.9979_-23.9962
9,187956,3.9994_14.9976_0.9998_-12.9979_-23.9962,185720,2.9994_15.9968_0.9998_-10.9978_-21.9956
9,185720,2.9994_15.9968_0.9998_-10.9978_-21.9956,180974,2.9991_12.9961_2.9991_-11.9964_-18.9943
9,180974,2.9991_12.9961_2.9991_-11.9964_-18.9943,173971,0.9995_10.9948_2.9986_-9.9952_-16.9919
9,173971,0.9995_10.9948_2.9986_-9.9952_-16.9919,172536,0.0000_10.9943_3.9979_-9.9949_-15.9917
9,172536,0.0000_10.9943_3.9979_-9.9949_-15.9917,170978,1.9989_9.9944_3.9978_-10.9938_-14.9916
9,170978,1.9989_9.9944_3.9978_-10.9938_-14.9916,156815,4.9947_1.9979_0.0000_-15.9831_-2.9969
9,156815,4.9947_1.9979_0.0000_-15.9831_-2.9969,156013,5.9936_3.9957_0.9989_-14.9837_-2.9967
9,156013,5.9936_3.9957_0.9989_-14.9837_-2.9967,155663,4.9945_4.9945_0.0000_-14.9835_-2.9967
9,155663,4.9945_4.9945_0.0000_-14.9835_-2.9967,152281,4.9938_3.9950_-1.9975_-13.9826_-3.9950
9,152281,4.9938_3.9950_-1.9975_-13.9826_-3.9950,147352,4.9926_3.9941_-1.9970_-12.9808_-2.9956
9,147352,4.9926_3.9941_-1.9970_-12.9808_-2.9956,120247,3.9870_-2.9903_3.9870_-3.9870_-6.9772
9,120247,3.9870_-2.9903_3.9870_-3.9870_-6.9772,88514,2.9785_-2.9785_2.9784_0.0000_-3.9712
9,88514,2.9785_-2.9785_2.9784_0.0000_-3.9712,56495,0.9837_-0.0000_0.0000_2.9504_-1.9672
9,56495,0.9837_-0.0000_0.0000_2.9504_-1.9672,28143,0.0000_-0.0000_-0.9571_0.9571_-0.9571
9,28143,0.0000_-0.0000_-0.9571_0.9571_-0.9571,0,0.0000_-0.0000_0.0000_-0.0000_-0.0000
9,0,0.0000_-0.0000_0.0000_-0.0000_-0.0000,0,-0.0000_-0.0000_-0.0000_0.0000_0.0000
9,0,-0.0000_-0.0000_-0.0000_0.0000_0.0000,0,-0.0000_0.0000_0.0000_-0.0000_0.0000
9,0,-0.0000_0.0000_0.0000_-0.0000_0.0000,0,0.0000_0.0000_-0.0000_0.0000_-0.0000
9,0,0.0000_0.0000_-0.0000_0.0000_-0.0000,0,0.0000_-0.0000_-0.0000_0.0000_0.0000
9,0,0.0000_-0.0000_-0.0000_0.0000_0.0000,0,0.0000_-0.0000_0.0000_-0.0000_0.0000
9,0,0.0000_-0.0000_0.0000_-0.0000_0.0000,0,0.0000_-0.0000_0.0000_0.0000_0.0000
10,200651,6.9997_7.9997_27.9988_1.0000_32.7680,195749,5.9997_7.9997_26.9989_1.0000_31.9987
10,195749,5.9997_7.9997_26.9989_1.0000_31.9987,195595,6.9997_8.9996_26.9988_-0.0000_30.9987
10,195595,6.9997_8.9996_26.9988_-0.0000_30.9987,180909,2.9991_0.0000_15.9952_4.9985_19.9939
10,180909,2.9991_0.0000_15.9952_4.9985_19.9939,178844,2.9990_-0.0000_14.9947_5.9979_18.9933
10,178844,2.9990_-0.0000_14.9947_5.9979_18.9933,178267,2.9989_0.9996_13.9949_6.9974_18.9931
10,178267,2.9989_0.9996_13.9949_6.9974_18.9931,175486,2.9987_0.0000_12.9943_6.9969_17.9922
10,175486,2.9987_0.0000_12.9943_6.9969_17.9922,149039,8.9874_-3.9945_7.9889_7.9889_2.9958
10,149039,8.9874_-3.9945_7.9889_7.9889_2.9958,146390,7.9878_-3.9939_7.9878_7.9878_2.9954
10,146390,7.9878_-3.9939_7.9878_7.9878_2.9954,144715,6.9888_-2.9952_7.9871_8.9855_1.9968
10,144715,6.9888_-2.9952_7.9871_8.9855_1.9968,109071,4.9783_-1.9914_-1.9913_2.9870_5.9740
10,109071,4.9783_-1.9914_-1.9913_2.9870_5.9740,107662,4.9775_-1.9910_-0.9955_2.9866_5.9730
10,107662,4.9775_-1.9910_-0.9955_2.9866_5.9730,97392,0.9942_-0.9942_4.9710_1.9885_4.9710
10,97392,0.9942_-0.9942_4.9710_1.9885_4.9710,50920,-1.9614_1.9614_0.9809_0.9809_0.9809
10,50920,-1.9614_1.9614_0.9809_0.9809_0.9809,38858,-0.9718_-0.0000_0.9718_1.9427_0.0000
10,38858,-0.9718_-0.0000_0.9718_1.9427_0.0000,28143,0.0000_0.9571_0.0000_0.9571_-0.9571
10,28143,0.0000_0.9571_0.0000_0.9571_-0.9571,0,0.0000_0.0000_-0.0000_-0.0000_0.0000
10,0,0.0000_0.0000_-0.0000_-0.0000_0.0000,0,-0.0000_0.0000_-0.0000_0.0000_0.0000
10,0,-0.0000_0.0000_-0.0000_0.0000_0.0000,0,-0.0000_0.0000_0.0000_0.0000_-0.0000
10,0,-0.0000_0.0000_0.0000_0.0000_-0.0000,0,-0.0000_-0.0000_0.0000_0.0000_-0.0000
10,0,-0.0000_-0.0000_0.0000_0.0000_-0.0000,0,0.0000_-0.0000_-0.0000_-0.0000_-0.0000
10,0,0.0000_-0.0000_-0.0000_-0.0000_-0.0000,0,0.0000_-0.0000_-0.0000_0.0000_-0.0000
10,0,0.0000_-0.0000_-0.0000_0.0000_-0.0000,0,-0.0000_-0.0000_0.0000_-0.0000_-0.0000
10,0,-0.0000_-0.0000_0.0000_-0.0000_-0.0000,0,-0.0000_0.0000_0.0000_-0.0000_0.0000
10,0,-0.0000_0.0000_0.0000_-0.0000_0.0000,0,0.0000_-0.0000_0.0000_-0.0000_-0.0000
11,188293,-6.9989_12.9980_-15.9975_21.9966_6.9989,188075,-5.9991_12.9979_-15.9975_21.9965_6.9989
11,188075,-5.9991_12.9979_-15.9975_21.9965_6.9989,187131,-5.9989_11.9979_-15.9972_20.9963_7.9986
11,187131,-5.9989_11.9979_-15.9972_20.9963_7.9986,181911,-3.9989_9.9972_-13.9961_18.9947_6.9980
11,181911,-3.9989_9.9972_-13.9961_18.9947_6.9980,178539,-2.9989_9.9964_-11.9957_16.9939_8.9968
11,178539,-2.9989_9.9964_-11.9957_16.9939_8.9968,175718,-0.9996_8.9962_-10.9953_16.9927_7.9966
11,175718,-0.9996_8.9962_-10.9953_16.9927_7.9966,170552,-1.9989_6.9960_-8.9948_14.9914_9.9943
11,170552,-1.9989_6.9960_-8.9948_14.9914_9.9943,166549,-1.9986_5.9958_-7.9944_13.9902_9.9930
11,166549,-1.9986_5.9958_-7.9944_13.9902_9.9930,137831,5.9881_-0.9980_10.9780_-2.9940_-1.9960
11,137831,5.9881_-0.9980_10.9780_-2.9940_-1.9960,105200,1.9905_-3.9809_6.9664_0.9952_-0.0000
11,105200,1.9905_-3.9809_6.9664_0.9952_-0.0000,103118,0.9950_-5.9697_4.9749_-0.0000_-1.9900
11,103118,0.9950_-5.9697_4.9749_-0.0000_-1.9900,74045,-1.9794_-2.9691_0.9897_-1.9795_2.9691
11,74045,-1.9794_-2.9691_0.9897_-1.9795_2.9691,48841,-0.9796_-1.9589_1.9589_-0.0000_0.9796
11,48841,-0.9796_-1.9589_1.9589_-0.0000_0.9796,16462,-0.0000_-0.0000_-0.0000_-0.0000_-0.9175
11,16462,-0.0000_-0.0000_-0.0000_-0.0000_-0.9175,0,-0.0000_0.0000_-0.0000_0.0000_-0.0000
11,0,-0.0000_0.0000_-0.0000_0.0000_-0.0000,0,0.0000_-0.0000_-0.0000_-0.0000_0.0000
11,0,0.0000_-0.0000_-0.0000_-0.0000_0.0000,0,-0.0000_-0.0000_0.0000_0.0000_0.0000
11,0,-0.0000_-0.0000_0.0000_0.0000_0.0000,0,-0.0000_0.0000_-0.0000_0.0000_0.0000
12,194161,-25.9984_24.9985_-7.9995_0.0000_-13.9991,193615,-24.9983_24.9983_-7.9994_0.0000_-12.9991
12,193615,-24.9983_24.9983_-7.9994_0.0000_-12.9991,193510,-24.9982_24.9982_-6.9995_-0.9999_-12.9991
12,193510,-24.9982_24.9982_-6.9995_-0.9999_-12.9991,193340,-23.9983_24.9982_-6.9995_-0.9999_-13.9990
12,193340,-23.9983_24.9982_-6.9995_-0.9999_-13.9990,190974,-24.9973_20.9977_-1.9998_-2.9997_-10.9988
12,190974,-24.9973_20.9977_-1.9998_-2.9997_-10.9988,189893,-25.9967_16.9979_1.9997_0.9999_-11.9985
12,189893,-25.9967_16.9979_1.9997_0.9999_-11.9985,188898,-24.9964_16.9976_2.9996_0.9999_-10.9984
12,188898,-24.9964_16.9976_2.9996_0.9999_-10.9984,188882,-24.9964_16.9976_2.9996_-0.0000_-10.9984
12,188882,-24.9964_16.9976_2.9996_-0.0000_-10.9984,188743,-24.9964_15.9977_2.9996_0.9999_-11.9982
12,188743,-24.9964_15.9977_2.9996_0.9999_-11.9982,187150,-26.9953_11.9979_0.9998_-1.9996_-7.9986
12,187150,-26.9953_11.9979_0.9998_-1.9996_-7.9986,182556,-23.9936_7.9978_-5.9983_-7.9979_-1.9994
12,182556,-23.9936_7.9978_-5.9983_-7.9979_-1.9994,178346,-21.9920_5.9978_-6.9975_-6.9975_-0.0000
12,178346,-21.9920_5.9978_-6.9975_-6.9975_-0.0000,175579,-19.9913_6.9970_-7.9965_-5.9974_1.9991
12,175579,-19.9913_6.9970_-7.9965_-5.9974_1.9991,173920,-19.9904_4.9976_-8.9957_-2.9986_1.9990
12,173920,-19.9904_4.9976_-8.9957_-2.9986_1.9990,173506,-20.9897_3.9980_-6.9966_-1.9990_0.9995
12,173506,-20.9897_3.9980_-6.9966_-1.9990_0.9995,171038,-19.9888_3.9978_-6.9961_-0.9994_0.9994
12,171038,-19.9888_3.9978_-6.9961_-0.9994_0.9994,154704,-11.9863_0.0000_-7.9909_-1.9977_7.9909
12,154704,-11.9863_0.0000_-7.9909_-1.9977_7.9909,152546,-10.9864_-0.9988_-7.9901_-2.9963_7.9901
12,152546,-10.9864_-0.9988_-7.9901_-2.9963_7.9901,94200,2.9812_-4.9686_1.9875_1.9875_2.9813
12,94200,2.9812_-4.9686_1.9875_1.9875_2.9813,38858,0.0000_-1.9427_0.9718_-0.0000_-0.9718
12,38858,0.0000_-1.9427_0.9718_-0.0000_-0.9718,32220,-0.0000_0.0000_-0.0000_0.0000_-1.9256
12,32220,-0.0000_0.0000_-0.0000_0.0000_-1.9256,28143,-0.9571_-0.0000_0.9571_0.0000_-0.9571
12,28143,-0.9571_-0.0000_0.9571_0.0000_-0.9571,23168,-0.9454_-0.0000_0.0000_-0.9454_-0.0000
12,23168,-0.9454_-0.0000_0.0000_-0.9454_-0.0000,23168,0.0000_-0.9454_0.9454_0.0000_0.0000
12,23168,0.0000_-0.9454_0.9454_0.0000_0.0000,0,-0.0000_-0.0000_-0.0000_-0.0000_0.0000
12,0,-0.0000_-0.0000_-0.0000_-0.0000_0.0000,0,-0.0000_0.0000_-0.0000_-0.0000_-0.0000
12,0,-0.0000_0.0000_-0.0000_-0.0000_-0.0000,0,0.0000_-0.0000_-0.0000_0.0000_0.0000
12,0,0.0000_-0.0000_-0.0000_0.0000_0.0000,0,-0.0000_-0.0000_-0.0000_0.0000_-0.0000
12,0,-0.0000_-0.0000_-0.0000_0.0000_-0.0000,0,0.0000_0.0000_0.0000_0.0000_-0.0000
12,0,0.0000_0.0000_0.0000_0.0000_-0.0000,0,0.0000_-0.0000_-0.0000_-0.0000_-0.0000
12,0,0.0000_-0.0000_-0.0000_-0.0000_-0.0000,0,0.0000_0.0000_0.0000_0.0000_0.0000
13,189743,22.9970_6.9991_-9.9987_-4.9994_19.9974,188407,22.9965_8.9986_-11.9982_-1.9997_15.9976
13,188407,22.9965_8.9986_-11.9982_-1.9997_15.9976,187677,22.9962_7.9987_-11.9980_-2.9995_14.9975
13,187677,22.9962_7.9987_-11.9980_-2.9995_14.9975,187150,22.9960_7.9986_-11.9979_-2.9995_13.9976
13,187150,22.9960_7.9986_-11.9979_-2.9995_13.9976,186960,22.9959_8.9984_-11.9979_-2.9995_12.9977
13,186960,22.9959_8.9984_-11.9979_-2.9995_12.9977,185367,20.9956_9.9979_-11.9975_-0.9998_12.9973
13,185367,20.9956_9.9979_-11.9975_-0.9998_12.9973,183728,20.9949_8.9978_-10.9973_0.0000_11.9971
13,183728,20.9949_8.9978_-10.9973_0.0000_11.9971,182001,19.9944_10.9969_-9.9972_1.9994_9.9972
13,182001,19.9944_10.9969_-9.9972_1.9994_9.9972,180909,17.9945_9.9970_-11.9964_0.9997_10.9967
13,180909,17.9945_9.9970_-11.9964_0.9997_10.9967,158240,16.9830_0.9990_-0.9990_0.0000_3.9960
13,158240,16.9830_0.9990_-0.9990_0.0000_3.9960,153455,15.9809_0.9988_-0.9988_-1.9976_1.9976
13,153455,15.9809_0.9988_-0.9988_-1.9976_1.9976,127197,9.9729_2.9919_-0.9973_2.9919_2.9919
13,127197,9.9729_2.9919_-0.9973_2.9919_2.9919,126908,9.9727_2.9918_-0.0000_2.9918_2.9918
13,126908,9.9727_2.9918_-0.0000_2.9918_2.9918,115055,6.9739_0.9963_-0.9963_3.9851_4.9814
13,115055,6.9739_0.9963_-0.9963_3.9851_4.9814,87744,5.9556_-0.0000_0.9927_0.9927_1.9854
13,87744,5.9556_-0.0000_0.9927_0.9927_1.9854,54734,1.9655_-0.9829_-1.9655_0.0000_1.9655
13,54734,1.9655_-0.9829_-1.9655_0.0000_1.9655,0,0.0000_0.0000_0.0000_-0.0000_0.0000
13,0,0.0000_0.0000_0.0000_-0.0000_0.0000,0,0.0000_0.0000_0.0000_-0.0000_0.0000
13,0,0.0000_0.0000_0.0000_-0.0000_0.0000,0,0.0000_0.0000_0.0000_0.0000_-0.0000
13,0,0.0000_0.0000_0.0000_0.0000_-0.0000,0,0.0000_0.0000_-0.0000_-0.0000_0.0000
13,0,0.0000_0.0000_-0.0000_-0.0000_0.0000,0,-0.0000_-0.0000_-0.0000_-0.0000_-0.0000
13,0,-0.0000_-0.0000_-0.0000_-0.0000_-0.0000,0,-0.0000_0.0000_-0.0000_0.0000_0.0000
13,0,-0.0000_0.0000_-0.0000_0.0000_0.0000,0,-0.0000_-0.0000_0.0000_-0.0000_0.0000
13,0,-0.0000_-0.0000_0.0000_-0.0000_0.0000,0,-0.0000_-0.0000_0.0000_-0.0000_-0.0000
13,0,-0.0000_-0.0000_0.0000_-0.0000_-0.0000,0,0.0000_-0.0000_0.0000_0.0000_-0.0000
14,193285,14.9989_0.9999_22.9983_-18.9986_17.9987,193277,12.9991_-0.9999_22.9983_-21.9983_15.9989
14,193277,12.9991_-0.9999_22.9983_-21.9983_15.9989,193277,12.9990_-0.9999_22.9983_-21.9984_15.9988
14,193277,12.9990_-0.9999_22.9983_-21.9984_15.9988,187589,6.9988_-2.9995_17.9970_-21.9964_9.9983
14,187589,6.9988_-2.9995_17.9970_-21.9964_9.9983,120246,-7.9739_-1.9935_4.9837_1.9935_2.9903
14,120246,-7.9739_-1.9935_4.9837_1.9935_2.9903,115840,-7.9707_-1.9927_3.9854_0.9964_2.9891
14,115840,-7.9707_-1.9927_3.9854_0.9964_2.9891,107182,-3.9818_-5.9727_-2.9864_2.9864_1.9909
14,107182,-3.9818_-5.9727_-2.9864_2.9864_1.9909,105705,-3.9812_-5.9716_-2.9859_2.9859_0.9953
14,105705,-3.9812_-5.9716_-2.9859_2.9859_0.9953,90739,-3.9727_-4.9658_-0.9932_1.9864_-0.0000
14,90739,-3.9727_-4.9658_-0.9932_1.9864_-0.0000,85348,-2.9767_-3.9688_-0.9923_2.9767_1.9845
14,85348,-2.9767_-3.9688_-0.9923_2.9767_1.9845,84517,-3.9682_-3.9682_0.9921_0.9921_1.9842
14,84517,-3.9682_-3.9682_0.9921_0.9921_1.9842,50917,-2.9414_-0.9808_-0.0000_-0.0000_0.9808
14,50917,-2.9414_-0.9808_-0.0000_-0.0000_0.9808,38858,-1.9427_0.0000_-0.9718_0.9718_0.0000
14,38858,-1.9427_0.0000_-0.9718_0.9718_0.0000,16462,-0.0000_-0.0000_0.0000_-0.0000_-0.9175
14,16462,-0.0000_-0.0000_0.0000_-0.0000_-0.9175,0,-0.0000_0.0000_-0.0000_0.0000_-0.0000
14,0,-0.0000_0.0000_-0.0000_0.0000_-0.0000,0,-0.0000_-0.0000_0.0000_0.0000_-0.0000
14,0,-0.0000_-0.0000_0.0000_0.0000_-0.0000,0,-0.0000_-0.0000_0.0000_0.0000_-0.0000
14,0,-0.0000_-0.0000_0.0000_0.0000_-0.0000,0,0.0000_0.0000_0.0000_0.0000_0.0000
14,0,0.0000_0.0000_0.0000_0.0000_0.0000,0,0.0000_-0.0000_0.0000_0.0000_-0.0000
15,189461,0.9999_2.9996_5.9992_28.9961_13.9981,178919,-6.9976_7.9972_-5.9979_21.9923_-0.0000
15,178919,-6.9976_7.9972_-5.9979_21.9923_-0.0000,177749,-7.9970_6.9974_-6.9974_20.9921_0.0000
15,177749,-7.9970_6.9974_-6.9974_20.9921_0.0000,177380,-8.9965_6.9973_-7.9969_19.9923_-0.0000
15,177380,-8.9965_6.9973_-7.9969_19.9923_-0.0000,175251,-8.9960_5.9973_-7.9965_18.9916_-1.9991
15,175251,-8.9960_5.9973_-7.9965_18.9916_-1.9991,174524,-8.9958_5.9972_-6.9968_18.9912_-1.9991
15,174524,-8.9958_5.9972_-6.9968_18.9912_-1.9991,173920,-7.9962_5.9971_-6.9967_18.9909_-2.9986
15,173920,-7.9962_5.9971_-6.9967_18.9909_-2.9986,173506,-6.9965_5.9971_-6.9966_18.9907_-3.9980
15,173506,-6.9965_5.9971_-6.9966_18.9907_-3.9980,169018,-0.9994_5.9963_0.9994_18.9882_-5.9963
15,169018,-0.9994_5.9963_0.9994_18.9882_-5.9963,164510,1.9985_2.9977_-0.9992_17.9862_-5.9954
15,164510,1.9985_2.9977_-0.9992_17.9862_-5.9954,150208,0.9987_-0.0000_0.0000_14.9799_-3.9947
15,150208,0.9987_-0.0000_0.0000_14.9799_-3.9947,137186,-6.9858_0.9980_2.9939_9.9797_-2.9939
15,137186,-6.9858_0.9980_2.9939_9.9797_-2.9939,114254,-2.9886_-0.0000_3.9848_6.9733_-3.9848
15,114254,-2.9886_-0.0000_3.9848_6.9733_-3.9848,76161,0.0000_-0.0000_-3.9607_2.9707_-1.9805
15,76161,0.0000_-0.0000_-3.9607_2.9707_-1.9805,54732,1.9655_-0.0000_0.0000_2.9478_-0.0000
15,54732,1.9655_-0.0000_0.0000_2.9478_-0.0000,32228,0.9639_-0.9639_0.9639_-0.9639_0.0000
15,32228,0.9639_-0.9639_0.9639_-0.9639_0.0000,32228,-0.0000_-0.9639_0.9639_-0.9639_-0.9639
15,32228,-0.0000_-0.9639_0.9639_-0.9639_-0.9639,23168,-0.0000_-0.9454_0.9454_0.0000_0.0000
15,23168,-0.0000_-0.9454_0.9454_0.0000_0.0000,0,-0.0000_0.0000_-0.0000_0.0000_-0.0000
15,0,-0.0000_0.0000_-0.0000_0.0000_-0.0000,0,-0.0000_0.0000_-0.0000_0.0000_0.0000
16,202541,-13.9997_25.9995_32.7680_-26.9996_-6.9999,198065,-13.9998_25.9996_31.9995_-26.9996_-7.9999
16,198065,-13.9998_25.9996_31.9995_-26.9996_-7.9999,197776,-12.9998_24.9995_31.9994_-25.9995_-5.9999
16,197776,-12.9998_24.9995_31.9994_-25.9995_-5.9999,197754,-12.9998_24.9995_31.9994_-25.9995_-4.9999
16,197754,-12.9998_24.9995_31.9994_-25.9995_-4.9999,197558,-11.9998_23.9995_30.9994_-26.9994_-3.9999
16,197558,-11.9998_23.9995_30.9994_-26.9994_-3.9999,197343,-11.9997_21.9995_30.9993_-26.9994_-3.9999
16,197343,-11.9997_21.9995_30.9993_-26.9994_-3.9999,197006,-11.9997_21.9994_28.9992_-26.9993_-2.9999
16,197006,-11.9997_21.9994_28.9992_-26.9993_-2.9999,196875,-11.9997_20.9994_27.9992_-27.9992_-2.9999
16,196875,-11.9997_20.9994_27.9992_-27.9992_-2.9999,196048,-13.9995_18.9993_25.9990_-25.9990_-3.9998
16,196048,-13.9995_18.9993_25.9990_-25.9990_-3.9998,195904,-13.9994_17.9993_24.9990_-26.9989_-3.9998
16,195904,-13.9994_17.9993_24.9990_-26.9989_-3.9998,195866,-13.9995_17.9993_25.9990_-25.9989_-2.9999
16,195866,-13.9995_17.9993_25.9990_-25.9989_-2.9999,195713,-13.9994_16.9993_25.9989_-25.9989_-2.9999
16,195713,-13.9994_16.9993_25.9989_-25.9989_-2.9999,195085,-11.9994_15.9992_25.9987_-24.9988_-3.9998
16,195085,-11.9994_15.9992_25.9987_-24.9988_-3.9998,194559,-9.9994_15.9991_25.9985_-23.9986_-3.9998
16,194559,-9.9994_15.9991_25.9985_-23.9986_-3.9998,194239,-9.9994_15.9990_24.9985_-23.9986_-3.9998
16,194239,-9.9994_15.9990_24.9985_-23.9986_-3.9998,193811,-9.9993_16.9989_23.9984_-22.9984_-3.9998
16,193811,-9.9993_16.9989_23.9984_-22.9984_-3.9998,193585,-8.9994_17.9987_22.9984_-22.9984_-3.9997
16,193585,-8.9994_17.9987_22.9984_-22.9984_-3.9997,192611,-10.9991_16.9986_20.9983_-21.9982_-4.9996
16,192611,-10.9991_16.9986_20.9983_-21.9982_-4.9996,191754,-10.9989_15.9985_21.9979_-18.9982_-6.9993
16,191754,-10.9989_15.9985_21.9979_-18.9982_-6.9993,191490,-12.9987_13.9986_19.9980_-19.9980_-8.9991
16,191490,-12.9987_13.9986_19.9980_-19.9980_-8.9991,190211,-11.9986_12.9984_19.9976_-18.9977_-7.9991
16,190211,-11.9986_12.9984_19.9976_-18.9977_-7.9991,190211,-11.9985_12.9984_19.9976_-18.9977_-7.9990
16,190211,-11.9985_12.9984_19.9976_-18.9977_-7.9990,187956,-11.9981_11.9981_18.9970_-16.9973_-6.9989
16,187956,-11.9981_11.9981_18.9970_-16.9973_-6.9989,159183,8.9914_0.9991_7.9923_0.9991_12.9875
16,159183,8.9914_0.9991_7.9923_0.9991_12.9875,159080,8.9913_0.0000_7.9923_0.9990_12.9875
16,159080,8.9913_0.0000_7.9923_0.9990_12.9875,154335,7.9908_-0.0000_5.9931_1.9977_12.9850
16,154335,7.9908_-0.0000_5.9931_1.9977_12.9850,145897,2.9954_0.9985_-1.9969_1.9969_13.9783
16,145897,2.9954_0.9985_-1.9969_1.9969_13.9783,90739,0.0000_-0.9932_-1.9864_-3.9727_4.9658
16,90739,0.0000_-0.9932_-1.9864_-3.9727_4.9658,78171,-0.0000_0.9908_-0.9908_-4.9531_1.9815
16,78171,-0.0000_0.9908_-0.9908_-4.9531_1.9815,68200,0.9881_-0.0000_-1.9761_-3.9517_0.9881
16,68200,0.9881_-0.0000_-1.9761_-3.9517_0.9881,41671,0.0000_-1.9481_-0.9744_-0.9744_-0.9744
16,41671,0.0000_-1.9481_-0.9744_-0.9744_-0.9744,0,-0.0000_-0.0000_-0.0000_0.0000_0.0000
16,0,-0.0000_-0.0000_-0.0000_0.0000_0.0000,0,0.0000_0.0000_-0.0000_-0.0000_-0.0000
16,0,0.0000_0.0000_-0.0000_-0.0000_-0.0000,0,-0.0000_0.0000_-0.0000_0.0000_0.0000
16,0,-0.0000_0.0000_-0.0000_0.0000_0.0000,0,-0.0000_0.0000_-0.0000_0.0000_-0.0000
16,0,-0.0000_0.0000_-0.0000_0.0000_-0.0000,0,-0.0000_-0.0000_0.0000_0.0000_-0.0000
16,0,-0.0000_-0.0000_0.0000_0.0000_-0.0000,0,0.0000_-0.0000_0.0000_-0.0000_-0.0000
16,0,0.0000_-0.0000_0.0000_-0.0000_-0.0000,0,-0.0000_-0.0000_0.0000_0.0000_-0.0000
16,0,-0.0000_-0.0000_0.0000_0.0000_-0.0000,0,0.0000_0.0000_0.0000_-0.0000_-0.0000
17,195802,-31.9987_-23.9990_-3.9998_8.9996_12.9995,195632,-30.9987_-24.9989_-2.9999_7.9997_12.9995
17,195632,-30.9987_-24.9989_-2.9999_7.9997_12.9995,195376,-30.9986_-23.9989_-1.9999_7.9996_12.9994
17,195376,-30.9986_-23.9989_-1.9999_7.9996_12.9994,193607,-30.9979_-19.9987_-5.9996_5.9996_6.9996
17,193607,-30.9979_-19.9987_-5.9996_5.9996_6.9996,193510,-30.9979_-19.9986_-5.9996_5.9996_5.9996
17,193510,-30.9979_-19.9986_-5.9996_5.9996_5.9996,192788,-27.9977_-20.9983_-6.9994_8.9993_4.9996
17,192788,-27.9977_-20.9983_-6.9994_8.9993_4.9996,188648,-20.9969_-22.9966_6.9990_-2.9995_0.9998
17,188648,-20.9969_-22.9966_6.9990_-2.9995_0.9998,188424,-20.9968_-22.9965_5.9991_-2.9995_-0.0000
17,188424,-20.9968_-22.9965_5.9991_-2.9995_-0.0000,188126,-19.9969_-22.9964_7.9987_-1.9997_-0.0000
17,188126,-19.9969_-22.9964_7.9987_-1.9997_-0.0000,187150,-17.9969_-22.9960_8.9984_-1.9996_-1.9997
17,187150,-17.9969_-22.9960_8.9984_-1.9996_-1.9997,179289,-14.9949_-6.9976_-1.9993_-12.9956_13.9953
17,179289,-14.9949_-6.9976_-1.9993_-12.9956_13.9953,177749,-14.9943_-7.9970_-0.9996_-11.9955_12.9951
17,177749,-14.9943_-7.9970_-0.9996_-11.9955_12.9951,177255,-14.9941_-9.9961_-0.9996_-10.9957_11.9953
17,177255,-14.9941_-9.9961_-0.9996_-10.9957_11.9953,171098,-4.9972_-8.9950_-3.9978_-14.9916_10.9939
17,171098,-4.9972_-8.9950_-3.9978_-14.9916_10.9939,164755,-2.9977_-3.9970_-7.9939_-11.9909_11.9909
17,164755,-2.9977_-3.9970_-7.9939_-11.9909_11.9909,153836,-7.9906_0.9988_-1.9976_-1.9977_13.9835
17,153836,-7.9906_0.9988_-1.9976_-1.9977_13.9835,152281,-8.9888_-3.9950_0.0000_3.9950_11.9851
17,152281,-8.9888_-3.9950_0.0000_3.9950_11.9851,119191,-3.9866_-0.9967_-0.9967_1.9933_8.9698
17,119191,-3.9866_-0.9967_-0.9967_1.9933_8.9698,117737,-2.9896_-1.9931_-0.9965_1.9931_8.9686
17,117737,-2.9896_-1.9931_-0.9965_1.9931_8.9686,92158,-2.9804_-0.9936_1.9867_2.9803_4.9672
17,92158,-2.9804_-0.9936_1.9867_2.9803_4.9672,92158,-1.9869_-0.9934_2.9803_2.9803_4.9670
17,92158,-1.9869_-0.9934_2.9803_2.9803_4.9670,85348,0.0000_0.9923_4.9609_2.9767_1.9845
17,85348,0.0000_0.9923_4.9609_2.9767_1.9845,79140,-0.9910_-0.9910_4.9543_1.9819_0.9910
17,79140,-0.9910_-0.9910_4.9543_1.9819_0.9910,38858,-0.9718_1.9427_0.0000_0.9718_-0.0000
17,38858,-0.9718_1.9427_0.0000_0.9718_-0.0000,16462,-0.9175_0.0000_-0.0000_0.0000_0.0000
17,16462,-0.9175_0.0000_-0.0000_0.0000_0.0000,0,-0.0000_-0.0000_-0.0000_-0.0000_0.0000
17,0,-0.0000_-0.0000_-0.0000_-0.0000_0.0000,0,0.0000_0.0000_-0.0000_-0.0000_-0.0000
17,0,0.0000_0.0000_-0.0000_-0.0000_-0.0000,0,-0.0000_-0.0000_0.0000_0.0000_0.0000
17,0,-0.0000_-0.0000_0.0000_0.0000_0.0000,0,0.0000_0.0000_0.0000_0.0000_0.0000
17,0,0.0000_0.0000_0.0000_0.0000_0.0000,0,0.0000_0.0000_0.0000_-0.0000_-0.0000
17,0,0.0000_0.0000_0.0000_-0.0000_-0.0000,0,0.0000_-0.0000_0.0000_-0.0000_-0.0000
17,0,0.0000_-0.0000_0.0000_-0.0000_-0.0000,0,0.0000_0.0000_-0.0000_-0.0000_0.0000
17,0,0.0000_0.0000_-0.0000_-0.0000_0.0000,0,-0.0000_-0.0000_-0.0000_-0.0000_0.0000
17,0,-0.0000_-0.0000_-0.0000_-0.0000_0.0000,0,0.0000_-0.0000_0.0000_0.0000_-0.0000
17,0,0.0000_-0.0000_0.0000_0.0000_-0.0000,0,0.0000_0.0000_0.0000_0.0000_-0.0000
17,0,0.0000_0.0000_0.0000_0.0000_-0.0000,0,-0.0000_0.0000_-0.0000_0.0000_-0.0000
17,0,-0.0000_0.0000_-0.0000_0.0000_-0.0000,0,-0.0000_-0.0000_0.0000_0.0000_0.0000
18,193309,-20.9983_0.9999_25.9980_-9.9992_14.9991,193133,-21.9983_0.9999_25.9980_-7.9994_13.9989
18,193133,-21.9983_0.9999_25.9980_-7.9994_13.9989,192638,-21.9982_1.9998_24.9979_-8.9993_12.9989
18,192638,-21.9982_1.9998_24.9979_-8.9993_12.9989,190962,-20.9977_1.9998_22.9975_-8.9990_11.9987
18,190962,-20.9977_1.9998_22.9975_-8.9990_11.9987,190250,-19.9976_1.9998_22.9972_-7.9990_11.9986
18,190250,-19.9976_1.9998_22.9972_-7.9990_11.9986,188504,-18.9971_-0.0000_20.9968_-6.9990_12.9981
18,188504,-18.9971_-0.0000_20.9968_-6.9990_12.9981,186610,-16.9969_-1.9996_20.9961_-5.9989_11.9978
18,186610,-16.9969_-1.9996_20.9961_-5.9989_11.9978,186018,-16.9967_-2.9994_20.9959_-4.9990_10.9978
18,186018,-16.9967_-2.9994_20.9959_-4.9990_10.9978,185934,-17.9964_-3.9992_18.9963_-5.9988_11.9976
18,185934,-17.9964_-3.9992_18.9963_-5.9988_11.9976,185698,-17.9964_-4.9990_16.9966_-5.9988_13.9972
18,185698,-17.9964_-4.9990_16.9966_-5.9988_13.9972,177213,-21.9914_8.9965_-0.0000_-2.9988_3.9984
18,177213,-21.9914_8.9965_-0.0000_-2.9988_3.9984,177213,-21.9914_8.9965_0.0000_-2.9988_3.9984
18,177213,-21.9914_8.9965_0.0000_-2.9988_3.9984,173081,-18.9905_9.9950_0.9995_-4.9975_3.9980
18,173081,-18.9905_9.9950_0.9995_-4.9975_3.9980,172425,-18.9901_8.9953_1.9990_-5.9969_2.9984
18,172425,-18.9901_8.9953_1.9990_-5.9969_2.9984,150351,-7.9894_0.0000_-6.9907_2.9960_10.9854
18,150351,-7.9894_0.0000_-6.9907_2.9960_10.9854,103118,-2.9849_-3.9799_3.9799_-2.9849_3.9799
18,103118,-2.9849_-3.9799_3.9799_-2.9849_3.9799,86962,-0.9926_-1.9851_3.9701_-1.9851_3.9701
18,86962,-0.9926_-1.9851_3.9701_-1.9851_3.9701,74045,2.9691_-1.9795_0.9898_-2.9691_1.9795
18,74045,2.9691_-1.9795_0.9898_-2.9691_1.9795,23168,0.0000_0.9454_-0.9454_-0.0000_0.0000
18,23168,0.0000_0.9454_-0.9454_-0.0000_0.0000,16462,-0.0000_-0.0000_-0.9175_0.0000_-0.0000
18,16462,-0.0000_-0.0000_-0.9175_0.0000_-0.0000,0,-0.0000_-0.0000_-0.0000_-0.0000_0.0000
18,0,-0.0000_-0.0000_-0.0000_-0.0000_0.0000,0,-0.0000_0.0000_0.0000_-0.0000_0.0000
18,0,-0.0000_0.0000_0.0000_-0.0000_0.0000,0,0.0000_0.0000_0.0000_-0.0000_0.0000
18,0,0.0000_0.0000_0.0000_-0.0000_0.0000,0,-0.0000_-0.0000_0.0000_-0.0000_-0.0000
18,0,-0.0000_-0.0000_0.0000_-0.0000_-0.0000,0,-0.0000_-0.0000_0.0000_-0.0000_-0.0000
18,0,-0.0000_-0.0000_0.0000_-0.0000_-0.0000,0,0.0000_-0.0000_-0.0000_0.0000_-0.0000
18,0,0.0000_-0.0000_-0.0000_0.0000_-0.0000,0,-0.0000_0.0000_-0.0000_-0.0000_0.0000
18,0,-0.0000_0.0000_-0.0000_-0.0000_0.0000,0,0.0000_0.0000_-0.0000_0.0000_0.0000
18,0,0.0000_0.0000_-0.0000_0.0000_0.0000,0,0.0000_0.0000_0.0000_0.0000_0.0000
18,0,0.0000_0.0000_0.0000_0.0000_0.0000,0,0.0000_0.0000_0.0000_0.0000_0.0000
19,196875,-31.9991_-12.9996_10.9997_27.9992_7.9998,196525,-31.9990_-14.9995_7.9997_25.9992_7.9998
19,196525,-31.9990_-14.9995_7.9997_25.9992_7.9998,196359,-30.9989_-15.9995_7.9997_25.9991_6.9998
19,196359,-30.9989_-15.9995_7.9997_25.9991_6.9998,195549,-29.9987_-13.9994_7.9996_24.9989_4.9998
19,195549,-29.9987_-13.9994_7.9996_24.9989_4.9998,195459,-29.9986_-12.9994_8.9996_24.9989_3.9998
19,195459,-29.9986_-12.9994_8.9996_24.9989_3.9998,195267,-29.9986_-13.9993_7.9996_23.9989_3.9998
19,195267,-29.9986_-13.9993_7.9996_23.9989_3.9998,194901,-28.9984_-12.9993_8.9995_23.9988_3.9998
19,194901,-28.9984_-12.9993_8.9995_23.9988_3.9998,194386,-29.9982_-11.9993_7.9995_21.9987_1.9999
19,194386,-29.9982_-11.9993_7.9995_21.9987_1.9999,194239,-29.9982_-10.9993_7.9995_21.9987_1.9999
19,194239,-29.9982_-10.9993_7.9995_21.9987_1.9999,193732,-28.9981_-10.9993_6.9995_21.9985_1.9999
19,193732,-28.9981_-10.9993_6.9995_21.9985_1.9999,192814,-26.9978_-9.9992_4.9996_22.9981_0.0000
19,192814,-26.9978_-9.9992_4.9996_22.9981_0.0000,192336,-25.9977_-9.9991_4.9996_22.9980_-0.0000
19,192336,-25.9977_-9.9991_4.9996_22.9980_-0.0000,192057,-26.9975_-8.9992_6.9994_20.9981_-0.9999
19,192057,-26.9975_-8.9992_6.9994_20.9981_-0.9999,191917,-26.9975_-10.9990_5.9994_19.9981_-0.9998
19,191917,-26.9975_-10.9990_5.9994_19.9981_-0.9998,191907,-26.9975_-10.9990_5.9994_19.9981_-0.0000
19,191907,-26.9975_-10.9990_5.9994_19.9981_-0.0000,191124,-25.9972_-10.9988_3.9996_19.9979_0.0000
19,191124,-25.9972_-10.9988_3.9996_19.9979_0.0000,191055,-25.9972_-10.9988_2.9997_19.9979_-0.9999
19,191055,-25.9972_-10.9988_2.9997_19.9979_-0.9999,190441,-24.9971_-10.9987_2.9997_19.9977_-0.9999
19,190441,-24.9971_-10.9987_2.9997_19.9977_-0.9999,190315,-24.9970_-11.9986_3.9995_18.9978_-0.0000
19,190315,-24.9970_-11.9986_3.9995_18.9978_-0.0000,187904,-22.9963_-10.9982_2.9995_17.9971_-0.9998
19,187904,-22.9963_-10.9982_2.9995_17.9971_-0.9998,186551,-20.9961_-4.9991_5.9989_19.9963_2.9994
19,186551,-20.9961_-4.9991_5.9989_19.9963_2.9994,184010,-17.9958_-6.9983_2.9993_19.9953_3.9991
19,184010,-17.9958_-6.9983_2.9993_19.9953_3.9991,182978,-16.9956_-5.9985_2.9992_19.9948_4.9987
19,182978,-16.9956_-5.9985_2.9992_19.9948_4.9987,181513,-16.9951_-4.9986_2.9991_18.9945_4.9986
19,181513,-16.9951_-4.9986_2.9991_18.9945_4.9986,163844,-2.9976_7.9937_8.9929_13.9890_3.9968
19,163844,-2.9976_7.9937_8.9929_13.9890_3.9968,107182,-4.9773_2.9865_5.9726_1.9910_-0.0000
19,107182,-4.9773_2.9865_5.9726_1.9910_-0.0000,81013,-1.9827_-0.9914_2.9741_3.9653_1.9827
19,81013,-1.9827_-0.9914_2.9741_3.9653_1.9827,56495,-1.9672_-2.9504_0.0000_-0.0000_-0.9837
19,56495,-1.9672_-2.9504_0.0000_-0.0000_-0.9837,54734,-1.9655_-0.9829_0.0000_-1.9655_-1.9655
19,54734,-1.9655_-0.9829_0.0000_-1.9655_-1.9655,38858,0.0000_0.0001_0.9718_-1.9427_0.9718
19,38858,0.0000_0.0001_0.9718_-1.9427_0.9718,28143,0.9571_-0.0000_0.0000_-0.9571_0.9571
19,28143,0.9571_-0.0000_0.0000_-0.9571_0.9571,0,0.0000_-0.0000_-0.0000_0.0000_0.0000
19,0,0.0000_-0.0000_-0.0000_0.0000_0.0000,0,-0.0000_-0.0000_-0.0000_0.0000_-0.0000
19,0,-0.0000_-0.0000_-0.0000_0.0000_-0.0000,0,0.0000_0.0000_-0.0000_0.0000_0.0000
20,192744,-6.9994_-16.9986_13.9989_20.9983_19.9984,187390,-4.9992_-7.9987_-0.9998_27.9952_8.9985
20,187390,-4.9992_-7.9987_-0.9998_27.9952_8.9985,182149,-14.9959_-0.9997_-1.9994_21.9939_3.9989
20,182149,-14.9959_-0.9997_-1.9994_21.9939_3.9989,180746,-15.9951_0.0000_-1.9994_19.9939_4.9985
20,180746,-15.9951_0.0000_-1.9994_19.9939_4.9985,179398,-15.9946_0.0000_-1.9993_18.9936_4.9983
20,179398,-15.9946_0.0000_-1.9993_18.9936_4.9983,178956,-13.9951_-1.9993_-2.9990_19.9930_4.9982
20,178956,-13.9951_-1.9993_-2.9990_19.9930_4.9982,147976,-10.9841_3.9942_-6.9899_-3.9942_4.9928
20,147976,-10.9841_3.9942_-6.9899_-3.9942_4.9928,138463,-7.9843_5.9883_-7.9844_-0.9980_2.9941
20,138463,-7.9843_5.9883_-7.9844_-0.9980_2.9941,95506,-4.9696_-2.9818_-0.9940_2.9818_-2.9818
20,95506,-4.9696_-2.9818_-0.9940_2.9818_-2.9818,38858,-0.0000_-0.9718_-1.9427_0.9718_-0.0000
20,38858,-0.0000_-0.9718_-1.9427_0.9718_-0.0000,28143,0.9571_-0.9571_-0.9571_0.0000_0.0000
20,28143,0.9571_-0.9571_-0.9571_0.0000_0.0000,28143,0.0000_0.0000_-0.9571_0.9571_-0.9571
20,28143,0.0000_0.0000_-0.9571_0.9571_-0.9571,16462,-0.0000_-0.0000_0.0000_0.9175_-0.0000
20,16462,-0.0000_-0.0000_0.0000_0.9175_-0.0000,0,0.0000_0.0000_-0.0000_0.0000_-0.0000
20,0,0.0000_0.0000_-0.0000_0.0000_-0.0000,0,0.0000_0.0000_-0.0000_0.0000_-0.0000
20,0,0.0000_0.0000_-0.0000_0.0000_-0.0000,0,-0.0000_-0.0000_0.0000_-0.0000_-0.0000
20,0,-0.0000_-0.0000_0.0000_-0.0000_-0.0000,0,-0.0000_-0.0000_0.0000_-0.0000_-0.0000
20,0,-0.0000_-0.0000_0.0000_-0.0000_-0.0000,0,0.0000_-0.0000_0.0000_-0.0000_0.0000
20,0,0.0000_-0.0000_0.0000_-0.0000_0.0000,0,-0.0000_-0.0000_-0.0000_-0.0000_-0.0000
20,0,-0.0000_-0.0000_-0.0000_-0.0000_-0.0000,0,0.0000_0.0000_0.0000_0.0000_0.0000
20,0,0.0000_0.0000_0.0000_0.0000_0.0000,0,0.0000_-0.0000_0.0000_0.0000_0.0000
21,197219,27.9993_-19.9995_15.9996_-18.9995_21.9995,196960,26.9993_-20.9994_15.9996_-17.9995_20.9994
21,196960,26.9993_-20.9994_15.9996_-17.9995_20.9994,196569,25.9992_-19.9994_14.9996_-17.9994_20.9993
21,196569,25.9992_-19.9994_14.9996_-17.9994_20.9993,196073,24.9991_-18.9993_16.9994_-15.9994_19.9993
21,196073,24.9991_-18.9993_16.9994_-15.9994_19.9993,195762,23.9990_-19.9992_14.9994_-15.9993_19.9992
21,195762,23.9990_-19.9992_14.9994_-15.9993_19.9992,195401,23.9989_-19.9991_14.9993_-16.9992_16.9992
21,195401,23.9989_-19.9991_14.9993_-16.9992_16.9992,195226,22.9989_-18.9991_12.9993_-17.9992_18.9991
21,195226,22.9989_-18.9991_12.9993_-17.9992_18.9991,194474,22.9987_-17.9990_11.9993_-17.9990_16.9990
21,194474,22.9987_-17.9990_11.9993_-17.9990_16.9990,191533,19.9980_-14.9985_11.9988_-15.9984_14.9985
21,191533,19.9980_-14.9985_11.9988_-15.9984_14.9985,190951,19.9978_-13.9985_10.9988_-14.9984_15.9983
21,190951,19.9978_-13.9985_10.9988_-14.9984_15.9983,189461,17.9976_-14.9980_12.9983_-12.9983_13.9981
21,189461,17.9976_-14.9980_12.9983_-12.9983_13.9981,189214,18.9974_-13.9981_11.9983_-12.9982_13.9981
21,189214,18.9974_-13.9981_11.9983_-12.9982_13.9981,188276,16.9974_-11.9982_13.9978_-10.9983_15.9975
21,188276,16.9974_-11.9982_13.9978_-10.9983_15.9975,188041,16.9973_-12.9979_12.9980_-12.9979_13.9978
21,188041,16.9973_-12.9979_12.9980_-12.9979_13.9978,187571,14.9975_-10.9982_14.9975_-14.9975_12.9978
21,187571,14.9975_-10.9982_14.9975_-14.9975_12.9978,186709,13.9974_-10.9980_12.9976_-16.9969_11.9978
21,186709,13.9974_-10.9980_12.9976_-16.9969_11.9978,186491,13.9974_-9.9981_11.9977_-17.9966_11.9977
21,186491,13.9974_-9.9981_11.9977_-17.9966_11.9977,186491,13.9974_-9.9981_11.9978_-17.9966_11.9978
21,186491,13.9974_-9.9981_11.9978_-17.9966_11.9978,186018,13.9973_-9.9980_10.9978_-17.9965_11.9977
21,186018,13.9973_-9.9980_10.9978_-17.9965_11.9977,184957,12.9972_-9.9978_9.9978_-17.9961_11.9974
21,184957,12.9972_-9.9978_9.9978_-17.9961_11.9974,184035,12.9969_-8.9979_8.9979_-17.9958_11.9972
21,184035,12.9969_-8.9979_8.9979_-17.9958_11.9972,182923,17.9953_-12.9966_-1.9995_-15.9958_1.9995
21,182923,17.9953_-12.9966_-1.9995_-15.9958_1.9995,147666,3.9942_-4.9927_5.9913_-11.9825_-1.9971
21,147666,3.9942_-4.9927_5.9913_-11.9825_-1.9971,139491,4.9905_-4.9905_4.9905_-9.9811_-1.9962
21,139491,4.9905_-4.9905_4.9905_-9.9811_-1.9962,135174,-2.9935_2.9935_-1.9957_-10.9762_-3.9914
21,135174,-2.9935_2.9935_-1.9957_-10.9762_-3.9914,101482,1.9896_-2.9843_2.9843_-4.9738_-3.9791
21,101482,1.9896_-2.9843_2.9843_-4.9738_-3.9791,16462,0.0000_0.9175_-0.0000_-0.0000_-0.0000
21,16462,0.0000_0.9175_-0.0000_-0.0000_-0.0000,0,-0.0000_-0.0000_0.0000_-0.0000_0.0000
21,0,-0.0000_-0.0000_0.0000_-0.0000_0.0000,0,0.0000_0.0000_0.0000_0.0000_-0.0000
21,0,0.0000_0.0000_0.0000_0.0000_-0.0000,0,0.0000_0.0000_-0.0000_-0.0000_0.0000
21,0,0.0000_0.0000_-0.0000_-0.0000_0.0000,0,-0.0000_0.0000_0.0000_-0.0000_0.0000
21,0,-0.0000_0.0000_0.0000_-0.0000_0.0000,0,-0.0000_0.0000_0.0000_0.0000_0.0000
21,0,-0.0000_0.0000_0.0000_0.0000_0.0000,0,0.0000_-0.0000_-0.0000_0.0000_0.0000
22,193083,12.9990_-3.9998_24.9981_10.9991_21.9983,192770,11.9990_-1.9998_24.9980_10.9991_21.9982
22,192770,11.9990_-1.9998_24.9980_10.9991_21.9982,192383,11.9990_-1.9998_24.9978_10.9990_20.9982
22,192383,11.9990_-1.9998_24.9978_10.9990_20.9982,192135,10.9990_-0.9999_24.9977_10.9990_20.9981
22,192135,10.9990_-0.9999_24.9977_10.9990_20.9981,191639,10.9989_-0.9999_23.9976_10.9989_20.9979
22,191639,10.9989_-0.9999_23.9976_10.9989_20.9979,191248,8.9991_-1.9998_22.9976_8.9991_22.9977
22,191248,8.9991_-1.9998_22.9976_8.9991_22.9977,189110,6.9990_-1.9998_21.9969_8.9987_20.9970
22,189110,6.9990_-1.9998_21.9969_8.9987_20.9970,188989,6.9990_-2.9996_22.9967_7.9989_19.9972
22,188989,6.9990_-2.9996_22.9967_7.9989_19.9972,188488,6.9989_-3.9994_22.9965_7.9988_18.9971
22,188488,6.9989_-3.9994_22.9965_7.9988_18.9971,188325,7.9988_-3.9994_23.9963_7.9988_16.9974
22,188325,7.9988_-3.9994_23.9963_7.9988_16.9974,187677,8.9985_-2.9995_23.9960_6.9988_15.9974
22,187677,8.9985_-2.9995_23.9960_6.9988_15.9974,185891,8.9982_-2.9994_22.9954_7.9984_13.9972
22,185891,8.9982_-2.9994_22.9954_7.9984_13.9972,184887,7.9983_-2.9993_21.9952_8.9980_13.9969
22,184887,7.9983_-2.9993_21.9952_8.9980_13.9969,184310,7.9982_-2.9993_20.9952_9.9977_13.9968
22,184310,7.9982_-2.9993_20.9952_9.9977_13.9968,177213,3.9985_-0.9996_21.9914_4.9980_7.9969
22,177213,3.9985_-0.9996_21.9914_4.9980_7.9969,175060,5.9973_0.0000_19.9911_4.9978_8.9960
22,175060,5.9973_0.0000_19.9911_4.9978_8.9960,174916,6.9969_0.9995_19.9910_4.9977_7.9964
22,174916,6.9969_0.9995_19.9910_4.9977_7.9964,174524,7.9963_-0.0000_18.9912_4.9977_8.9958
22,174524,7.9963_-0.0000_18.9912_4.9977_8.9958,166993,7.9945_0.9993_15.9890_6.9952_5.9959
22,166993,7.9945_0.9993_15.9890_6.9952_5.9959,166171,8.9936_0.0000_14.9893_7.9943_4.9964
22,166171,8.9936_0.0000_14.9893_7.9943_4.9964,164592,7.9939_0.9992_14.9885_6.9947_5.9954
22,164592,7.9939_0.9992_14.9885_6.9947_5.9954,160091,8.9917_0.9991_12.9880_6.9935_4.9954
22,160091,8.9917_0.9991_12.9880_6.9935_4.9954,157592,7.9918_1.9980_11.9877_7.9918_4.9949
22,157592,7.9918_1.9980_11.9877_7.9918_4.9949,123883,3.9882_1.9941_8.9733_3.9882_-0.0000
22,123883,3.9882_1.9941_8.9733_3.9882_-0.0000,99779,3.9782_0.9946_2.9836_-2.9836_-4.9727
22,99779,3.9782_0.9946_2.9836_-2.9836_-4.9727,84516,1.9842_-0.0000_0.0000_-4.9601_-2.9762
22,84516,1.9842_-0.0000_0.0000_-4.9601_-2.9762,38858,0.9718_0.9718_-0.0000_-1.9427_-0.0000
22,38858,0.9718_0.9718_-0.0000_-1.9427_-0.0000,16462,-0.0000_0.0000_-0.0000_0.9175_0.0000
22,16462,-0.0000_0.0000_-0.0000_0.9175_0.0000,16462,0.0000_0.0000_-0.9175_-0.0000_-0.0000
22,16462,0.0000_0.0000_-0.9175_-0.0000_-0.0000,0,0.0000_0.0000_-0.0000_-0.0000_-0.0000
22,0,0.0000_0.0000_-0.0000_-0.0000_-0.0000,0,0.0000_-0.0000_-0.0000_0.0000_0.0000
22,0,0.0000_-0.0000_-0.0000_0.0000_0.0000,0,0.0000_-0.0000_-0.0000_-0.0000_0.0000
22,0,0.0000_-0.0000_-0.0000_-0.0000_0.0000,0,-0.0000_0.0000_-0.0000_-0.0000_-0.0000
22,0,-0.0000_0.0000_-0.0000_-0.0000_-0.0000,0,-0.0000_0.0000_0.0000_0.0000_-0.0000
22,0,-0.0000_0.0000_0.0000_0.0000_-0.0000,0,-0.0000_0.0000_0.0000_-0.0000_-0.0000
22,0,-0.0000_0.0000_0.0000_-0.0000_-0.0000,0,-0.0000_-0.0000_-0.0000_0.0000_0.0000
22,0,-0.0000_-0.0000_-0.0000_0.0000_0.0000,0,-0.0000_0.0000_-0.0000_-0.0000_-0.0000
23,194535,2.9998_-3.9998_-24.9986_-2.9998_30.9982,194317,3.9998_-3.9998_-23.9986_-3.9998_30.9982
23,194317,3.9998_-3.9998_-23.9986_-3.9998_30.9982,194067,3.9997_-3.9997_-22.9986_-4.9997_30.9981
23,194067,3.9997_-3.9997_-22.9986_-4.9997_30.9981,193818,4.9997_-3.9997_-21.9985_-4.9997_30.9980
23,193818,4.9997_-3.9997_-21.9985_-4.9997_30.9980,193253,4.9996_-4.9996_-22.9983_-3.9997_28.9978
23,193253,4.9996_-4.9996_-22.9983_-3.9997_28.9978,193197,4.9996_-4.9996_-22.9983_-2.9998_28.9978
23,193197,4.9996_-4.9996_-22.9983_-2.9998_28.9978,193197,3.9997_-4.9996_-21.9983_-1.9999_29.9977
23,193197,3.9997_-4.9996_-21.9983_-1.9999_29.9977,193197,3.9997_-4.9996_-21.9984_-1.9998_29.9978
23,193197,3.9997_-4.9996_-21.9984_-1.9998_29.9978,193197,3.9997_-4.9996_-21.9984_-1.9998_29.9977
23,193197,3.9997_-4.9996_-21.9984_-1.9998_29.9977,192665,3.9997_-3.9997_-21.9982_-2.9998_28.9976
23,192665,3.9997_-3.9997_-21.9982_-2.9998_28.9976,192566,3.9996_-4.9995_-23.9979_-3.0000_26.9978
23,192566,3.9996_-4.9995_-23.9979_-3.0000_26.9978,165553,0.9993_5.9956_-14.9890_4.9963_9.9927
23,165553,0.9993_5.9956_-14.9890_4.9963_9.9927,74045,-0.9898_2.9691_1.9795_-2.9691_1.9795
23,74045,-0.9898_2.9691_1.9795_-2.9691_1.9795,64224,-0.0000_2.9600_0.9868_-2.9600_-0.0000
23,64224,-0.0000_2.9600_0.9868_-2.9600_-0.0000,38858,0.9718_1.9427_-0.0000_0.0000_0.9718
23,38858,0.9718_1.9427_-0.0000_0.0000_0.9718,28143,0.0000_-0.9571_-0.9571_-0.0000_0.9571
23,28143,0.0000_-0.9571_-0.9571_-0.0000_0.9571,23168,-0.0000_-0.9454_-0.0000_-0.9454_0.0000
23,23168,-0.0000_-0.9454_-0.0000_-0.9454_0.0000,23168,-0.0000_-0.0000_0.9454_0.9454_0.0000
23,23168,-0.0000_-0.0000_0.9454_0.9454_0.0000,16462,-0.9175_-0.0000_-0.0000_-0.0000_0.0000
23,16462,-0.9175_-0.0000_-0.0000_-0.0000_0.0000,0,-0.0000_-0.0000_-0.0000_-0.0000_-0.0000
23,0,-0.0000_-0.0000_-0.0000_-0.0000_-0.0000,0,0.0000_0.0000_0.0000_-0.0000_0.0000
23,0,0.0000_0.0000_0.0000_-0.0000_0.0000,0,0.0000_0.0000_-0.0000_-0.0000_-0.0000
23,0,0.0000_0.0000_-0.0000_-0.0000_-0.0000,0,-0.0000_0.0000_-0.0000_-0.0000_0.0000
23,0,-0.0000_0.0000_-0.0000_-0.0000_0.0000,0,-0.0000_0.0000_0.0000_-0.0000_-0.0000
23,0,-0.0000_0.0000_0.0000_-0.0000_-0.0000,0,0.0000_0.0000_-0.0000_-0.0000_-0.0000
24,193732,21.9985_-20.9986_8.9994_12.9991_-17.9988,193301,20.9987_-19.9984_8.9993_13.9989_-17.9989
24,193301,20.9987_-19.9984_8.9993_13.9989_-17.9989,186531,17.9966_-6.9987_-1.9996_1.9996_-22.9957
24,186531,17.9966_-6.9987_-1.9996_1.9996_-22.9957,185323,16.9964_-4.9990_-2.9994_0.9998_-22.9952
24,185323,16.9964_-4.9990_-2.9994_0.9998_-22.9952,183908,16.9960_-3.9990_-1.9995_0.9998_-21.9948
24,183908,16.9960_-3.9990_-1.9995_0.9998_-21.9948,160581,8.9918_6.9937_-9.9909_-9.9909_0.0000
24,160581,8.9918_6.9937_-9.9909_-9.9909_0.0000,157262,10.9886_6.9928_-7.9917_-7.9917_-0.0000
24,157262,10.9886_6.9928_-7.9917_-7.9917_-0.0000,113020,1.9922_3.9843_2.9883_2.9882_6.9725
24,113020,1.9922_3.9843_2.9883_2.9882_6.9725,113020,1.9922_2.9882_2.9882_3.9843_6.9725
24,113020,1.9922_2.9882_2.9882_3.9843_6.9725,113020,1.9922_2.9882_2.9882_3.9843_6.9725
24,113020,1.9922_2.9882_2.9882_3.9843_6.9725,107662,2.9866_4.9775_0.0000_3.9820_4.9775
24,107662,2.9866_4.9775_0.0000_3.9820_4.9775,97392,2.9827_2.9827_-0.9942_0.9942_5.9651
24,97392,2.9827_2.9827_-0.9942_0.9942_5.9651,76161,3.9608_-1.9805_-0.0000_0.0000_2.9707
24,76161,3.9608_-1.9805_-0.0000_0.0000_2.9707,58176,-0.0000_-0.9844_-0.9844_2.9527_1.9687
24,58176,-0.0000_-0.9844_-0.9844_2.9527_1.9687,0,-0.0000_-0.0000_-0.0000_-0.0000_0.0000
24,0,-0.0000_-0.0000_-0.0000_-0.0000_0.0000,0,0.0000_-0.0000_0.0000_0.0000_-0.0000
24,0,0.0000_-0.0000_0.0000_0.0000_-0.0000,0,0.0000_-0.0000_0.0000_0.0000_-0.0000
24,0,0.0000_-0.0000_0.0000_0.0000_-0.0000,0,-0.0000_-0.0000_-0.0000_-0.0000_-0.0000
24,0,-0.0000_-0.0000_-0.0000_-0.0000_-0.0000,0,0.0000_-0.0000_0.0000_-0.0000_-0.0000
24,0,0.0000_-0.0000_0.0000_-0.0000_-0.0000,0,0.0000_-0.0000_-0.0000_-0.0000_-0.0000
24,0,0.0000_-0.0000_-0.0000_-0.0000_-0.0000,0,0.0000_0.0000_-0.0000_0.0000_-0.0000
24,0,0.0000_0.0000_-0.0000_0.0000_-0.0000,0,0.0000_-0.0000_0.0000_0.0000_0.0000
25,198475,-4.9999_-19.9998_30.9996_-30.9996_-24.9997,198329,-4.9999_-19.9997_29.9996_-30.9996_-23.9997
25,198329,-4.9999_-19.9997_29.9996_-30.9996_-23.9997,198291,-3.9999_-20.9997_28.9996_-30.9996_-23.9997
25,198291,-3.9999_-20.9997_28.9996_-30.9996_-23.9997,198225,-5.9999_-21.9997_28.9996_-29.9996_-22.9997
25,198225,-5.9999_-21.9997_28.9996_-29.9996_-22.9997,198041,-4.9999_-21.9997_28.9995_-28.9995_-21.9997
25,198041,-4.9999_-21.9997_28.9995_-28.9995_-21.9997,197840,-4.9999_-22.9996_27.9995_-27.9995_-20.9996
25,197840,-4.9999_-22.9996_27.9995_-27.9995_-20.9996,197764,-4.9999_-22.9996_26.9995_-28.9995_-19.9996
25,197764,-4.9999_-22.9996_26.9995_-28.9995_-19.9996,161812,2.9974_-7.9931_-9.9914_-12.9888_-0.9991
25,161812,2.9974_-7.9931_-9.9914_-12.9888_-0.9991,154086,1.9977_-10.9872_-8.9895_-6.9918_3.9954
25,154086,1.9977_-10.9872_-8.9895_-6.9918_3.9954,140879,1.9964_-8.9837_-6.9873_-5.9891_3.9927
25,140879,1.9964_-8.9837_-6.9873_-5.9891_3.9927,133282,2.9932_-8.9795_-3.9909_-5.9863_2.9932
25,133282,2.9932_-8.9795_-3.9909_-5.9863_2.9932,129161,1.9949_-8.9769_-2.9923_-3.9898_4.9872
25,129161,1.9949_-8.9769_-2.9923_-3.9898_4.9872,129161,1.9949_-8.9769_-3.9898_-2.9923_4.9872
25,129161,1.9949_-8.9769_-3.9898_-2.9923_4.9872,119546,1.9934_-7.9734_-3.9867_-1.9934_3.9868
25,119546,1.9934_-7.9734_-3.9867_-1.9934_3.9868,102580,-0.0000_-3.9796_-5.9694_-2.9848_-1.9899
25,102580,-0.0000_-3.9796_-5.9694_-2.9848_-1.9899,81013,-1.9827_-1.9828_-3.9653_-0.9914_-2.9741
25,81013,-1.9827_-1.9828_-3.9653_-0.9914_-2.9741,74045,-2.9691_-0.9898_-2.9691_-1.9795_-1.9795
25,74045,-2.9691_-0.9898_-2.9691_-1.9795_-1.9795,0,0.0000_-0.0000_-0.0000_-0.0000_0.0000
25,0,0.0000_-0.0000_-0.0000_-0.0000_0.0000,0,0.0000_0.0000_-0.0000_-0.0000_-0.0000
26,203164,4.0000_-20.9998_-27.9997_-32.7680_29.9997,202913,5.9999_-18.9997_-25.9996_-32.7680_28.9996
26,202913,5.9999_-18.9997_-25.9996_-32.7680_28.9996,202657,7.9999_-15.9997_-26.9996_-32.7680_25.9996
26,202657,7.9999_-15.9997_-26.9996_-32.7680_25.9996,198133,7.9999_-16.9997_-26.9996_-31.9995_24.9996
26,198133,7.9999_-16.9997_-26.9996_-31.9995_24.9996,198002,6.9999_-14.9997_-26.9996_-31.9995_24.9996
26,198002,6.9999_-14.9997_-26.9996_-31.9995_24.9996,197883,9.9998_-12.9998_-28.9995_-29.9995_23.9996
26,197883,9.9998_-12.9998_-28.9995_-29.9995_23.9996,197542,10.9998_-11.9998_-27.9994_-28.9994_22.9995
26,197542,10.9998_-11.9998_-27.9994_-28.9994_22.9995,197195,11.9997_-10.9997_-28.9993_-26.9993_20.9995
26,197195,11.9997_-10.9997_-28.9993_-26.9993_20.9995,196992,11.9997_-9.9997_-28.9992_-25.9993_20.9994
26,196992,11.9997_-9.9997_-28.9992_-25.9993_20.9994,196789,9.9997_-9.9997_-26.9992_-25.9993_22.9993
26,196789,9.9997_-9.9997_-26.9992_-25.9993_22.9993,196490,7.9997_-10.9996_-23.9992_-28.9991_20.9993
26,196490,7.9997_-10.9996_-23.9992_-28.9991_20.9993,196151,9.9996_-8.9997_-22.9992_-28.9990_19.9993
26,196151,9.9996_-8.9997_-22.9992_-28.9990_19.9993,195904,8.9996_-6.9997_-23.9991_-27.9989_19.9992
26,195904,8.9996_-6.9997_-23.9991_-27.9989_19.9992,195016,8.9995_-6.9996_-21.9989_-26.9986_18.9990
26,195016,8.9995_-6.9996_-21.9989_-26.9986_18.9990,194811,8.9995_-6.9996_-21.9988_-26.9986_17.9990
26,194811,8.9995_-6.9996_-21.9988_-26.9986_17.9990,194148,7.9995_-5.9996_-20.9987_-26.9983_16.9989
26,194148,7.9995_-5.9996_-20.9987_-26.9983_16.9989,193937,2.9998_-6.9996_-25.9983_-24.9984_12.9992
26,193937,2.9998_-6.9996_-25.9983_-24.9984_12.9992,192317,1.9998_-6.9994_-24.9978_-22.9980_10.9990
26,192317,1.9998_-6.9994_-24.9978_-22.9980_10.9990,191501,1.9998_-7.9992_-22.9977_-22.9977_10.9989
26,191501,1.9998_-7.9992_-22.9977_-22.9977_10.9989,166624,-2.9979_-11.9916_-11.9917_-9.9930_-1.9986
26,166624,-2.9979_-11.9916_-11.9917_-9.9930_-1.9986,163070,-2.9975_-11.9902_-9.9918_-9.9918_-1.9984
26,163070,-2.9975_-11.9902_-9.9918_-9.9918_-1.9984,157810,-2.9970_-9.9899_-10.9889_-7.9919_-2.9970
26,157810,-2.9970_-9.9899_-10.9889_-7.9919_-2.9970,155897,-3.9956_-8.9902_-10.9880_-7.9913_-1.9978
26,155897,-3.9956_-8.9902_-10.9880_-7.9913_-1.9978,151470,-3.9949_-7.9898_-8.9885_-8.9885_-2.9962
26,151470,-3.9949_-7.9898_-8.9885_-8.9885_-2.9962,150494,-4.9934_-6.9907_-7.9894_-8.9880_-4.9934
26,150494,-4.9934_-6.9907_-7.9894_-8.9880_-4.9934,127769,0.9973_-10.9707_-1.9947_-1.9947_0.0000
26,127769,0.9973_-10.9707_-1.9947_-1.9947_0.0000,99779,2.9837_-4.9727_-3.9782_-2.9836_-0.9946
26,99779,2.9837_-4.9727_-3.9782_-2.9836_-0.9946,89269,2.9788_0.0000_-4.9646_0.9930_2.9788
26,89269,2.9788_0.0000_-4.9646_0.9930_2.9788,76160,0.0000_0.0000_-4.9506_1.9805_0.0000
26,76160,0.0000_0.0000_-4.9506_1.9805_0.0000,62799,-0.0000_0.9863_-3.9441_0.9863_-0.0000
26,62799,-0.0000_0.9863_-3.9441_0.9863_-0.0000,62799,0.9863_0.0000_-3.9441_0.9863_0.0000
26,62799,0.9863_0.0000_-3.9441_0.9863_0.0000,61323,1.9713_1.9714_-1.9713_1.9713_-0.9857
26,61323,1.9713_1.9714_-1.9713_1.9713_-0.9857,16462,-0.9175_-0.0000_0.0000_-0.0000_-0.0000
26,16462,-0.9175_-0.0000_0.0000_-0.0000_-0.0000,0,0.0000_0.0000_0.0000_-0.0000_0.0000
26,0,0.0000_0.0000_0.0000_-0.0000_0.0000,0,0.0000_-0.0000_0.0000_0.0000_-0.0000
26,0,0.0000_-0.0000_0.0000_0.0000_-0.0000,0,-0.0000_0.0000_-0.0000_-0.0000_-0.0000
26,0,-0.0000_0.0000_-0.0000_-0.0000_-0.0000,0,0.0000_0.0000_-0.0000_-0.0000_-0.0000
26,0,0.0000_0.0000_-0.0000_-0.0000_-0.0000,0,-0.0000_0.0000_-0.0000_-0.0000_0.0000
26,0,-0.0000_0.0000_-0.0000_-0.0000_0.0000,0,-0.0000_0.0000_-0.0000_0.0000_0.0000
26,0,-0.0000_0.0000_-0.0000_0.0000_0.0000,0,-0.0000_-0.0000_-0.0000_0.0000_0.0000
26,0,-0.0000_-0.0000_-0.0000_0.0000_0.0000,0,0.0000_0.0000_0.0000_-0.0000_0.0000
26,0,0.0000_0.0000_0.0000_-0.0000_0.0000,0,-0.0000_-0.0000_0.0000_0.0000_0.0000
27,197153,22.9994_8.9998_-27.9993_-28.9993_4.9999,197123,21.9994_9.9997_-26.9993_-29.9992_5.9999
27,197123,21.9994_9.9997_-26.9993_-29.9992_5.9999,197085,22.9994_8.9998_-25.9993_-29.9992_6.9998
27,197085,22.9994_8.9998_-25.9993_-29.9992_6.9998,196726,21.9994_7.9998_-25.9992_-28.9991_6.9998
27,196726,21.9994_7.9998_-25.9992_-28.9991_6.9998,195845,20.9992_6.9997_-23.9990_-26.9989_8.9996
27,195845,20.9992_6.9997_-23.9990_-26.9989_8.9996,194917,19.9990_5.9997_-23.9988_-24.9987_6.9996
27,194917,19.9990_5.9997_-23.9988_-24.9987_6.9996,194033,13.9991_31.9980_-11.9992_2.9998_12.9992
27,194033,13.9991_31.9980_-11.9992_2.9998_12.9992,193577,17.9988_26.9981_-13.9990_1.9999_14.9990
27,193577,17.9988_26.9981_-13.9990_1.9999_14.9990,193165,17.9986_25.9980_-13.9989_1.9998_14.9989
27,193165,17.9986_25.9980_-13.9989_1.9998_14.9989,192925,17.9986_27.9978_-11.9991_0.0000_11.9991
27,192925,17.9986_27.9978_-11.9991_0.0000_11.9991,191877,16.9984_26.9974_-11.9990_-0.0000_10.9990
27,191877,16.9984_26.9974_-11.9990_-0.0000_10.9990,191565,16.9983_25.9974_-11.9988_-0.0000_11.9988
27,191565,16.9983_25.9974_-11.9988_-0.0000_11.9988,168547,3.9975_18.9879_-4.9968_-4.9968_-0.9994
27,168547,3.9975_18.9879_-4.9968_-4.9968_-0.9994,165942,2.9978_17.9871_-4.9964_-4.9964_-2.9978
27,165942,2.9978_17.9871_-4.9964_-4.9964_-2.9978,85348,0.0000_4.9609_-2.9767_-0.9922_1.9845
27,85348,0.0000_4.9609_-2.9767_-0.9922_1.9845,48838,-0.0000_-0.0000_-2.9374_-0.9796_-0.0000
27,48838,-0.0000_-0.0000_-2.9374_-0.9796_-0.0000,28143,0.9571_0.0000_-0.9571_-0.0000_0.9571
27,28143,0.9571_0.0000_-0.9571_-0.0000_0.9571,16462,-0.0000_-0.0000_0.0000_-0.9175_0.0000
27,16462,-0.0000_-0.0000_0.0000_-0.9175_0.0000,0,0.0000_-0.0000_-0.0000_-0.0000_0.0000
27,0,0.0000_-0.0000_-0.0000_-0.0000_0.0000,0,-0.0000_-0.0000_-0.0000_0.0000_-0.0000
27,0,-0.0000_-0.0000_-0.0000_0.0000_-0.0000,0,0.0000_-0.0000_0.0000_0.0000_-0.0000
27,0,0.0000_-0.0000_0.0000_0.0000_-0.0000,0,-0.0000_-0.0000_0.0000_0.0000_0.0000
28,191293,-0.9999_-18.9980_28.9970_2.9997_3.9996,190725,-1.9998_-16.9981_28.9967_2.9997_5.9993
28,190725,-1.9998_-16.9981_28.9967_2.9997_5.9993,189155,-3.9994_-14.9979_27.9961_0.9999_5.9992
28,189155,-3.9994_-14.9979_27.9961_0.9999_5.9992,188616,-3.9994_-15.9976_26.9960_0.9999_4.9993
28,188616,-3.9994_-15.9976_26.9960_0.9999_4.9993,38858,0.9717_0.0001_0.9718_-0.0000_1.9427
28,38858,0.9717_0.0001_0.9718_-0.0000_1.9427,38858,0.9718_-0.9718_1.9427_-0.0000_0.0000
28,38858,0.9718_-0.9718_1.9427_-0.0000_0.0000,32228,-0.9639_-0.9639_0.0000_0.9639_-0.9639
28,32228,-0.9639_-0.9639_0.0000_0.9639_-0.9639,16462,-0.9175_-0.0000_-0.0000_0.0000_-0.0000
28,16462,-0.9175_-0.0000_-0.0000_0.0000_-0.0000,0,-0.0000_0.0000_0.0000_-0.0000_-0.0000
28,0,-0.0000_0.0000_0.0000_-0.0000_-0.0000,0,0.0000_0.0000_0.0000_-0.0000_-0.0000
28,0,0.0000_0.0000_0.0000_-0.0000_-0.0000,0,-0.0000_-0.0000_0.0000_-0.0000_0.0000
28,0,-0.0000_-0.0000_0.0000_-0.0000_0.0000,0,0.0000_0.0000_-0.0000_0.0000_0.0000
28,0,0.0000_0.0000_-0.0000_0.0000_0.0000,0,-0.0000_-0.0000_0.0000_-0.0000_-0.0000
28,0,-0.0000_-0.0000_0.0000_-0.0000_-0.0000,0,0.0000_0.0000_0.0000_0.0000_-0.0000
28,0,0.0000_0.0000_0.0000_0.0000_-0.0000,0,-0.0000_0.0000_0.0000_0.0000_-0.0000
29,197746,-26.9995_9.9998_-12.9998_-28.9995_-25.9995,197621,-24.9995_11.9998_-12.9998_-28.9994_-25.9995
29,197621,-24.9995_11.9998_-12.9998_-28.9994_-25.9995,197560,-23.9995_12.9997_-12.9997_-27.9994_-26.9994
29,197560,-23.9995_12.9997_-12.9997_-27.9994_-26.9994,196274,-27.9990_14.9995_-17.9994_-18.9993_-16.9994
29,196274,-27.9990_14.9995_-17.9994_-18.9993_-16.9994,195938,-28.9989_15.9994_-15.9994_-16.9993_-15.9994
29,195938,-28.9989_15.9994_-15.9994_-16.9993_-15.9994,195669,-28.9988_14.9994_-15.9993_-16.9993_-14.9994
29,195669,-28.9988_14.9994_-15.9993_-16.9993_-14.9994,195332,-14.9993_22.9989_-18.9991_-22.9989_-10.9995
29,195332,-14.9993_22.9989_-18.9991_-22.9989_-10.9995,194380,-16.9990_20.9988_-17.9989_-20.9988_-9.9994
29,194380,-16.9990_20.9988_-17.9989_-20.9988_-9.9994,194141,-15.9990_19.9988_-18.9988_-20.9987_-9.9994
29,194141,-15.9990_19.9988_-18.9988_-20.9987_-9.9994,194114,-14.9991_19.9988_-17.9989_-21.9986_-10.9993
29,194114,-14.9991_19.9988_-17.9989_-21.9986_-10.9993,193181,-15.9988_18.9986_-16.9987_-19.9985_-10.9992
29,193181,-15.9988_18.9986_-16.9987_-19.9985_-10.9992,192493,-14.9987_18.9984_-15.9986_-18.9984_-11.9990
29,192493,-14.9987_18.9984_-15.9986_-18.9984_-11.9990,191775,-14.9986_17.9983_-15.9985_-17.9983_-11.9988
29,191775,-14.9986_17.9983_-15.9985_-17.9983_-11.9988,190785,-16.9981_14.9983_-14.9983_-17.9980_-10.9988
29,190785,-16.9981_14.9983_-14.9983_-17.9980_-10.9988,190353,-16.9980_14.9982_-14.9982_-16.9980_-10.9987
29,190353,-16.9980_14.9982_-14.9982_-16.9980_-10.9987,190353,-16.9980_13.9983_-13.9983_-17.9979_-11.9986
29,190353,-16.9980_13.9983_-13.9983_-17.9979_-11.9986,189907,-16.9979_12.9984_-13.9982_-18.9976_-9.9987
29,189907,-16.9979_12.9984_-13.9982_-18.9976_-9.9987,189825,-16.9978_12.9983_-12.9983_-18.9976_-10.9986
29,189825,-16.9978_12.9983_-12.9983_-18.9976_-10.9986,188898,-14.9978_12.9981_-12.9981_-18.9973_-10.9985
29,188898,-14.9978_12.9981_-12.9981_-18.9973_-10.9985,188601,-14.9978_11.9982_-13.9979_-18.9972_-9.9985
29,188601,-14.9978_11.9982_-13.9979_-18.9972_-9.9985,188210,-12.9980_12.9980_-13.9978_-17.9972_-11.9981
29,188210,-12.9980_12.9980_-13.9978_-17.9972_-11.9981,187818,-12.9979_12.9979_-13.9977_-17.9971_-10.9982
29,187818,-12.9979_12.9979_-13.9977_-17.9971_-10.9982,186941,-14.9971_9.9982_-13.9975_-16.9970_-10.9981
29,186941,-14.9971_9.9982_-13.9975_-16.9970_-10.9981,184650,-12.9971_12.9971_-10.9975_-13.9969_-12.9971
29,184650,-12.9971_12.9971_-10.9975_-13.9969_-12.9971,183492,-11.9970_12.9967_-9.9975_-12.9968_-13.9965
29,183492,-11.9970_12.9967_-9.9975_-12.9968_-13.9965,182755,-11.9969_12.9966_-9.9974_-12.9966_-12.9966
29,182755,-11.9969_12.9966_-9.9974_-12.9966_-12.9966,182149,-10.9970_11.9967_-9.9972_-13.9961_-12.9964
29,182149,-10.9970_11.9967_-9.9972_-13.9961_-12.9964,180647,-10.9966_13.9957_-11.9963_-10.9966_-9.9969
29,180647,-10.9966_13.9957_-11.9963_-10.9966_-9.9969,176571,-9.9959_12.9947_-10.9955_-10.9955_-7.9967
29,176571,-9.9959_12.9947_-10.9955_-10.9955_-7.9967,173295,-5.9970_8.9955_-12.9936_-13.9931_-4.9975
29,173295,-5.9970_8.9955_-12.9936_-13.9931_-4.9975,109070,0.0000_-6.9695_-2.9870_1.9914_-3.9827
29,109070,0.0000_-6.9695_-2.9870_1.9914_-3.9827,94199,0.9938_-5.9622_-1.9875_0.9938_-2.9812
29,94199,0.9938_-5.9622_-1.9875_0.9938_-2.9812,52877,0.0000_-2.9448_0.9819_0.9819_-0.9819
29,52877,0.0000_-2.9448_0.9819_0.9819_-0.9819,41671,-0.9744_-0.9744_-0.9744_-0.0000_-1.9481
29,41671,-0.9744_-0.9744_-0.9744_-0.0000_-1.9481,28143,0.0000_-0.9571_0.9571_0.9571_0.0000
29,28143,0.0000_-0.9571_0.9571_0.9571_0.0000,23168,0.9454_0.9454_-0.0000_-0.0000_0.0000
29,23168,0.9454_0.9454_-0.0000_-0.0000_0.0000,16462,-0.9175_-0.0000_-0.0000_-0.0000_-0.0000
29,16462,-0.9175_-0.0000_-0.0000_-0.0000_-0.0000,0,0.0000_0.0000_0.0000_-0.0000_-0.0000
29,0,0.0000_0.0000_0.0000_-0.0000_-0.0000,0,0.0000_-0.0000_-0.0000_-0.0000_-0.0000
29,0,0.0000_-0.0000_-0.0000_-0.0000_-0.0000,0,0.0000_-0.0000_0.0000_-0.0000_-0.0000
29,0,0.0000_-0.0000_0.0000_-0.0000_-0.0000,0,-0.0000_-0.0000_-0.0000_0.0000_0.0000
30,168204,-5.9961_-4.9968_6.9955_12.9916_11.9923,164592,-5.9954_-4.9962_6.9947_10.9916_11.9908
30,164592,-5.9954_-4.9962_6.9947_10.9916_11.9908,161812,-6.9940_-2.9974_7.9931_10.9905_9.9914
30,161812,-6.9940_-2.9974_7.9931_10.9905_9.9914,156014,-7.9913_-4.9946_8.9902_8.9902_5.9935
30,156014,-7.9913_-4.9946_8.9902_8.9902_5.9935,149188,-6.9903_-3.9945_7.9889_8.9875_4.9931
30,149188,-6.9903_-3.9945_7.9889_8.9875_4.9931,143843,-7.9868_-7.9868_-0.9983_7.9868_2.9950
30,143843,-7.9868_-7.9868_-0.9983_7.9868_2.9950,128052,-4.9868_-6.9815_-3.9895_4.9868_3.9895
30,128052,-4.9868_-6.9815_-3.9895_4.9868_3.9895,106203,-2.9860_-4.9767_-1.9907_2.9860_4.9767
30,106203,-2.9860_-4.9767_-1.9907_2.9860_4.9767,71809,0.9892_0.0000_-1.9783_1.9783_3.9561
30,71809,0.9892_0.0000_-1.9783_1.9783_3.9561,56495,-0.9837_-0.0000_-1.9672_0.0000_2.9504
30,56495,-0.9837_-0.0000_-1.9672_0.0000_2.9504,28143,-0.9571_0.9571_0.9571_0.0000_0.0000
30,28143,-0.9571_0.9571_0.9571_0.0000_0.0000,0,-0.0000_0.0000_0.0000_0.0000_0.0000
31,195646,-31.9986_-8.9996_25.9989_-1.0000_6.9997,195297,-30.9985_-8.9996_25.9988_-1.9999_5.9997
31,195297,-30.9985_-8.9996_25.9988_-1.9999_5.9997,194867,-29.9984_-7.9996_25.9986_-1.0000_5.9997
31,194867,-29.9984_-7.9996_25.9986_-1.0000_5.9997,194867,-29.9984_-7.9996_25.9986_-0.9999_5.9997
31,194867,-29.9984_-7.9996_25.9986_-0.9999_5.9997,194822,-29.9984_-7.9996_25.9987_-1.9999_4.9997
31,194822,-29.9984_-7.9996_25.9987_-1.9999_4.9997,194754,-29.9984_-7.9996_25.9986_-1.0000_3.9998
31,194754,-29.9984_-7.9996_25.9986_-1.0000_3.9998,194128,-28.9982_-7.9995_24.9984_-0.9999_4.9997
31,194128,-28.9982_-7.9995_24.9984_-0.9999_4.9997,193832,-27.9981_-9.9993_23.9984_-1.9999_6.9995
31,193832,-27.9981_-9.9993_23.9984_-1.9999_6.9995,193165,-25.9980_-10.9992_23.9982_-3.9997_5.9995
31,193165,-25.9980_-10.9992_23.9982_-3.9997_5.9995,192814,-23.9981_-8.9993_25.9979_-4.9996_4.9996
31,192814,-23.9981_-8.9993_25.9979_-4.9996_4.9996,192665,-23.9980_-7.9993_25.9978_-4.9996_4.9996
31,192665,-23.9980_-7.9993_25.9978_-4.9996_4.9996,190001,-17.9978_-2.9996_27.9965_-0.9999_1.9998
31,190001,-17.9978_-2.9996_27.9965_-0.9999_1.9998,189518,-17.9976_-4.9993_26.9964_-2.9996_0.0000
31,189518,-17.9976_-4.9993_26.9964_-2.9996_0.0000,188109,-18.9970_-8.9986_22.9964_-4.9992_-0.0000
31,188109,-18.9970_-8.9986_22.9964_-4.9992_-0.0000,187168,-18.9967_-8.9984_21.9962_-3.9993_-0.9998
31,187168,-18.9967_-8.9984_21.9962_-3.9993_-0.9998,185049,-17.9961_-8.9981_19.9957_-5.9987_-0.0000
31,185049,-17.9961_-8.9981_19.9957_-5.9987_-0.0000,182614,-15.9957_-4.9987_19.9943_-6.9980_-3.9989
31,182614,-15.9957_-4.9987_19.9943_-6.9980_-3.9989,182614,-15.9957_-4.9987_19.9947_-6.9981_-3.9989
31,182614,-15.9957_-4.9987_19.9947_-6.9981_-3.9989,182384,-15.9957_-5.9984_18.9949_-6.9981_-5.9984
31,182384,-15.9957_-5.9984_18.9949_-6.9981_-5.9984,179932,-14.9951_-1.9994_19.9935_-3.9987_-3.9987
31,179932,-14.9951_-1.9994_19.9935_-3.9987_-3.9987,177044,-15.9937_-3.9984_16.9932_-2.9988_-3.9984
31,177044,-15.9937_-3.9984_16.9932_-2.9988_-3.9984,175672,-14.9935_-3.9983_16.9927_-2.9987_-3.9983
31,175672,-14.9935_-3.9983_16.9927_-2.9987_-3.9983,175060,-13.9937_-3.9982_16.9924_-4.9978_-3.9982
31,175060,-13.9937_-3.9982_16.9924_-4.9978_-3.9982,173027,-13.9930_-3.9980_15.9920_-2.9985_-4.9975
31,173027,-13.9930_-3.9980_15.9920_-2.9985_-4.9975,170614,-13.9920_-3.9977_13.9920_-3.9977_-5.9966
31,170614,-13.9920_-3.9977_13.9920_-3.9977_-5.9966,158558,-7.9922_-14.9852_1.9980_-3.9961_-0.9990
31,158558,-7.9922_-14.9852_1.9980_-3.9961_-0.9990,130763,3.9902_-7.9804_-2.9927_3.9902_-5.9853
31,130763,3.9902_-7.9804_-2.9927_3.9902_-5.9853,115450,2.9890_-6.9741_-2.9890_0.9963_-4.9816
31,115450,2.9890_-6.9741_-2.9890_0.9963_-4.9816,38858,0.9718_-1.9427_0.9718_-0.0000_0.0000
31,38858,0.9718_-1.9427_0.9718_-0.0000_0.0000,28143,0.0000_-0.0000_0.9571_0.9571_0.9571
31,28143,0.0000_-0.0000_0.9571_0.9571_0.9571,0,-0.0000_0.0000_0.0000_-0.0000_-0.0000
31,0,-0.0000_0.0000_0.0000_-0.0000_-0.0000,0,-0.0000_0.0000_-0.0000_0.0000_0.0000
31,0,-0.0000_0.0000_-0.0000_0.0000_0.0000,0,0.0000_0.0000_0.0000_-0.0000_0.0000
31,0,0.0000_0.0000_0.0000_-0.0000_0.0000,0,-0.0000_-0.0000_-0.0000_-0.0000_0.0000
31,0,-0.0000_-0.0000_-0.0000_-0.0000_0.0000,0,0.0000_-0.0000_0.0000_0.0000_0.0000
31,0,0.0000_-0.0000_0.0000_0.0000_0.0000,0,0.0000_0.0000_0.0000_0.0000_0.0000
32,194713,1.9999_0.9999_-26.9985_-29.9984_-3.9998,194707,1.9999_-0.0000_-26.9985_-29.9984_-3.9998
32,194707,1.9999_-0.0000_-26.9985_-29.9984_-3.9998,194317,1.9999_-1.9999_-27.9983_-27.9983_-2.9998
32,194317,1.9999_-1.9999_-27.9983_-27.9983_-2.9998,193896,0.9999_-1.9999_-26.9982_-27.9982_-1.9999
32,193896,0.9999_-1.9999_-26.9982_-27.9982_-1.9999,193494,0.9999_-1.9999_-26.9981_-26.9981_-1.9999
32,193494,0.9999_-1.9999_-26.9981_-26.9981_-1.9999,193075,-0.9999_-1.9998_-24.9981_-27.9979_0.0000
32,193075,-0.9999_-1.9998_-24.9981_-27.9979_0.0000,192611,-0.9999_-1.9998_-24.9979_-26.9977_0.9999
32,192611,-0.9999_-1.9998_-24.9979_-26.9977_0.9999,191629,-0.9999_0.0000_-22.9977_-26.9973_-0.0000
32,191629,-0.9999_0.0000_-22.9977_-26.9973_-0.0000,189893,-0.9999_-1.9998_-21.9972_-24.9968_-0.0000
32,189893,-0.9999_-1.9998_-21.9972_-24.9968_-0.0000,189155,-0.0000_-1.9998_-22.9967_-22.9968_-0.0000
32,189155,-0.0000_-1.9998_-22.9967_-22.9968_-0.0000,186864,-2.9995_2.9994_-19.9964_-21.9960_-4.9991
32,186864,-2.9995_2.9994_-19.9964_-21.9960_-4.9991,186767,-4.9991_1.9996_-19.9964_-21.9960_-2.9995
32,186767,-4.9991_1.9996_-19.9964_-21.9960_-2.9995,185955,-4.9990_0.0000_-17.9964_-22.9955_-1.9996
32,185955,-4.9990_0.0000_-17.9964_-22.9955_-1.9996,185763,-3.9992_0.0000_-17.9964_-22.9954_-1.9996
32,185763,-3.9992_0.0000_-17.9964_-22.9954_-1.9996,183088,-3.9990_0.9997_-16.9957_-20.9946_-3.9990
32,183088,-3.9990_0.9997_-16.9957_-20.9946_-3.9990,168817,2.9981_-1.9988_-10.9931_-16.9894_2.9981
32,168817,2.9981_-1.9988_-10.9931_-16.9894_2.9981,168479,2.9981_-1.9987_-10.9930_-16.9892_1.9987
32,168479,2.9981_-1.9987_-10.9930_-16.9892_1.9987,162449,3.9966_-2.9975_-9.9916_-14.9874_-0.0000
32,162449,3.9966_-2.9975_-9.9916_-14.9874_-0.0000,161440,3.9965_-3.9965_-8.9921_-14.9869_0.9991
32,161440,3.9965_-3.9965_-8.9921_-14.9869_0.9991,159183,3.9962_-4.9952_-6.9933_-14.9856_0.9990
32,159183,3.9962_-4.9952_-6.9933_-14.9856_0.9990,118106,0.0000_4.9828_-0.9966_-4.9828_-6.9759
32,118106,0.0000_4.9828_-0.9966_-4.9828_-6.9759,117738,0.9965_4.9826_-0.9965_-5.9791_-5.9791
32,117738,0.9965_4.9826_-0.9965_-5.9791_-5.9791,48841,1.9589_-1.9589_0.0000_-0.9796_-0.9796
32,48841,1.9589_-1.9589_0.0000_-0.9796_-0.9796,46624,1.9559_-1.9560_0.0000_0.9782_-0.0000
32,46624,1.9559_-1.9560_0.0000_0.9782_-0.0000,23168,0.0000_-0.9454_0.0000_0.0000_-0.9454
32,23168,0.0000_-0.9454_0.0000_0.0000_-0.9454,16462,-0.9175_-0.0000_0.0000_-0.0000_0.0000
32,16462,-0.9175_-0.0000_0.0000_-0.0000_0.0000,0,0.0000_-0.0000_0.0000_-0.0000_-0.0000
32,0,0.0000_-0.0000_0.0000_-0.0000_-0.0000,0,-0.0000_-0.0000_-0.0000_0.0000_-0.0000
32,0,-0.0000_-0.0000_-0.0000_0.0000_-0.0000,0,-0.0000_-0.0000_-0.0000_-0.0000_0.0000
32,0,-0.0000_-0.0000_-0.0000_-0.0000_0.0000,0,0.0000_-0.0000_-0.0000_0.0000_0.0000
32,0,0.0000_-0.0000_-0.0000_0.0000_0.0000,0,0.0000_0.0000_0.0000_-0.0000_-0.0000
32,0,0.0000_0.0000_0.0000_-0.0000_-0.0000,0,0.0000_-0.0000_0.0000_-0.0000_0.0000
33,196569,8.9997_27.9991_0.0000_23.9992_24.9992,196140,6.9997_28.9989_0.0000_22.9992_22.9992
33,196140,6.9997_28.9989_0.0000_22.9992_22.9992,195908,5.9998_28.9989_-1.0000_21.9991_22.9991
33,195908,5.9998_28.9989_-1.0000_21.9991_22.9991,195727,5.9998_28.9988_-1.9999_21.9991_21.9991
33,195727,5.9998_28.9988_-1.9999_21.9991_21.9991,195236,5.9997_27.9987_-1.0000_20.9990_21.9990
33,195236,5.9997_27.9987_-1.0000_20.9990_21.9990,195175,5.9997_26.9987_-1.0000_21.9989_21.9989
33,195175,5.9997_26.9987_-1.0000_21.9989_21.9989,194736,3.9998_24.9987_-0.0000_22.9988_21.9988
33,194736,3.9998_24.9987_-0.0000_22.9988_21.9988,194323,4.9997_25.9985_0.9999_21.9987_19.9988
33,194323,4.9997_25.9985_0.9999_21.9987_19.9988,193999,3.9997_25.9983_-0.0000_21.9986_18.9988
33,193999,3.9997_25.9983_-0.0000_21.9986_18.9988,193395,5.9995_26.9981_-0.0000_19.9986_16.9987
33,193395,5.9995_26.9981_-0.0000_19.9986_16.9987,193001,4.9996_26.9979_-0.9999_18.9985_16.9987
33,193001,4.9996_26.9979_-0.9999_18.9985_16.9987,192308,-11.9989_26.9977_2.9997_20.9982_1.9998
33,192308,-11.9989_26.9977_2.9997_20.9982_1.9998,191447,-11.9988_26.9973_1.9998_18.9981_1.9998
33,191447,-11.9988_26.9973_1.9998_18.9981_1.9998,190429,-12.9985_24.9971_0.0000_18.9978_-0.0000
33,190429,-12.9985_24.9971_0.0000_18.9978_-0.0000,188898,-11.9983_23.9965_0.0000_17.9974_0.9999
33,188898,-11.9983_23.9965_0.0000_17.9974_0.9999,186709,-12.9976_21.9960_0.9998_15.9971_2.9995
33,186709,-12.9976_21.9960_0.9998_15.9971_2.9995,186144,-12.9975_21.9957_1.9996_14.9971_2.9994
33,186144,-12.9975_21.9957_1.9996_14.9971_2.9994,185611,-11.9976_21.9955_1.9996_14.9969_2.9994
33,185611,-11.9976_21.9955_1.9996_14.9969_2.9994,183702,-11.9971_20.9949_3.9990_12.9969_3.9990
33,183702,-11.9971_20.9949_3.9990_12.9969_3.9990,177213,-9.9961_18.9926_1.9992_10.9957_1.9992
33,177213,-9.9961_18.9926_1.9992_10.9957_1.9992,177087,-9.9960_18.9925_0.9996_10.9957_1.9992
33,177087,-9.9960_18.9925_0.9996_10.9957_1.9992,176483,-11.9951_17.9926_1.9992_9.9959_0.9996
33,176483,-11.9951_17.9926_1.9992_9.9959_0.9996,176127,-9.9958_18.9920_-0.0000_9.9958_1.9992
33,176127,-9.9958_18.9920_-0.0000_9.9958_1.9992,152678,-10.9865_10.9865_0.0000_2.9963_-2.9964
33,152678,-10.9865_10.9865_0.0000_2.9963_-2.9964,145897,-9.9845_9.9845_-1.9969_2.9954_-0.9985
33,145897,-9.9845_9.9845_-1.9969_2.9954_-0.9985,144020,-7.9868_10.9819_-0.9984_3.9934_-0.9984
33,144020,-7.9868_10.9819_-0.9984_3.9934_-0.9984,114254,-1.9924_3.9848_5.9772_4.9810_2.9886
33,114254,-1.9924_3.9848_5.9772_4.9810_2.9886,111313,-0.9957_4.9791_4.9796_3.9838_3.9833
33,111313,-0.9957_4.9791_4.9796_3.9838_3.9833,102035,0.9949_4.9741_2.9845_4.9741_1.9897
33,102035,0.9949_4.9741_2.9845_4.9741_1.9897,85348,0.9923_3.9688_1.9845_2.9767_2.9767
33,85348,0.9923_3.9688_1.9845_2.9767_2.9767,74044,-0.9897_3.9586_0.0000_0.9898_2.9691
33,74044,-0.9897_3.9586_0.0000_0.9898_2.9691,59783,-1.9701_0.9851_2.9548_-0.9851_-0.9851
33,59783,-1.9701_0.9851_2.9548_-0.9851_-0.9851,28143,0.9571_-0.9571_0.0000_0.0000_0.9571
33,28143,0.9571_-0.9571_0.0000_0.0000_0.9571,16462,0.9175_0.0000_0.0000_0.0000_0.0000
33,16462,0.9175_0.0000_0.0000_0.0000_0.0000,16462,0.0000_-0.0000_-0.9175_0.0000_-0.0000
33,16462,0.0000_-0.0000_-0.9175_0.0000_-0.0000,0,0.0000_-0.0000_0.0000_-0.0000_-0.0000
33,0,0.0000_-0.0000_0.0000_-0.0000_-0.0000,0,-0.0000_0.0000_-0.0000_-0.0000_0.0000
33,0,-0.0000_0.0000_-0.0000_-0.0000_0.0000,0,-0.0000_0.0000_0.0000_0.0000_0.0000
33,0,-0.0000_0.0000_0.0000_0.0000_0.0000,0,-0.0000_0.0000_-0.0000_-0.0000_-0.0000
34,189575,16.9978_-9.9987_-20.9972_5.9992_14.9980,189302,16.9977_-8.9988_-20.9971_5.9992_14.9980
34,189302,16.9977_-8.9988_-20.9971_5.9992_14.9980,188632,15.9976_-8.9987_-20.9969_4.9993_14.9978
34,188632,15.9976_-8.9987_-20.9969_4.9993_14.9978,186018,13.9973_-9.9980_-17.9965_2.9994_15.9969
34,186018,13.9973_-9.9980_-17.9965_2.9994_15.9969,185955,13.9973_-7.9985_-17.9964_2.9994_16.9967
34,185955,13.9973_-7.9985_-17.9964_2.9994_16.9967,182811,13.9963_-5.9984_-15.9958_2.9992_15.9958
34,182811,13.9963_-5.9984_-15.9958_2.9992_15.9958,181420,15.9953_-6.9980_-13.9959_2.9991_13.9959
34,181420,15.9953_-6.9980_-13.9959_2.9991_13.9959,178806,14.9947_-5.9979_-13.9951_1.9993_12.9954
34,178806,14.9947_-5.9979_-13.9951_1.9993_12.9954,176614,13.9943_-5.9976_-13.9943_1.9992_11.9951
34,176614,13.9943_-5.9976_-13.9943_1.9992_11.9951,174916,14.9932_-5.9973_-12.9941_2.9986_9.9955
34,174916,14.9932_-5.9973_-12.9941_2.9986_9.9955,173135,12.9935_-6.9965_-13.9930_2.9985_8.9955
34,173135,12.9935_-6.9965_-13.9930_2.9985_8.9955,168135,11.9922_-5.9961_-12.9916_2.9981_7.9948
34,168135,11.9922_-5.9961_-12.9916_2.9981_7.9948,166698,11.9917_-5.9958_-12.9910_1.9986_6.9951
34,166698,11.9917_-5.9958_-12.9910_1.9986_6.9951,62801,0.9863_-1.9725_-2.9584_0.0000_1.9725
34,62801,0.9863_-1.9725_-2.9584_0.0000_1.9725,41671,-1.9481_0.9744_0.9744_0.0000_0.9744
34,41671,-1.9481_0.9744_0.9744_0.0000_0.9744,41671,-0.9744_0.9744_0.9744_-0.0000_1.9481
34,41671,-0.9744_0.9744_0.9744_-0.0000_1.9481,0,0.0000_-0.0000_-0.0000_-0.0000_0.0000
34,0,0.0000_-0.0000_-0.0000_-0.0000_0.0000,0,-0.0000_0.0000_-0.0000_-0.0000_0.0000
34,0,-0.0000_0.0000_-0.0000_-0.0000_0.0000,0,0.0000_0.0000_0.0000_-0.0000_-0.0000
34,0,0.0000_0.0000_0.0000_-0.0000_-0.0000,0,-0.0000_-0.0000_0.0000_-0.0000_-0.0000
34,0,-0.0000_-0.0000_0.0000_-0.0000_-0.0000,0,0.0000_0.0000_0.0000_-0.0000_-0.0000
34,0,0.0000_0.0000_0.0000_-0.0000_-0.0000,0,-0.0000_0.0000_0.0000_-0.0000_0.0000
34,0,-0.0000_0.0000_0.0000_-0.0000_0.0000,0,0.0000_0.0000_-0.0000_-0.0000_0.0000
34,0,0.0000_0.0000_-0.0000_-0.0000_0.0000,0,-0.0000_0.0000_-0.0000_-0.0000_0.0000
34,0,-0.0000_0.0000_-0.0000_-0.0000_0.0000,0,0.0000_0.0000_-0.0000_0.0000_-0.0000
35,182556,-23.9936_-9.9973_7.9979_1.9995_0.0000,181971,-22.9936_-10.9969_7.9978_2.9992_-0.9997
35,181971,-22.9936_-10.9969_7.9978_2.9992_-0.9997,180345,-21.9931_-10.9965_7.9975_1.9994_0.0000
35,180345,-21.9931_-10.9965_7.9975_1.9994_0.0000,179614,-21.9927_-9.9967_7.9973_1.9993_-0.0000
35,179614,-21.9927_-9.9967_7.9973_1.9993_-0.0000,171512,-17.9902_-9.9945_4.9973_4.9973_0.9995
35,171512,-17.9902_-9.9945_4.9973_4.9973_0.9995,170367,-17.9896_-8.9948_4.9971_4.9971_0.9994
35,170367,-17.9896_-8.9948_4.9971_4.9971_0.9994,170367,-17.9896_-8.9948_4.9971_4.9971_0.9994
35,170367,-17.9896_-8.9948_4.9971_4.9971_0.9994,146226,-1.9969_2.9954_-12.9801_-2.9954_-4.9923
35,146226,-1.9969_2.9954_-12.9801_-2.9954_-4.9923,128611,-0.9974_0.9974_-10.9713_0.9974_-2.9922
35,128611,-0.9974_0.9974_-10.9713_0.9974_-2.9922,121609,0.9968_-0.0000_-9.9685_-0.0000_-2.9906
35,121609,0.9968_-0.0000_-9.9685_-0.0000_-2.9906,115449,0.9963_0.9963_-8.9667_-0.9963_-2.9890
35,115449,0.9963_0.9963_-8.9667_-0.9963_-2.9890,93530,-0.0000_1.9873_-5.9616_-2.9809_0.9937
35,93530,-0.0000_1.9873_-5.9616_-2.9809_0.9937,81917,1.9830_0.9916_-4.9575_-0.9916_1.9832
35,81917,1.9830_0.9916_-4.9575_-0.9916_1.9832,77178,0.9905_-0.0000_-4.9519_-1.9810_0.0000
35,77178,0.9905_-0.0000_-4.9519_-1.9810_0.0000,0,0.0000_-0.0000_-0.0000_0.0000_-0.0000
35,0,0.0000_-0.0000_-0.0000_0.0000_-0.0000,0,0.0000_0.0000_0.0000_-0.0000_0.0000
35,0,0.0000_0.0000_0.0000_-0.0000_0.0000,0,0.0000_0.0000_0.0000_0.0000_-0.0000
35,0,0.0000_0.0000_0.0000_0.0000_-0.0000,0,0.0000_0.0000_-0.0000_0.0000_0.0000
35,0,0.0000_0.0000_-0.0000_0.0000_0.0000,0,-0.0000_0.0000_0.0000_0.0000_0.0000
36,195206,9.9995_1.9999_-31.9985_-23.9989_5.9997,193910,6.9995_2.9998_-28.9981_-23.9984_6.9995
36,193910,6.9995_2.9998_-28.9981_-23.9984_6.9995,193059,4.9996_4.9996_-27.9979_-22.9982_6.9995
36,193059,4.9996_4.9996_-27.9979_-22.9982_6.9995,192950,0.9998_1.9998_-24.9981_-24.9982_11.9991
36,192950,0.9998_1.9998_-24.9981_-24.9982_11.9991,192744,0.9999_0.9999_-25.9979_-23.9980_10.9991
36,192744,0.9999_0.9999_-25.9979_-23.9980_10.9991,191425,0.9999_1.9998_-24.9975_-22.9977_8.9991
36,191425,0.9999_1.9998_-24.9975_-22.9977_8.9991,191326,1.9998_2.9997_-24.9974_-22.9976_7.9992
36,191326,1.9998_2.9997_-24.9974_-22.9976_7.9992,190725,0.9999_2.9997_-23.9973_-22.9974_7.9991
36,190725,0.9999_2.9997_-23.9973_-22.9974_7.9991,190578,1.9998_2.9997_-23.9972_-22.9974_6.9992
36,190578,1.9998_2.9997_-23.9972_-22.9974_6.9992,189825,1.9997_2.9996_-23.9970_-21.9972_5.9992
36,189825,1.9997_2.9996_-23.9970_-21.9972_5.9992,188851,3.9994_4.9993_-23.9965_-19.9971_4.9993
36,188851,3.9994_4.9993_-23.9965_-19.9971_4.9993,188092,3.9994_4.9992_-22.9964_-19.9969_4.9992
36,188092,3.9994_4.9992_-22.9964_-19.9969_4.9992,187408,4.9991_4.9991_-22.9961_-18.9968_3.9993
36,187408,4.9991_4.9991_-22.9961_-18.9968_3.9993,186531,3.9993_3.9992_-22.9957_-17.9967_4.9991
36,186531,3.9993_3.9992_-22.9957_-17.9967_4.9991,183359,2.9992_1.9995_-19.9950_-17.9955_5.9985
36,183359,2.9992_1.9995_-19.9950_-17.9955_5.9985,179721,2.9990_1.9993_-18.9937_-15.9947_4.9984
36,179721,2.9990_1.9993_-18.9937_-15.9947_4.9984,178994,2.9989_1.9993_-18.9934_-14.9948_5.9979
36,178994,2.9989_1.9993_-18.9934_-14.9948_5.9979,176614,5.9976_2.9988_-18.9923_-10.9955_6.9972
36,176614,5.9976_2.9988_-18.9923_-10.9955_6.9972,140879,-0.9982_8.9837_-7.9855_-1.9964_5.9891
36,140879,-0.9982_8.9837_-7.9855_-1.9964_5.9891,131792,0.0000_9.9762_-3.9905_1.9953_4.9881
36,131792,0.0000_9.9762_-3.9905_1.9953_4.9881,129971,0.0000_9.9749_-2.9925_1.9950_4.9875
36,129971,0.0000_9.9749_-2.9925_1.9950_4.9875,129433,0.9975_9.9746_-2.9924_0.9975_4.9873
36,129433,0.9975_9.9746_-2.9924_0.9975_4.9873,124817,0.0000_9.9711_-1.9942_0.0000_3.9885
36,124817,0.0000_9.9711_-1.9942_0.0000_3.9885,119191,-2.9900_6.9765_-0.0000_-2.9900_5.9799
36,119191,-2.9900_6.9765_-0.0000_-2.9900_5.9799,65596,0.9873_2.9615_-0.9873_-0.0000_2.9615
36,65596,0.9873_2.9615_-0.9873_-0.0000_2.9615,38858,-0.0000_0.9718_0.9718_1.9427_0.0000
36,38858,-0.0000_0.9718_0.9718_1.9427_0.0000,23168,0.0000_0.9454_-0.9454_-0.0000_-0.0000
36,23168,0.0000_0.9454_-0.9454_-0.0000_-0.0000,16462,0.0000_0.0000_-0.9175_0.0000_-0.0000
36,16462,0.0000_0.0000_-0.9175_0.0000_-0.0000,0,-0.0000_-0.0000_-0.0000_-0.0000_0.0000
36,0,-0.0000_-0.0000_-0.0000_-0.0000_0.0000,0,0.0000_-0.0000_0.0000_0.0000_-0.0000
36,0,0.0000_-0.0000_0.0000_0.0000_-0.0000,0,0.0000_0.0000_-0.0000_0.0000_-0.0000
36,0,0.0000_0.0000_-0.0000_0.0000_-0.0000,0,0.0000_-0.0000_-0.0000_0.0000_-0.0000
36,0,0.0000_-0.0000_-0.0000_0.0000_-0.0000,0,-0.0000_-0.0000_0.0000_-0.0000_0.0000
36,0,-0.0000_-0.0000_0.0000_-0.0000_0.0000,0,-0.0000_-0.0000_-0.0000_-0.0000_0.0000
36,0,-0.0000_-0.0000_-0.0000_-0.0000_0.0000,0,0.0000_0.0000_0.0000_0.0000_-0.0000
37,192629,-0.0000_16.9986_14.9987_7.9993_-27.9977,182528,4.9987_-7.9979_1.9995_-10.9971_-22.9939
37,182528,4.9987_-7.9979_1.9995_-10.9971_-22.9939,179862,3.9987_-6.9977_2.9990_-11.9961_-20.9931
37,179862,3.9987_-6.9977_2.9990_-11.9961_-20.9931,176744,-0.9996_-10.9955_5.9976_-13.9943_-14.9940
37,176744,-0.9996_-10.9955_5.9976_-13.9943_-14.9940,175579,-1.9991_-10.9952_5.9974_-13.9939_-13.9939
37,175579,-1.9991_-10.9952_5.9974_-13.9939_-13.9939,175439,-0.9996_-10.9952_5.9974_-13.9939_-13.9939
37,175439,-0.9996_-10.9952_5.9974_-13.9939_-13.9939,170797,-0.9994_-9.9944_6.9960_-12.9926_-11.9932
37,170797,-0.9994_-9.9944_6.9960_-12.9926_-11.9932,170736,0.0000_-9.9943_6.9960_-11.9932_-12.9926
37,170736,0.0000_-9.9943_6.9960_-11.9932_-12.9926,170736,1.9989_-7.9955_4.9972_-11.9932_-14.9915
37,170736,1.9989_-7.9955_4.9972_-11.9932_-14.9915,164096,7.9938_-11.9906_4.9962_-5.9953_-9.9922
37,164096,7.9938_-11.9906_4.9962_-5.9953_-9.9922,160678,8.9919_-10.9901_6.9937_-3.9964_-7.9928
37,160678,8.9919_-10.9901_6.9937_-3.9964_-7.9928,156588,7.9915_-10.9883_6.9926_-2.9969_-6.9926
37,156588,7.9915_-10.9883_6.9926_-2.9969_-6.9926,146874,6.9895_-8.9865_6.9895_-3.9940_-4.9925
37,146874,6.9895_-8.9865_6.9895_-3.9940_-4.9925,144020,6.9885_-7.9868_6.9885_-3.9934_-4.9918
37,144020,6.9885_-7.9868_6.9885_-3.9934_-4.9918,119191,0.9967_-6.9765_5.9799_-0.9967_-3.9866
37,119191,0.9967_-6.9765_5.9799_-0.9967_-3.9866,114656,2.9887_-3.9850_6.9736_0.9962_-3.9850
37,114656,2.9887_-3.9850_6.9736_0.9962_-3.9850,109529,2.9872_-0.9957_6.9699_-1.9914_-3.9829
37,109529,2.9872_-0.9957_6.9699_-1.9914_-3.9829,91455,4.9664_-0.9933_0.9933_1.9867_-3.9732
37,91455,4.9664_-0.9933_0.9933_1.9867_-3.9732,81013,2.9741_0.9914_1.9827_1.9827_-3.9653
37,81013,2.9741_0.9914_1.9827_1.9827_-3.9653,58176,-1.9687_2.9527_-0.0000_-0.9845_-0.9844
37,58176,-1.9687_2.9527_-0.0000_-0.9845_-0.9844,44246,-0.9765_0.9765_-0.9765_-1.9524_0.9765
37,44246,-0.9765_0.9765_-0.9765_-1.9524_0.9765,16462,0.0000_0.0000_-0.0000_0.0000_0.9176
37,16462,0.0000_0.0000_-0.0000_0.0000_0.9176,16462,-0.9175_-0.0000_-0.0000_-0.0000_-0.0000
37,16462,-0.9175_-0.0000_-0.0000_-0.0000_-0.0000,0,-0.0000_0.0000_-0.0000_0.0000_0.0000
37,0,-0.0000_0.0000_-0.0000_0.0000_0.0000,0,0.0000_0.0000_-0.0000_-0.0000_-0.0000
37,0,0.0000_0.0000_-0.0000_-0.0000_-0.0000,0,-0.0000_-0.0000_-0.0000_0.0000_-0.0000
37,0,-0.0000_-0.0000_-0.0000_0.0000_-0.0000,0,0.0000_-0.0000_-0.0000_0.0000_0.0000
37,0,0.0000_-0.0000_-0.0000_0.0000_0.0000,0,-0.0000_-0.0000_-0.0000_0.0000_0.0000
37,0,-0.0000_-0.0000_-0.0000_0.0000_0.0000,0,0.0000_0.0000_0.0000_-0.0000_-0.0000
38,198295,-22.9997_27.9996_23.9997_6.9999_29.9996,197679,-6.9994_10.9990_32.7680_-6.9994_-11.9989
38,197679,-6.9994_10.9990_32.7680_-6.9994_-11.9989,192530,-6.9994_10.9991_31.9973_-5.9995_-10.9991
38,192530,-6.9994_10.9991_31.9973_-5.9995_-10.9991,191271,-6.9993_9.9990_31.9967_-1.9998_-6.9993
38,191271,-6.9993_9.9990_31.9967_-1.9998_-6.9993,190146,-3.9995_11.9985_29.9963_-2.9996_-7.9990
38,190146,-3.9995_11.9985_29.9963_-2.9996_-7.9990,188913,-3.9994_11.9983_28.9959_-2.9996_-5.9991
38,188913,-3.9994_11.9983_28.9959_-2.9996_-5.9991,186979,-2.9995_12.9977_26.9952_-0.9998_-4.9991
38,186979,-2.9995_12.9977_26.9952_-0.9998_-4.9991,181880,-0.0000_13.9961_21.9938_3.9989_-4.9986
38,181880,-0.0000_13.9961_21.9938_3.9989_-4.9986,180844,0.9997_12.9960_21.9933_2.9991_-4.9985
38,180844,0.9997_12.9960_21.9933_2.9991_-4.9985,173662,1.9990_8.9956_19.9903_4.9976_-1.9990
38,173662,1.9990_8.9956_19.9903_4.9976_-1.9990,169927,2.9982_9.9941_17.9893_3.9976_-0.0000
38,169927,2.9982_9.9941_17.9893_3.9976_-0.0000,169282,2.9982_8.9945_17.9890_4.9969_-0.0000
38,169282,2.9982_8.9945_17.9890_4.9969_-0.0000,163157,-0.9992_9.9919_13.9886_5.9951_-4.9959
38,163157,-0.9992_9.9919_13.9886_5.9951_-4.9959,154086,0.9988_7.9907_10.9872_6.9918_-5.9930
38,154086,0.9988_7.9907_10.9872_6.9918_-5.9930,56496,1.9672_-1.9672_0.9837_-0.9837_-1.9672
38,56496,1.9672_-1.9672_0.9837_-0.9837_-1.9672,28143,0.9571_0.0000_0.9571_-0.9571_-0.0000
38,28143,0.9571_0.0000_0.9571_-0.9571_-0.0000,23168,-0.0000_0.0000_-0.0000_-0.9454_-0.9454
38,23168,-0.0000_0.0000_-0.0000_-0.9454_-0.9454,16462,-0.0000_-0.0000_-0.9175_-0.0000_-0.0000
38,16462,-0.0000_-0.0000_-0.9175_-0.0000_-0.0000,0,-0.0000_-0.0000_-0.0000_0.0000_-0.0000
38,0,-0.0000_-0.0000_-0.0000_0.0000_-0.0000,0,0.0000_0.0000_0.0000_-0.0000_-0.0000
38,0,0.0000_0.0000_0.0000_-0.0000_-0.0000,0,0.0000_0.0000_-0.0000_0.0000_-0.0000
38,0,0.0000_0.0000_-0.0000_0.0000_-0.0000,0,0.0000_0.0000_-0.0000_-0.0000_-0.0000
38,0,0.0000_0.0000_-0.0000_-0.0000_-0.0000,0,-0.0000_0.0000_0.0000_-0.0000_-0.0000
38,0,-0.0000_0.0000_0.0000_-0.0000_-0.0000,0,-0.0000_0.0000_-0.0000_-0.0000_0.0000
38,0,-0.0000_0.0000_-0.0000_-0.0000_0.0000,0,0.0000_0.0000_0.0000_0.0000_-0.0000
39,196480,-28.9991_2.9999_-12.9996_29.9990_-10.9996,196124,-27.9990_3.9999_-11.9996_29.9989_-9.9996
39,196124,-27.9990_3.9999_-11.9996_29.9989_-9.9996,195282,-26.9987_2.9999_-12.9994_27.9987_-7.9996
39,195282,-26.9987_2.9999_-12.9994_27.9987_-7.9996,194967,-26.9987_1.9999_-12.9993_26.9986_-7.9996
39,194967,-26.9987_1.9999_-12.9993_26.9986_-7.9996,194725,-26.9985_0.9999_-11.9994_26.9985_-6.9996
39,194725,-26.9985_0.9999_-11.9994_26.9985_-6.9996,193889,-25.9983_-0.0000_-11.9992_25.9983_-4.9997
39,193889,-25.9983_-0.0000_-11.9992_25.9983_-4.9997,193703,-25.9982_-0.0000_-12.9991_24.9983_-4.9997
39,193703,-25.9982_-0.0000_-12.9991_24.9983_-4.9997,192298,-24.9978_-2.9997_-9.9991_23.9979_-3.9996
39,192298,-24.9978_-2.9997_-9.9991_23.9979_-3.9996,192298,-24.9978_-2.9997_-9.9991_23.9979_-3.9996
39,192298,-24.9978_-2.9997_-9.9991_23.9979_-3.9996,191009,-24.9973_-1.9998_-8.9990_21.9976_-2.9997
39,191009,-24.9973_-1.9998_-8.9990_21.9976_-2.9997,168682,5.9963_-18.9880_-1.9987_-1.9986_4.9968
39,168682,5.9963_-18.9880_-1.9987_-1.9986_4.9968,168273,4.9968_-18.9878_-0.9994_-0.9994_5.9961
39,168273,4.9968_-18.9878_-0.9994_-0.9994_5.9961,167500,4.9967_-18.9873_-0.9993_-0.9993_4.9967
39,167500,4.9967_-18.9873_-0.9993_-0.9993_4.9967,148131,-0.9986_-12.9813_0.0000_-6.9900_-2.9957
39,148131,-0.9986_-12.9813_0.0000_-6.9900_-2.9957,137830,-2.9942_-11.9758_-0.9980_-3.9921_-0.9980
39,137830,-2.9942_-11.9758_-0.9980_-3.9921_-0.9980,127484,-2.9920_-9.9731_-3.9893_-0.0000_1.9946
39,127484,-2.9920_-9.9731_-3.9893_-0.0000_1.9946,99195,-2.9834_-5.9666_2.9834_0.9945_-1.9889
39,99195,-2.9834_-5.9666_2.9834_0.9945_-1.9889,48841,-0.9796_-0.9796_1.9589_-0.0000_-1.9589
39,48841,-0.9796_-0.9796_1.9589_-0.0000_-1.9589,38858,-0.0000_-0.9718_1.9427_0.0000_-0.9718
39,38858,-0.0000_-0.9718_1.9427_0.0000_-0.9718,28143,-0.0000_-0.9571_-0.0000_0.9571_-0.9571
39,28143,-0.0000_-0.9571_-0.0000_0.9571_-0.9571,28143,0.0000_-0.0000_0.9571_0.9571_-0.9571
39,28143,0.0000_-0.0000_0.9571_0.9571_-0.9571,23168,0.9454_0.0000_-0.0000_0.0000_-0.9454
39,23168,0.9454_0.0000_-0.0000_0.0000_-0.9454,23168,-0.0000_-0.9454_0.9454_-0.0000_0.0000
39,23168,-0.0000_-0.9454_0.9454_-0.0000_0.0000,0,0.0000_-0.0000_0.0000_-0.0000_0.0000
39,0,0.0000_-0.0000_0.0000_-0.0000_0.0000,0,-0.0000_0.0000_0.0000_-0.0000_0.0000
39,0,-0.0000_0.0000_0.0000_-0.0000_0.0000,0,-0.0000_-0.0000_0.0000_0.0000_-0.0000
40,193944,13.9991_6.9995_-9.9994_-27.9982_19.9987,193441,15.9989_7.9994_-7.9994_-25.9981_19.9986
40,193441,15.9989_7.9994_-7.9994_-25.9981_19.9986,193133,15.9988_7.9994_-7.9994_-25.9980_18.9986
40,193133,15.9988_7.9994_-7.9994_-25.9980_18.9986,192145,13.9987_9.9991_-6.9994_-25.9976_16.9985
40,192145,13.9987_9.9991_-6.9994_-25.9976_16.9985,190916,14.9984_7.9991_-4.9995_-24.9973_15.9982
40,190916,14.9984_7.9991_-4.9995_-24.9973_15.9982,190454,13.9984_7.9991_-3.9995_-24.9971_15.9981
40,190454,13.9984_7.9991_-3.9995_-24.9971_15.9981,190067,10.9986_8.9989_-4.9994_-23.9970_17.9978
40,190067,10.9986_8.9989_-4.9994_-23.9970_17.9978,188424,11.9982_6.9989_-6.9989_-21.9967_16.9974
40,188424,11.9982_6.9989_-6.9989_-21.9967_16.9974,186018,11.9977_6.9986_-5.9988_-19.9961_15.9969
40,186018,11.9977_6.9986_-5.9988_-19.9961_15.9969,185501,11.9975_5.9988_-4.9990_-19.9959_15.9967
40,185501,11.9975_5.9988_-4.9990_-19.9959_15.9967,182208,10.9970_3.9989_-2.9992_-18.9948_14.9959
40,182208,10.9970_3.9989_-2.9992_-18.9948_14.9959,179862,10.9964_5.9980_-2.9990_-17.9941_12.9957
40,179862,10.9964_5.9980_-2.9990_-17.9941_12.9957,177044,10.9956_7.9968_-0.9996_-15.9937_11.9953
40,177044,10.9956_7.9968_-0.9996_-15.9937_11.9953,176082,9.9958_7.9966_0.0000_-15.9933_11.9950
40,176082,9.9958_7.9966_0.0000_-15.9933_11.9950,171158,7.9956_5.9967_1.9989_-13.9922_12.9928
40,171158,7.9956_5.9967_1.9989_-13.9922_12.9928,171098,7.9955_7.9955_0.0000_-11.9933_13.9922
40,171098,7.9955_7.9955_0.0000_-11.9933_13.9922,167066,6.9953_7.9945_1.9986_-10.9925_12.9911
40,167066,6.9953_7.9945_1.9986_-10.9925_12.9911,0,0.0000_-0.0000_0.0000_0.0000_-0.0000
40,0,0.0000_-0.0000_0.0000_0.0000_-0.0000,0,0.0000_0.0000_0.0000_-0.0000_-0.0000
40,0,0.0000_0.0000_0.0000_-0.0000_-0.0000,0,0.0000_-0.0000_0.0000_0.0000_-0.0000
40,0,0.0000_-0.0000_0.0000_0.0000_-0.0000,0,-0.0000_-0.0000_0.0000_0.0000_0.0000
40,0,-0.0000_-0.0000_0.0000_0.0000_0.0000,0,-0.0000_0.0000_-0.0000_0.0000_0.0000
40,0,-0.0000_0.0000_-0.0000_0.0000_0.0000,0,-0.0000_-0.0000_-0.0000_0.0000_0.0000
41,195478,24.9989_14.9993_-15.9993_-7.9996_-24.9989,190676,10.9987_1.9998_-22.9974_-19.9977_-10.9988
41,190676,10.9987_1.9998_-22.9974_-19.9977_-10.9988,190172,10.9987_2.9996_-21.9973_-19.9976_-10.9987
41,190172,10.9987_2.9996_-21.9973_-19.9976_-10.9987,187730,8.9985_1.9997_-21.9963_-17.9970_-8.9985
41,187730,8.9985_1.9997_-21.9963_-17.9970_-8.9985,182090,0.9997_14.9958_-13.9961_-14.9958_-8.9975
41,182090,0.9997_14.9958_-13.9961_-14.9958_-8.9975,124197,-3.9883_6.9795_3.9883_-5.9824_-0.9971
41,124197,-3.9883_6.9795_3.9883_-5.9824_-0.9971,112600,-3.9842_5.9761_2.9882_-3.9842_-2.9881
41,112600,-3.9842_5.9761_2.9882_-3.9842_-2.9881,99195,-0.0000_2.9834_3.9779_-2.9834_-4.9723
41,99195,-0.0000_2.9834_3.9779_-2.9834_-4.9723,94858,-0.0000_2.9815_2.9816_-2.9816_-4.9691
41,94858,-0.0000_2.9815_2.9816_-2.9816_-4.9691,78172,0.9908_2.9721_1.9815_-0.9908_-3.9627
41,78172,0.9908_2.9721_1.9815_-0.9908_-3.9627,28143,0.9571_0.0000_0.0000_-0.9571_0.9571
41,28143,0.9571_0.0000_0.0000_-0.9571_0.9571,16462,0.9175_-0.0000_-0.0000_0.0000_-0.0000
41,16462,0.9175_-0.0000_-0.0000_0.0000_-0.0000,16462,-0.0000_0.0000_-0.0000_0.9175_0.0000
41,16462,-0.0000_0.0000_-0.0000_0.9175_0.0000,0,-0.0000_0.0000_0.0000_-0.0000_0.0000
41,0,-0.0000_0.0000_0.0000_-0.0000_0.0000,0,-0.0000_0.0000_-0.0000_-0.0000_0.0000
41,0,-0.0000_0.0000_-0.0000_-0.0000_0.0000,0,-0.0000_-0.0000_0.0000_-0.0000_0.0000
41,0,-0.0000_-0.0000_0.0000_-0.0000_0.0000,0,-0.0000_0.0000_-0.0000_-0.0000_-0.0000
41,0,-0.0000_0.0000_-0.0000_-0.0000_-0.0000,0,-0.0000_0.0000_0.0000_-0.0000_-0.0000
41,0,-0.0000_0.0000_0.0000_-0.0000_-0.0000,0,-0.0000_-0.0000_-0.0000_-0.0000_-0.0000
41,0,-0.0000_-0.0000_-0.0000_-0.0000_-0.0000,0,-0.0000_0.0000_0.0000_0.0000_-0.0000
41,0,-0.0000_0.0000_0.0000_0.0000_-0.0000,0,-0.0000_0.0000_0.0000_-0.0000_-0.0000
41,0,-0.0000_0.0000_0.0000_-0.0000_-0.0000,0,0.0000_0.0000_0.0000_0.0000_-0.0000
41,0,0.0000_0.0000_0.0000_0.0000_-0.0000,0,0.0000_0.0000_-0.0000_0.0000_-0.0000
41,0,0.0000_0.0000_-0.0000_0.0000_-0.0000,0,-0.0000_0.0000_0.0000_0.0000_0.0000
42,195535,18.9992_-15.9993_-25.9989_-14.9993_-16.9993,195425,19.9991_-15.9993_-25.9988_-13.9994_-15.9993
42,195425,19.9991_-15.9993_-25.9988_-13.9994_-15.9993,194565,18.9989_-13.9992_-25.9986_-13.9992_-13.9992
42,194565,18.9989_-13.9992_-25.9986_-13.9992_-13.9992,194355,17.9989_-11.9993_-26.9984_-12.9992_-14.9991
42,194355,17.9989_-11.9993_-26.9984_-12.9992_-14.9991,194167,17.9989_-11.9993_-26.9983_-12.9992_-13.9991
42,194167,17.9989_-11.9993_-26.9983_-12.9992_-13.9991,194161,17.9989_-13.9991_-25.9985_-13.9991_-12.9992
42,194161,17.9989_-13.9991_-25.9985_-13.9991_-12.9992,193637,16.9988_-10.9992_-25.9982_-11.9992_-15.9989
42,193637,16.9988_-10.9992_-25.9982_-11.9992_-15.9989,193494,17.9987_-10.9992_-25.9982_-10.9992_-14.9990
42,193494,17.9987_-10.9992_-25.9982_-10.9992_-14.9990,193472,16.9988_-9.9993_-26.9981_-10.9992_-14.9989
42,193472,16.9988_-9.9993_-26.9981_-10.9992_-14.9989,193245,16.9987_-9.9993_-26.9980_-10.9992_-13.9990
42,193245,16.9987_-9.9993_-26.9980_-10.9992_-13.9990,192336,15.9986_-8.9992_-25.9977_-10.9990_-13.9988
42,192336,15.9986_-8.9992_-25.9977_-10.9990_-13.9988,192164,16.9985_-8.9992_-24.9977_-10.9990_-13.9987
42,192164,16.9985_-8.9992_-24.9977_-10.9990_-13.9987,190797,11.9987_-13.9984_-26.9970_-9.9989_-3.9996
42,190797,11.9987_-13.9984_-26.9970_-9.9989_-3.9996,189199,13.9981_-14.9979_-23.9967_-7.9989_-1.9997
42,189199,13.9981_-14.9979_-23.9967_-7.9989_-1.9997,188007,12.9979_-13.9978_-23.9962_-6.9989_0.0000
42,188007,12.9979_-13.9978_-23.9962_-6.9989_0.0000,187036,9.9982_-13.9975_-23.9958_-7.9986_-0.0000
42,187036,9.9982_-13.9975_-23.9958_-7.9986_-0.0000,186748,9.9982_-13.9975_-23.9956_-6.9987_-0.0000
42,186748,9.9982_-13.9975_-23.9956_-6.9987_-0.0000,148739,1.9972_3.9944_-7.9887_1.9972_11.9831
42,148739,1.9972_3.9944_-7.9887_1.9972_11.9831,147352,2.9956_4.9926_-5.9911_2.9956_11.9823
42,147352,2.9956_4.9926_-5.9911_2.9956_11.9823,133038,-2.9931_0.9977_-5.9862_1.9954_9.9771
42,133038,-2.9931_0.9977_-5.9862_1.9954_9.9771,96773,0.9941_0.0000_-4.9705_-1.9883_4.9706
42,96773,0.9941_0.0000_-4.9705_-1.9883_4.9706,96773,0.9941_0.9941_-3.9765_-0.9941_5.9646
42,96773,0.9941_0.9941_-3.9765_-0.9941_5.9646,88514,1.9856_1.9856_-2.9785_0.9928_4.9639
42,88514,1.9856_1.9856_-2.9785_0.9928_4.9639,77178,1.9810_-0.0000_-0.9905_0.0000_4.9519
42,77178,1.9810_-0.0000_-0.9905_0.0000_4.9519,69440,1.9769_0.9885_0.9885_0.9885_3.9533
42,69440,1.9769_0.9885_0.9885_0.9885_3.9533,28144,0.0000_0.0000_-0.9570_-0.9571_0.9571
42,28144,0.0000_0.0000_-0.9570_-0.9571_0.9571,0,-0.0000_0.0000_-0.0000_-0.0000_0.0000
42,0,-0.0000_0.0000_-0.0000_-0.0000_0.0000,0,0.0000_0.0000_0.0000_0.0000_-0.0000
42,0,0.0000_0.0000_0.0000_0.0000_-0.0000,0,0.0000_0.0000_0.0000_-0.0000_-0.0000
42,0,0.0000_0.0000_0.0000_-0.0000_-0.0000,0,-0.0000_0.0000_0.0000_-0.0000_0.0000
42,0,-0.0000_0.0000_0.0000_-0.0000_0.0000,0,0.0000_-0.0000_-0.0000_-0.0000_0.0000
42,0,0.0000_-0.0000_-0.0000_-0.0000_0.0000,0,0.0000_0.0000_0.0000_0.0000_0.0000
43,192992,-10.9991_-26.9979_-2.9998_-22.9982_3.9997,179932,-11.9961_-15.9949_-0.9997_-15.9948_-1.9994
43,179932,-11.9961_-15.9949_-0.9997_-15.9948_-1.9994,177830,-11.9955_-13.9947_-0.0000_-15.9940_-2.9989
43,177830,-11.9955_-13.9947_-0.0000_-15.9940_-2.9989,177044,-11.9953_-12.9948_0.9996_-15.9937_-3.9984
43,177044,-11.9953_-12.9948_0.9996_-15.9937_-3.9984,172369,-10.9943_-12.9932_-0.0000_-13.9927_-1.9990
43,172369,-10.9943_-12.9932_-0.0000_-13.9927_-1.9990,171974,-6.9963_-13.9925_-1.9989_-14.9920_-2.9984
43,171974,-6.9963_-13.9925_-1.9989_-14.9920_-2.9984,168204,-6.9955_-11.9923_-0.9994_-14.9903_-1.9987
43,168204,-6.9955_-11.9923_-0.9994_-14.9903_-1.9987,164917,-6.9947_-10.9917_-1.9985_-13.9895_-2.9977
43,164917,-6.9947_-10.9917_-1.9985_-13.9895_-2.9977,160386,-4.9954_-12.9881_-1.9982_-10.9899_-2.9973
43,160386,-4.9954_-12.9881_-1.9982_-10.9899_-2.9973,145731,3.9938_-9.9844_0.0000_-8.9860_-3.9938
43,145731,3.9938_-9.9844_0.0000_-8.9860_-3.9938,143128,1.9966_-8.9848_-1.9966_-9.9831_-2.9949
43,143128,1.9966_-8.9848_-1.9966_-9.9831_-2.9949,138878,0.9981_-8.9826_-1.9961_-8.9826_-2.9942
43,138878,0.9981_-8.9826_-1.9961_-8.9826_-2.9942,134477,0.9978_-7.9824_-0.9978_-8.9802_-2.9934
43,134477,0.9978_-7.9824_-0.9978_-8.9802_-2.9934,103118,-1.9900_-3.9799_2.9849_-5.9698_-0.9950
43,103118,-1.9900_-3.9799_2.9849_-5.9698_-0.9950,100922,-1.9894_-3.9788_3.9788_-4.9734_-0.9947
43,100922,-1.9894_-3.9788_3.9788_-4.9734_-0.9947,54734,-1.9655_-0.9829_0.0000_-1.9655_1.9655
43,54734,-1.9655_-0.9829_0.0000_-1.9655_1.9655,28143,-0.9571_0.9571_-0.9571_0.0000_0.0000
43,28143,-0.9571_0.9571_-0.9571_0.0000_0.0000,0,-0.0000_0.0000_0.0000_0.0000_-0.0000
43,0,-0.0000_0.0000_0.0000_0.0000_-0.0000,0,-0.0000_0.0000_0.0000_0.0000_0.0000
43,0,-0.0000_0.0000_0.0000_0.0000_0.0000,0,-0.0000_0.0000_0.0000_0.0000_0.0000
43,0,-0.0000_0.0000_0.0000_0.0000_0.0000,0,-0.0000_0.0000_0.0000_0.0000_-0.0000
43,0,-0.0000_0.0000_0.0000_0.0000_-0.0000,0,-0.0000_-0.0000_0.0000_0.0000_-0.0000
43,0,-0.0000_-0.0000_0.0000_0.0000_-0.0000,0,0.0000_-0.0000_-0.0000_0.0000_-0.0000
43,0,0.0000_-0.0000_-0.0000_0.0000_-0.0000,0,0.0000_0.0000_0.0000_0.0000_-0.0000
43,0,0.0000_0.0000_0.0000_0.0000_-0.0000,0,0.0000_0.0000_-0.0000_-0.0000_0.0000
43,0,0.0000_0.0000_-0.0000_-0.0000_0.0000,0,-0.0000_0.0000_-0.0000_0.0000_0.0000
43,0,-0.0000_0.0000_-0.0000_0.0000_0.0000,0,0.0000_-0.0000_0.0000_0.0000_0.0000
44,184980,1.9995_-11.9974_19.9957_-12.9972_10.9976,184161,2.9993_-10.9974_18.9956_-12.9970_11.9972
44,184161,2.9993_-10.9974_18.9956_-12.9970_11.9972,129971,-5.9850_-9.9749_0.0000_-0.9975_-0.9975
44,129971,-5.9850_-9.9749_0.0000_-0.9975_-0.9975,78172,3.9627_-0.9908_-0.9908_-2.9721_1.9815
44,78172,3.9627_-0.9908_-0.9908_-2.9721_1.9815,62801,2.9584_-0.9863_0.0000_-1.9725_1.9725
44,62801,2.9584_-0.9863_0.0000_-1.9725_1.9725,0,-0.0000_0.0000_0.0000_-0.0000_-0.0000
44,0,-0.0000_0.0000_0.0000_-0.0000_-0.0000,0,0.0000_-0.0000_-0.0000_-0.0000_-0.0000
44,0,0.0000_-0.0000_-0.0000_-0.0000_-0.0000,0,0.0000_0.0000_0.0000_0.0000_0.0000
44,0,0.0000_0.0000_0.0000_0.0000_0.0000,0,0.0000_-0.0000_0.0000_-0.0000_-0.0000
45,202452,-24.9996_-22.9998_-18.9996_8.9999_-32.7680,197961,-23.9996_-22.9996_-19.9997_9.9998_-31.9995
45,197961,-23.9996_-22.9996_-19.9997_9.9998_-31.9995,197335,-20.9995_-22.9995_-18.9996_9.9998_-29.9993
45,197335,-20.9995_-22.9995_-18.9996_9.9998_-29.9993,197082,-19.9995_-21.9994_-16.9996_9.9997_-30.9992
45,197082,-19.9995_-21.9994_-16.9996_9.9997_-30.9992,196652,-18.9994_-20.9993_-16.9995_9.9997_-29.9991
45,196652,-18.9994_-20.9993_-16.9995_9.9997_-29.9991,196182,-17.9993_-20.9992_-16.9994_7.9997_-28.9990
45,196182,-17.9993_-20.9992_-16.9994_7.9997_-28.9990,196024,-17.9993_-20.9992_-16.9994_8.9997_-27.9989
45,196024,-17.9993_-20.9992_-16.9994_8.9997_-27.9989,195946,-16.9994_-19.9992_-16.9993_8.9997_-28.9989
45,195946,-16.9994_-19.9992_-16.9993_8.9997_-28.9989,195705,-16.9993_-18.9992_-16.9993_7.9997_-28.9988
45,195705,-16.9993_-18.9992_-16.9993_7.9997_-28.9988,195609,-16.9993_-18.9991_-16.9993_9.9996_-27.9988
45,195609,-16.9993_-18.9991_-16.9993_9.9996_-27.9988,195568,-15.9993_-18.9992_-15.9993_9.9996_-28.9987
45,195568,-15.9993_-18.9992_-15.9993_9.9996_-28.9987,195459,-16.9992_-17.9992_-15.9993_8.9996_-28.9987
45,195459,-16.9992_-17.9992_-15.9993_8.9996_-28.9987,195396,-23.9989_-23.9989_-22.9989_-3.9998_-8.9996
45,195396,-23.9989_-23.9989_-22.9989_-3.9998_-8.9996,192908,-15.9987_-27.9978_-15.9987_-6.9994_-6.9994
45,192908,-15.9987_-27.9978_-15.9987_-6.9994_-6.9994,192401,-15.9986_-27.9976_-14.9987_-5.9995_-5.9995
45,192401,-15.9986_-27.9976_-14.9987_-5.9995_-5.9995,191544,-14.9985_-26.9973_-14.9985_-5.9994_-5.9994
45,191544,-14.9985_-26.9973_-14.9985_-5.9994_-5.9994,190516,-15.9982_-24.9971_-13.9984_-6.9992_-5.9993
45,190516,-15.9982_-24.9971_-13.9984_-6.9992_-5.9993,178346,1.9993_-16.9938_0.0000_9.9963_-14.9945
45,178346,1.9993_-16.9938_0.0000_9.9963_-14.9945,174721,-0.0000_-13.9936_-0.9996_6.9968_-16.9922
45,174721,-0.0000_-13.9936_-0.9996_6.9968_-16.9922,173081,0.9995_-13.9930_-0.9995_6.9965_-15.9920
45,173081,0.9995_-13.9930_-0.9995_6.9965_-15.9920,172313,1.9990_-13.9927_-0.0000_7.9958_-14.9922
45,172313,1.9990_-13.9927_-0.0000_7.9958_-14.9922,170491,0.0000_-13.9919_0.9994_5.9965_-14.9914
45,170491,0.0000_-13.9919_0.9994_5.9965_-14.9914,165078,1.9985_-11.9910_0.0000_7.9940_-12.9903
45,165078,1.9985_-11.9910_0.0000_7.9940_-12.9903,162087,3.9966_-12.9889_-1.9983_5.9949_-10.9906
45,162087,3.9966_-12.9889_-1.9983_5.9949_-10.9906,154825,1.9977_-9.9887_-1.9977_4.9943_-11.9864
45,154825,1.9977_-9.9887_-1.9977_4.9943_-11.9864,154704,0.0000_-8.9897_-0.9989_4.9943_-12.9852
45,154704,0.0000_-8.9897_-0.9989_4.9943_-12.9852,139693,0.0000_-6.9868_-0.9981_2.9944_-10.9793
45,139693,0.0000_-6.9868_-0.9981_2.9944_-10.9793,134477,-1.9956_-5.9868_-0.0000_3.9912_-9.9780
45,134477,-1.9956_-5.9868_-0.0000_3.9912_-9.9780,133038,-1.9954_-6.9840_0.0000_3.9908_-8.9794
45,133038,-1.9954_-6.9840_0.0000_3.9908_-8.9794,131538,-1.9952_-6.9833_-0.9976_2.9928_-8.9784
45,131538,-1.9952_-6.9833_-0.9976_2.9928_-8.9784,130237,-2.9926_-5.9851_-2.9926_1.9950_-8.9776
45,130237,-2.9926_-5.9851_-2.9926_1.9950_-8.9776,50920,0.9809_-1.9614_1.9615_0.9809_-0.9809
45,50920,0.9809_-1.9614_1.9615_0.9809_-0.9809,32228,0.9639_-0.9639_-0.9639_0.9639_-0.0000
45,32228,0.9639_-0.9639_-0.9639_0.9639_-0.0000,23168,0.0000_0.9454_0.9454_0.0000_0.0000
45,23168,0.0000_0.9454_0.9454_0.0000_0.0000,23168,0.0000_0.0000_0.0000_-0.9454_-0.9454
45,23168,0.0000_0.0000_0.0000_-0.9454_-0.9454,0,0.0000_-0.0000_0.0000_-0.0000_-0.0000
45,0,0.0000_-0.0000_0.0000_-0.0000_-0.0000,0,-0.0000_-0.0000_0.0000_-0.0000_0.0000
45,0,-0.0000_-0.0000_0.0000_-0.0000_0.0000,0,0.0000_0.0000_0.0000_-0.0000_-0.0000
45,0,0.0000_0.0000_0.0000_-0.0000_-0.0000,0,-0.0000_-0.0000_-0.0000_0.0000_0.0000
45,0,-0.0000_-0.0000_-0.0000_0.0000_0.0000,0,-0.0000_0.0000_-0.0000_0.0000_-0.0000
45,0,-0.0000_0.0000_-0.0000_0.0000_-0.0000,0,-0.0000_0.0000_-0.0000_0.0000_-0.0000
45,0,-0.0000_0.0000_-0.0000_0.0000_-0.0000,0,0.0000_-0.0000_-0.0000_-0.0000_0.0000
45,0,0.0000_-0.0000_-0.0000_-0.0000_0.0000,0,0.0000_-0.0000_-0.0000_0.0000_0.0000
45,0,0.0000_-0.0000_-0.0000_0.0000_0.0000,0,-0.0000_0.0000_0.0000_-0.0000_0.0000
45,0,-0.0000_0.0000_0.0000_-0.0000_0.0000,0,0.0000_0.0000_0.0000_-0.0000_0.0000
46,197206,-4.9999_-29.9993_-14.9996_12.9997_30.9992,195226,-26.9987_-21.9989_-1.0000_18.9991_12.9994
46,195226,-26.9987_-21.9989_-1.0000_18.9991_12.9994,195143,-25.9987_-20.9990_-0.9999_20.9990_12.9994
46,195143,-25.9987_-20.9990_-0.9999_20.9990_12.9994,192682,-23.9980_-17.9985_0.0000_17.9984_11.9990
46,192682,-23.9980_-17.9985_0.0000_17.9984_11.9990,192279,-23.9979_-16.9985_-0.9999_16.9985_12.9988
46,192279,-23.9979_-16.9985_-0.9999_16.9985_12.9988,191957,-23.9978_-16.9984_-0.9999_15.9985_12.9988
46,191957,-23.9978_-16.9984_-0.9999_15.9985_12.9988,191957,-23.9978_-16.9984_-0.9999_15.9985_12.9988
46,191957,-23.9978_-16.9984_-0.9999_15.9985_12.9988,191370,-23.9976_-16.9983_-0.9999_14.9985_11.9988
46,191370,-23.9976_-16.9983_-0.9999_14.9985_11.9988,191101,-23.9974_-16.9982_-0.0000_14.9984_10.9988
46,191101,-23.9974_-16.9982_-0.0000_14.9984_10.9988,190997,-23.9974_-15.9983_0.9999_14.9984_11.9987
46,190997,-23.9974_-15.9983_0.9999_14.9984_11.9987,189701,-21.9971_-15.9979_1.9999_15.9980_9.9988
46,189701,-21.9971_-15.9979_1.9999_15.9980_9.9988,189258,-21.9970_-14.9979_1.9997_15.9978_9.9986
46,189258,-21.9970_-14.9979_1.9997_15.9978_9.9986,189035,-22.9968_-13.9980_1.9997_14.9979_9.9986
46,189035,-22.9968_-13.9980_1.9997_14.9979_9.9986,187426,-21.9963_-11.9980_2.9995_15.9973_7.9986
46,187426,-21.9963_-11.9980_2.9995_15.9973_7.9986,186709,-22.9958_-10.9980_2.9995_13.9974_7.9985
46,186709,-22.9958_-10.9980_2.9995_13.9974_7.9985,184863,-21.9952_-9.9978_3.9991_12.9971_7.9983
46,184863,-21.9952_-9.9978_3.9991_12.9971_7.9983,183413,-20.9948_-9.9975_3.9990_12.9968_6.9983
46,183413,-20.9948_-9.9975_3.9990_12.9968_6.9983,178110,-15.9942_-14.9945_-0.9997_6.9974_8.9968
46,178110,-15.9942_-14.9945_-0.9997_6.9974_8.9968,177380,-15.9938_-14.9942_-0.0000_6.9973_7.9969
46,177380,-15.9938_-14.9942_-0.0000_6.9973_7.9969,177339,-15.9938_-13.9946_1.9992_3.9984_10.9957
46,177339,-15.9938_-13.9946_1.9992_3.9984_10.9957,145227,-1.9968_-0.9984_-0.0000_5.9905_12.9794
46,145227,-1.9968_-0.9984_-0.0000_5.9905_12.9794,142764,-0.9983_0.0000_-0.9983_4.9914_12.9777
46,142764,-0.9983_0.0000_-0.9983_4.9914_12.9777,136968,-0.9979_1.9959_-3.9918_4.9898_10.9775
46,136968,-0.9979_1.9959_-3.9918_4.9898_10.9775,115840,-8.9670_-1.9927_-1.9927_-1.9927_-0.9963
46,115840,-8.9670_-1.9927_-1.9927_-1.9927_-0.9963,109070,-7.9651_-0.9957_-2.9870_0.0000_-1.9913
46,109070,-7.9651_-0.9957_-2.9870_0.0000_-1.9913,104689,-7.9610_-0.9952_-1.9904_0.0000_0.0000
46,104689,-7.9610_-0.9952_-1.9904_0.0000_0.0000,32228,-0.0000_-0.9639_-0.9639_-0.9639_-0.9639
46,32228,-0.0000_-0.9639_-0.9639_-0.9639_-0.9639,16462,0.0000_-0.0000_-0.9175_-0.0000_0.0000
46,16462,0.0000_-0.0000_-0.9175_-0.0000_0.0000,16462,0.0000_-0.0000_0.0000_-0.9175_0.0000
46,16462,0.0000_-0.0000_0.0000_-0.9175_0.0000,0,-0.0000_-0.0000_-0.0000_0.0000_-0.0000
46,0,-0.0000_-0.0000_-0.0000_0.0000_-0.0000,0,0.0000_-0.0000_0.0000_0.0000_0.0000
47,196783,-23.9993_14.9996_20.9994_-22.9993_18.9995,196684,-23.9993_13.9996_21.9993_-21.9993_18.9994
47,196684,-23.9993_13.9996_21.9993_-21.9993_18.9994,196441,-22.9992_12.9995_22.9992_-20.9993_18.9995
47,196441,-22.9992_12.9995_22.9992_-20.9993_18.9995,196036,-22.9991_11.9995_21.9992_-20.9992_17.9993
47,196036,-22.9991_11.9995_21.9992_-20.9992_17.9993,195659,-21.9991_11.9995_20.9991_-20.9991_17.9992
47,195659,-21.9991_11.9995_20.9991_-20.9991_17.9992,195327,-20.9990_10.9995_20.9990_-19.9991_18.9991
47,195327,-20.9990_10.9995_20.9990_-19.9991_18.9991,195032,-19.9990_11.9994_20.9989_-18.9990_18.9990
47,195032,-19.9990_11.9994_20.9989_-18.9990_18.9990,194940,-19.9990_10.9994_21.9989_-17.9991_18.9990
47,194940,-19.9990_10.9994_21.9989_-17.9991_18.9990,194559,-18.9989_9.9994_20.9988_-18.9989_18.9989
47,194559,-18.9989_9.9994_20.9988_-18.9989_18.9989,193695,-17.9988_8.9994_20.9985_-17.9988_17.9988
47,193695,-17.9988_8.9994_20.9985_-17.9988_17.9988,193577,-15.9989_6.9995_21.9985_-19.9986_16.9988
47,193577,-15.9989_6.9995_21.9985_-19.9986_16.9988,193502,-14.9989_8.9994_23.9983_-18.9987_14.9989
47,193502,-14.9989_8.9994_23.9983_-18.9987_14.9989,193364,-14.9989_7.9994_25.9981_-16.9987_13.9990
47,193364,-14.9989_7.9994_25.9981_-16.9987_13.9990,193325,-14.9990_8.9993_24.9982_-16.9987_14.9989
47,193325,-14.9990_8.9993_24.9982_-16.9987_14.9989,190833,-12.9986_6.9992_23.9973_-14.9983_12.9986
47,190833,-12.9986_6.9992_23.9973_-14.9983_12.9986,189561,-11.9984_4.9993_22.9970_-13.9982_13.9982
47,189561,-11.9984_4.9993_22.9970_-13.9982_13.9982,187818,-12.9979_10.9982_16.9973_-11.9981_15.9974
47,187818,-12.9979_10.9982_16.9973_-11.9981_15.9974,185633,-14.9969_10.9978_14.9969_-9.9980_13.9971
47,185633,-14.9969_10.9978_14.9969_-9.9980_13.9971,185323,-13.9971_11.9975_13.9971_-10.9977_13.9971
47,185323,-13.9971_11.9975_13.9971_-10.9977_13.9971,184186,-12.9970_10.9975_14.9965_-10.9974_12.9969
47,184186,-12.9970_10.9975_14.9965_-10.9974_12.9969,172865,-10.9945_7.9959_11.9939_-6.9964_10.9945
47,172865,-10.9945_7.9959_11.9939_-6.9964_10.9945,159183,-10.9894_6.9933_0.9990_-11.9885_-0.9990
47,159183,-10.9894_6.9933_0.9990_-11.9885_-0.9990,159080,-10.9894_6.9932_0.9991_-11.9884_-0.0000
47,159080,-10.9894_6.9932_0.9991_-11.9884_-0.0000,147821,-10.9840_3.9942_-1.9971_-8.9869_1.9971
47,147821,-10.9840_3.9942_-1.9971_-8.9869_1.9971,114254,-4.9810_-2.9886_-3.9848_-5.9772_1.9924
47,114254,-4.9810_-2.9886_-3.9848_-5.9772_1.9924,109071,-5.9740_-1.9914_-2.9870_-4.9783_1.9914
47,109071,-5.9740_-1.9914_-2.9870_-4.9783_1.9914,108607,-3.9825_3.9825_-4.9781_1.9912_3.9824
47,108607,-3.9825_3.9825_-4.9781_1.9912_3.9824,64224,-0.0000_0.0000_-2.9600_-2.9600_-0.9868
47,64224,-0.0000_0.0000_-2.9600_-2.9600_-0.9868,46624,1.9560_-1.9560_0.0000_0.0000_0.9782
47,46624,1.9560_-1.9560_0.0000_0.0000_0.9782,38858,0.0000_-0.0000_-0.9718_-1.9427_-0.9718
47,38858,0.0000_-0.0000_-0.9718_-1.9427_-0.9718,23168,-0.0000_0.9454_0.0000_-0.9454_0.0000
47,23168,-0.0000_0.9454_0.0000_-0.9454_0.0000,0,-0.0000_0.0000_-0.0000_-0.0000_0.0000
47,0,-0.0000_0.0000_-0.0000_-0.0000_0.0000,0,-0.0000_-0.0000_0.0000_-0.0000_0.0000
47,0,-0.0000_-0.0000_0.0000_-0.0000_0.0000,0,0.0000_-0.0000_-0.0000_-0.0000_0.0000
47,0,0.0000_-0.0000_-0.0000_-0.0000_0.0000,0,0.0000_0.0000_0.0000_-0.0000_-0.0000
47,0,0.0000_0.0000_0.0000_-0.0000_-0.0000,0,-0.0000_0.0000_0.0000_-0.0000_-0.0000
47,0,-0.0000_0.0000_0.0000_-0.0000_-0.0000,0,-0.0000_-0.0000_0.0000_0.0000_0.0000
47,0,-0.0000_-0.0000_0.0000_0.0000_0.0000,0,0.0000_0.0000_0.0000_-0.0000_-0.0000
47,0,0.0000_0.0000_0.0000_-0.0000_-0.0000,0,-0.0000_-0.0000_-0.0000_0.0000_0.0000
47,0,-0.0000_-0.0000_-0.0000_0.0000_0.0000,0,0.0000_0.0000_0.0000_0.0000_-0.0000
47,0,0.0000_0.0000_0.0000_0.0000_-0.0000,0,0.0000_0.0000_-0.0000_0.0000_-0.0000
48,195913,23.9991_-16.9993_18.9993_-20.9992_-14.9994,195887,23.9990_-17.9993_18.9992_-19.9992_-14.9994
48,195887,23.9990_-17.9993_18.9992_-19.9992_-14.9994,192753,18.9985_-10.9991_12.9990_-22.9981_-13.9989
48,192753,18.9985_-10.9991_12.9990_-22.9981_-13.9989,192744,18.9985_-9.9992_12.9989_-23.9980_-12.9989
48,192744,18.9985_-9.9992_12.9989_-23.9980_-12.9989,191304,17.9981_-8.9991_11.9987_-21.9977_-13.9986
48,191304,17.9981_-8.9991_11.9987_-21.9977_-13.9986,190725,17.9980_-8.9990_10.9988_-21.9975_-12.9985
48,190725,17.9980_-8.9990_10.9988_-21.9975_-12.9985,155897,-4.9946_-13.9847_5.9935_-1.9978_4.9946
48,155897,-4.9946_-13.9847_5.9935_-1.9978_4.9946,153709,-3.9953_-12.9846_6.9917_-2.9965_4.9941
48,153709,-3.9953_-12.9846_6.9917_-2.9965_4.9941,144543,3.9935_-9.9838_3.9935_-6.9887_4.9919
48,144543,3.9935_-9.9838_3.9935_-6.9887_4.9919,141646,2.9947_-9.9823_3.9929_-6.9876_3.9929
48,141646,2.9947_-9.9823_3.9929_-6.9876_3.9929,140292,3.9926_-9.9815_2.9945_-6.9871_2.9945
48,140292,3.9926_-9.9815_2.9945_-6.9871_2.9945,136749,5.9877_-6.9856_3.9918_-6.9856_3.9918
48,136749,5.9877_-6.9856_3.9918_-6.9856_3.9918,132045,5.9859_-5.9859_3.9906_-6.9835_2.9929
48,132045,5.9859_-5.9859_3.9906_-6.9835_2.9929,131023,5.9854_-5.9854_4.9879_-5.9854_2.9927
48,131023,5.9854_-5.9854_4.9879_-5.9854_2.9927,76161,3.9607_-0.9903_1.9805_-1.9805_-1.9805
48,76161,3.9607_-0.9903_1.9805_-1.9805_-1.9805,48841,-0.0000_0.9796_1.9589_1.9589_-0.9796
48,48841,-0.0000_0.9796_1.9589_1.9589_-0.9796,23168,0.9454_0.9454_0.0000_-0.0000_0.0000
48,23168,0.9454_0.9454_0.0000_-0.0000_0.0000,0,-0.0000_-0.0000_0.0000_0.0000_-0.0000
48,0,-0.0000_-0.0000_0.0000_0.0000_-0.0000,0,0.0000_0.0000_-0.0000_-0.0000_-0.0000
48,0,0.0000_0.0000_-0.0000_-0.0000_-0.0000,0,-0.0000_-0.0000_0.0000_-0.0000_-0.0000
48,0,-0.0000_-0.0000_0.0000_-0.0000_-0.0000,0,0.0000_0.0000_-0.0000_-0.0000_0.0000
48,0,0.0000_0.0000_-0.0000_-0.0000_0.0000,0,-0.0000_-0.0000_0.0000_0.0000_0.0000
49,198068,16.9997_26.9996_5.9999_30.9995_-25.9996,197526,18.9995_23.9995_3.0000_28.9995_-24.9996
49,197526,18.9995_23.9995_3.0000_28.9995_-24.9996,197306,16.9996_21.9995_2.9999_30.9993_-23.9994
49,197306,16.9996_21.9995_2.9999_30.9993_-23.9994,197216,15.9996_22.9994_2.9999_30.9992_-22.9994
49,197216,15.9996_22.9994_2.9999_30.9992_-22.9994,197049,16.9996_21.9994_2.0000_30.9992_-21.9994
49,197049,16.9996_21.9994_2.0000_30.9992_-21.9994,196811,15.9995_23.9993_2.9999_29.9991_-19.9994
49,196811,15.9995_23.9993_2.9999_29.9991_-19.9994,196209,13.9995_21.9992_1.0000_30.9989_-17.9994
49,196209,13.9995_21.9992_1.0000_30.9989_-17.9994,196096,13.9995_20.9992_0.0000_29.9989_-19.9993
49,196096,13.9995_20.9992_0.0000_29.9989_-19.9993,195473,11.9995_21.9990_-1.0000_28.9987_-17.9992
49,195473,11.9995_21.9990_-1.0000_28.9987_-17.9992,195257,11.9994_20.9990_-0.0000_28.9986_-17.9991
49,195257,11.9994_20.9990_-0.0000_28.9986_-17.9991,179932,-0.0000_-1.9993_-1.9993_12.9958_-21.9929
49,179932,-0.0000_-1.9993_-1.9993_12.9958_-21.9929,173453,-0.9995_-2.9985_0.0000_9.9951_-19.9902
49,173453,-0.9995_-2.9985_0.0000_9.9951_-19.9902,169216,-1.9988_-2.9982_-0.0000_7.9951_-18.9883
49,169216,-1.9988_-2.9982_-0.0000_7.9951_-18.9883,163674,-2.9976_-0.9992_-0.9992_7.9936_-16.9865
49,163674,-2.9976_-0.9992_-0.9992_7.9936_-16.9865,107662,-2.9866_-1.9910_0.9955_4.9775_-5.9730
49,107662,-2.9866_-1.9910_0.9955_4.9775_-5.9730,107182,-1.9909_-3.9818_1.9909_4.9773_-4.9773
49,107182,-1.9909_-3.9818_1.9909_4.9773_-4.9773,101482,-2.9843_-2.9843_1.9896_3.9791_-4.9738
49,101482,-2.9843_-2.9843_1.9896_3.9791_-4.9738,95506,-0.9940_-4.9696_0.9940_0.9940_-4.9696
49,95506,-0.9940_-4.9696_0.9940_0.9940_-4.9696,83668,-0.9919_-2.9757_-0.9919_-0.9919_-4.9592
49,83668,-0.9919_-2.9757_-0.9919_-0.9919_-4.9592,23168,0.0000_0.9454_-0.0000_-0.9454_-0.0000
49,23168,0.0000_0.9454_-0.0000_-0.9454_-0.0000,16462,-0.0000_-0.0000_-0.9175_0.0000_0.0000
49,16462,-0.0000_-0.0000_-0.9175_0.0000_0.0000,16462,0.0000_0.0000_0.0000_0.0000_0.9175
49,16462,0.0000_0.0000_0.0000_0.0000_0.9175,0,-0.0000_0.0000_-0.0000_0.0000_0.0000
49,0,-0.0000_0.0000_-0.0000_0.0000_0.0000,0,-0.0000_-0.0000_-0.0000_0.0000_-0.0000
49,0,-0.0000_-0.0000_-0.0000_0.0000_-0.0000,0,0.0000_-0.0000_0.0000_-0.0000_0.0000
49,0,0.0000_-0.0000_0.0000_-0.0000_0.0000,0,-0.0000_0.0000_-0.0000_-0.0000_0.0000
49,0,-0.0000_0.0000_-0.0000_-0.0000_0.0000,0,-0.0000_0.0000_-0.0000_-0.0000_0.0000
49,0,-0.0000_0.0000_-0.0000_-0.0000_0.0000,0,0.0000_0.0000_-0.0000_0.0000_0.0000
50,191660,8.9991_10.9989_-11.9988_3.9996_29.9971,191259,21.9977_15.9983_1.9998_14.9984_15.9983
50,191259,21.9977_15.9983_1.9998_14.9984_15.9983,190761,20.9976_15.9982_1.9998_14.9983_15.9982
50,190761,20.9976_15.9982_1.9998_14.9983_15.9982,190404,20.9975_15.9981_1.9998_13.9983_15.9981
50,190404,20.9975_15.9981_1.9998_13.9983_15.9981,189110,19.9972_14.9979_2.9996_12.9982_15.9978
50,189110,19.9972_14.9979_2.9996_12.9982_15.9978,188424,20.9968_13.9979_2.9995_11.9982_14.9977
50,188424,20.9968_13.9979_2.9995_11.9982_14.9977,185698,20.9957_12.9974_3.9992_9.9980_11.9976
50,185698,20.9957_12.9974_3.9992_9.9980_11.9976,184236,17.9958_10.9975_6.9984_11.9972_12.9970
50,184236,17.9958_10.9975_6.9984_11.9972_12.9970,163503,0.9992_15.9872_-3.9968_4.9960_7.9936
50,163503,0.9992_15.9872_-3.9968_4.9960_7.9936,162178,0.9992_15.9864_-4.9957_3.9966_6.9940
50,162178,0.9992_15.9864_-4.9957_3.9966_6.9940,159080,0.0000_14.9856_-4.9952_3.9962_6.9932
50,159080,0.0000_14.9856_-4.9952_3.9962_6.9932,155187,0.9989_12.9854_-6.9922_4.9944_5.9933
50,155187,0.9989_12.9854_-6.9922_4.9944_5.9933,116990,1.9929_1.9929_1.9929_1.9929_8.9680
50,116990,1.9929_1.9929_1.9929_1.9929_8.9680,88514,-0.9928_0.9928_3.9712_0.0000_4.9639
50,88514,-0.9928_0.9928_3.9712_0.0000_4.9639,86162,-1.9848_0.9924_2.9772_0.9924_4.9617
50,86162,-1.9848_0.9924_2.9772_0.9924_4.9617,75116,-0.9900_-0.9900_0.9900_2.9699_3.9597
50,75116,-0.9900_-0.9900_0.9900_2.9699_3.9597,56496,1.9672_0.9837_1.9672_0.9837_1.9672
50,56496,1.9672_0.9837_1.9672_0.9837_1.9672,35740,0.0000_-0.9684_0.0000_-1.9356_-0.0000
50,35740,0.0000_-0.9684_0.0000_-1.9356_-0.0000,0,-0.0000_-0.0000_-0.0000_-0.0000_0.0000
50,0,-0.0000_-0.0000_-0.0000_-0.0000_0.0000,0,0.0000_-0.0000_-0.0000_0.0000_-0.0000
50,0,0.0000_-0.0000_-0.0000_0.0000_-0.0000,0,0.0000_0.0000_0.0000_0.0000_-0.0000
51,198336,31.9996_-26.9997_22.9997_3.0000_23.9998,198090,30.9995_-24.9996_24.9996_3.0000_21.9996
51,198090,30.9995_-24.9996_24.9996_3.0000_21.9996,198090,30.9995_-24.9996_24.9996_3.0000_21.9997
51,198090,30.9995_-24.9996_24.9996_3.0000_21.9997,198022,31.9993_-23.9994_23.9997_2.0000_21.9997
51,198022,31.9993_-23.9994_23.9997_2.0000_21.9997,197885,28.9995_-24.9996_22.9996_3.9999_23.9996
51,197885,28.9995_-24.9996_22.9996_3.9999_23.9996,197817,28.9995_-24.9995_21.9996_4.9999_23.9996
51,197817,28.9995_-24.9995_21.9996_4.9999_23.9996,197486,27.9994_-25.9994_20.9996_2.9999_21.9995
51,197486,27.9994_-25.9994_20.9996_2.9999_21.9995,197453,27.9994_-24.9995_20.9995_1.0000_22.9995
51,197453,27.9994_-24.9995_20.9995_1.0000_22.9995,197353,27.9994_-24.9994_20.9995_2.0000_21.9995
51,197353,27.9994_-24.9994_20.9995_2.0000_21.9995,197118,26.9993_-24.9994_19.9995_2.9999_21.9994
51,197118,26.9993_-24.9994_19.9995_2.9999_21.9994,196814,25.9993_-25.9993_17.9995_4.9999_20.9994
51,196814,25.9993_-25.9993_17.9995_4.9999_20.9994,196514,24.9992_-25.9992_17.9994_4.9998_19.9994
51,196514,24.9992_-25.9992_17.9994_4.9998_19.9994,196100,23.9991_-25.9990_16.9994_5.9998_18.9993
51,196100,23.9991_-25.9990_16.9994_5.9998_18.9993,195975,21.9992_-25.9990_18.9993_4.9998_18.9993
51,195975,21.9992_-25.9990_18.9993_4.9998_18.9993,195971,21.9992_-24.9990_19.9992_5.9998_18.9993
51,195971,21.9992_-24.9990_19.9992_5.9998_18.9993,195411,19.9991_-25.9988_19.9991_3.9998_16.9992
51,195411,19.9991_-25.9988_19.9991_3.9998_16.9992,193371,12.9991_-20.9985_15.9988_11.9991_20.9985
51,193371,12.9991_-20.9985_15.9988_11.9991_20.9985,190615,14.9983_-19.9977_19.9977_11.9986_0.9999
51,190615,14.9983_-19.9977_19.9977_11.9986_0.9999,183754,0.9998_-23.9942_8.9978_8.9978_6.9983
51,183754,0.9998_-23.9942_8.9978_8.9978_6.9983,181544,0.0000_-21.9937_8.9974_8.9974_7.9977
51,181544,0.0000_-21.9937_8.9974_8.9974_7.9977,180140,-0.0000_-20.9932_8.9971_8.9971_7.9974
51,180140,-0.0000_-20.9932_8.9971_8.9971_7.9974,176082,-0.0000_-19.9916_7.9966_7.9966_5.9975
51,176082,-0.0000_-19.9916_7.9966_7.9966_5.9975,175810,5.9974_-17.9923_4.9979_12.9944_1.9992
51,175810,5.9974_-17.9923_4.9979_12.9944_1.9992,174175,5.9972_-17.9915_3.9981_11.9943_1.9991
51,174175,5.9972_-17.9915_3.9981_11.9943_1.9991,173295,6.9965_-17.9911_2.9985_10.9946_1.9990
51,173295,6.9965_-17.9911_2.9985_10.9946_1.9990,170675,6.9960_-14.9914_2.9983_12.9926_2.9983
51,170675,6.9960_-14.9914_2.9983_12.9926_2.9983,147976,4.9928_-3.9942_0.9986_12.9812_3.9942
51,147976,4.9928_-3.9942_0.9986_12.9812_3.9942,108606,-0.9956_0.9956_-0.9956_4.9781_6.9692
51,108606,-0.9956_0.9956_-0.9956_4.9781_6.9692,74045,0.9897_-2.9691_1.9795_-1.9795_2.9691
51,74045,0.9897_-2.9691_1.9795_-1.9795_2.9691,66921,-0.0000_-2.9628_1.9753_-1.9753_1.9753
51,66921,-0.0000_-2.9628_1.9753_-1.9753_1.9753,59783,-1.9701_1.9701_1.9701_-1.9701_0.0000
51,59783,-1.9701_1.9701_1.9701_-1.9701_0.0000,0,0.0000_0.0000_-0.0000_0.0000_0.0000
51,0,0.0000_0.0000_-0.0000_0.0000_0.0000,0,-0.0000_-0.0000_0.0000_-0.0000_0.0000
51,0,-0.0000_-0.0000_0.0000_-0.0000_0.0000,0,0.0000_-0.0000_-0.0000_-0.0000_0.0000
51,0,0.0000_-0.0000_-0.0000_-0.0000_0.0000,0,0.0000_-0.0000_-0.0000_-0.0000_0.0000
51,0,0.0000_-0.0000_-0.0000_-0.0000_0.0000,0,0.0000_-0.0000_0.0000_0.0000_-0.0000
51,0,0.0000_-0.0000_0.0000_0.0000_-0.0000,0,0.0000_-0.0000_0.0000_-0.0000_-0.0000
51,0,0.0000_-0.0000_0.0000_-0.0000_-0.0000,0,0.0000_0.0000_-0.0000_-0.0000_0.0000
51,0,0.0000_0.0000_-0.0000_-0.0000_0.0000,0,-0.0000_-0.0000_0.0000_0.0000_-0.0000
52,181199,5.9982_-10.9967_0.9997_9.9970_20.9938,178692,3.9986_-10.9961_2.9989_8.9968_19.9929
52,178692,3.9986_-10.9961_2.9989_8.9968_19.9929,178384,4.9982_-10.9960_2.9989_7.9971_19.9928
52,178384,4.9982_-10.9960_2.9989_7.9971_19.9928,177668,3.9985_-11.9954_3.9985_7.9970_18.9928
52,177668,3.9985_-11.9954_3.9985_7.9970_18.9928,176395,7.9967_-8.9963_6.9971_10.9955_15.9934
52,176395,7.9967_-8.9963_6.9971_10.9955_15.9934,175251,5.9973_-7.9964_5.9974_10.9951_16.9925
52,175251,5.9973_-7.9964_5.9974_10.9951_16.9925,174225,5.9972_-6.9968_3.9982_9.9953_17.9915
52,174225,5.9972_-6.9968_3.9982_9.9953_17.9915,174124,4.9976_-6.9967_4.9976_9.9953_17.9915
52,174124,4.9976_-6.9967_4.9976_9.9953_17.9915,169282,6.9957_-4.9969_2.9982_9.9939_15.9902
52,169282,6.9957_-4.9969_2.9982_9.9939_15.9902,165553,5.9956_-5.9956_2.9978_8.9934_14.9890
52,165553,5.9956_-5.9956_2.9978_8.9934_14.9890,164428,4.9961_-5.9954_3.9970_9.9923_13.9893
52,164428,4.9961_-5.9954_3.9970_9.9923_13.9893,163844,4.9961_-5.9953_2.9976_9.9921_13.9889
52,163844,4.9961_-5.9953_2.9976_9.9921_13.9889,159792,5.9944_-6.9934_1.9981_7.9925_12.9878
52,159792,5.9944_-6.9934_1.9981_7.9925_12.9878,155545,4.9945_-6.9923_1.9978_5.9934_12.9856
52,155545,4.9945_-6.9923_1.9978_5.9934_12.9856,154211,4.9942_-6.9919_1.9977_4.9942_12.9849
52,154211,4.9942_-6.9919_1.9977_4.9942_12.9849,149630,4.9932_-5.9918_1.9973_1.9973_12.9822
52,149630,4.9932_-5.9918_1.9973_1.9973_12.9822,141072,2.9946_-4.9910_0.0000_2.9946_11.9783
52,141072,2.9946_-4.9910_0.0000_2.9946_11.9783,130501,2.9926_-2.9926_-3.9902_4.9877_8.9778
52,130501,2.9926_-2.9926_-3.9902_4.9877_8.9778,87745,-0.9927_-0.0000_-3.9707_-2.9780_3.9707
52,87745,-0.9927_-0.0000_-3.9707_-2.9780_3.9707,78171,-0.0000_-0.9908_-4.9531_-0.9908_1.9815
52,78171,-0.0000_-0.9908_-4.9531_-0.9908_1.9815,48841,-0.9796_-0.9796_-1.9589_-0.0000_1.9589
52,48841,-0.9796_-0.9796_-1.9589_-0.0000_1.9589,41671,-1.9481_-0.9744_-0.0000_0.9744_0.9744
52,41671,-1.9481_-0.9744_-0.0000_0.9744_0.9744,23168,0.0000_-0.9454_0.9454_-0.0000_0.0000
52,23168,0.0000_-0.9454_0.9454_-0.0000_0.0000,16462,0.0000_-0.0000_-0.0000_-0.9175_-0.0000
52,16462,0.0000_-0.0000_-0.0000_-0.9175_-0.0000,16462,0.0000_-0.0000_-0.0000_-0.0000_-0.9175
52,16462,0.0000_-0.0000_-0.0000_-0.0000_-0.9175,0,-0.0000_-0.0000_0.0000_-0.0000_-0.0000
52,0,-0.0000_-0.0000_0.0000_-0.0000_-0.0000,0,-0.0000_0.0000_0.0000_-0.0000_-0.0000
52,0,-0.0000_0.0000_0.0000_-0.0000_-0.0000,0,-0.0000_-0.0000_-0.0000_-0.0000_-0.0000
52,0,-0.0000_-0.0000_-0.0000_-0.0000_-0.0000,0,-0.0000_0.0000_0.0000_0.0000_-0.0000
52,0,-0.0000_0.0000_0.0000_0.0000_-0.0000,0,-0.0000_-0.0000_0.0000_0.0000_0.0000
52,0,-0.0000_-0.0000_0.0000_0.0000_0.0000,0,-0.0000_0.0000_0.0000_0.0000_-0.0000
52,0,-0.0000_0.0000_0.0000_0.0000_-0.0000,0,0.0000_0.0000_0.0000_0.0000_0.0000
53,198504,-28.9997_28.9997_22.9997_-15.9998_-22.9997,198311,-27.9996_28.9996_21.9997_-15.9998_-21.9997
53,198311,-27.9996_28.9996_21.9997_-15.9998_-21.9997,198297,-26.9996_28.9996_22.9997_-15.9998_-21.9997
53,198297,-26.9996_28.9996_22.9997_-15.9998_-21.9997,198138,-24.9996_29.9996_21.9997_-13.9998_-22.9997
53,198138,-24.9996_29.9996_21.9997_-13.9998_-22.9997,198053,-26.9996_27.9995_19.9997_-11.9998_-24.9996
53,198053,-26.9996_27.9995_19.9997_-11.9998_-24.9996,197986,-26.9996_27.9995_18.9997_-11.9998_-24.9996
53,197986,-26.9996_27.9995_18.9997_-11.9998_-24.9996,122926,3.9879_-5.9818_2.9909_1.9939_-6.9787
53,122926,3.9879_-5.9818_2.9909_1.9939_-6.9787,116611,3.9857_-5.9785_1.9929_1.9929_-5.9785
53,116611,3.9857_-5.9785_1.9929_1.9929_-5.9785,103118,3.9799_-2.9849_3.9799_2.9849_-3.9799
53,103118,3.9799_-2.9849_3.9799_2.9849_-3.9799,41671,-0.9744_0.0000_1.9481_0.9744_-0.9744
53,41671,-0.9744_0.0000_1.9481_0.9744_-0.9744,23168,-0.0000_-0.0000_0.9454_0.9454_-0.0000
53,23168,-0.0000_-0.0000_0.9454_0.9454_-0.0000,16462,0.0000_-0.0000_0.9175_-0.0000_-0.0000
53,16462,0.0000_-0.0000_0.9175_-0.0000_-0.0000,0,0.0000_-0.0000_-0.0000_0.0000_0.0000
53,0,0.0000_-0.0000_-0.0000_0.0000_0.0000,0,-0.0000_0.0000_0.0000_-0.0000_-0.0000
53,0,-0.0000_0.0000_0.0000_-0.0000_-0.0000,0,-0.0000_-0.0000_-0.0000_0.0000_0.0000
53,0,-0.0000_-0.0000_-0.0000_0.0000_0.0000,0,0.0000_-0.0000_-0.0000_0.0000_-0.0000
53,0,0.0000_-0.0000_-0.0000_0.0000_-0.0000,0,0.0000_-0.0000_0.0000_0.0000_0.0000
54,198776,23.9998_31.9997_18.9998_-17.9998_-30.9997,198666,22.9998_31.9997_18.9998_-17.9998_-29.9997
54,198666,22.9998_31.9997_18.9998_-17.9998_-29.9997,198505,21.9997_31.9996_17.9998_-17.9998_-28.9997
54,198505,21.9997_31.9996_17.9998_-17.9998_-28.9997,198412,21.9997_30.9996_16.9998_-16.9998_-29.9996
54,198412,21.9997_30.9996_16.9998_-16.9998_-29.9996,198282,21.9997_29.9997_15.9998_-16.9997_-29.9996
54,198282,21.9997_29.9997_15.9998_-16.9997_-29.9996,198111,21.9997_29.9996_14.9998_-17.9997_-27.9996
54,198111,21.9997_29.9996_14.9998_-17.9997_-27.9996,198065,21.9997_28.9996_15.9997_-17.9997_-27.9996
54,198065,21.9997_28.9996_15.9997_-17.9997_-27.9996,198014,20.9997_26.9996_17.9997_-17.9997_-28.9995
54,198014,20.9997_26.9996_17.9997_-17.9997_-28.9995,197920,20.9996_25.9996_17.9997_-17.9997_-28.9995
54,197920,20.9996_25.9996_17.9997_-17.9997_-28.9995,197655,18.9996_25.9995_16.9997_-18.9996_-27.9995
54,197655,18.9996_25.9995_16.9997_-18.9996_-27.9995,196742,15.9995_24.9992_17.9995_-16.9995_-24.9993
54,196742,15.9995_24.9992_17.9995_-16.9995_-24.9993,196649,14.9995_23.9993_17.9995_-16.9995_-25.9992
54,196649,14.9995_23.9993_17.9995_-16.9995_-25.9992,195993,3.9995_-0.0000_9.9988_7.9990_-32.7680
54,195993,3.9995_-0.0000_9.9988_7.9990_-32.7680,139288,0.9981_3.9924_-1.9962_-5.9886_-10.9790
54,139288,0.9981_3.9924_-1.9962_-5.9886_-10.9790,105201,-4.9761_4.9761_-0.0000_-1.9905_-3.9809
54,105201,-4.9761_4.9761_-0.0000_-1.9905_-3.9809,23168,-0.0000_0.9454_-0.0000_0.9454_0.0000
54,23168,-0.0000_0.9454_-0.0000_0.9454_0.0000,16462,-0.0000_0.9175_0.0000_-0.0000_-0.0000
54,16462,-0.0000_0.9175_0.0000_-0.0000_-0.0000,0,-0.0000_-0.0000_-0.0000_-0.0000_-0.0000
54,0,-0.0000_-0.0000_-0.0000_-0.0000_-0.0000,0,-0.0000_0.0000_-0.0000_-0.0000_-0.0000
54,0,-0.0000_0.0000_-0.0000_-0.0000_-0.0000,0,-0.0000_-0.0000_0.0000_0.0000_0.0000
54,0,-0.0000_-0.0000_0.0000_0.0000_0.0000,0,0.0000_-0.0000_-0.0000_0.0000_0.0000
54,0,0.0000_-0.0000_-0.0000_0.0000_0.0000,0,-0.0000_0.0000_0.0000_0.0000_-0.0000
54,0,-0.0000_0.0000_0.0000_0.0000_-0.0000,0,0.0000_-0.0000_-0.0000_0.0000_0.0000
54,0,0.0000_-0.0000_-0.0000_0.0000_0.0000,0,0.0000_0.0000_0.0000_0.0000_-0.0000
55,201781,24.9993_-32.7680_10.9997_20.9994_-8.9998,201719,24.9993_-32.7680_12.9996_19.9994_-6.9998
55,201719,24.9993_-32.7680_12.9996_19.9994_-6.9998,201719,24.9993_-32.7680_12.9996_19.9994_-6.9998
55,201719,24.9993_-32.7680_12.9996_19.9994_-6.9998,201622,24.9993_-32.7680_11.9997_19.9994_-5.9998
55,201622,24.9993_-32.7680_11.9997_19.9994_-5.9998,197038,24.9993_-31.9992_11.9997_19.9995_-4.9999
55,197038,24.9993_-31.9992_11.9997_19.9995_-4.9999,196986,26.9993_-28.9992_10.9997_21.9994_-4.9999
55,196986,26.9993_-28.9992_10.9997_21.9994_-4.9999,196795,25.9993_-29.9992_11.9996_19.9995_-3.9999
55,196795,25.9993_-29.9992_11.9996_19.9995_-3.9999,196701,25.9992_-29.9991_11.9996_18.9994_-4.9999
55,196701,25.9992_-29.9991_11.9996_18.9994_-4.9999,196167,24.9991_-27.9990_10.9996_19.9993_-4.9998
55,196167,24.9991_-27.9990_10.9996_19.9993_-4.9998,196124,26.9990_-25.9990_12.9995_18.9993_-2.9999
55,196124,26.9990_-25.9990_12.9995_18.9993_-2.9999,195780,25.9989_-25.9989_11.9995_18.9992_-1.9999
55,195780,25.9989_-25.9989_11.9995_18.9992_-1.9999,194643,21.9987_-21.9987_14.9992_20.9988_-1.9999
55,194643,21.9987_-21.9987_14.9992_20.9988_-1.9999,193426,19.9986_-20.9985_15.9989_18.9986_0.0000
55,193426,19.9986_-20.9985_15.9989_18.9986_0.0000,193189,19.9985_-20.9984_14.9989_18.9986_0.9999
55,193189,19.9985_-20.9984_14.9989_18.9986_0.9999,189575,17.9976_-17.9976_14.9980_12.9983_6.9990
55,189575,17.9976_-17.9976_14.9980_12.9983_6.9990,188456,16.9974_-17.9973_13.9979_11.9982_7.9988
55,188456,16.9974_-17.9973_13.9979_11.9982_7.9988,185934,7.9984_-5.9988_26.9947_5.9988_3.9992
55,185934,7.9984_-5.9988_26.9947_5.9988_3.9992,170180,19.9883_3.9977_5.9965_0.9994_0.0000
55,170180,19.9883_3.9977_5.9965_0.9994_0.0000,166171,18.9865_2.9979_4.9965_0.0000_0.0000
55,166171,18.9865_2.9979_4.9965_0.0000_0.0000,162982,17.9853_3.9967_3.9968_-0.0000_-0.0000
55,162982,17.9853_3.9967_3.9968_-0.0000_-0.0000,161626,16.9852_4.9957_4.9957_0.9991_-0.9991
55,161626,16.9852_4.9957_4.9957_0.9991_-0.9991,138043,12.9742_-0.0000_0.9981_-0.9980_-0.9980
55,138043,12.9742_-0.0000_0.9981_-0.9980_-0.9980,120246,7.9739_1.9935_-4.9837_-1.9935_2.9902
55,120246,7.9739_1.9935_-4.9837_-1.9935_2.9902,109983,5.9745_0.9958_-4.9788_-2.9873_2.9873
55,109983,5.9745_0.9958_-4.9788_-2.9873_2.9873,109983,5.9745_0.9958_-4.9788_-2.9873_2.9873
55,109983,5.9745_0.9958_-4.9788_-2.9873_2.9873,94858,3.9754_-0.9939_-4.9691_0.9939_2.9816
55,94858,3.9754_-0.9939_-4.9691_0.9939_2.9816,72942,3.9574_-0.0000_-0.9895_-0.0000_-2.9682
55,72942,3.9574_-0.0000_-0.9895_-0.0000_-2.9682,65596,2.9615_0.0000_-0.9873_0.9873_-2.9615
55,65596,2.9615_0.0000_-0.9873_0.9873_-2.9615,0,-0.0000_-0.0000_-0.0000_-0.0000_-0.0000
55,0,-0.0000_-0.0000_-0.0000_-0.0000_-0.0000,0,0.0000_-0.0000_-0.0000_-0.0000_0.0000
55,0,0.0000_-0.0000_-0.0000_-0.0000_0.0000,0,0.0000_0.0000_-0.0000_0.0000_-0.0000
55,0,0.0000_0.0000_-0.0000_0.0000_-0.0000,0,0.0000_0.0000_-0.0000_0.0000_-0.0000
55,0,0.0000_0.0000_-0.0000_0.0000_-0.0000,0,0.0000_0.0000_0.0000_0.0000_0.0000
55,0,0.0000_0.0000_0.0000_0.0000_0.0000,0,0.0000_-0.0000_-0.0000_0.0000_-0.0000
55,0,0.0000_-0.0000_-0.0000_0.0000_-0.0000,0,-0.0000_-0.0000_0.0000_-0.0000_0.0000
56,197286,1.0000_28.9993_-20.9995_1.9999_-31.9992,197275,1.0000_29.9993_-20.9995_1.9999_-30.9993
56,197275,1.0000_29.9993_-20.9995_1.9999_-30.9993,197129,1.0000_29.9993_-20.9995_2.9999_-29.9992
56,197129,1.0000_29.9993_-20.9995_2.9999_-29.9992,196777,1.0000_29.9991_-20.9994_1.9999_-27.9992
56,196777,1.0000_29.9991_-20.9994_1.9999_-27.9992,196586,1.0000_28.9991_-20.9993_1.9999_-27.9991
56,196586,1.0000_28.9991_-20.9993_1.9999_-27.9991,196434,2.9999_27.9991_-20.9993_2.9999_-27.9991
56,196434,2.9999_27.9991_-20.9993_2.9999_-27.9991,195572,1.0000_25.9988_-19.9992_3.0000_-26.9988
56,195572,1.0000_25.9988_-19.9992_3.0000_-26.9988,195516,1.0000_25.9989_-20.9991_2.9999_-25.9988
56,195516,1.0000_25.9989_-20.9991_2.9999_-25.9988,147352,12.9808_3.9941_2.9956_-4.9926_-1.9971
56,147352,12.9808_3.9941_2.9956_-4.9926_-1.9971,127485,7.9785_5.9839_-2.9920_-3.9893_1.9946
56,127485,7.9785_5.9839_-2.9920_-3.9893_1.9946,84516,-1.9842_1.9842_-0.9921_-4.9601_1.9841
56,84516,-1.9842_1.9842_-0.9921_-4.9601_1.9841,23168,-0.0000_-0.9454_-0.0000_-0.9454_0.0000
56,23168,-0.0000_-0.9454_-0.0000_-0.9454_0.0000,23168,0.0000_-0.0000_-0.9454_-0.0000_0.9454
56,23168,0.0000_-0.0000_-0.9454_-0.0000_0.9454,23168,0.9454_-0.0000_0.0000_-0.0000_0.9454
56,23168,0.9454_-0.0000_0.0000_-0.0000_0.9454,23168,-0.0000_-0.9454_0.0000_-0.9454_0.0000
56,23168,-0.0000_-0.9454_0.0000_-0.9454_0.0000,16462,0.0000_0.0000_-0.9175_-0.0000_-0.0000
56,16462,0.0000_0.0000_-0.9175_-0.0000_-0.0000,16462,-0.0000_-0.0000_-0.0000_-0.9175_-0.0000
56,16462,-0.0000_-0.0000_-0.0000_-0.9175_-0.0000,0,0.0000_-0.0000_-0.0000_0.0000_-0.0000
56,0,0.0000_-0.0000_-0.0000_0.0000_-0.0000,0,-0.0000_0.0000_-0.0000_-0.0000_0.0000
56,0,-0.0000_0.0000_-0.0000_-0.0000_0.0000,0,0.0000_0.0000_0.0000_-0.0000_-0.0000
56,0,0.0000_0.0000_0.0000_-0.0000_-0.0000,0,0.0000_0.0000_0.0000_0.0000_0.0000
56,0,0.0000_0.0000_0.0000_0.0000_0.0000,0,0.0000_0.0000_0.0000_-0.0000_-0.0000
57,197015,27.9993_15.9996_31.9992_-10.9997_-4.9999,196535,25.9992_16.9995_30.9990_-8.9997_-6.9998
57,196535,25.9992_16.9995_30.9990_-8.9997_-6.9998,196292,24.9991_16.9994_30.9989_-7.9997_-6.9997
57,196292,24.9991_16.9994_30.9989_-7.9997_-6.9997,196163,25.9991_17.9994_28.9990_-7.9997_-6.9998
57,196163,25.9991_17.9994_28.9990_-7.9997_-6.9998,195950,25.9990_17.9993_27.9989_-8.9997_-5.9998
57,195950,25.9990_17.9993_27.9989_-8.9997_-5.9998,195784,25.9989_15.9993_27.9989_-10.9996_-4.9998
57,195784,25.9989_15.9993_27.9989_-10.9996_-4.9998,195257,24.9988_14.9993_27.9987_-9.9995_-3.9998
57,195257,24.9988_14.9993_27.9987_-9.9995_-3.9998,194380,26.9985_11.9992_22.9987_-11.9993_-6.9997
57,194380,26.9985_11.9992_22.9987_-11.9993_-6.9997,193903,25.9983_12.9992_22.9985_-9.9993_-6.9996
57,193903,25.9983_12.9992_22.9985_-9.9993_-6.9996,193034,25.9980_10.9992_21.9983_-7.9994_-7.9994
57,193034,25.9980_10.9992_21.9983_-7.9994_-7.9994,192665,24.9979_11.9990_21.9982_-6.9994_-7.9993
57,192665,24.9979_11.9990_21.9982_-6.9994_-7.9993,192457,24.9979_10.9991_21.9981_-6.9994_-7.9993
57,192457,24.9979_10.9991_21.9981_-6.9994_-7.9993,191927,24.9977_8.9992_21.9979_-6.9993_-6.9993
57,191927,24.9977_8.9992_21.9979_-6.9993_-6.9993,186164,20.9959_4.9990_12.9975_-15.9969_0.9998
57,186164,20.9959_4.9990_12.9975_-15.9969_0.9998,176959,17.9928_0.9996_8.9964_-12.9948_-2.9988
57,176959,17.9928_0.9996_8.9964_-12.9948_-2.9988,175012,16.9924_-0.9996_8.9960_-12.9942_-0.9996
57,175012,16.9924_-0.9996_8.9960_-12.9942_-0.9996,173714,16.9918_-0.0000_8.9956_-11.9942_-0.9995
57,173714,16.9918_-0.0000_8.9956_-11.9942_-0.9995,173714,16.9918_0.0000_8.9957_-11.9942_-0.9995
57,173714,16.9918_0.0000_8.9957_-11.9942_-0.9995,172480,16.9912_0.9995_8.9953_-10.9943_0.0000
57,172480,16.9912_0.9995_8.9953_-10.9943_0.0000,164592,14.9885_1.9985_7.9939_-8.9931_0.9992
57,164592,14.9885_1.9985_7.9939_-8.9931_0.9992,148131,2.9957_0.9986_6.9899_4.9928_-11.9827
57,148131,2.9957_0.9986_6.9899_4.9928_-11.9827,139693,-3.9925_2.9944_4.9906_-6.9868_-8.9830
57,139693,-3.9925_2.9944_4.9906_-6.9868_-8.9830,120934,-2.9904_2.9904_7.9744_-0.9968_-4.9840
57,120934,-2.9904_2.9904_7.9744_-0.9968_-4.9840,101482,-2.9843_0.9948_5.9685_-0.9948_-3.9791
57,101482,-2.9843_0.9948_5.9685_-0.9948_-3.9791,54734,0.0001_-1.9655_1.9655_1.9655_-0.9829
57,54734,0.0001_-1.9655_1.9655_1.9655_-0.9829,41671,0.9744_-0.9744_0.0000_0.9744_-1.9481
57,41671,0.9744_-0.9744_0.0000_0.9744_-1.9481,28143,0.0000_-0.9571_-0.9571_-0.9571_-0.0000
57,28143,0.0000_-0.9571_-0.9571_-0.9571_-0.0000,0,-0.0000_0.0000_-0.0000_-0.0000_-0.0000
57,0,-0.0000_0.0000_-0.0000_-0.0000_-0.0000,0,0.0000_-0.0000_0.0000_-0.0000_0.0000
57,0,0.0000_-0.0000_0.0000_-0.0000_0.0000,0,0.0000_0.0000_-0.0000_0.0000_-0.0000
57,0,0.0000_0.0000_-0.0000_0.0000_-0.0000,0,-0.0000_0.0000_0.0000_-0.0000_-0.0000
57,0,-0.0000_0.0000_0.0000_-0.0000_-0.0000,0,0.0000_0.0000_-0.0000_0.0000_0.0000
58,192530,8.9992_28.9975_-18.9984_-1.9998_7.9993,192222,9.9991_28.9974_-17.9984_-1.9998_6.9994
58,192222,9.9991_28.9974_-17.9984_-1.9998_6.9994,191907,8.9991_28.9973_-17.9983_-1.9998_5.9994
58,191907,8.9991_28.9973_-17.9983_-1.9998_5.9994,191101,6.9993_28.9969_-16.9982_-3.9996_3.9996
58,191101,6.9993_28.9969_-16.9982_-3.9996_3.9996,190892,7.9991_28.9968_-15.9982_-3.9996_3.9996
58,190892,7.9991_28.9968_-15.9982_-3.9996_3.9996,190492,8.9990_26.9968_-16.9980_-5.9993_4.9994
58,190492,8.9990_26.9968_-16.9980_-5.9993_4.9994,189404,9.9987_24.9966_-16.9977_-3.9995_6.9991
58,189404,9.9987_24.9966_-16.9977_-3.9995_6.9991,189110,11.9983_24.9965_-14.9979_-3.9994_6.9990
58,189110,11.9983_24.9965_-14.9979_-3.9994_6.9990,187606,12.9978_22.9962_-13.9977_-2.9995_7.9987
58,187606,12.9978_22.9962_-13.9977_-2.9995_7.9987,182208,9.9973_19.9945_-13.9962_-0.0000_5.9984
58,182208,9.9973_19.9945_-13.9962_-0.0000_5.9984,180647,9.9969_18.9941_-13.9957_0.0000_4.9985
58,180647,9.9969_18.9941_-13.9957_0.0000_4.9985,179398,9.9966_17.9939_-9.9966_0.9997_10.9963
58,179398,9.9966_17.9939_-9.9966_0.9997_10.9963,178692,8.9968_17.9936_-9.9965_0.9996_10.9961
58,178692,8.9968_17.9936_-9.9965_0.9996_10.9961,173027,8.9955_15.9920_-7.9960_0.9995_9.9950
58,173027,8.9955_15.9920_-7.9960_0.9995_9.9950,169084,8.9944_14.9907_-6.9957_0.0000_8.9944
58,169084,8.9944_14.9907_-6.9957_0.0000_8.9944,167066,8.9939_14.9898_-5.9960_0.9993_7.9946
58,167066,8.9939_14.9898_-5.9960_0.9993_7.9946,166474,8.9937_15.9888_-4.9965_0.9993_5.9958
58,166474,8.9937_15.9888_-4.9965_0.9993_5.9958,165475,8.9934_14.9890_-3.9971_-0.0000_7.9941
58,165475,8.9934_14.9890_-3.9971_-0.0000_7.9941,162449,7.9933_13.9882_-2.9975_0.0000_8.9925
58,162449,7.9933_13.9882_-2.9975_0.0000_8.9925,88514,0.9928_0.0000_-0.9928_3.9712_4.9639
58,88514,0.9928_0.0000_-0.9928_3.9712_4.9639,81917,1.9831_0.9916_-0.9916_1.9831_4.9574
58,81917,1.9831_0.9916_-0.9916_1.9831_4.9574,35740,-0.9684_-0.0000_-0.0000_-1.9356_-0.0000
58,35740,-0.9684_-0.0000_-0.0000_-1.9356_-0.0000,28143,-0.9571_-0.0000_-0.0000_-0.9571_-0.9571
58,28143,-0.9571_-0.0000_-0.0000_-0.9571_-0.9571,23168,-0.0000_0.0000_-0.9454_0.9454_-0.0000
58,23168,-0.0000_0.0000_-0.9454_0.9454_-0.0000,16462,0.0000_0.0000_-0.9175_-0.0000_0.0000
58,16462,0.0000_0.0000_-0.9175_-0.0000_0.0000,0,-0.0000_-0.0000_0.0000_0.0000_-0.0000
58,0,-0.0000_-0.0000_0.0000_0.0000_-0.0000,0,0.0000_-0.0000_0.0000_0.0000_0.0000
58,0,0.0000_-0.0000_0.0000_0.0000_0.0000,0,0.0000_-0.0000_-0.0000_0.0000_-0.0000
58,0,0.0000_-0.0000_-0.0000_0.0000_-0.0000,0,-0.0000_-0.0000_-0.0000_0.0000_-0.0000
58,0,-0.0000_-0.0000_-0.0000_0.0000_-0.0000,0,0.0000_-0.0000_0.0000_0.0000_-0.0000
58,0,0.0000_-0.0000_0.0000_0.0000_-0.0000,0,-0.0000_0.0000_-0.0000_0.0000_-0.0000
58,0,-0.0000_0.0000_-0.0000_0.0000_-0.0000,0,-0.0000_-0.0000_-0.0000_0.0000_0.0000
58,0,-0.0000_-0.0000_-0.0000_0.0000_0.0000,0,0.0000_0.0000_0.0000_-0.0000_0.0000
59,192770,-29.9976_-18.9985_0.0000_-8.9993_5.9995,192067,-28.9973_-17.9984_0.9999_-9.9991_5.9995
59,192067,-28.9973_-17.9984_0.9999_-9.9991_5.9995,191877,-28.9972_-16.9984_1.9999_-9.9990_6.9994
59,191877,-28.9972_-16.9984_1.9999_-9.9990_6.9994,191468,-28.9970_-16.9983_0.9999_-7.9991_6.9993
59,191468,-28.9970_-16.9983_0.9999_-7.9991_6.9993,190962,-28.9968_-16.9982_3.9996_-1.9998_6.9992
59,190962,-28.9968_-16.9982_3.9996_-1.9998_6.9992,190761,-27.9969_-17.9980_2.9997_-0.9999_7.9991
59,190761,-27.9969_-17.9980_2.9997_-0.9999_7.9991,189934,-27.9965_-16.9979_1.9998_-1.9997_5.9993
59,189934,-27.9965_-16.9979_1.9998_-1.9997_5.9993,188616,-24.9963_-18.9972_2.9996_-3.9994_3.9994
59,188616,-24.9963_-18.9972_2.9996_-3.9994_3.9994,48838,0.0000_2.9374_-0.0000_-0.9796_0.0000
59,48838,0.0000_2.9374_-0.0000_-0.9796_0.0000,23168,0.0000_0.0000_0.9454_0.0000_0.9454
59,23168,0.0000_0.0000_0.9454_0.0000_0.9454,0,-0.0000_-0.0000_0.0000_-0.0000_-0.0000
59,0,-0.0000_-0.0000_0.0000_-0.0000_-0.0000,0,-0.0000_0.0000_0.0000_0.0000_0.0000
59,0,-0.0000_0.0000_0.0000_0.0000_0.0000,0,-0.0000_-0.0000_0.0000_0.0000_0.0000
59,0,-0.0000_-0.0000_0.0000_0.0000_0.0000,0,0.0000_0.0000_0.0000_0.0000_0.0000
59,0,0.0000_0.0000_0.0000_0.0000_0.0000,0,-0.0000_-0.0000_-0.0000_0.0000_-0.0000
59,0,-0.0000_-0.0000_-0.0000_0.0000_-0.0000,0,-0.0000_-0.0000_0.0000_0.0000_-0.0000
59,0,-0.0000_-0.0000_0.0000_0.0000_-0.0000,0,-0.0000_-0.0000_0.0000_0.0000_0.0000
59,0,-0.0000_-0.0000_0.0000_0.0000_0.0000,0,0.0000_-0.0000_0.0000_-0.0000_-0.0000
59,0,0.0000_-0.0000_0.0000_-0.0000_-0.0000,0,0.0000_0.0000_-0.0000_0.0000_0.0000
60,194013,10.9993_22.9985_-21.9986_8.9994_17.9989,192308,6.9994_17.9984_-22.9980_7.9993_18.9983
60,192308,6.9994_17.9984_-22.9980_7.9993_18.9983,191907,5.9995_17.9983_-21.9979_8.9991_18.9982
60,191907,5.9995_17.9983_-21.9979_8.9991_18.9982,188007,-8.9986_23.9962_-2.9995_17.9971_0.0000
60,188007,-8.9986_23.9962_-2.9995_17.9971_0.0000,187571,-7.9987_21.9963_-3.9993_19.9967_0.9999
60,187571,-7.9987_21.9963_-3.9993_19.9967_0.9999,180942,-13.9958_16.9949_5.9982_6.9979_10.9967
60,180942,-13.9958_16.9949_5.9982_6.9979_10.9967,180680,-13.9957_16.9948_6.9978_6.9978_9.9969
60,180680,-13.9957_16.9948_6.9978_6.9978_9.9969,178462,-11.9957_17.9935_7.9971_4.9982_7.9971
60,178462,-11.9957_17.9935_7.9971_4.9982_7.9971,177087,-11.9953_16.9933_8.9964_2.9988_7.9969
60,177087,-11.9953_16.9933_8.9964_2.9988_7.9969,176350,-10.9955_17.9926_7.9967_4.9979_5.9975
60,176350,-10.9955_17.9926_7.9967_4.9979_5.9975,168410,-9.9936_15.9898_5.9962_2.9981_4.9968
60,168410,-9.9936_15.9898_5.9962_2.9981_4.9968,164179,-9.9922_14.9883_4.9961_1.9984_3.9969
60,164179,-9.9922_14.9883_4.9961_1.9984_3.9969,163928,-9.9921_14.9882_4.9961_0.9992_3.9969
60,163928,-9.9921_14.9882_4.9961_0.9992_3.9969,161626,-9.9913_13.9878_4.9957_1.9983_3.9965
60,161626,-9.9913_13.9878_4.9957_1.9983_3.9965,161533,-8.9922_14.9869_2.9974_3.9965_2.9974
60,161533,-8.9922_14.9869_2.9974_3.9965_2.9974,151470,-4.9936_12.9833_3.9949_3.9949_4.9936
60,151470,-4.9936_12.9833_3.9949_3.9949_4.9936,136968,-1.9959_10.9775_0.9980_4.9898_3.9918
60,136968,-1.9959_10.9775_0.9980_4.9898_3.9918,130237,-0.0000_8.9776_-0.0000_6.9826_2.9926
60,130237,-0.0000_8.9776_-0.0000_6.9826_2.9926,81012,0.0000_1.9827_-4.9564_-0.9914_1.9827
60,81012,0.0000_1.9827_-4.9564_-0.9914_1.9827,78171,0.0000_1.9815_-4.9531_-0.9908_0.9908
60,78171,0.0000_1.9815_-4.9531_-0.9908_0.9908,68200,-0.0000_0.9881_-3.9517_-1.9761_-0.9881
60,68200,-0.0000_0.9881_-3.9517_-1.9761_-0.9881,48841,1.9589_0.9796_0.0000_-1.9589_0.9796
60,48841,1.9589_0.9796_0.0000_-1.9589_0.9796,16462,-0.0000_-0.0000_-0.0000_-0.0000_-0.9175
60,16462,-0.0000_-0.0000_-0.0000_-0.0000_-0.9175,16462,0.0000_-0.0000_0.9175_-0.0000_0.0000
60,16462,0.0000_-0.0000_0.9175_-0.0000_0.0000,0,-0.0000_-0.0000_-0.0000_0.0000_-0.0000
60,0,-0.0000_-0.0000_-0.0000_0.0000_-0.0000,0,0.0000_0.0000_0.0000_0.0000_0.0000
61,196213,27.9990_10.9996_-2.9999_-17.9994_-26.9990,195892,26.9989_8.9996_-1.9999_-16.9993_-27.9989
61,195892,26.9989_8.9996_-1.9999_-16.9993_-27.9989,195449,25.9988_7.9997_-2.9999_-15.9993_-27.9987
61,195449,25.9988_7.9997_-2.9999_-15.9993_-27.9987,195342,25.9988_7.9996_-2.9999_-16.9992_-26.9988
61,195342,25.9988_7.9996_-2.9999_-16.9992_-26.9988,195307,26.9987_8.9996_-1.0000_-17.9992_-24.9988
61,195307,26.9987_8.9996_-1.0000_-17.9992_-24.9988,192848,24.9980_6.9994_1.9998_-14.9988_-21.9982
61,192848,24.9980_6.9994_1.9998_-14.9988_-21.9982,192438,23.9979_8.9992_1.9998_-13.9988_-21.9981
61,192438,23.9979_8.9992_1.9998_-13.9988_-21.9981,191215,21.9977_7.9992_0.0000_-11.9987_-22.9976
61,191215,21.9977_7.9992_0.0000_-11.9987_-22.9976,189617,19.9974_7.9989_-0.9999_-9.9987_-22.9970
61,189617,19.9974_7.9989_-0.9999_-9.9987_-22.9970,188727,17.9974_8.9987_-0.9999_-11.9982_-21.9968
61,188727,17.9974_8.9987_-0.9999_-11.9982_-21.9968,188537,16.9975_9.9985_-1.9997_-9.9985_-22.9965
61,188537,16.9975_9.9985_-1.9997_-9.9985_-22.9965,186941,15.9971_11.9979_-2.9995_-8.9984_-20.9963
61,186941,15.9971_11.9979_-2.9995_-8.9984_-20.9963,186511,15.9970_11.9978_-2.9994_-9.9981_-19.9963
61,186511,15.9970_11.9978_-2.9994_-9.9981_-19.9963,184980,16.9963_5.9987_0.9998_-15.9965_-15.9965
61,184980,16.9963_5.9987_0.9998_-15.9965_-15.9965,183386,17.9955_4.9988_1.9995_-14.9963_-13.9965
61,183386,17.9955_4.9988_1.9995_-14.9963_-13.9965,180002,12.9958_0.0000_-2.9990_-13.9955_-16.9945
61,180002,12.9958_0.0000_-2.9990_-13.9955_-16.9945,179650,13.9953_1.9993_-0.9997_-13.9953_-15.9947
61,179650,13.9953_1.9993_-0.9997_-13.9953_-15.9947,178654,13.9950_1.9993_-0.9996_-12.9954_-15.9943
61,178654,13.9950_1.9993_-0.9996_-12.9954_-15.9943,177991,11.9955_2.9989_-1.9992_-13.9948_-15.9940
61,177991,11.9955_2.9989_-1.9992_-13.9948_-15.9940,158133,-2.9970_-3.9959_-1.9980_-13.9859_-8.9910
61,158133,-2.9970_-3.9959_-1.9980_-13.9859_-8.9910,138671,-0.0000_-1.9961_-0.9981_-10.9786_-6.9864
61,138671,-0.0000_-1.9961_-0.9981_-10.9786_-6.9864,136083,0.0000_0.0000_0.9979_-8.9811_-8.9811
61,136083,0.0000_0.0000_0.9979_-8.9811_-8.9811,23168,0.0000_-0.0000_0.9454_-0.9454_-0.0000
61,23168,0.0000_-0.0000_0.9454_-0.9454_-0.0000,0,-0.0000_-0.0000_-0.0000_0.0000_-0.0000
61,0,-0.0000_-0.0000_-0.0000_0.0000_-0.0000,0,0.0000_-0.0000_-0.0000_-0.0000_-0.0000
61,0,0.0000_-0.0000_-0.0000_-0.0000_-0.0000,0,-0.0000_-0.0000_0.0000_0.0000_0.0000
61,0,-0.0000_-0.0000_0.0000_0.0000_0.0000,0,0.0000_0.0000_-0.0000_-0.0000_0.0000
61,0,0.0000_0.0000_-0.0000_-0.0000_0.0000,0,-0.0000_-0.0000_-0.0000_0.0000_-0.0000
61,0,-0.0000_-0.0000_-0.0000_0.0000_-0.0000,0,0.0000_0.0000_-0.0000_0.0000_-0.0000
61,0,0.0000_0.0000_-0.0000_0.0000_-0.0000,0,-0.0000_-0.0000_0.0000_-0.0000_-0.0000
62,188882,7.9989_-16.9976_-4.9993_-20.9970_14.9978,188743,7.9988_-16.9975_-3.9994_-20.9969_14.9978
62,188743,7.9988_-16.9975_-3.9994_-20.9969_14.9978,185976,6.9986_-20.9959_-3.9992_-15.9969_10.9978
62,185976,6.9986_-20.9959_-3.9992_-15.9969_10.9978,185806,6.9986_-19.9960_-3.9992_-16.9966_10.9978
62,185806,6.9986_-19.9960_-3.9992_-16.9966_10.9978,183492,5.9985_-18.9953_-4.9988_-15.9961_9.9975
62,183492,5.9985_-18.9953_-4.9988_-15.9961_9.9975,181262,5.9982_-17.9947_-3.9988_-14.9956_9.9970
62,181262,5.9982_-17.9947_-3.9988_-14.9956_9.9970,180243,4.9984_-17.9943_-3.9987_-15.9949_6.9978
62,180243,4.9984_-17.9943_-3.9987_-15.9949_6.9978,177870,2.9989_-18.9929_-1.9993_-13.9948_5.9978
62,177870,2.9989_-18.9929_-1.9993_-13.9948_5.9978,173027,1.9990_-16.9914_-1.9990_-12.9935_5.9970
62,173027,1.9990_-16.9914_-1.9990_-12.9935_5.9970,172201,2.9984_-16.9911_-2.9984_-11.9937_5.9969
62,172201,2.9984_-16.9911_-2.9984_-11.9937_5.9969,162269,-0.0000_-13.9882_-5.9949_-9.9915_3.9967
62,162269,-0.0000_-13.9882_-5.9949_-9.9915_3.9967,161996,0.0000_-11.9897_-7.9931_-10.9906_3.9966
62,161996,0.0000_-11.9897_-7.9931_-10.9906_3.9966,161996,-0.0000_-11.9897_-7.9932_-10.9906_3.9966
62,161996,-0.0000_-11.9897_-7.9932_-10.9906_3.9966,159991,-0.9991_-11.9888_-6.9935_-10.9898_2.9972
62,159991,-0.9991_-11.9888_-6.9935_-10.9898_2.9972,142946,0.9983_-8.9847_-4.9915_-8.9847_2.9949
62,142946,0.9983_-8.9847_-4.9915_-8.9847_2.9949,123883,2.9911_-0.9970_4.9852_-8.9732_-0.9971
62,123883,2.9911_-0.9970_4.9852_-8.9732_-0.9971,123247,1.9940_-0.9970_4.9850_-8.9729_-1.9940
62,123247,1.9940_-0.9970_4.9850_-8.9729_-1.9940,123247,1.9940_-0.9970_4.9850_-8.9729_-1.9940
62,123247,1.9940_-0.9970_4.9850_-8.9729_-1.9940,83668,-0.9919_1.9838_-0.0000_-3.9675_3.9675
62,83668,-0.9919_1.9838_-0.0000_-3.9675_3.9675,23168,-0.9454_-0.9454_-0.0000_0.0000_-0.0000
62,23168,-0.9454_-0.9454_-0.0000_0.0000_-0.0000,0,0.0000_-0.0000_-0.0000_-0.0000_0.0000
62,0,0.0000_-0.0000_-0.0000_-0.0000_0.0000,0,0.0000_0.0000_-0.0000_0.0000_-0.0000
62,0,0.0000_0.0000_-0.0000_0.0000_-0.0000,0,-0.0000_0.0000_-0.0000_-0.0000_0.0000
62,0,-0.0000_0.0000_-0.0000_-0.0000_0.0000,0,0.0000_0.0000_0.0000_0.0000_-0.0000
62,0,0.0000_0.0000_0.0000_0.0000_-0.0000,0,0.0000_0.0000_-0.0000_-0.0000_-0.0000
62,0,0.0000_0.0000_-0.0000_-0.0000_-0.0000,0,-0.0000_-0.0000_0.0000_-0.0000_0.0000
62,0,-0.0000_-0.0000_0.0000_-0.0000_0.0000,0,-0.0000_0.0000_0.0000_-0.0000_0.0000
62,0,-0.0000_0.0000_0.0000_-0.0000_0.0000,0,0.0000_0.0000_0.0000_0.0000_0.0000
63,197001,-19.9995_17.9995_-23.9993_28.9992_-7.9998,196786,-19.9994_17.9995_-23.9993_27.9992_-6.9998
63,196786,-19.9994_17.9995_-23.9993_27.9992_-6.9998,196473,-20.9993_15.9995_-23.9992_26.9991_-5.9998
63,196473,-20.9993_15.9995_-23.9992_26.9991_-5.9998,196430,-19.9993_14.9995_-25.9991_25.9991_-6.9998
63,196430,-19.9993_14.9995_-25.9991_25.9991_-6.9998,196322,-20.9993_15.9995_-24.9991_24.9991_-6.9998
63,196322,-20.9993_15.9995_-24.9991_24.9991_-6.9998,196251,-19.9993_16.9994_-23.9992_25.9991_-5.9998
63,196251,-19.9993_16.9994_-23.9992_25.9991_-5.9998,196069,-19.9993_16.9994_-22.9991_25.9990_-5.9998
63,196069,-19.9993_16.9994_-22.9991_25.9990_-5.9998,195659,-19.9992_16.9993_-21.9991_24.9989_-5.9998
63,195659,-19.9992_16.9993_-21.9991_24.9989_-5.9998,195609,-19.9991_16.9993_-21.9991_24.9989_-4.9998
63,195609,-19.9991_16.9993_-21.9991_24.9989_-4.9998,195376,-19.9991_16.9992_-21.9990_23.9989_-4.9998
63,195376,-19.9991_16.9992_-21.9990_23.9989_-4.9998,194672,-20.9988_14.9992_-21.9988_21.9988_-2.9998
63,194672,-20.9988_14.9992_-21.9988_21.9988_-2.9998,194207,-19.9988_13.9991_-21.9987_21.9987_-1.9999
63,194207,-19.9988_13.9991_-21.9987_21.9987_-1.9999,193979,-18.9988_13.9991_-21.9986_21.9986_-2.9998
63,193979,-18.9988_13.9991_-21.9986_21.9986_-2.9998,192602,-17.9985_12.9989_-20.9982_19.9983_-4.9996
63,192602,-17.9985_12.9989_-20.9982_19.9983_-4.9996,190880,2.9997_2.9997_-1.9998_26.9970_-20.9977
63,190880,2.9997_2.9997_-1.9998_26.9970_-20.9977,190628,0.9999_0.9999_-2.9996_25.9970_-21.9975
63,190628,0.9999_0.9999_-2.9996_25.9970_-21.9975,190603,-0.0000_-0.0000_-2.9997_25.9970_-21.9974
63,190603,-0.0000_-0.0000_-2.9997_25.9970_-21.9974,190603,-0.0000_-0.0000_-2.9997_25.9970_-21.9975
63,190603,-0.0000_-0.0000_-2.9997_25.9970_-21.9975,189987,-1.9997_1.9998_-1.9998_24.9969_-21.9972
63,189987,-1.9997_1.9998_-1.9998_24.9969_-21.9972,189346,-1.9997_0.9999_-1.9997_24.9966_-20.9972
63,189346,-1.9997_0.9999_-1.9997_24.9966_-20.9972,187765,-0.0000_0.0000_-0.0000_23.9962_-19.9967
63,187765,-0.0000_0.0000_-0.0000_23.9962_-19.9967,181420,1.9994_-1.9994_0.9997_10.9968_-23.9930
63,181420,1.9994_-1.9994_0.9997_10.9968_-23.9930,164592,5.9954_7.9939_-8.9931_-4.9962_-12.9901
63,164592,5.9954_7.9939_-8.9931_-4.9962_-12.9901,164510,6.9946_7.9939_-8.9931_-5.9954_-11.9908
63,164510,6.9946_7.9939_-8.9931_-5.9954_-11.9908,163674,7.9936_8.9928_-6.9944_-6.9944_-10.9913
63,163674,7.9936_8.9928_-6.9944_-6.9944_-10.9913,153582,4.9940_8.9893_-5.9928_-4.9940_-9.9881
63,153582,4.9940_8.9893_-5.9928_-4.9940_-9.9881,148739,6.9901_6.9902_-4.9930_-2.9958_-9.9859
63,148739,6.9901_6.9902_-4.9930_-2.9958_-9.9859,133524,0.9977_6.9842_1.9955_-6.9842_-6.9842
63,133524,0.9977_6.9842_1.9955_-6.9842_-6.9842,126617,0.9973_5.9836_1.9945_-6.9808_-5.9835
63,126617,0.9973_5.9836_1.9945_-6.9808_-5.9835,123247,0.0000_6.9789_3.9880_-4.9850_-4.9850
63,123247,0.0000_6.9789_3.9880_-4.9850_-4.9850,74043,-0.9898_0.0000_-0.0000_0.9898_-4.9479
63,74043,-0.9898_0.0000_-0.0000_0.9898_-4.9479,44246,-0.9765_0.9765_0.9765_0.9765_-1.9524
63,44246,-0.9765_0.9765_0.9765_0.9765_-1.9524,23168,0.9454_-0.0000_-0.0000_-0.0000_-0.9454
63,23168,0.9454_-0.0000_-0.0000_-0.0000_-0.9454,16462,-0.9175_-0.0000_0.0000_-0.0000_0.0000
63,16462,-0.9175_-0.0000_0.0000_-0.0000_0.0000,0,-0.0000_-0.0000_-0.0000_-0.0000_0.0000
63,0,-0.0000_-0.0000_-0.0000_-0.0000_0.0000,0,0.0000_0.0000_-0.0000_0.0000_0.0000
63,0,0.0000_0.0000_-0.0000_0.0000_0.0000,0,0.0000_-0.0000_0.0000_-0.0000_0.0000
63,0,0.0000_-0.0000_0.0000_-0.0000_0.0000,0,0.0000_-0.0000_0.0000_-0.0000_0.0000
63,0,0.0000_-0.0000_0.0000_-0.0000_0.0000,0,-0.0000_-0.0000_0.0000_0.0000_-0.0000
63,0,-0.0000_-0.0000_0.0000_0.0000_-0.0000,0,0.0000_0.0000_0.0000_-0.0000_-0.0000
63,0,0.0000_0.0000_0.0000_-0.0000_-0.0000,0,0.0000_-0.0000_0.0000_0.0000_-0.0000
64,196869,-20.9994_-22.9994_-28.9992_4.9999_-17.9995,196701,-20.9994_-23.9993_-26.9992_5.9998_-17.9995
64,196701,-20.9994_-23.9993_-26.9992_5.9998_-17.9995,196688,-19.9994_-23.9993_-26.9992_5.9998_-18.9994
64,196688,-19.9994_-23.9993_-26.9992_5.9998_-18.9994,195117,-11.9994_-28.9986_-18.9991_10.9995_-15.9992
64,195117,-11.9994_-28.9986_-18.9991_10.9995_-15.9992,194972,-13.9993_-26.9986_-18.9990_10.9994_-16.9991
64,194972,-13.9993_-26.9986_-18.9990_10.9994_-16.9991,194822,-12.9993_-26.9986_-18.9990_10.9994_-16.9991
64,194822,-12.9993_-26.9986_-18.9990_10.9994_-16.9991,193402,-11.9991_-25.9981_-16.9988_10.9992_-14.9989
64,193402,-11.9991_-25.9981_-16.9988_10.9992_-14.9989,193229,-9.9993_-23.9982_-17.9987_11.9991_-16.9987
64,193229,-9.9993_-23.9982_-17.9987_11.9991_-16.9987,192839,-10.9991_-23.9981_-16.9986_11.9990_-15.9987
64,192839,-10.9991_-23.9981_-16.9986_11.9990_-15.9987,192638,-10.9991_-23.9980_-16.9986_10.9991_-15.9987
64,192638,-10.9991_-23.9980_-16.9986_10.9991_-15.9987,179142,-2.9990_-14.9948_-9.9966_16.9941_-3.9986
64,179142,-2.9990_-14.9948_-9.9966_16.9941_-3.9986,178384,-2.9989_-12.9953_-8.9967_17.9935_-5.9978
64,178384,-2.9989_-12.9953_-8.9967_17.9935_-5.9978,177213,0.0000_-10.9957_-7.9969_17.9930_-8.9965
64,177213,0.0000_-10.9957_-7.9969_17.9930_-8.9965,176527,0.9996_-9.9959_-6.9971_17.9926_-9.9959
64,176527,0.9996_-9.9959_-6.9971_17.9926_-9.9959,175672,0.9996_-9.9957_-6.9970_17.9922_-8.9961
64,175672,0.9996_-9.9957_-6.9970_17.9922_-8.9961,172201,1.9989_-8.9953_-7.9958_16.9911_-6.9963
64,172201,1.9989_-8.9953_-7.9958_16.9911_-6.9963,168065,-0.9993_-11.9922_-3.9974_13.9909_-7.9948
64,168065,-0.9993_-11.9922_-3.9974_13.9909_-7.9948,166095,-0.9993_-11.9914_-3.9971_12.9907_-7.9943
64,166095,-0.9993_-11.9914_-3.9971_12.9907_-7.9943,165078,-1.9985_-14.9888_-3.9970_9.9925_-5.9955
64,165078,-1.9985_-14.9888_-3.9970_9.9925_-5.9955,164592,-2.9977_-14.9885_-3.9969_9.9924_-4.9962
64,164592,-2.9977_-14.9885_-3.9969_9.9924_-4.9962,164592,-2.9977_-14.9885_-3.9969_9.9924_-4.9962
64,164592,-2.9977_-14.9885_-3.9969_9.9924_-4.9962,163157,-0.9992_-13.9886_-5.9951_9.9919_-4.9959
64,163157,-0.9992_-13.9886_-5.9951_9.9919_-4.9959,161719,-0.9991_-12.9888_-5.9948_9.9914_-5.9948
64,161719,-0.9991_-12.9888_-5.9948_9.9914_-5.9948,159387,-0.9991_-11.9886_-5.9943_10.9895_-3.9962
64,159387,-0.9991_-11.9886_-5.9943_10.9895_-3.9962,104690,6.9660_-2.9855_2.9855_0.9952_-0.9952
64,104690,6.9660_-2.9855_2.9855_0.9952_-0.9952,97392,6.9592_-0.9942_1.9884_0.9942_-0.9943
64,97392,6.9592_-0.9942_1.9884_0.9942_-0.9943,75116,3.9597_-0.9900_2.9699_0.9900_-0.9900
64,75116,3.9597_-0.9900_2.9699_0.9900_-0.9900,64224,0.9868_-2.9600_1.9735_-0.9868_1.9735
64,64224,0.9868_-2.9600_1.9735_-0.9868_1.9735,41671,0.9744_-1.9481_-0.0000_-0.9744_-0.9744
64,41671,0.9744_-1.9481_-0.0000_-0.9744_-0.9744,16462,-0.0000_-0.0000_-0.0000_0.0000_0.9175
64,16462,-0.0000_-0.0000_-0.0000_0.0000_0.9175,0,-0.0000_-0.0000_-0.0000_0.0000_-0.0000
64,0,-0.0000_-0.0000_-0.0000_0.0000_-0.0000,0,0.0000_0.0000_-0.0000_-0.0000_0.0000
64,0,0.0000_0.0000_-0.0000_-0.0000_0.0000,0,-0.0000_-0.0000_-0.0000_-0.0000_0.0000
64,0,-0.0000_-0.0000_-0.0000_-0.0000_0.0000,0,-0.0000_0.0000_0.0000_-0.0000_0.0000
64,0,-0.0000_0.0000_0.0000_-0.0000_0.0000,0,-0.0000_0.0000_-0.0000_-0.0000_-0.0000
64,0,-0.0000_0.0000_-0.0000_-0.0000_-0.0000,0,0.0000_0.0000_0.0000_-0.0000_0.0000
64,0,0.0000_0.0000_0.0000_-0.0000_0.0000,0,-0.0000_0.0000_0.0000_0.0000_-0.0000
65,197506,-16.9996_-29.9994_-21.9995_20.9996_16.9996,197372,-15.9996_-28.9993_-21.9995_20.9995_17.9996
65,197372,-15.9996_-28.9993_-21.9995_20.9995_17.9996,196116,-13.9995_-26.9990_-19.9993_18.9993_15.9994
65,196116,-13.9995_-26.9990_-19.9993_18.9993_15.9994,195027,-11.9994_-23.9988_-19.9990_18.9991_14.9993
65,195027,-11.9994_-23.9988_-19.9990_18.9991_14.9993,194220,-10.9993_-22.9986_-19.9988_17.9989_13.9991
65,194220,-10.9993_-22.9986_-19.9988_17.9989_13.9991,193585,-8.9994_-22.9984_-17.9987_16.9988_15.9989
65,193585,-8.9994_-22.9984_-17.9987_16.9988_15.9989,192770,-8.9993_-28.9976_-13.9989_13.9989_7.9993
65,192770,-8.9993_-28.9976_-13.9989_13.9989_7.9993,192279,-8.9992_-28.9974_-12.9988_12.9988_7.9993
65,192279,-8.9992_-28.9974_-12.9988_12.9988_7.9993,191370,-7.9992_-27.9971_-12.9987_12.9987_6.9993
65,191370,-7.9992_-27.9971_-12.9987_12.9987_6.9993,191090,-6.9993_-27.9970_-11.9987_12.9986_7.9992
65,191090,-6.9993_-27.9970_-11.9987_12.9986_7.9992,190185,-5.9993_-26.9967_-10.9987_12.9984_8.9989
65,190185,-5.9993_-26.9967_-10.9987_12.9984_8.9989,189673,-5.9992_-26.9965_-9.9987_12.9983_7.9990
65,189673,-5.9992_-26.9965_-9.9987_12.9983_7.9990,189645,-6.9991_-25.9966_-10.9986_12.9983_8.9988
65,189645,-6.9991_-25.9966_-10.9986_12.9983_8.9988,189561,-7.9989_-25.9966_-9.9987_12.9983_8.9988
65,189561,-7.9989_-25.9966_-9.9987_12.9983_8.9988,188680,-6.9989_-25.9962_-8.9986_11.9982_8.9987
65,188680,-6.9989_-25.9962_-8.9986_11.9982_8.9987,186081,-10.9979_-14.9971_1.9996_22.9955_-2.9994
65,186081,-10.9979_-14.9971_1.9996_22.9955_-2.9994,185457,-11.9975_-12.9973_3.9992_22.9952_-0.9998
65,185457,-11.9975_-12.9973_3.9992_22.9952_-0.9998,180243,-8.9971_-13.9955_3.9987_18.9939_3.9987
65,180243,-8.9971_-13.9955_3.9987_18.9939_3.9987,178654,-7.9972_-12.9954_3.9986_18.9932_3.9986
65,178654,-7.9972_-12.9954_3.9986_18.9932_3.9986,177129,-6.9972_-11.9953_4.9980_18.9925_2.9988
65,177129,-6.9972_-11.9953_4.9980_18.9925_2.9988,175203,-7.9965_-9.9956_3.9982_18.9916_1.9991
65,175203,-7.9965_-9.9956_3.9982_18.9916_1.9991,167139,-2.9980_-10.9925_8.9939_13.9905_0.9993
65,167139,-2.9980_-10.9925_8.9939_13.9905_0.9993,159892,-3.9963_-8.9916_8.9916_11.9888_-0.9991
65,159892,-3.9963_-8.9916_8.9916_11.9888_-0.9991,142764,-2.9949_-8.9846_4.9914_8.9846_-0.0000
65,142764,-2.9949_-8.9846_4.9914_8.9846_-0.0000,135174,-4.9892_-5.9871_0.9979_8.9806_-3.9914
65,135174,-4.9892_-5.9871_0.9979_8.9806_-3.9914,131023,-4.9879_-5.9854_0.9976_7.9806_-3.9903
65,131023,-4.9879_-5.9854_0.9976_7.9806_-3.9903,97392,-6.9592_1.9885_0.9942_-0.9943_0.9943
65,97392,-6.9592_1.9885_0.9942_-0.9943_0.9943,75116,-1.9800_3.9597_1.9800_-1.9800_-0.0000
65,75116,-1.9800_3.9597_1.9800_-1.9800_-0.0000,72942,-1.9789_3.9574_0.9895_-1.9789_-0.9895
65,72942,-1.9789_3.9574_0.9895_-1.9789_-0.9895,56496,-1.9672_0.9837_-1.9672_0.9837_1.9672
65,56496,-1.9672_0.9837_-1.9672_0.9837_1.9672,48841,-1.9589_0.9797_-1.9589_0.0001_0.9797
65,48841,-1.9589_0.9797_-1.9589_0.0001_0.9797,23168,-0.9454_0.0000_-0.9454_-0.0000_-0.0000
65,23168,-0.9454_0.0000_-0.9454_-0.0000_-0.0000,0,0.0000_-0.0000_-0.0000_-0.0000_-0.0000
66,176127,10.9954_-6.9971_-10.9954_6.9971_-14.9937,172591,9.9949_-6.9964_-9.9949_6.9964_-13.9927
66,172591,9.9949_-6.9964_-9.9949_6.9964_-13.9927,172031,10.9942_-6.9963_-8.9952_7.9957_-12.9931
66,172031,10.9942_-6.9963_-8.9952_7.9957_-12.9931,171802,11.9936_-7.9957_-7.9957_7.9957_-11.9935
66,171802,11.9936_-7.9957_-7.9957_7.9957_-11.9935,170552,10.9937_-4.9971_-8.9948_5.9966_-13.9920
66,170552,10.9937_-4.9971_-8.9948_5.9966_-13.9920,168884,10.9931_-1.9988_-11.9925_9.9938_-7.9950
66,168884,10.9931_-1.9988_-11.9925_9.9938_-7.9950,166474,8.9937_-1.9986_-12.9909_8.9937_-7.9944
66,166474,8.9937_-1.9986_-12.9909_8.9937_-7.9944,159183,4.9952_0.9990_-11.9885_10.9894_-4.9952
66,159183,4.9952_0.9990_-11.9885_10.9894_-4.9952,144715,2.9952_0.9984_-9.9839_8.9855_-3.9936
66,144715,2.9952_0.9984_-9.9839_8.9855_-3.9936,136749,1.9959_2.9938_-7.9835_7.9835_-4.9897
66,136749,1.9959_2.9938_-7.9835_7.9835_-4.9897,121610,2.9906_4.9843_-5.9812_5.9812_-1.9937
66,121610,2.9906_4.9843_-5.9812_5.9812_-1.9937,84517,0.9921_-1.9842_-3.9682_3.9682_-0.9921
66,84517,0.9921_-1.9842_-3.9682_3.9682_-0.9921,0,0.0000_0.0000_-0.0000_0.0000_-0.0000
66,0,0.0000_0.0000_-0.0000_0.0000_-0.0000,0,0.0000_-0.0000_-0.0000_0.0000_-0.0000
66,0,0.0000_-0.0000_-0.0000_0.0000_-0.0000,0,-0.0000_-0.0000_0.0000_0.0000_-0.0000
66,0,-0.0000_-0.0000_0.0000_0.0000_-0.0000,0,0.0000_-0.0000_-0.0000_0.0000_-0.0000
66,0,0.0000_-0.0000_-0.0000_0.0000_-0.0000,0,0.0000_-0.0000_0.0000_-0.0000_-0.0000
66,0,0.0000_-0.0000_0.0000_-0.0000_-0.0000,0,-0.0000_0.0000_0.0000_0.0000_-0.0000
66,0,-0.0000_0.0000_0.0000_0.0000_-0.0000,0,0.0000_-0.0000_0.0000_0.0000_-0.0000
66,0,0.0000_-0.0000_0.0000_0.0000_-0.0000,0,-0.0000_0.0000_-0.0000_0.0000_-0.0000
67,194418,-9.9994_8.9995_29.9983_-13.9992_17.9990,194013,-8.9994_11.9993_27.9982_-12.9992_18.9988
67,194013,-8.9994_11.9993_27.9982_-12.9992_18.9988,193629,-7.9994_11.9992_27.9981_-12.9991_17.9988
67,193629,-7.9994_11.9992_27.9981_-12.9991_17.9988,192484,-7.9993_7.9993_28.9975_-15.9986_10.9991
67,192484,-7.9993_7.9993_28.9975_-15.9986_10.9991,192466,-6.9994_6.9994_29.9974_-14.9987_10.9991
67,192466,-6.9994_6.9994_29.9974_-14.9987_10.9991,190391,-5.9993_4.9994_28.9966_-12.9985_8.9989
67,190391,-5.9993_4.9994_28.9966_-12.9985_8.9989,189839,-5.9992_4.9994_28.9963_-11.9985_7.9990
67,189839,-5.9992_4.9994_28.9963_-11.9985_7.9990,189184,-5.9992_5.9992_27.9961_-11.9984_7.9989
67,189184,-5.9992_5.9992_27.9961_-11.9984_7.9989,188504,-4.9992_7.9988_26.9959_-10.9983_8.9987
67,188504,-4.9992_7.9988_26.9959_-10.9983_8.9987,187922,-3.9994_9.9984_25.9958_-11.9981_6.9989
67,187922,-3.9994_9.9984_25.9958_-11.9981_6.9989,187517,-6.9988_6.9988_27.9953_-7.9987_3.9993
67,187517,-6.9988_6.9988_27.9953_-7.9987_3.9993,186206,-5.9988_6.9987_26.9948_-7.9985_3.9992
67,186206,-5.9988_6.9987_26.9948_-7.9985_3.9992,185026,-4.9989_6.9985_25.9944_-8.9981_2.9994
67,185026,-4.9989_6.9985_25.9944_-8.9981_2.9994,178228,8.9966_13.9949_8.9967_-15.9941_-0.9996
67,178228,8.9966_13.9949_8.9967_-15.9941_-0.9996,176395,5.9975_14.9938_8.9963_-14.9938_1.9992
67,176395,5.9975_14.9938_8.9963_-14.9938_1.9992,175156,5.9973_13.9938_9.9956_-13.9938_3.9982
67,175156,5.9973_13.9938_9.9956_-13.9938_3.9982,174225,5.9973_13.9935_8.9957_-13.9936_3.9982
67,174225,5.9973_13.9935_8.9957_-13.9936_3.9982,174124,4.9976_15.9924_7.9962_-12.9939_2.9986
67,174124,4.9976_15.9924_7.9962_-12.9939_2.9986,173081,4.9975_15.9920_6.9965_-12.9935_1.9990
67,173081,4.9975_15.9920_6.9965_-12.9935_1.9990,173081,4.9975_15.9920_6.9965_-12.9935_1.9990
67,173081,4.9975_15.9920_6.9965_-12.9935_1.9990,169800,0.9994_13.9916_2.9982_-14.9912_3.9976
67,169800,0.9994_13.9916_2.9982_-14.9912_3.9976,165238,2.9977_6.9948_8.9934_-11.9911_9.9927
67,165238,2.9977_6.9948_8.9934_-11.9911_9.9927,132296,-0.0001_3.9904_4.9882_-8.9788_4.9882
67,132296,-0.0001_3.9904_4.9882_-8.9788_4.9882,116227,-3.9856_4.9819_5.9783_-2.9892_2.9892
67,116227,-3.9856_4.9819_5.9783_-2.9892_2.9892,28143,-0.0000_-0.9571_-0.0000_0.9571_0.9571
67,28143,-0.0000_-0.9571_-0.0000_0.9571_0.9571,16462,-0.0000_-0.0000_-0.9175_0.0000_-0.0000
67,16462,-0.0000_-0.0000_-0.9175_0.0000_-0.0000,0,0.0000_-0.0000_0.0000_0.0000_-0.0000
67,0,0.0000_-0.0000_0.0000_0.0000_-0.0000,0,0.0000_-0.0000_0.0000_-0.0000_0.0000
68,198935,-2.9998_-32.7680_-12.9991_1.9999_-18.9987,196348,-18.9993_-15.9994_-15.9995_-12.9996_-30.9989
68,196348,-18.9993_-15.9994_-15.9995_-12.9996_-30.9989,195091,-15.9992_-16.9991_-16.9991_-9.9995_-27.9986
68,195091,-15.9992_-16.9991_-16.9991_-9.9995_-27.9986,194972,-16.9991_-16.9991_-18.9990_-8.9996_-25.9987
68,194972,-16.9991_-16.9991_-18.9990_-8.9996_-25.9987,194523,-15.9991_-15.9991_-19.9989_-8.9995_-24.9986
68,194523,-15.9991_-15.9991_-19.9989_-8.9995_-24.9986,194449,-14.9991_-15.9991_-19.9988_-6.9996_-25.9985
68,194449,-14.9991_-15.9991_-19.9988_-6.9996_-25.9985,194386,-14.9991_-15.9991_-20.9988_-6.9996_-24.9985
68,194386,-14.9991_-15.9991_-20.9988_-6.9996_-24.9985,194380,-14.9991_-16.9990_-20.9988_-7.9995_-23.9986
68,194380,-14.9991_-16.9990_-20.9988_-7.9995_-23.9986,193916,-16.9989_-14.9990_-18.9988_-10.9993_-22.9985
68,193916,-16.9989_-14.9990_-18.9988_-10.9993_-22.9985,186144,2.9994_-0.0000_7.9984_-22.9957_16.9967
68,186144,2.9994_-0.0000_7.9984_-22.9957_16.9967,172369,0.0001_-7.9958_-6.9964_-18.9901_3.9979
68,172369,0.0001_-7.9958_-6.9964_-18.9901_3.9979,169478,-1.9988_-5.9964_-4.9970_-18.9885_3.9976
68,169478,-1.9988_-5.9964_-4.9970_-18.9885_3.9976,163928,-1.9984_-2.9977_-0.9992_-16.9866_7.9937
68,163928,-1.9984_-2.9977_-0.9992_-16.9866_7.9937,163244,-1.9984_-3.9968_-0.9992_-16.9862_6.9943
68,163244,-1.9984_-3.9968_-0.9992_-16.9862_6.9943,160091,-1.9981_-3.9963_0.0000_-15.9852_6.9935
68,160091,-1.9981_-3.9963_0.0000_-15.9852_6.9935,81917,0.9916_-1.9831_-0.9916_1.9831_4.9574
68,81917,0.9916_-1.9831_-0.9916_1.9831_4.9574,72942,0.9895_-1.9789_-1.9789_0.9895_3.9574
68,72942,0.9895_-1.9789_-1.9789_0.9895_3.9574,54733,0.9829_-0.9829_-2.9478_-0.9829_0.9829
68,54733,0.9829_-0.9829_-2.9478_-0.9829_0.9829,54733,0.9829_-0.9829_-2.9478_-0.9829_0.9829
68,54733,0.9829_-0.9829_-2.9478_-0.9829_0.9829,41671,0.9744_-1.9481_-0.9744_-0.9744_-0.0000
68,41671,0.9744_-1.9481_-0.9744_-0.9744_-0.0000,23168,0.9454_-0.9454_0.0000_-0.0000_-0.0000
68,23168,0.9454_-0.9454_0.0000_-0.0000_-0.0000,0,-0.0000_0.0000_-0.0000_-0.0000_0.0000
68,0,-0.0000_0.0000_-0.0000_-0.0000_0.0000,0,-0.0000_-0.0000_-0.0000_0.0000_0.0000
68,0,-0.0000_-0.0000_-0.0000_0.0000_0.0000,0,0.0000_0.0000_0.0000_-0.0000_0.0000
68,0,0.0000_0.0000_0.0000_-0.0000_0.0000,0,-0.0000_-0.0000_-0.0000_-0.0000_0.0000
68,0,-0.0000_-0.0000_-0.0000_-0.0000_0.0000,0,-0.0000_0.0000_0.0000_-0.0000_-0.0000
68,0,-0.0000_0.0000_0.0000_-0.0000_-0.0000,0,0.0000_0.0000_-0.0000_-0.0000_0.0000
69,194782,-28.9985_-0.9999_-9.9995_23.9987_11.9994,194595,-27.9985_-0.9999_-9.9995_23.9987_12.9993
69,194595,-27.9985_-0.9999_-9.9995_23.9987_12.9993,194424,-26.9984_-0.9999_-9.9994_23.9986_13.9992
69,194424,-26.9984_-0.9999_-9.9994_23.9986_13.9992,194304,-26.9984_0.9999_-8.9995_23.9986_13.9992
69,194304,-26.9984_0.9999_-8.9995_23.9986_13.9992,194298,-26.9984_-0.0000_-8.9995_23.9986_13.9992
69,194298,-26.9984_-0.0000_-8.9995_23.9986_13.9992,194006,-27.9982_-0.9999_-9.9994_21.9986_12.9992
69,194006,-27.9982_-0.9999_-9.9994_21.9986_12.9992,180106,-4.9984_-20.9933_-9.9968_-7.9974_5.9981
69,180106,-4.9984_-20.9933_-9.9968_-7.9974_5.9981,179179,-4.9983_-20.9928_-9.9966_-6.9976_4.9983
69,179179,-4.9983_-20.9928_-9.9966_-6.9976_4.9983,177870,-7.9970_-17.9932_-11.9955_-4.9981_6.9974
69,177870,-7.9970_-17.9932_-11.9955_-4.9981_6.9974,159892,-6.9935_-11.9888_-8.9916_0.0000_6.9935
69,159892,-6.9935_-11.9888_-8.9916_0.0000_6.9935,38858,-0.9718_1.9427_0.0000_-0.9718_0.0000
69,38858,-0.9718_1.9427_0.0000_-0.9718_0.0000,35740,-0.0000_1.9356_-0.9684_-0.0000_-0.0000
69,35740,-0.0000_1.9356_-0.9684_-0.0000_-0.0000,16462,-0.0000_0.9175_0.0000_-0.0000_0.0000
69,16462,-0.0000_0.9175_0.0000_-0.0000_0.0000,0,-0.0000_-0.0000_-0.0000_-0.0000_0.0000
69,0,-0.0000_-0.0000_-0.0000_-0.0000_0.0000,0,0.0000_0.0000_0.0000_0.0000_-0.0000
69,0,0.0000_0.0000_0.0000_0.0000_-0.0000,0,-0.0000_-0.0000_0.0000_-0.0000_0.0000
69,0,-0.0000_-0.0000_0.0000_-0.0000_0.0000,0,0.0000_-0.0000_0.0000_-0.0000_-0.0000
69,0,0.0000_-0.0000_0.0000_-0.0000_-0.0000,0,0.0000_-0.0000_0.0000_0.0000_-0.0000
69,0,0.0000_-0.0000_0.0000_0.0000_-0.0000,0,-0.0000_-0.0000_0.0000_0.0000_0.0000
69,0,-0.0000_-0.0000_0.0000_0.0000_0.0000,0,0.0000_-0.0000_0.0000_0.0000_-0.0000
69,0,0.0000_-0.0000_0.0000_0.0000_-0.0000,0,-0.0000_-0.0000_0.0000_0.0000_-0.0000
69,0,-0.0000_-0.0000_0.0000_0.0000_-0.0000,0,0.0000_0.0000_-0.0000_0.0000_0.0000
69,0,0.0000_0.0000_-0.0000_0.0000_0.0000,0,0.0000_-0.0000_0.0000_0.0000_-0.0000
69,0,0.0000_-0.0000_0.0000_0.0000_-0.0000,0,-0.0000_0.0000_-0.0000_0.0000_0.0000
69,0,-0.0000_0.0000_-0.0000_0.0000_0.0000,0,-0.0000_0.0000_-0.0000_0.0000_0.0000
69,0,-0.0000_0.0000_-0.0000_0.0000_0.0000,0,0.0000_0.0000_0.0000_0.0000_0.0000
70,195992,-24.9990_-25.9990_-23.9991_-4.9998_-2.9999,195637,-23.9990_-24.9989_-23.9990_-5.9997_-3.9998
70,195637,-23.9990_-24.9989_-23.9990_-5.9997_-3.9998,195357,-23.9989_-25.9988_-21.9990_-4.9998_-2.9999
70,195357,-23.9989_-25.9988_-21.9990_-4.9998_-2.9999,195133,-23.9988_-24.9988_-21.9989_-4.9998_-3.9998
70,195133,-23.9988_-24.9988_-21.9989_-4.9998_-3.9998,194455,-22.9987_-22.9987_-22.9987_-3.9998_-1.9999
70,194455,-22.9987_-22.9987_-22.9987_-3.9998_-1.9999,194167,-22.9986_-22.9986_-21.9986_-3.9998_-1.9999
70,194167,-22.9986_-22.9986_-21.9986_-3.9998_-1.9999,193958,-22.9985_-21.9986_-21.9986_-4.9997_-2.9998
70,193958,-22.9985_-21.9986_-21.9986_-4.9997_-2.9998,193695,-22.9984_-20.9985_-21.9986_-5.9996_-1.9998
70,193695,-22.9984_-20.9985_-21.9986_-5.9996_-1.9998,193695,-22.9984_-20.9986_-21.9985_-5.9996_-1.9999
70,193695,-22.9984_-20.9986_-21.9985_-5.9996_-1.9999,193449,-22.9984_-20.9985_-20.9985_-6.9995_-0.9999
70,193449,-22.9984_-20.9985_-20.9985_-6.9995_-0.9999,193340,-22.9983_-20.9985_-20.9985_-5.9996_0.0000
70,193340,-22.9983_-20.9985_-20.9985_-5.9996_0.0000,192364,-29.9974_-11.9989_-11.9990_11.9990_-0.9999
70,192364,-29.9974_-11.9989_-11.9990_11.9990_-0.9999,192298,-28.9974_-11.9989_-11.9989_13.9988_-0.9999
70,192298,-28.9974_-11.9989_-11.9989_13.9988_-0.9999,190927,-26.9971_-10.9988_-10.9988_14.9984_0.0000
70,190927,-26.9971_-10.9988_-10.9988_14.9984_0.0000,190014,-25.9968_-9.9988_-10.9986_14.9982_0.9999
70,190014,-25.9968_-9.9988_-10.9986_14.9982_0.9999,189866,-23.9970_-7.9990_-11.9985_17.9977_-1.9997
70,189866,-23.9970_-7.9990_-11.9985_17.9977_-1.9997,189288,-23.9967_-6.9990_-10.9985_17.9975_-0.9999
70,189288,-23.9967_-6.9990_-10.9985_17.9975_-0.9999,188293,-22.9965_-5.9991_-8.9986_18.9971_0.0000
70,188293,-22.9965_-5.9991_-8.9986_18.9971_0.0000,173506,-12.9936_-5.9971_-0.0000_14.9927_-8.9956
70,173506,-12.9936_-5.9971_-0.0000_14.9927_-8.9956,163070,-9.9918_-6.9943_0.0000_11.9902_-7.9935
70,163070,-9.9918_-6.9943_0.0000_11.9902_-7.9935,151332,-0.0000_-2.9961_-5.9923_2.9962_-13.9820
70,151332,-0.0000_-2.9961_-5.9923_2.9962_-13.9820,144543,0.0000_0.0000_-5.9903_-0.9984_-12.9789
70,144543,0.0000_0.0000_-5.9903_-0.9984_-12.9789,140488,0.0000_-0.0000_-5.9890_-1.9963_-11.9779
70,140488,0.0000_-0.0000_-5.9890_-1.9963_-11.9779,135174,-2.9936_0.0000_-6.9849_-0.9979_-9.9784
70,135174,-2.9936_0.0000_-6.9849_-0.9979_-9.9784,131792,-2.9929_-0.0000_-5.9858_-0.0000_-9.9762
70,131792,-2.9929_-0.0000_-5.9858_-0.0000_-9.9762,114656,-2.9887_-0.9962_-3.9850_0.9962_-7.9698
70,114656,-2.9887_-0.9962_-3.9850_0.9962_-7.9698,100922,-1.9894_0.0000_-2.9841_0.0000_-6.9626
70,100922,-1.9894_0.0000_-2.9841_0.0000_-6.9626,86162,-0.9924_-1.9848_-4.9617_2.9772_-0.9924
70,86162,-0.9924_-1.9848_-4.9617_2.9772_-0.9924,54734,1.9655_0.0000_1.9655_1.9655_-0.9829
70,54734,1.9655_0.0000_1.9655_1.9655_-0.9829,48841,1.9589_0.9796_-0.0000_1.9590_-0.9797
70,48841,1.9589_0.9796_-0.0000_1.9590_-0.9797,28143,0.9571_0.9571_0.0000_0.9571_-0.0000
70,28143,0.9571_0.9571_0.0000_0.9571_-0.0000,0,0.0000_-0.0000_-0.0000_0.0000_-0.0000
70,0,0.0000_-0.0000_-0.0000_0.0000_-0.0000,0,0.0000_0.0000_-0.0000_-0.0000_-0.0000
70,0,0.0000_0.0000_-0.0000_-0.0000_-0.0000,0,-0.0000_0.0000_-0.0000_0.0000_-0.0000
70,0,-0.0000_0.0000_-0.0000_0.0000_-0.0000,0,-0.0000_0.0000_0.0000_-0.0000_-0.0000
70,0,-0.0000_0.0000_0.0000_-0.0000_-0.0000,0,0.0000_0.0000_-0.0000_0.0000_0.0000
70,0,0.0000_0.0000_-0.0000_0.0000_0.0000,0,-0.0000_-0.0000_0.0000_-0.0000_-0.0000
70,0,-0.0000_-0.0000_0.0000_-0.0000_-0.0000,0,0.0000_-0.0000_-0.0000_0.0000_0.0000
70,0,0.0000_-0.0000_-0.0000_0.0000_0.0000,0,0.0000_0.0000_-0.0000_0.0000_-0.0000
70,0,0.0000_0.0000_-0.0000_0.0000_-0.0000,0,-0.0000_0.0000_0.0000_-0.0000_0.0000
70,0,-0.0000_0.0000_0.0000_-0.0000_0.0000,0,0.0000_0.0000_0.0000_-0.0000_0.0000
70,0,0.0000_0.0000_0.0000_-0.0000_0.0000,0,-0.0000_0.0000_-0.0000_0.0000_0.0000
71,201697,-11.9997_-32.7680_14.9996_-16.9995_-23.9993,201638,-10.9997_-32.7680_14.9996_-16.9995_-23.9993
71,201638,-10.9997_-32.7680_14.9996_-16.9995_-23.9993,196890,-9.9997_-31.9991_14.9996_-16.9995_-22.9994
71,196890,-9.9997_-31.9991_14.9996_-16.9995_-22.9994,196884,-11.9997_-29.9992_16.9995_-15.9996_-23.9993
71,196884,-11.9997_-29.9992_16.9995_-15.9996_-23.9993,196863,-13.9996_-28.9992_16.9995_-15.9995_-23.9993
71,196863,-13.9996_-28.9992_16.9995_-15.9995_-23.9993,195530,-1.9998_1.9997_32.7680_10.9986_2.9995
71,195530,-1.9998_1.9997_32.7680_10.9986_2.9995,195286,-1.9997_1.9997_32.7680_9.9987_2.9996
71,195286,-1.9997_1.9997_32.7680_9.9987_2.9996,195250,-1.9997_0.9999_32.7680_9.9987_2.9996
71,195250,-1.9997_0.9999_32.7680_9.9987_2.9996,195021,-1.9997_0.9999_32.7680_8.9988_2.9996
71,195021,-1.9997_0.9999_32.7680_8.9988_2.9996,194909,-0.9999_0.0000_32.7680_8.9987_1.9997
71,194909,-0.9999_0.0000_32.7680_8.9987_1.9997,189947,-1.9998_0.0000_31.9960_8.9989_2.9996
71,189947,-1.9998_0.0000_31.9960_8.9989_2.9996,189504,-2.9996_-0.0000_30.9959_9.9987_3.9995
71,189504,-2.9996_-0.0000_30.9959_9.9987_3.9995,177422,12.9950_-14.9942_0.9996_-13.9946_-1.9992
71,177422,12.9950_-14.9942_0.9996_-13.9946_-1.9992,176350,11.9950_-14.9938_0.9996_-13.9942_-1.9992
71,176350,11.9950_-14.9938_0.9996_-13.9942_-1.9992,176306,11.9950_-14.9938_-0.0000_-13.9942_-1.9992
71,176306,11.9950_-14.9938_-0.0000_-13.9942_-1.9992,173610,11.9942_-13.9932_0.0000_-12.9937_-1.9990
71,173610,11.9942_-13.9932_0.0000_-12.9937_-1.9990,169084,10.9933_-11.9926_-0.9993_-12.9920_-0.9994
71,169084,10.9933_-11.9926_-0.9993_-12.9920_-0.9994,164510,8.9931_-11.9908_-1.9985_-11.9908_0.9992
71,164510,8.9931_-11.9908_-1.9985_-11.9908_0.9992,154211,7.9907_-9.9884_-1.9977_-9.9884_1.9977
71,154211,7.9907_-9.9884_-1.9977_-9.9884_1.9977,109529,7.9656_-0.9957_2.9872_-0.9957_-1.9914
71,109529,7.9656_-0.9957_2.9872_-0.9957_-1.9914,107182,7.9634_-0.9955_1.9909_-0.9955_-1.9909
71,107182,7.9634_-0.9955_1.9909_-0.9955_-1.9909,54734,1.9655_-0.0000_-1.9655_-0.9829_-1.9656
71,54734,1.9655_-0.0000_-1.9655_-0.9829_-1.9656,32228,0.9639_-0.0000_-0.9639_-0.9639_0.9639
71,32228,0.9639_-0.0000_-0.9639_-0.9639_0.9639,23168,0.9454_0.9454_0.0000_-0.0000_-0.0000
71,23168,0.9454_0.9454_0.0000_-0.0000_-0.0000,16462,0.0000_0.0000_0.0000_0.9175_-0.0000
71,16462,0.0000_0.0000_0.0000_0.9175_-0.0000,16462,-0.0000_0.0000_0.9175_0.0000_0.0000
71,16462,-0.0000_0.0000_0.9175_0.0000_0.0000,0,-0.0000_0.0000_0.0000_0.0000_-0.0000
71,0,-0.0000_0.0000_0.0000_0.0000_-0.0000,0,-0.0000_0.0000_-0.0000_-0.0000_0.0000
71,0,-0.0000_0.0000_-0.0000_-0.0000_0.0000,0,0.0000_-0.0000_-0.0000_0.0000_0.0000
71,0,0.0000_-0.0000_-0.0000_0.0000_0.0000,0,-0.0000_-0.0000_0.0000_0.0000_-0.0000
71,0,-0.0000_-0.0000_0.0000_0.0000_-0.0000,0,0.0000_-0.0000_-0.0000_0.0000_0.0000
71,0,0.0000_-0.0000_-0.0000_0.0000_0.0000,0,0.0000_0.0000_-0.0000_-0.0000_0.0000
71,0,0.0000_0.0000_-0.0000_-0.0000_0.0000,0,0.0000_0.0000_0.0000_-0.0000_0.0000
72,195080,-11.9995_-1.0000_-8.9995_22.9988_30.9984,194141,-10.9993_-1.9999_-6.9996_21.9986_29.9981
72,194141,-10.9993_-1.9999_-6.9996_21.9986_29.9981,193782,-9.9993_0.0000_-5.9996_22.9985_28.9981
72,193782,-9.9993_0.0000_-5.9996_22.9985_28.9981,193652,-8.9994_-0.9999_-5.9996_22.9984_28.9980
72,193652,-8.9994_-0.9999_-5.9996_22.9984_28.9980,126323,4.9862_-4.9862_4.9862_4.9862_4.9862
72,126323,4.9862_-4.9862_4.9862_4.9862_4.9862,123247,-1.9940_1.9940_6.9789_6.9789_2.9910
72,123247,-1.9940_1.9940_6.9789_6.9789_2.9910,96144,-0.9940_2.9821_1.9881_5.9640_1.9881
72,96144,-0.9940_2.9821_1.9881_5.9640_1.9881,93530,0.0000_2.9809_1.9873_5.9616_0.9937
72,93530,0.0000_2.9809_1.9873_5.9616_0.9937,91455,0.0000_2.9799_2.9799_4.9664_1.9866
72,91455,0.0000_2.9799_2.9799_4.9664_1.9866,71809,-0.9891_-0.0000_-1.9783_1.9783_3.9561
72,71809,-0.9891_-0.0000_-1.9783_1.9783_3.9561,62801,-0.9863_-0.0000_-1.9725_2.9584_-1.9725
72,62801,-0.9863_-0.0000_-1.9725_2.9584_-1.9725,28143,-0.0000_-0.9571_0.0000_0.9571_0.9571
72,28143,-0.0000_-0.9571_0.0000_0.9571_0.9571,23168,0.0000_-0.0000_-0.0000_-0.9454_0.9454
72,23168,0.0000_-0.0000_-0.0000_-0.9454_0.9454,16462,0.0000_-0.0000_-0.0000_0.0000_0.9176
72,16462,0.0000_-0.0000_-0.0000_0.0000_0.9176,0,0.0000_0.0000_-0.0000_0.0000_0.0000
72,0,0.0000_0.0000_-0.0000_0.0000_0.0000,0,-0.0000_-0.0000_0.0000_0.0000_0.0000
72,0,-0.0000_-0.0000_0.0000_0.0000_0.0000,0,-0.0000_-0.0000_-0.0000_0.0000_0.0000
72,0,-0.0000_-0.0000_-0.0000_0.0000_0.0000,0,-0.0000_0.0000_-0.0000_-0.0000_-0.0000
72,0,-0.0000_0.0000_-0.0000_-0.0000_-0.0000,0,-0.0000_0.0000_-0.0000_0.0000_0.0000
72,0,-0.0000_0.0000_-0.0000_0.0000_0.0000,0,-0.0000_0.0000_0.0000_-0.0000_0.0000
72,0,-0.0000_0.0000_0.0000_-0.0000_0.0000,0,0.0000_0.0000_0.0000_0.0000_-0.0000
72,0,0.0000_0.0000_0.0000_0.0000_-0.0000,0,0.0000_-0.0000_-0.0000_-0.0000_0.0000
73,194194,-23.9985_-3.9998_17.9989_22.9986_10.9993,194114,-23.9985_-4.9997_17.9989_22.9986_9.9994
73,194114,-23.9985_-4.9997_17.9989_22.9986_9.9994,193811,-22.9985_-5.9996_18.9987_21.9985_9.9993
73,193811,-22.9985_-5.9996_18.9987_21.9985_9.9993,193205,-22.9983_-5.9996_17.9987_20.9984_9.9993
73,193205,-22.9983_-5.9996_17.9987_20.9984_9.9993,193100,-21.9983_-4.9996_17.9986_21.9983_9.9992
73,193100,-21.9983_-4.9996_17.9986_21.9983_9.9992,192735,-20.9983_-4.9996_17.9985_21.9982_9.9992
73,192735,-20.9983_-4.9996_17.9985_21.9982_9.9992,192298,-24.9978_-3.9996_11.9989_20.9981_9.9991
73,192298,-24.9978_-3.9996_11.9989_20.9981_9.9991,190904,-22.9975_-3.9996_11.9987_18.9979_11.9987
73,190904,-22.9975_-3.9996_11.9987_18.9979_11.9987,190554,-21.9975_-3.9995_11.9986_19.9977_10.9987
73,190554,-21.9975_-3.9995_11.9986_19.9977_10.9987,189866,-20.9972_-2.9997_10.9987_20.9973_9.9988
73,189866,-20.9972_-2.9997_10.9987_20.9973_9.9988,189866,-20.9973_-2.9996_10.9986_20.9973_9.9987
73,189866,-20.9973_-2.9996_10.9986_20.9973_9.9987,189798,-20.9973_-1.9997_10.9986_20.9973_9.9987
73,189798,-20.9973_-1.9997_10.9986_20.9973_9.9987,189504,-17.9976_-4.9993_7.9990_22.9969_11.9984
73,189504,-17.9976_-4.9993_7.9990_22.9969_11.9984,188836,-17.9974_-4.9993_7.9988_21.9968_11.9983
73,188836,-17.9974_-4.9993_7.9988_21.9968_11.9983,187624,-16.9971_-5.9990_8.9985_20.9965_10.9982
73,187624,-16.9971_-5.9990_8.9985_20.9965_10.9982,187093,-14.9974_-6.9987_9.9983_21.9961_8.9984
73,187093,-14.9974_-6.9987_9.9983_21.9961_8.9984,186922,-14.9973_-5.9989_10.9980_21.9961_7.9986
73,186922,-14.9973_-5.9989_10.9980_21.9961_7.9986,186329,-15.9970_-7.9985_11.9977_19.9962_5.9989
73,186329,-15.9970_-7.9985_11.9977_19.9962_5.9989,184887,-16.9963_-7.9983_10.9976_17.9961_5.9987
73,184887,-16.9963_-7.9983_10.9976_17.9961_5.9987,184722,-15.9965_-7.9982_10.9976_18.9958_4.9989
73,184722,-15.9965_-7.9982_10.9976_18.9958_4.9989,184161,-14.9965_-6.9983_11.9972_18.9956_4.9988
73,184161,-14.9965_-6.9983_11.9972_18.9956_4.9988,183413,-16.9958_-4.9988_10.9973_17.9955_3.9990
73,183413,-16.9958_-4.9988_10.9973_17.9955_3.9990,180942,-14.9955_-5.9982_8.9973_17.9946_4.9985
73,180942,-14.9955_-5.9982_8.9973_17.9946_4.9985,178730,-19.9929_-3.9986_3.9986_13.9950_0.0000
73,178730,-19.9929_-3.9986_3.9986_13.9950_0.0000,178730,-19.9929_-3.9986_3.9986_13.9950_-0.0000
73,178730,-19.9929_-3.9986_3.9986_13.9950_-0.0000,176172,-17.9925_-5.9975_5.9975_12.9946_-0.9996
73,176172,-17.9925_-5.9975_5.9975_12.9946_-0.9996,176172,-17.9925_-5.9975_5.9975_12.9946_-0.9996
73,176172,-17.9925_-5.9975_5.9975_12.9946_-0.9996,176172,-18.9921_-5.9975_4.9979_11.9950_-0.0000
73,176172,-18.9921_-5.9975_4.9979_11.9950_-0.0000,161062,-15.9858_-1.9982_4.9956_-4.9956_-4.9956
73,161062,-15.9858_-1.9982_4.9956_-4.9956_-4.9956,157482,-14.9846_-2.9969_4.9949_-4.9949_-3.9959
73,157482,-14.9846_-2.9969_4.9949_-4.9949_-3.9959,133765,-8.9798_0.0000_5.9865_-5.9865_0.0000
73,133765,-8.9798_0.0000_5.9865_-5.9865_0.0000,129161,-9.9744_-0.9974_2.9923_-3.9898_-2.9923
73,129161,-9.9744_-0.9974_2.9923_-3.9898_-2.9923,122925,-8.9727_-2.9909_3.9879_-1.9939_-1.9939
73,122925,-8.9727_-2.9909_3.9879_-1.9939_-1.9939,109071,-5.9739_-1.9914_2.9871_-4.9783_1.9913
73,109071,-5.9739_-1.9914_2.9871_-4.9783_1.9913,54734,0.0000_-1.9656_0.9829_1.9655_1.9655
73,54734,0.0000_-1.9656_0.9829_1.9655_1.9655,0,0.0000_0.0000_0.0000_0.0000_-0.0000
73,0,0.0000_0.0000_0.0000_0.0000_-0.0000,0,0.0000_0.0000_0.0000_0.0000_0.0000
73,0,0.0000_0.0000_0.0000_0.0000_0.0000,0,0.0000_0.0000_-0.0000_0.0000_0.0000
73,0,0.0000_0.0000_-0.0000_0.0000_0.0000,0,0.0000_0.0000_-0.0000_0.0000_0.0000
73,0,0.0000_0.0000_-0.0000_0.0000_0.0000,0,0.0000_-0.0000_0.0000_0.0000_0.0000
74,181759,-2.9991_6.9980_-4.9986_24.9929_-2.9991,180974,-2.9991_6.9979_-6.9979_23.9928_-2.9991
74,180974,-2.9991_6.9979_-6.9979_23.9928_-2.9991,180779,-2.9991_5.9982_-6.9979_23.9927_-3.9988
74,180779,-2.9991_5.9982_-6.9979_23.9927_-3.9988,180779,-2.9991_5.9982_-6.9979_23.9927_-3.9988
74,180779,-2.9991_5.9982_-6.9979_23.9927_-3.9988,180746,-0.9997_4.9985_-4.9985_24.9923_-2.9991
74,180746,-0.9997_4.9985_-4.9985_24.9923_-2.9991,175672,-2.9987_5.9974_-0.9996_21.9905_-4.9978
74,175672,-2.9987_5.9974_-0.9996_21.9905_-4.9978,175439,-1.9991_5.9974_-0.9996_21.9904_-4.9978
74,175439,-1.9991_5.9974_-0.9996_21.9904_-4.9978,175298,-0.9996_5.9974_-0.9996_21.9903_-4.9978
74,175298,-0.9996_5.9974_-0.9996_21.9903_-4.9978,170675,-1.9989_3.9977_-3.9977_19.9886_-4.9971
74,170675,-1.9989_3.9977_-3.9977_19.9886_-4.9971,170491,-3.9977_5.9965_-5.9966_18.9891_-2.9983
74,170491,-3.9977_5.9965_-5.9966_18.9891_-2.9983,169282,-5.9963_6.9957_-7.9951_16.9896_-0.9994
74,169282,-5.9963_6.9957_-7.9951_16.9896_-0.9994,168410,-5.9961_6.9955_-8.9942_15.9897_-1.9987
74,168410,-5.9961_6.9955_-8.9942_15.9897_-1.9987,167643,-4.9967_6.9954_-8.9940_15.9894_-1.9987
74,167643,-4.9967_6.9954_-8.9940_15.9894_-1.9987,96144,-0.9941_-0.9941_3.9761_5.9640_0.0000
74,96144,-0.9941_-0.9941_3.9761_5.9640_0.0000,48841,-1.9589_1.9589_0.9796_0.9796_0.0000
74,48841,-1.9589_1.9589_0.9796_0.9796_0.0000,28143,-0.9571_-0.9571_-0.0000_-0.0000_-0.9571
74,28143,-0.9571_-0.9571_-0.0000_-0.0000_-0.9571,23168,-0.9454_0.0000_0.0000_-0.9454_0.0000
74,23168,-0.9454_0.0000_0.0000_-0.9454_0.0000,0,-0.0000_-0.0000_-0.0000_0.0000_-0.0000
74,0,-0.0000_-0.0000_-0.0000_0.0000_-0.0000,0,0.0000_0.0000_0.0000_-0.0000_0.0000
75,198588,-23.9997_16.9998_28.9997_30.9997_-19.9998,198364,-22.9997_15.9998_28.9996_29.9996_-18.9998
75,198364,-22.9997_15.9998_28.9996_29.9996_-18.9998,198193,-23.9997_14.9998_27.9996_27.9996_-19.9997
75,198193,-23.9997_14.9998_27.9996_27.9996_-19.9997,198106,-23.9996_14.9998_26.9996_27.9996_-19.9997
75,198106,-23.9996_14.9998_26.9996_27.9996_-19.9997,198028,-22.9996_14.9998_26.9996_27.9995_-19.9997
75,198028,-22.9996_14.9998_26.9996_27.9995_-19.9997,197291,-20.9995_13.9997_25.9994_25.9994_-17.9996
75,197291,-20.9995_13.9997_25.9994_25.9994_-17.9996,196565,-18.9994_13.9996_25.9992_23.9992_-15.9995
75,196565,-18.9994_13.9996_25.9992_23.9992_-15.9995,192345,-24.9978_0.0000_11.9990_10.9990_-20.9982
75,192345,-24.9978_0.0000_11.9990_10.9990_-20.9982,191867,-23.9978_-0.0000_11.9989_10.9990_-20.9980
75,191867,-23.9978_-0.0000_11.9989_10.9990_-20.9980,187499,-11.9980_-5.9989_2.9995_13.9976_-23.9960
75,187499,-11.9980_-5.9989_2.9995_13.9976_-23.9960,187408,-11.9980_-5.9990_1.9997_13.9976_-23.9959
75,187408,-11.9980_-5.9990_1.9997_13.9976_-23.9959,120246,-3.9870_1.9935_-6.9772_5.9805_-0.9968
75,120246,-3.9870_1.9935_-6.9772_5.9805_-0.9968,109070,-1.9913_0.0000_-4.9783_6.9696_0.0000
75,109070,-1.9913_0.0000_-4.9783_6.9696_0.0000,84517,-0.9921_0.9921_-3.9682_3.9682_-1.9842
75,84517,-0.9921_0.9921_-3.9682_3.9682_-1.9842,46624,-0.0000_-1.9560_-1.9560_0.9782_-0.0000
75,46624,-0.0000_-1.9560_-1.9560_0.9782_-0.0000,28143,0.0000_0.9571_0.9571_-0.0000_-0.9571
75,28143,0.0000_0.9571_0.9571_-0.0000_-0.9571,23168,0.0000_0.0000_-0.0000_0.9454_-0.9454
75,23168,0.0000_0.0000_-0.0000_0.9454_-0.9454,16462,-0.0000_0.0000_0.0000_0.9175_-0.0000
75,16462,-0.0000_0.0000_0.0000_0.9175_-0.0000,16462,0.0000_-0.0000_-0.0000_0.9175_-0.0000
75,16462,0.0000_-0.0000_-0.0000_0.9175_-0.0000,16462,-0.0000_-0.0000_-0.9175_0.0000_0.0000
75,16462,-0.0000_-0.0000_-0.9175_0.0000_0.0000,16462,-0.0000_-0.0000_-0.9175_0.0000_0.0000
75,16462,-0.0000_-0.0000_-0.9175_0.0000_0.0000,0,-0.0000_-0.0000_0.0000_-0.0000_0.0000
75,0,-0.0000_-0.0000_0.0000_-0.0000_0.0000,0,0.0000_-0.0000_-0.0000_0.0000_-0.0000
75,0,0.0000_-0.0000_-0.0000_0.0000_-0.0000,0,0.0000_-0.0000_0.0000_0.0000_0.0000
75,0,0.0000_-0.0000_0.0000_0.0000_0.0000,0,0.0000_-0.0000_0.0000_0.0000_-0.0000
75,0,0.0000_-0.0000_0.0000_0.0000_-0.0000,0,0.0000_0.0000_0.0000_-0.0000_0.0000
75,0,0.0000_0.0000_0.0000_-0.0000_0.0000,0,-0.0000_0.0000_0.0000_0.0000_0.0000
75,0,-0.0000_0.0000_0.0000_0.0000_0.0000,0,0.0000_0.0000_0.0000_0.0000_0.0000
76,198700,28.9997_-10.9999_-31.9997_-19.9998_27.9997,198617,28.9997_-10.9999_-30.9997_-20.9998_26.9997
76,198617,28.9997_-10.9999_-30.9997_-20.9998_26.9997,198617,28.9997_-10.9999_-30.9997_-20.9998_26.9997
76,198617,28.9997_-10.9999_-30.9997_-20.9998_26.9997,198547,28.9997_-10.9999_-29.9997_-20.9998_26.9997
76,198547,28.9997_-10.9999_-29.9997_-20.9998_26.9997,198374,27.9996_-9.9999_-28.9996_-20.9997_26.9997
76,198374,27.9996_-9.9999_-28.9996_-20.9997_26.9997,197738,25.9995_-8.9998_-26.9995_-19.9996_24.9995
76,197738,25.9995_-8.9998_-26.9995_-19.9996_24.9995,197730,24.9995_-8.9998_-27.9995_-20.9996_23.9995
76,197730,24.9995_-8.9998_-27.9995_-20.9996_23.9995,197670,23.9995_-7.9998_-26.9995_-21.9996_24.9995
76,197670,23.9995_-7.9998_-26.9995_-21.9996_24.9995,197063,28.9992_-15.9996_-18.9995_-11.9997_24.9994
76,197063,28.9992_-15.9996_-18.9995_-11.9997_24.9994,196981,27.9993_-16.9995_-19.9995_-13.9996_22.9994
76,196981,27.9993_-16.9995_-19.9995_-13.9996_22.9994,177422,1.9992_-8.9965_6.9973_-18.9927_-9.9961
76,177422,1.9992_-8.9965_6.9973_-18.9927_-9.9961,173971,0.9995_-6.9967_4.9976_-17.9914_-10.9948
76,173971,0.9995_-6.9967_4.9976_-17.9914_-10.9948,153582,8.9893_-9.9881_-6.9917_0.9988_-5.9929
76,153582,8.9893_-9.9881_-6.9917_0.9988_-5.9929,149039,6.9902_-9.9861_-6.9902_0.0000_-5.9916
76,149039,6.9902_-9.9861_-6.9902_0.0000_-5.9916,141456,5.9893_-7.9857_-7.9857_0.0000_-4.9911
76,141456,5.9893_-7.9857_-7.9857_0.0000_-4.9911,135174,6.9849_-7.9828_-5.9871_-0.9978_-2.9935
76,135174,6.9849_-7.9828_-5.9871_-0.9978_-2.9935,132296,6.9837_-5.9860_-5.9860_-0.9976_-4.9883
76,132296,6.9837_-5.9860_-5.9860_-0.9976_-4.9883,130501,6.9828_-3.9901_-6.9828_-0.9975_-4.9877
76,130501,6.9828_-3.9901_-6.9828_-0.9975_-4.9877,106696,3.9816_-1.9908_-5.9723_0.9954_-3.9816
76,106696,3.9816_-1.9908_-5.9723_0.9954_-3.9816,97392,1.9885_-3.9769_-3.9768_1.9885_-3.9768
76,97392,1.9885_-3.9769_-3.9768_1.9885_-3.9768,87745,1.9854_-2.9780_-3.9706_1.9854_-2.9780
76,87745,1.9854_-2.9780_-3.9706_1.9854_-2.9780,85348,0.9922_-3.9688_-2.9767_1.9845_-2.9766
76,85348,0.9922_-3.9688_-2.9767_1.9845_-2.9766,28143,0.9571_-0.9571_-0.0000_-0.9571_-0.0000
76,28143,0.9571_-0.9571_-0.0000_-0.9571_-0.0000,28143,0.9571_0.0000_0.9571_0.0000_-0.9571
76,28143,0.9571_0.0000_0.9571_0.0000_-0.9571,23168,-0.0000_0.9454_0.0000_-0.0000_-0.9454
76,23168,-0.0000_0.9454_0.0000_-0.0000_-0.9454,16462,-0.0000_0.0000_-0.0000_-0.9175_-0.0000
76,16462,-0.0000_0.0000_-0.0000_-0.9175_-0.0000,0,0.0000_-0.0000_0.0000_-0.0000_-0.0000
76,0,0.0000_-0.0000_0.0000_-0.0000_-0.0000,0,-0.0000_0.0000_-0.0000_0.0000_0.0000
76,0,-0.0000_0.0000_-0.0000_0.0000_0.0000,0,-0.0000_-0.0000_0.0000_-0.0000_0.0000
76,0,-0.0000_-0.0000_0.0000_-0.0000_0.0000,0,0.0000_-0.0000_0.0000_-0.0000_-0.0000
76,0,0.0000_-0.0000_0.0000_-0.0000_-0.0000,0,0.0000_0.0000_0.0000_0.0000_-0.0000
76,0,0.0000_0.0000_0.0000_0.0000_-0.0000,0,0.0000_-0.0000_0.0000_0.0000_0.0000
77,197437,-24.9995_1.0000_-16.9996_26.9994_26.9994,197088,-24.9994_-0.0000_-18.9995_24.9994_24.9994
77,197088,-24.9994_-0.0000_-18.9995_24.9994_24.9994,196758,-24.9993_0.0000_-20.9994_22.9993_22.9993
77,196758,-24.9993_0.0000_-20.9994_22.9993_22.9993,196333,-22.9992_-1.9999_-19.9993_20.9993_24.9992
77,196333,-22.9992_-1.9999_-19.9993_20.9993_24.9992,196240,-20.9993_-1.9999_-17.9994_22.9992_25.9991
77,196240,-20.9993_-1.9999_-17.9994_22.9992_25.9991,196228,-21.9992_-2.9999_-17.9994_22.9992_24.9991
77,196228,-21.9992_-2.9999_-17.9994_22.9992_24.9991,195996,-25.9990_-8.9997_-12.9993_18.9992_24.9989
77,195996,-25.9990_-8.9997_-12.9993_18.9992_24.9989,195788,-25.9989_-8.9996_-12.9996_18.9992_23.9990
77,195788,-25.9989_-8.9996_-12.9996_18.9992_23.9990,195282,-24.9988_-8.9996_-13.9993_17.9992_22.9989
77,195282,-24.9988_-8.9996_-13.9993_17.9992_22.9989,195195,-26.9987_-9.9995_-12.9994_15.9992_21.9989
77,195195,-26.9987_-9.9995_-12.9994_15.9992_21.9989,183571,-18.9953_-18.9953_2.9993_-6.9983_-0.9998
77,183571,-18.9953_-18.9953_2.9993_-6.9983_-0.9998,182384,-18.9949_-17.9951_1.9995_-6.9981_-0.0000
77,182384,-18.9949_-17.9951_1.9995_-6.9981_-0.0000,182384,-18.9949_-17.9951_1.9995_-6.9981_-0.0000
77,182384,-18.9949_-17.9951_1.9995_-6.9981_-0.0000,167855,-13.9908_-12.9915_0.0000_-6.9954_-1.9987
77,167855,-13.9908_-12.9915_0.0000_-6.9954_-1.9987,166095,-9.9929_-15.9886_4.9964_-2.9979_-1.9986
77,166095,-9.9929_-15.9886_4.9964_-2.9979_-1.9986,162894,-10.9909_-13.9885_4.9959_-2.9975_-1.9984
77,162894,-10.9909_-13.9885_4.9959_-2.9975_-1.9984,158768,-10.9893_-12.9873_2.9971_-2.9971_-1.9979
77,158768,-10.9893_-12.9873_2.9971_-2.9971_-1.9979,151743,-8.9886_-10.9861_4.9937_-4.9937_-0.9987
77,151743,-8.9886_-10.9861_4.9937_-4.9937_-0.9987,102035,-5.9689_2.9845_-2.9845_0.9949_2.9845
77,102035,-5.9689_2.9845_-2.9845_0.9949_2.9845,78172,-2.9721_3.9627_-0.9908_0.9908_1.9815
77,78172,-2.9721_3.9627_-0.9908_0.9908_1.9815,44246,1.9524_0.9765_-0.9765_-0.9765_-0.9765
77,44246,1.9524_0.9765_-0.9765_-0.9765_-0.9765,44246,0.9765_0.9765_-1.9524_-0.9765_-0.9765
77,44246,0.9765_0.9765_-1.9524_-0.9765_-0.9765,44246,0.9765_0.9765_-1.9524_0.9765_0.9765
77,44246,0.9765_0.9765_-1.9524_0.9765_0.9765,35745,0.9685_0.9685_-0.9685_0.9685_0.9685
77,35745,0.9685_0.9685_-0.9685_0.9685_0.9685,23168,-0.0000_0.9454_-0.0000_0.0000_0.9454
77,23168,-0.0000_0.9454_-0.0000_0.0000_0.9454,16462,0.0000_0.0000_0.0000_0.9175_0.0000
77,16462,0.0000_0.0000_0.0000_0.9175_0.0000,16462,-0.0000_0.0000_-0.9175_-0.0000_-0.0000
77,16462,-0.0000_0.0000_-0.9175_-0.0000_-0.0000,0,-0.0000_0.0000_0.0000_0.0000_-0.0000
77,0,-0.0000_0.0000_0.0000_0.0000_-0.0000,0,0.0000_0.0000_-0.0000_0.0000_0.0000
77,0,0.0000_0.0000_-0.0000_0.0000_0.0000,0,0.0000_-0.0000_0.0000_0.0000_0.0000
77,0,0.0000_-0.0000_0.0000_0.0000_0.0000,0,-0.0000_0.0000_-0.0000_-0.0000_-0.0000
77,0,-0.0000_0.0000_-0.0000_-0.0000_-0.0000,0,0.0000_0.0000_-0.0000_-0.0000_0.0000
78,188472,-5.9991_18.9971_11.9982_5.9991_20.9968,187818,-4.9992_17.9971_10.9982_4.9992_21.9964
78,187818,-4.9992_17.9971_10.9982_4.9992_21.9964,167139,4.9966_6.9952_9.9932_-2.9979_14.9898
78,167139,4.9966_6.9952_9.9932_-2.9979_14.9898,167066,1.9986_6.9952_7.9945_-0.9993_16.9884
78,167066,1.9986_6.9952_7.9945_-0.9993_16.9884,157372,0.9990_5.9938_5.9938_-0.9990_14.9845
78,157372,0.9990_5.9938_5.9938_-0.9990_14.9845,132792,1.9954_5.9862_2.9931_0.0000_9.9769
78,132792,1.9954_5.9862_2.9931_0.0000_9.9769,132792,1.9954_5.9862_2.9931_0.0000_9.9769
78,132792,1.9954_5.9862_2.9931_0.0000_9.9769,129971,-0.0000_4.9875_1.9950_2.9925_9.9749
78,129971,-0.0000_4.9875_1.9950_2.9925_9.9749,129161,1.9949_3.9898_2.9923_4.9872_8.9769
78,129161,1.9949_3.9898_2.9923_4.9872_8.9769,81012,-1.9827_4.9564_-0.0000_-1.9827_0.9914
78,81012,-1.9827_4.9564_-0.0000_-1.9827_0.9914,72942,-1.9789_3.9574_-1.9789_-0.9895_0.9895
78,72942,-1.9789_3.9574_-1.9789_-0.9895_0.9895,44246,-0.9765_1.9524_0.9765_-0.9765_-0.9765
78,44246,-0.9765_1.9524_0.9765_-0.9765_-0.9765,41671,-0.9744_-0.0000_0.9744_-0.9744_-1.9481
78,41671,-0.9744_-0.0000_0.9744_-0.9744_-1.9481,38858,0.9718_-0.9718_1.9427_-0.0000_-0.0000
78,38858,0.9718_-0.9718_1.9427_-0.0000_-0.0000,16462,0.0000_-0.9175_0.0000_-0.0000_0.0000
78,16462,0.0000_-0.9175_0.0000_-0.0000_0.0000,0,-0.0000_0.0000_-0.0000_-0.0000_-0.0000
78,0,-0.0000_0.0000_-0.0000_-0.0000_-0.0000,0,-0.0000_-0.0000_-0.0000_0.0000_-0.0000
78,0,-0.0000_-0.0000_-0.0000_0.0000_-0.0000,0,-0.0000_0.0000_-0.0000_-0.0000_0.0000
78,0,-0.0000_0.0000_-0.0000_-0.0000_0.0000,0,-0.0000_0.0000_0.0000_-0.0000_-0.0000
78,0,-0.0000_0.0000_0.0000_-0.0000_-0.0000,0,-0.0000_0.0000_-0.0000_0.0000_0.0000
78,0,-0.0000_0.0000_-0.0000_0.0000_0.0000,0,0.0000_0.0000_-0.0000_-0.0000_0.0000
78,0,0.0000_0.0000_-0.0000_-0.0000_0.0000,0,0.0000_0.0000_-0.0000_0.0000_-0.0000
78,0,0.0000_0.0000_-0.0000_0.0000_-0.0000,0,0.0000_0.0000_-0.0000_0.0000_-0.0000
79,197444,-18.9996_20.9995_16.9996_-30.9993_17.9996,196896,-16.9995_19.9994_15.9996_-29.9992_17.9995
79,196896,-16.9995_19.9994_15.9996_-29.9992_17.9995,196377,-15.9994_19.9993_14.9995_-28.9990_16.9994
79,196377,-15.9994_19.9993_14.9995_-28.9990_16.9994,196232,-15.9994_18.9993_14.9995_-28.9990_16.9994
79,196232,-15.9994_18.9993_14.9995_-28.9990_16.9994,195727,-13.9994_16.9993_17.9993_-27.9988_15.9994
79,195727,-13.9994_16.9993_17.9993_-27.9988_15.9994,195605,-12.9995_16.9993_17.9992_-27.9988_15.9993
79,195605,-12.9995_16.9993_17.9992_-27.9988_15.9993,195605,-12.9994_16.9993_17.9992_-27.9988_15.9993
79,195605,-12.9994_16.9993_17.9992_-27.9988_15.9993,195149,-11.9994_16.9992_15.9992_-27.9986_15.9992
79,195149,-11.9994_16.9992_15.9992_-27.9986_15.9992,194523,-10.9994_15.9991_15.9991_-26.9985_15.9991
79,194523,-10.9994_15.9991_15.9991_-26.9985_15.9991,194265,-9.9994_15.9990_15.9990_-25.9984_16.9990
79,194265,-9.9994_15.9990_15.9990_-25.9984_16.9990,193986,-10.9993_14.9990_17.9988_-23.9985_16.9989
79,193986,-10.9993_14.9990_17.9988_-23.9985_16.9989,193839,-9.9993_14.9990_17.9988_-23.9984_16.9989
79,193839,-9.9993_14.9990_17.9988_-23.9984_16.9989,192611,-9.9992_13.9988_15.9987_-21.9982_17.9985
79,192611,-9.9992_13.9988_15.9987_-21.9982_17.9985,191248,-9.9990_12.9986_14.9984_-20.9978_16.9982
79,191248,-9.9990_12.9986_14.9984_-20.9978_16.9982,178031,-18.9929_12.9952_0.0000_7.9970_-3.9985
79,178031,-18.9929_12.9952_0.0000_7.9970_-3.9985,177002,-18.9925_11.9952_0.0000_7.9968_-3.9984
79,177002,-18.9925_11.9952_0.0000_7.9968_-3.9984,175764,-17.9923_11.9949_-0.0000_7.9966_-4.9979
79,175764,-17.9923_11.9949_-0.0000_7.9966_-4.9979,131538,-1.9952_8.9784_4.9880_-4.9880_-2.9928
79,131538,-1.9952_8.9784_4.9880_-4.9880_-2.9928,62801,-0.0000_1.9725_-0.9863_-1.9725_-2.9584
79,62801,-0.0000_1.9725_-0.9863_-1.9725_-2.9584,56496,0.9837_1.9672_-0.9837_-1.9672_-1.9672
79,56496,0.9837_1.9672_-0.9837_-1.9672_-1.9672,32228,0.9639_0.9639_-0.9639_0.9639_0.0000
79,32228,0.9639_0.9639_-0.9639_0.9639_0.0000,16462,-0.0000_0.0000_-0.9175_-0.0000_0.0000
79,16462,-0.0000_0.0000_-0.9175_-0.0000_0.0000,0,-0.0000_-0.0000_-0.0000_0.0000_0.0000
79,0,-0.0000_-0.0000_-0.0000_0.0000_0.0000,0,-0.0000_-0.0000_-0.0000_-0.0000_0.0000
79,0,-0.0000_-0.0000_-0.0000_-0.0000_0.0000,0,0.0000_0.0000_-0.0000_0.0000_-0.0000
79,0,0.0000_0.0000_-0.0000_0.0000_-0.0000,0,0.0000_-0.0000_-0.0000_0.0000_-0.0000
79,0,0.0000_-0.0000_-0.0000_0.0000_-0.0000,0,-0.0000_0.0000_0.0000_-0.0000_-0.0000
79,0,-0.0000_0.0000_0.0000_-0.0000_-0.0000,0,-0.0000_0.0000_-0.0000_0.0000_0.0000
79,0,-0.0000_0.0000_-0.0000_0.0000_0.0000,0,0.0000_-0.0000_-0.0000_-0.0000_-0.0000
79,0,0.0000_-0.0000_-0.0000_-0.0000_-0.0000,0,0.0000_-0.0000_-0.0000_-0.0000_0.0000
79,0,0.0000_-0.0000_-0.0000_-0.0000_0.0000,0,0.0000_-0.0000_0.0000_-0.0000_-0.0000
80,197836,9.9998_21.9996_24.9995_-25.9995_-25.9995,197515,8.9998_19.9996_24.9995_-24.9995_-25.9994
80,197515,8.9998_19.9996_24.9995_-24.9995_-25.9994,196707,7.9998_18.9994_22.9993_-22.9993_-24.9993
80,196707,7.9998_18.9994_22.9993_-22.9993_-24.9993,196652,1.0000_13.9996_28.9991_-26.9992_-17.9995
80,196652,1.0000_13.9996_28.9991_-26.9992_-17.9995,196569,1.9999_14.9995_26.9992_-27.9991_-17.9994
80,196569,1.9999_14.9995_26.9992_-27.9991_-17.9994,196445,1.9999_15.9995_24.9992_-27.9991_-18.9994
80,196445,1.9999_15.9995_24.9992_-27.9991_-18.9994,196100,1.9999_15.9994_24.9991_-26.9989_-17.9993
80,196100,1.9999_15.9994_24.9991_-26.9989_-17.9993,195904,2.9999_15.9994_24.9990_-25.9990_-17.9993
80,195904,2.9999_15.9994_24.9990_-25.9990_-17.9993,195904,2.9999_15.9994_24.9990_-25.9990_-17.9993
80,195904,2.9999_15.9994_24.9990_-25.9990_-17.9993,195549,2.9999_14.9993_23.9990_-25.9989_-17.9992
80,195549,2.9999_14.9993_23.9990_-25.9989_-17.9992,194983,3.9998_15.9992_20.9990_-26.9986_-15.9992
80,194983,3.9998_15.9992_20.9990_-26.9986_-15.9992,194811,3.9998_14.9992_20.9989_-26.9986_-15.9992
80,194811,3.9998_14.9992_20.9989_-26.9986_-15.9992,194498,3.9998_14.9991_20.9988_-25.9985_-15.9991
80,194498,3.9998_14.9991_20.9988_-25.9985_-15.9991,193846,2.9998_15.9989_19.9987_-24.9984_-14.9990
80,193846,2.9998_15.9989_19.9987_-24.9984_-14.9990,193410,-4.9996_1.9999_18.9986_-28.9979_-14.9989
80,193410,-4.9996_1.9999_18.9986_-28.9979_-14.9989,193116,-4.9996_2.9998_21.9984_-25.9980_-14.9989
80,193116,-4.9996_2.9998_21.9984_-25.9980_-14.9989,193075,-3.9997_3.9997_21.9983_-26.9979_-12.9990
80,193075,-3.9997_3.9997_21.9983_-26.9979_-12.9990,192557,-2.9997_3.9997_21.9981_-25.9978_-12.9989
80,192557,-2.9997_3.9997_21.9981_-25.9978_-12.9989,190466,-5.9993_2.9996_21.9974_-22.9973_-9.9988
80,190466,-5.9993_2.9996_21.9974_-22.9973_-9.9988,190185,-5.9993_2.9997_20.9975_-22.9972_-10.9986
80,190185,-5.9993_2.9997_20.9975_-22.9972_-10.9986,189214,-5.9992_0.9999_19.9972_-22.9968_-9.9986
80,189214,-5.9992_0.9999_19.9972_-22.9968_-9.9986,186999,-4.9991_0.0000_18.9966_-21.9961_-7.9986
80,186999,-4.9991_0.0000_18.9966_-21.9961_-7.9986,186728,-4.9991_0.9998_18.9965_-21.9960_-6.9987
80,186728,-4.9991_0.9998_18.9965_-21.9960_-6.9987,155307,7.9911_0.9989_-1.9977_3.9955_-13.9844
80,155307,7.9911_0.9989_-1.9977_3.9955_-13.9844,155307,7.9911_1.9978_-0.9989_3.9955_-13.9844
80,155307,7.9911_1.9978_-0.9989_3.9955_-13.9844,154086,7.9907_0.9989_-0.9988_2.9965_-13.9836
80,154086,7.9907_0.9989_-0.9988_2.9965_-13.9836,127769,7.9787_0.0000_-0.9974_0.9974_-7.9787
80,127769,7.9787_0.0000_-0.9974_0.9974_-7.9787,124197,7.9765_0.9971_-1.9941_-0.0000_-6.9795
80,124197,7.9765_0.9971_-1.9941_-0.0000_-6.9795,48838,0.9796_0.0000_-0.0000_0.0000_-2.9374
80,48838,0.9796_0.0000_-0.0000_0.0000_-2.9374,41671,-0.9744_0.9744_1.9481_-0.9744_-0.0000
80,41671,-0.9744_0.9744_1.9481_-0.9744_-0.0000,0,-0.0000_-0.0000_0.0000_0.0000_-0.0000
80,0,-0.0000_-0.0000_0.0000_0.0000_-0.0000,0,0.0000_-0.0000_-0.0000_0.0000_0.0000
80,0,0.0000_-0.0000_-0.0000_0.0000_0.0000,0,-0.0000_-0.0000_0.0000_0.0000_0.0000
80,0,-0.0000_-0.0000_0.0000_0.0000_0.0000,0,0.0000_-0.0000_0.0000_0.0000_0.0000
81,197589,25.9995_25.9995_15.9997_23.9995_15.9997,196592,22.9993_23.9992_13.9996_23.9993_13.9996
81,196592,22.9993_23.9992_13.9996_23.9993_13.9996,196228,19.9993_26.9990_11.9996_22.9992_12.9995
81,196228,19.9993_26.9990_11.9996_22.9992_12.9995,196228,19.9993_26.9990_11.9996_22.9992_12.9995
81,196228,19.9993_26.9990_11.9996_22.9992_12.9995,195921,17.9993_26.9989_11.9995_23.9991_10.9995
81,195921,17.9993_26.9989_11.9995_23.9991_10.9995,195866,15.9994_27.9989_11.9995_23.9991_10.9996
81,195866,15.9994_27.9989_11.9995_23.9991_10.9996,194951,13.9993_25.9987_9.9995_23.9988_11.9994
81,194951,13.9993_25.9987_9.9995_23.9988_11.9994,194443,11.9993_23.9986_7.9995_24.9985_13.9992
81,194443,11.9993_23.9986_7.9995_24.9985_13.9992,193782,12.9991_21.9986_8.9994_23.9984_13.9991
81,193782,12.9991_21.9986_8.9994_23.9984_13.9991,192933,11.9991_19.9984_8.9993_23.9981_13.9989
81,192933,11.9991_19.9984_8.9993_23.9981_13.9989,192779,10.9991_19.9983_7.9992_24.9979_12.9989
81,192779,10.9991_19.9983_7.9992_24.9979_12.9989,192638,12.9989_18.9984_7.9993_24.9979_11.9990
81,192638,12.9989_18.9984_7.9993_24.9979_11.9990,191586,12.9987_17.9984_7.9991_22.9977_12.9987
81,191586,12.9987_17.9984_7.9991_22.9977_12.9987,190797,13.9984_17.9980_5.9993_22.9974_9.9989
81,190797,13.9984_17.9980_5.9993_22.9974_9.9989,187800,11.9980_14.9976_3.9993_22.9963_7.9987
81,187800,11.9980_14.9976_3.9993_22.9963_7.9987,179142,5.9979_12.9956_8.9969_16.9942_7.9972
81,179142,5.9979_12.9956_8.9969_16.9942_7.9972,178956,3.9986_10.9962_9.9965_18.9934_5.9979
81,178956,3.9986_10.9962_9.9965_18.9934_5.9979,178501,1.9993_11.9957_10.9960_16.9939_7.9971
81,178501,1.9993_11.9957_10.9960_16.9939_7.9971,176916,0.0000_12.9948_13.9944_12.9948_6.9972
81,176916,0.0000_12.9948_13.9944_12.9948_6.9972,176483,-0.9996_13.9942_13.9943_11.9951_5.9975
81,176483,-0.9996_13.9942_13.9943_11.9951_5.9975,176395,-0.9996_14.9938_13.9942_9.9959_6.9971
81,176395,-0.9996_14.9938_13.9942_9.9959_6.9971,175764,-0.9996_13.9940_13.9940_9.9957_7.9966
81,175764,-0.9996_13.9940_13.9940_9.9957_7.9966,160581,3.9964_1.9982_8.9918_14.9864_1.9982
81,160581,3.9964_1.9982_8.9918_14.9864_1.9982,160386,2.9973_1.9982_8.9918_14.9863_2.9973
81,160386,2.9973_1.9982_8.9918_14.9863_2.9973,109982,-2.9873_-2.9873_1.9915_6.9702_-2.9873
81,109982,-2.9873_-2.9873_1.9915_6.9702_-2.9873,102034,-2.9845_-0.9949_0.9949_6.9637_-1.9897
81,102034,-2.9845_-0.9949_0.9949_6.9637_-1.9897,86162,-2.9772_-0.9924_-1.9848_4.9617_0.9924
81,86162,-2.9772_-0.9924_-1.9848_4.9617_0.9924,78172,-0.9908_-0.9908_-2.9721_3.9627_1.9815
81,78172,-0.9908_-0.9908_-2.9721_3.9627_1.9815,70643,-1.9776_0.9888_-0.9888_2.9662_2.9662
81,70643,-1.9776_0.9888_-0.9888_2.9662_2.9662,0,-0.0000_-0.0000_-0.0000_0.0000_0.0000
81,0,-0.0000_-0.0000_-0.0000_0.0000_0.0000,0,0.0000_0.0000_0.0000_-0.0000_0.0000
81,0,0.0000_0.0000_0.0000_-0.0000_0.0000,0,0.0000_-0.0000_0.0000_-0.0000_0.0000
81,0,0.0000_-0.0000_0.0000_-0.0000_0.0000,0,0.0000_-0.0000_0.0000_0.0000_0.0000
81,0,0.0000_-0.0000_0.0000_0.0000_0.0000,0,-0.0000_0.0000_0.0000_0.0000_-0.0000
81,0,-0.0000_0.0000_0.0000_0.0000_-0.0000,0,-0.0000_0.0000_0.0000_0.0000_0.0000
81,0,-0.0000_0.0000_0.0000_0.0000_0.0000,0,0.0000_-0.0000_-0.0000_-0.0000_0.0000
82,197902,22.9996_-18.9997_8.9998_-28.9995_-27.9995,197840,22.9996_-17.9997_8.9998_-29.9995_-26.9995
82,197840,22.9996_-17.9997_8.9998_-29.9995_-26.9995,197343,21.9995_-15.9996_8.9998_-27.9994_-26.9994
82,197343,21.9995_-15.9996_8.9998_-27.9994_-26.9994,197164,21.9994_-15.9996_7.9998_-27.9993_-25.9994
82,197164,21.9994_-15.9996_7.9998_-27.9993_-25.9994,197139,22.9995_-13.9996_7.9999_-28.9993_-24.9993
82,197139,22.9995_-13.9996_7.9999_-28.9993_-24.9993,197139,22.9994_-13.9996_7.9998_-28.9993_-24.9994
82,197139,22.9994_-13.9996_7.9998_-28.9993_-24.9994,196966,21.9994_-12.9996_7.9998_-29.9992_-23.9994
82,196966,21.9994_-12.9996_7.9998_-29.9992_-23.9994,196940,20.9994_-12.9996_6.9998_-29.9992_-24.9993
82,196940,20.9994_-12.9996_6.9998_-29.9992_-24.9993,179031,19.9930_1.9993_13.9952_-5.9979_-0.0000
82,179031,19.9930_1.9993_13.9952_-5.9979_-0.0000,178423,19.9928_0.9997_12.9953_-6.9975_-0.9997
82,178423,19.9928_0.9997_12.9953_-6.9975_-0.9997,177422,18.9927_0.9996_13.9946_-5.9977_-0.9996
82,177422,18.9927_0.9996_13.9946_-5.9977_-0.9996,172144,17.9905_0.9995_10.9942_-5.9968_-1.9990
82,172144,17.9905_0.9995_10.9942_-5.9968_-1.9990,170429,15.9908_1.9989_11.9931_-6.9960_-1.9989
82,170429,15.9908_1.9989_11.9931_-6.9960_-1.9989,167572,13.9907_0.0000_10.9927_-8.9940_-3.9973
82,167572,13.9907_0.0000_10.9927_-8.9940_-3.9973,116990,7.9716_-2.9894_3.9858_-1.9929_1.9929
82,116990,7.9716_-2.9894_3.9858_-1.9929_1.9929,69440,-0.9885_-3.9533_0.9885_-0.9885_1.9769
82,69440,-0.9885_-3.9533_0.9885_-0.9885_1.9769,62801,-1.9725_-2.9584_-0.0000_-1.9725_0.9863
82,62801,-1.9725_-2.9584_-0.0000_-1.9725_0.9863,28143,0.0000_0.0000_0.9571_0.9571_-0.9571
82,28143,0.0000_0.0000_0.9571_0.9571_-0.9571,16462,0.0000_0.9175_-0.0000_0.0000_0.0000
82,16462,0.0000_0.9175_-0.0000_0.0000_0.0000,0,0.0000_0.0000_0.0000_-0.0000_-0.0000
82,0,0.0000_0.0000_0.0000_-0.0000_-0.0000,0,0.0000_0.0000_-0.0000_-0.0000_-0.0000
82,0,0.0000_0.0000_-0.0000_-0.0000_-0.0000,0,-0.0000_-0.0000_-0.0000_0.0000_-0.0000
82,0,-0.0000_-0.0000_-0.0000_0.0000_-0.0000,0,-0.0000_-0.0000_-0.0000_-0.0000_-0.0000
82,0,-0.0000_-0.0000_-0.0000_-0.0000_-0.0000,0,-0.0000_0.0000_0.0000_-0.0000_-0.0000
82,0,-0.0000_0.0000_0.0000_-0.0000_-0.0000,0,-0.0000_0.0000_-0.0000_-0.0000_0.0000
83,197976,14.9998_-30.9995_-20.9997_6.9999_30.9995,197367,13.9997_-28.9993_-20.9995_4.9999_28.9993
83,197367,13.9997_-28.9993_-20.9995_4.9999_28.9993,196998,14.9996_-27.9993_-20.9994_4.9999_26.9993
83,196998,14.9996_-27.9993_-20.9994_4.9999_26.9993,196612,13.9996_-26.9992_-18.9994_2.9999_27.9991
83,196612,13.9996_-26.9992_-18.9994_2.9999_27.9991,196490,14.9995_-25.9992_-20.9993_4.9998_25.9992
83,196490,14.9995_-25.9992_-20.9993_4.9998_25.9992,195749,12.9995_-23.9990_-23.9990_1.9999_22.9990
83,195749,12.9995_-23.9990_-23.9990_1.9999_22.9990,195678,11.9995_-24.9990_-23.9990_2.9999_21.9991
83,195678,11.9995_-24.9990_-23.9990_2.9999_21.9991,195497,11.9995_-26.9988_-21.9990_1.0000_20.9991
83,195497,11.9995_-26.9988_-21.9990_1.0000_20.9991,194430,10.9994_-25.9985_-20.9988_1.9999_18.9989
83,194430,10.9994_-25.9985_-20.9988_1.9999_18.9989,193944,9.9994_-24.9983_-19.9987_1.9999_19.9987
83,193944,9.9994_-24.9983_-19.9987_1.9999_19.9987,193811,8.9994_-24.9983_-19.9987_1.9999_19.9987
83,193811,8.9994_-24.9983_-19.9987_1.9999_19.9987,193149,6.9995_-22.9983_-20.9984_1.9999_19.9985
83,193149,6.9995_-22.9983_-20.9984_1.9999_19.9985,192814,6.9994_-21.9982_-20.9983_2.9998_19.9984
83,192814,6.9994_-21.9982_-20.9983_2.9998_19.9984,191501,5.9994_-20.9979_-19.9980_2.9997_18.9981
83,191501,5.9994_-20.9979_-19.9980_2.9997_18.9981,191215,6.9993_-20.9978_-18.9980_2.9997_18.9980
83,191215,6.9993_-20.9978_-18.9980_2.9997_18.9980,190868,7.9991_-20.9977_-18.9979_0.9999_17.9980
83,190868,7.9991_-20.9977_-18.9979_0.9999_17.9980,172425,9.9947_-0.9994_-9.9948_16.9911_0.9995
83,172425,9.9947_-0.9994_-9.9948_16.9911_0.9995,171686,10.9941_0.9995_-9.9946_15.9914_-0.0000
83,171686,10.9941_0.9995_-9.9946_15.9914_-0.0000,165238,10.9918_-1.9985_-10.9918_10.9918_3.9970
83,165238,10.9918_-1.9985_-10.9918_10.9918_3.9970,152147,8.9888_-2.9962_-8.9888_8.9888_1.9975
83,152147,8.9888_-2.9962_-8.9888_8.9888_1.9975,151743,8.9886_-1.9975_-9.9873_7.9899_1.9975
83,151743,8.9886_-1.9975_-9.9873_7.9899_1.9975,141072,11.9783_-0.9982_-4.9910_3.9928_0.9982
83,141072,11.9783_-0.9982_-4.9910_3.9928_0.9982,140879,11.9782_0.0000_-4.9910_3.9927_0.9982
83,140879,11.9782_0.0000_-4.9910_3.9927_0.9982,78172,1.9815_-0.0000_2.9721_-2.9722_2.9722
83,78172,1.9815_-0.0000_2.9721_-2.9722_2.9722,54733,0.9829_-0.9829_0.9829_-2.9478_0.9829
83,54733,0.9829_-0.9829_0.9829_-2.9478_0.9829,50920,0.9809_0.9809_1.9614_-1.9614_0.9809
83,50920,0.9809_0.9809_1.9614_-1.9614_0.9809,50920,-0.9809_1.9614_-0.9809_-1.9614_-0.9809
83,50920,-0.9809_1.9614_-0.9809_-1.9614_-0.9809,28143,0.9571_-0.0000_0.9571_0.9571_0.0000
83,28143,0.9571_-0.0000_0.9571_0.9571_0.0000,16462,-0.0000_0.0000_0.0000_0.9175_0.0000
83,16462,-0.0000_0.0000_0.0000_0.9175_0.0000,16462,0.0000_-0.0000_-0.0000_0.0000_0.9175
83,16462,0.0000_-0.0000_-0.0000_0.0000_0.9175,0,0.0000_-0.0000_-0.0000_0.0000_0.0000
83,0,0.0000_-0.0000_-0.0000_0.0000_0.0000,0,-0.0000_-0.0000_-0.0000_0.0000_-0.0000
83,0,-0.0000_-0.0000_-0.0000_0.0000_-0.0000,0,0.0000_-0.0000_-0.0000_0.0000_0.0000
83,0,0.0000_-0.0000_-0.0000_0.0000_0.0000,0,-0.0000_-0.0000_0.0000_0.0000_0.0000
84,197497,-29.9994_-8.9998_23.9995_1.0000_-28.9994,197415,-29.9993_-9.9998_23.9995_1.9999_-27.9994
84,197415,-29.9993_-9.9998_23.9995_1.9999_-27.9994,197203,-27.9993_-12.9997_25.9994_4.9999_-24.9994
84,197203,-27.9993_-12.9997_25.9994_4.9999_-24.9994,196866,-26.9992_-11.9997_24.9993_5.9998_-24.9993
84,196866,-26.9992_-11.9997_24.9993_5.9998_-24.9993,193659,-13.9991_-15.9989_31.9978_2.9998_-1.9999
84,193659,-13.9991_-15.9989_31.9978_2.9998_-1.9999,193637,-13.9990_-15.9989_31.9978_2.9998_-0.9999
84,193637,-13.9990_-15.9989_31.9978_2.9998_-0.9999,193487,-12.9991_-15.9988_31.9977_3.9997_-0.9999
84,193487,-12.9991_-15.9988_31.9977_3.9997_-0.9999,192317,-10.9991_-18.9983_28.9974_0.9999_-1.9999
84,192317,-10.9991_-18.9983_28.9974_0.9999_-1.9999,189866,-8.9989_-16.9978_26.9966_1.9997_-2.9996
84,189866,-8.9989_-16.9978_26.9966_1.9997_-2.9996,187093,-8.9984_-14.9974_24.9956_1.9996_-1.9996
84,187093,-8.9984_-14.9974_24.9956_1.9996_-1.9996,186979,-8.9984_-14.9973_24.9956_0.9998_-0.9998
84,186979,-8.9984_-14.9973_24.9956_0.9998_-0.9998,185545,-9.9979_-14.9969_22.9953_2.9994_-0.0000
84,185545,-9.9979_-14.9969_22.9953_2.9994_-0.0000,171917,-20.9888_-5.9968_-0.0000_1.9989_-0.9995
84,171917,-20.9888_-5.9968_-0.0000_1.9989_-0.9995,169800,-18.9887_-7.9952_2.9982_2.9982_1.9988
84,169800,-18.9887_-7.9952_2.9982_2.9982_1.9988,167284,-17.9879_-4.9966_4.9966_5.9960_-0.0000
84,167284,-17.9879_-4.9966_4.9966_5.9960_-0.0000,164592,-16.9870_-4.9962_4.9962_5.9954_-0.0000
84,164592,-16.9870_-4.9962_4.9962_5.9954_-0.0000,164263,-14.9884_-7.9938_0.0000_8.9930_-0.9992
84,164263,-14.9884_-7.9938_0.0000_8.9930_-0.9992,151470,-2.9962_-1.9974_2.9962_14.9808_-1.9975
84,151470,-2.9962_-1.9974_2.9962_14.9808_-1.9975,150776,-1.9974_-1.9974_1.9974_14.9803_-2.9961
84,150776,-1.9974_-1.9974_1.9974_14.9803_-2.9961,150776,-1.9974_-1.9974_1.9974_14.9803_-2.9961
84,150776,-1.9974_-1.9974_1.9974_14.9803_-2.9961,144369,-0.9984_-4.9919_2.9951_12.9788_-0.9984
84,144369,-0.9984_-4.9919_2.9951_12.9788_-0.9984,144020,-1.9967_-4.9918_1.9967_12.9786_-0.9984
84,144020,-1.9967_-4.9918_1.9967_12.9786_-0.9984,134241,-0.9978_-0.9978_3.9912_10.9756_-3.9911
84,134241,-0.9978_-0.9978_3.9912_10.9756_-3.9911,115840,-0.9964_-1.9927_2.9891_3.9854_-7.9707
84,115840,-0.9964_-1.9927_2.9891_3.9854_-7.9707,88514,1.9857_-0.9928_2.9784_-1.9857_-4.9639
84,88514,1.9857_-0.9928_2.9784_-1.9857_-4.9639,38858,0.0000_-0.9718_-0.9718_-1.9427_-0.0000
84,38858,0.0000_-0.9718_-0.9718_-1.9427_-0.0000,28143,-0.9571_-0.9571_-0.0000_-0.9571_-0.0000
84,28143,-0.9571_-0.9571_-0.0000_-0.9571_-0.0000,0,-0.0000_0.0000_0.0000_-0.0000_0.0000
84,0,-0.0000_0.0000_0.0000_-0.0000_0.0000,0,-0.0000_-0.0000_0.0000_-0.0000_0.0000
84,0,-0.0000_-0.0000_0.0000_-0.0000_0.0000,0,-0.0000_-0.0000_0.0000_0.0000_-0.0000
84,0,-0.0000_-0.0000_0.0000_0.0000_-0.0000,0,-0.0000_0.0000_-0.0000_0.0000_-0.0000
84,0,-0.0000_0.0000_-0.0000_0.0000_-0.0000,0,-0.0000_-0.0000_-0.0000_-0.0000_-0.0000
84,0,-0.0000_-0.0000_-0.0000_-0.0000_-0.0000,0,0.0000_0.0000_0.0000_0.0000_-0.0000
84,0,0.0000_0.0000_0.0000_0.0000_-0.0000,0,-0.0000_0.0000_0.0000_-0.0000_0.0000
85,194742,11.9994_29.9984_-12.9993_-20.9989_1.0000,194637,12.9993_27.9985_-13.9992_-21.9988_1.9999
85,194637,12.9993_27.9985_-13.9992_-21.9988_1.9999,194399,11.9993_27.9984_-14.9991_-20.9988_1.9999
85,194399,11.9993_27.9984_-14.9991_-20.9988_1.9999,193811,9.9993_27.9981_-14.9990_-19.9987_0.9999
85,193811,9.9993_27.9981_-14.9990_-19.9987_0.9999,193517,8.9994_26.9981_-15.9989_-19.9986_1.9999
85,193517,8.9994_26.9981_-15.9989_-19.9986_1.9999,193426,7.9994_26.9981_-15.9988_-19.9986_2.9998
85,193426,7.9994_26.9981_-15.9988_-19.9986_2.9998,191744,6.9994_25.9975_-15.9985_-16.9984_-0.0000
85,191744,6.9994_25.9975_-15.9985_-16.9984_-0.0000,191414,6.9993_25.9973_-14.9985_-16.9983_-0.0000
85,191414,6.9993_25.9973_-14.9985_-16.9983_-0.0000,190001,7.9990_23.9970_-15.9980_-14.9982_-0.9999
85,190001,7.9990_23.9970_-15.9980_-14.9982_-0.9999,188293,5.9991_23.9963_-14.9977_-12.9980_-0.9998
85,188293,5.9991_23.9963_-14.9977_-12.9980_-0.9998,176439,6.9971_16.9930_-12.9947_-7.9967_0.9996
85,176439,6.9971_16.9930_-12.9947_-7.9967_0.9996,174325,7.9963_16.9921_-10.9949_-6.9967_1.9991
85,174325,7.9963_16.9921_-10.9949_-6.9967_1.9991,174325,7.9963_16.9921_-10.9949_-6.9967_1.9991
85,174325,7.9963_16.9921_-10.9949_-6.9967_1.9991,173081,7.9960_16.9915_-9.9950_-6.9965_0.9995
85,173081,7.9960_16.9915_-9.9950_-6.9965_0.9995,169084,4.9969_14.9907_-12.9920_-3.9975_-0.9994
85,169084,4.9969_14.9907_-12.9920_-3.9975_-0.9994,164510,2.9977_13.9893_-11.9908_-4.9962_0.0000
85,164510,2.9977_13.9893_-11.9908_-4.9962_0.0000,160484,1.9982_13.9873_-9.9909_-4.9955_1.9982
85,160484,1.9982_13.9873_-9.9909_-4.9955_1.9982,157810,0.9990_13.9858_-8.9909_-3.9960_2.9970
85,157810,0.9990_13.9858_-8.9909_-3.9960_2.9970,149188,0.9986_13.9805_-5.9917_-0.9986_-0.9986
85,149188,0.9986_13.9805_-5.9917_-0.9986_-0.9986,149188,0.9986_13.9806_-5.9917_-0.9986_-0.9986
85,149188,0.9986_13.9806_-5.9917_-0.9986_-0.9986,141265,0.0000_11.9785_-5.9892_-1.9964_1.9964
85,141265,0.0000_11.9785_-5.9892_-1.9964_1.9964,133282,-0.9977_10.9749_-2.9932_-3.9909_-1.9955
85,133282,-0.9977_10.9749_-2.9932_-3.9909_-1.9955,126616,-1.9945_9.9724_-2.9918_-2.9918_-1.9945
85,126616,-1.9945_9.9724_-2.9918_-2.9918_-1.9945,126323,-0.0000_9.9723_0.0000_-4.9862_-0.0000
85,126323,-0.0000_9.9723_0.0000_-4.9862_-0.0000,107662,-0.9956_6.9684_-0.0001_-4.9775_0.0000
85,107662,-0.9956_6.9684_-0.0001_-4.9775_0.0000,91455,-1.9866_4.9664_0.9933_-3.9732_0.9933
85,91455,-1.9866_4.9664_0.9933_-3.9732_0.9933,90739,-0.9932_5.9588_0.0000_-2.9796_-0.0000
85,90739,-0.9932_5.9588_0.0000_-2.9796_-0.0000,83668,-0.0000_3.9675_-0.9919_-3.9675_1.9838
85,83668,-0.0000_3.9675_-0.9919_-3.9675_1.9838,69441,-0.0000_1.9770_-2.9652_-0.9884_2.9651
85,69441,-0.0000_1.9770_-2.9652_-0.9884_2.9651,62801,0.0000_1.9725_-2.9584_-0.9863_1.9725
85,62801,0.0000_1.9725_-2.9584_-0.9863_1.9725,50917,-0.9809_2.9414_-0.0000_-0.0000_0.9809
85,50917,-0.9809_2.9414_-0.0000_-0.0000_0.9809,41671,-0.9744_0.0000_-0.9744_0.9744_1.9481
85,41671,-0.9744_0.0000_-0.9744_0.9744_1.9481,38858,-1.9427_-0.0000_-0.9718_0.9718_0.0000
85,38858,-1.9427_-0.0000_-0.9718_0.9718_0.0000,23168,-0.0000_-0.9454_-0.9454_0.0000_-0.0000
85,23168,-0.0000_-0.9454_-0.9454_0.0000_-0.0000,16462,-0.9175_0.0000_-0.0000_-0.0000_0.0000
85,16462,-0.9175_0.0000_-0.0000_-0.0000_0.0000,0,0.0000_-0.0000_-0.0000_-0.0000_0.0000
85,0,0.0000_-0.0000_-0.0000_-0.0000_0.0000,0,0.0000_0.0000_0.0000_-0.0000_0.0000
85,0,0.0000_0.0000_0.0000_-0.0000_0.0000,0,-0.0000_-0.0000_-0.0000_-0.0000_-0.0000
85,0,-0.0000_-0.0000_-0.0000_-0.0000_-0.0000,0,-0.0000_-0.0000_-0.0000_-0.0000_-0.0000
85,0,-0.0000_-0.0000_-0.0000_-0.0000_-0.0000,0,-0.0000_-0.0000_-0.0000_0.0000_0.0000
85,0,-0.0000_-0.0000_-0.0000_0.0000_0.0000,0,0.0000_-0.0000_0.0000_0.0000_0.0000
86,186922,10.9980_7.9986_-14.9973_5.9989_21.9961,186767,9.9982_6.9987_-14.9973_7.9985_21.9960
86,186767,9.9982_6.9987_-14.9973_7.9985_21.9960,186748,8.9984_5.9989_-15.9971_7.9985_21.9960
86,186748,8.9984_5.9989_-15.9971_7.9985_21.9960,186728,8.9984_6.9987_-14.9973_8.9984_21.9960
86,186728,8.9984_6.9987_-14.9973_8.9984_21.9960,186511,7.9986_5.9990_-14.9972_9.9981_21.9959
86,186511,7.9986_5.9990_-14.9972_9.9981_21.9959,186288,7.9985_4.9990_-14.9971_9.9981_21.9958
86,186288,7.9985_4.9990_-14.9971_9.9981_21.9958,186102,9.9980_2.9994_-13.9973_9.9980_21.9957
86,186102,9.9980_2.9994_-13.9973_9.9980_21.9957,185095,8.9981_2.9994_-12.9972_9.9979_21.9953
86,185095,8.9981_2.9994_-12.9972_9.9979_21.9953,181071,6.9979_3.9988_-12.9961_9.9970_18.9943
86,181071,6.9979_3.9988_-12.9961_9.9970_18.9943,179827,6.9977_3.9987_-12.9957_9.9967_17.9941
86,179827,6.9977_3.9987_-12.9957_9.9967_17.9941,176350,5.9975_5.9975_-10.9955_10.9955_15.9934
86,176350,5.9975_5.9975_-10.9955_10.9955_15.9934,172591,7.9960_6.9964_-10.9942_7.9958_13.9928
86,172591,7.9960_6.9964_-10.9942_7.9958_13.9928,156474,-0.9989_4.9947_-5.9936_-1.9979_14.9840
86,156474,-0.9989_4.9947_-5.9936_-1.9979_14.9840,146552,0.9985_5.9909_-5.9909_-0.9985_11.9818
86,146552,0.9985_5.9909_-5.9909_-0.9985_11.9818,143843,0.0000_3.9934_-3.9934_0.9984_12.9785
86,143843,0.0000_3.9934_-3.9934_0.9984_12.9785,112175,0.0000_0.9960_1.9920_-3.9840_7.9678
86,112175,0.0000_0.9960_1.9920_-3.9840_7.9678,96145,-0.0000_-1.9881_-2.9821_-3.9762_4.9701
86,96145,-0.0000_-1.9881_-2.9821_-3.9762_4.9701,81917,1.9831_-1.9831_-0.9916_0.9916_4.9574
86,81917,1.9831_-1.9831_-0.9916_0.9916_4.9574,59783,-0.9852_-2.9548_1.9701_0.9851_0.9851
86,59783,-0.9852_-2.9548_1.9701_0.9851_0.9851,41671,-0.0000_-1.9481_0.9744_0.9744_0.9744
86,41671,-0.0000_-1.9481_0.9744_0.9744_0.9744,16462,-0.9175_-0.0000_0.0000_0.0000_-0.0000
86,16462,-0.9175_-0.0000_0.0000_0.0000_-0.0000,16462,-0.0000_-0.0000_-0.0000_-0.0000_0.9175
86,16462,-0.0000_-0.0000_-0.0000_-0.0000_0.9175,0,-0.0000_-0.0000_-0.0000_-0.0000_-0.0000
86,0,-0.0000_-0.0000_-0.0000_-0.0000_-0.0000,0,-0.0000_0.0000_-0.0000_0.0000_-0.0000
86,0,-0.0000_0.0000_-0.0000_0.0000_-0.0000,0,-0.0000_0.0000_-0.0000_0.0000_-0.0000
86,0,-0.0000_0.0000_-0.0000_0.0000_-0.0000,0,-0.0000_-0.0000_0.0000_0.0000_0.0000
86,0,-0.0000_-0.0000_0.0000_0.0000_0.0000,0,0.0000_0.0000_-0.0000_-0.0000_0.0000
87,193811,7.9995_3.9997_-26.9982_-25.9983_4.9997,193732,9.9993_5.9996_-24.9983_-26.9982_2.9998
87,193732,9.9993_5.9996_-24.9983_-26.9982_2.9998,192047,10.9990_3.9996_-22.9979_-24.9977_2.9997
87,192047,10.9990_3.9996_-22.9979_-24.9977_2.9997,190041,9.9988_1.9998_-20.9974_-23.9970_1.9997
87,190041,9.9988_1.9998_-20.9974_-23.9970_1.9997,139894,-4.9907_-6.9869_0.9981_-4.9907_8.9831
87,139894,-4.9907_-6.9869_0.9981_-4.9907_8.9831,127769,-7.9787_-5.9841_-0.9973_-1.9947_4.9867
87,127769,-7.9787_-5.9841_-0.9973_-1.9947_4.9867,124197,-7.9765_-6.9795_-0.9971_-1.9942_-0.0000
87,124197,-7.9765_-6.9795_-0.9971_-1.9942_-0.0000,83668,-3.9675_-1.9838_-1.9838_1.9838_2.9757
87,83668,-3.9675_-1.9838_-1.9838_1.9838_2.9757,83668,-3.9675_-1.9838_-1.9838_1.9838_2.9757
87,83668,-3.9675_-1.9838_-1.9838_1.9838_2.9757,41671,-1.9481_-0.9745_0.9744_-0.0000_0.9744
87,41671,-1.9481_-0.9745_0.9744_-0.0000_0.9744,41671,-1.9481_-0.9744_0.0000_0.9744_0.9744
87,41671,-1.9481_-0.9744_0.0000_0.9744_0.9744,23168,-0.9454_-0.9454_0.0000_0.0000_-0.0000
87,23168,-0.9454_-0.9454_0.0000_0.0000_-0.0000,16462,-0.9175_-0.0000_0.0000_0.0000_-0.0000
87,16462,-0.9175_-0.0000_0.0000_0.0000_-0.0000,0,0.0000_-0.0000_-0.0000_-0.0000_-0.0000
87,0,0.0000_-0.0000_-0.0000_-0.0000_-0.0000,0,-0.0000_-0.0000_0.0000_0.0000_0.0000
87,0,-0.0000_-0.0000_0.0000_0.0000_0.0000,0,-0.0000_0.0000_0.0000_-0.0000_-0.0000
88,195959,23.9991_-10.9996_-30.9988_-6.9997_13.9995,195572,23.9990_-10.9995_-30.9987_-5.9997_10.9995
88,195572,23.9990_-10.9995_-30.9987_-5.9997_10.9995,195386,24.9989_-10.9995_-29.9986_-6.9997_8.9996
88,195386,24.9989_-10.9995_-29.9986_-6.9997_8.9996,194504,24.9986_-13.9992_-26.9985_-3.9998_6.9996
88,194504,24.9986_-13.9992_-26.9985_-3.9998_6.9996,194226,24.9985_-14.9991_-25.9984_-2.9998_5.9996
88,194226,24.9985_-14.9991_-25.9984_-2.9998_5.9996,190640,19.9977_-18.9978_-12.9985_-10.9987_-10.9987
88,190640,19.9977_-18.9978_-12.9985_-10.9987_-10.9987,189603,19.9974_-17.9976_-11.9984_-8.9988_-11.9984
88,189603,19.9974_-17.9976_-11.9984_-8.9988_-11.9984,187800,6.9989_-17.9971_-2.9995_-13.9978_-19.9968
88,187800,6.9989_-17.9971_-2.9995_-13.9978_-19.9968,187353,9.9983_-17.9969_-2.9995_-13.9976_-17.9969
88,187353,9.9983_-17.9969_-2.9995_-13.9976_-17.9969,186903,8.9984_-17.9968_-1.9996_-13.9975_-17.9968
88,186903,8.9984_-17.9968_-1.9996_-13.9975_-17.9968,186570,7.9985_-17.9967_-1.9996_-13.9974_-17.9967
88,186570,7.9985_-17.9967_-1.9996_-13.9974_-17.9967,181698,4.9986_-15.9954_0.9997_-11.9966_-16.9951
88,181698,4.9986_-15.9954_0.9997_-11.9966_-16.9951,181071,4.9985_-17.9946_-0.0000_-10.9967_-14.9955
88,181071,4.9985_-17.9946_-0.0000_-10.9967_-14.9955,180647,5.9982_-15.9950_-0.9997_-9.9969_-16.9948
88,180647,5.9982_-15.9950_-0.9997_-9.9969_-16.9948,175992,10.9954_-19.9915_4.9979_-0.0000_-3.9983
88,175992,10.9954_-19.9915_4.9979_-0.0000_-3.9983,175947,9.9958_-19.9915_5.9975_-0.0000_-4.9979
88,175947,9.9958_-19.9915_5.9975_-0.0000_-4.9979,175486,9.9956_-19.9913_4.9978_0.9996_-4.9978
88,175486,9.9956_-19.9913_4.9978_0.9996_-4.9978,163070,5.9951_-15.9869_4.9959_-5.9951_-1.9984
88,163070,5.9951_-15.9869_4.9959_-5.9951_-1.9984,121610,1.9937_-7.9748_3.9875_-0.9969_-4.9843
88,121610,1.9937_-7.9748_3.9875_-0.9969_-4.9843,116610,0.9964_-6.9749_2.9893_0.9964_-5.9785
88,116610,0.9964_-6.9749_2.9893_0.9964_-5.9785,109529,-2.9872_-6.9699_0.9957_3.9829_-1.9914
88,109529,-2.9872_-6.9699_0.9957_3.9829_-1.9914,102580,-1.9898_-6.9641_1.9898_1.9898_-1.9898
88,102580,-1.9898_-6.9641_1.9898_1.9898_-1.9898,88514,1.9857_-0.9928_4.9639_1.9857_-2.9784
88,88514,1.9857_-0.9928_4.9639_1.9857_-2.9784,28143,0.9571_0.9571_-0.0000_-0.9571_-0.0000
88,28143,0.9571_0.9571_-0.0000_-0.9571_-0.0000,23168,0.0000_0.9454_0.0000_-0.9454_0.0000
88,23168,0.0000_0.9454_0.0000_-0.9454_0.0000,0,-0.0000_0.0000_-0.0000_0.0000_-0.0000
88,0,-0.0000_0.0000_-0.0000_0.0000_-0.0000,0,-0.0000_0.0000_0.0000_0.0000_-0.0000
88,0,-0.0000_0.0000_0.0000_0.0000_-0.0000,0,-0.0000_0.0000_-0.0000_-0.0000_0.0000
88,0,-0.0000_0.0000_-0.0000_-0.0000_0.0000,0,-0.0000_-0.0000_-0.0000_-0.0000_0.0000
88,0,-0.0000_-0.0000_-0.0000_-0.0000_0.0000,0,-0.0000_-0.0000_0.0000_-0.0000_0.0000
88,0,-0.0000_-0.0000_0.0000_-0.0000_0.0000,0,0.0000_-0.0000_0.0000_-0.0000_0.0000
88,0,0.0000_-0.0000_0.0000_-0.0000_0.0000,0,0.0000_0.0000_0.0000_0.0000_-0.0000
89,195853,24.9990_11.9995_15.9994_17.9993_22.9991,195767,24.9990_12.9995_15.9993_17.9993_21.9991
89,195767,24.9990_12.9995_15.9993_17.9993_21.9991,195659,24.9990_13.9994_16.9993_17.9992_19.9992
89,195659,24.9990_13.9994_16.9993_17.9992_19.9992,195646,26.9989_13.9994_15.9993_16.9993_18.9992
89,195646,26.9989_13.9994_15.9993_16.9993_18.9992,195185,26.9987_12.9994_14.9993_16.9992_17.9991
89,195185,26.9987_12.9994_14.9993_16.9992_17.9991,194748,25.9987_15.9991_11.9994_15.9991_17.9988
89,194748,25.9987_15.9991_11.9994_15.9991_17.9988,193379,23.9983_13.9990_9.9993_17.9987_15.9988
89,193379,23.9983_13.9990_9.9993_17.9987_15.9988,193379,23.9983_13.9990_9.9993_17.9987_15.9988
89,193379,23.9983_13.9990_9.9993_17.9987_15.9988,193285,22.9983_14.9989_9.9993_18.9986_14.9989
89,193285,22.9983_14.9989_9.9993_18.9986_14.9989,193157,22.9983_14.9989_10.9991_17.9986_14.9989
89,193157,22.9983_14.9989_10.9991_17.9986_14.9989,192047,21.9980_13.9987_9.9991_17.9983_13.9987
89,192047,21.9980_13.9987_9.9991_17.9983_13.9987,191576,21.9978_12.9987_8.9991_17.9982_13.9986
89,191576,21.9978_12.9987_8.9991_17.9982_13.9986,190689,20.9976_12.9985_8.9990_16.9981_13.9984
89,190689,20.9976_12.9985_8.9990_16.9981_13.9984,188472,19.9970_12.9980_6.9989_15.9976_11.9982
89,188472,19.9970_12.9980_6.9989_15.9976_11.9982,159080,-2.9970_-6.9931_-9.9903_-10.9892_-5.9942
89,159080,-2.9970_-6.9931_-9.9903_-10.9892_-5.9942,151332,-1.9974_-4.9936_-7.9897_-10.9858_-5.9923
89,151332,-1.9974_-4.9936_-7.9897_-10.9858_-5.9923,131792,-1.9953_-4.9881_-5.9858_-7.9810_-3.9905
89,131792,-1.9953_-4.9881_-5.9858_-7.9810_-3.9905,38858,0.9718_0.9718_-0.0000_-1.9427_0.0000
89,38858,0.9718_0.9718_-0.0000_-1.9427_0.0000,32228,-0.9639_-0.9639_-0.9639_-0.0000_0.9639
89,32228,-0.9639_-0.9639_-0.9639_-0.0000_0.9639,32228,-0.9639_0.9639_-0.9639_0.9639_-0.0000
89,32228,-0.9639_0.9639_-0.9639_0.9639_-0.0000,28143,-0.9571_0.9571_0.0000_0.9571_0.0000
89,28143,-0.9571_0.9571_0.0000_0.9571_0.0000,28143,-0.9571_-0.0000_-0.9571_0.0000_-0.9571
89,28143,-0.9571_-0.0000_-0.9571_0.0000_-0.9571,0,0.0000_-0.0000_-0.0000_0.0000_-0.0000
89,0,0.0000_-0.0000_-0.0000_0.0000_-0.0000,0,0.0000_-0.0000_-0.0000_0.0000_0.0000
89,0,0.0000_-0.0000_-0.0000_0.0000_0.0000,0,0.0000_0.0000_-0.0000_-0.0000_0.0000
89,0,0.0000_0.0000_-0.0000_-0.0000_0.0000,0,-0.0000_-0.0000_-0.0000_0.0000_0.0000
89,0,-0.0000_-0.0000_-0.0000_0.0000_0.0000,0,0.0000_0.0000_0.0000_-0.0000_0.0000
89,0,0.0000_0.0000_0.0000_-0.0000_0.0000,0,0.0000_-0.0000_-0.0000_0.0000_0.0000
90,192096,-5.9994_13.9987_-14.9987_7.9992_-27.9974,191775,-7.9992_15.9985_-13.9987_8.9991_-25.9975
90,191775,-7.9992_15.9985_-13.9987_8.9991_-25.9975,190640,-8.9990_14.9983_-12.9985_10.9988_-23.9973
90,190640,-8.9990_14.9983_-12.9985_10.9988_-23.9973,190441,-8.9989_15.9981_-12.9985_10.9987_-22.9973
90,190441,-8.9989_15.9981_-12.9985_10.9987_-22.9973,190094,-9.9988_15.9980_-11.9985_9.9988_-22.9972
90,190094,-9.9988_15.9980_-11.9985_9.9988_-22.9972,190054,-8.9988_14.9981_-11.9985_9.9988_-23.9971
90,190054,-8.9988_14.9981_-11.9985_9.9988_-23.9971,190027,-8.9989_14.9981_-10.9986_10.9986_-23.9970
90,190027,-8.9989_14.9981_-10.9986_10.9986_-23.9970,189934,-7.9990_15.9980_-9.9987_10.9986_-23.9970
90,189934,-7.9990_15.9980_-9.9987_10.9986_-23.9970,187589,-11.9980_18.9968_-5.9990_7.9987_-18.9968
90,187589,-11.9980_18.9968_-5.9990_7.9987_-18.9968,187206,-14.9974_17.9969_-5.9990_5.9990_-17.9969
90,187206,-14.9974_17.9969_-5.9990_5.9990_-17.9969,186999,-14.9973_17.9968_-4.9991_5.9989_-17.9968
90,186999,-14.9973_17.9968_-4.9991_5.9989_-17.9968,186349,-16.9968_15.9969_-3.9992_3.9992_-17.9966
90,186349,-16.9968_15.9969_-3.9992_3.9992_-17.9966,185698,-16.9966_14.9970_-3.9992_3.9992_-17.9964
90,185698,-16.9966_14.9970_-3.9992_3.9992_-17.9964,184793,-15.9965_14.9967_-2.9993_3.9991_-17.9960
90,184793,-15.9965_14.9967_-2.9993_3.9991_-17.9960,184530,-14.9966_14.9966_-2.9993_5.9987_-17.9959
90,184530,-14.9966_14.9966_-2.9993_5.9987_-17.9959,181698,-13.9960_13.9960_-2.9991_4.9986_-16.9951
90,181698,-13.9960_13.9960_-2.9991_4.9986_-16.9951,180140,-10.9965_15.9949_-3.9987_6.9978_-14.9952
90,180140,-10.9965_15.9949_-3.9987_6.9978_-14.9952,172591,-11.9938_8.9954_-9.9949_-0.0000_-12.9933
90,172591,-11.9938_8.9954_-9.9949_-0.0000_-12.9933,169736,-9.9940_9.9940_-10.9934_-1.9988_-10.9934
90,169736,-9.9940_9.9940_-10.9934_-1.9988_-10.9934,164674,-10.9916_0.9992_-1.9985_4.9962_-14.9886
90,164674,-10.9916_0.9992_-1.9985_4.9962_-14.9886,101482,-2.9843_-5.9685_-2.9843_-0.0000_-2.9843
90,101482,-2.9843_-5.9685_-2.9843_-0.0000_-2.9843,48841,-1.9589_0.0000_-1.9589_0.9796_-0.9796
90,48841,-1.9589_0.0000_-1.9589_0.9796_-0.9796,28143,-0.9571_-0.9571_0.0000_-0.9571_-0.0000
90,28143,-0.9571_-0.9571_0.0000_-0.9571_-0.0000,0,-0.0000_-0.0000_0.0000_-0.0000_-0.0000
90,0,-0.0000_-0.0000_0.0000_-0.0000_-0.0000,0,0.0000_-0.0000_0.0000_0.0000_0.0000
90,0,0.0000_-0.0000_0.0000_0.0000_0.0000,0,-0.0000_0.0000_0.0000_0.0000_-0.0000
90,0,-0.0000_0.0000_0.0000_0.0000_-0.0000,0,0.0000_0.0000_-0.0000_-0.0000_0.0000
90,0,0.0000_0.0000_-0.0000_-0.0000_0.0000,0,0.0000_-0.0000_-0.0000_0.0000_-0.0000
90,0,0.0000_-0.0000_-0.0000_0.0000_-0.0000,0,0.0000_0.0000_0.0000_0.0000_-0.0000
90,0,0.0000_0.0000_0.0000_0.0000_-0.0000,0,0.0000_0.0000_-0.0000_0.0000_-0.0000
91,196144,30.9989_1.0000_-22.9992_16.9994_12.9995,194672,27.9985_2.9998_-19.9989_14.9992_14.9992
91,194672,27.9985_2.9998_-19.9989_14.9992_14.9992,194399,28.9983_1.9999_-18.9989_13.9992_13.9992
91,194399,28.9983_1.9999_-18.9989_13.9992_13.9992,194161,28.9982_1.9999_-17.9989_13.9991_13.9991
91,194161,28.9982_1.9999_-17.9989_13.9991_13.9991,190211,22.9972_0.9999_-19.9975_11.9987_7.9990
91,190211,22.9972_0.9999_-19.9975_11.9987_7.9990,189811,22.9971_-0.0000_-18.9976_12.9983_6.9991
91,189811,22.9971_-0.0000_-18.9976_12.9983_6.9991,189418,22.9969_0.9999_-16.9977_14.9980_5.9992
91,189418,22.9969_0.9999_-16.9977_14.9980_5.9992,183934,12.9969_-8.9979_-17.9957_13.9967_-4.9988
91,183934,12.9969_-8.9979_-17.9957_13.9967_-4.9988,183006,12.9967_-8.9977_-16.9956_13.9964_-4.9987
91,183006,12.9967_-8.9977_-16.9956_13.9964_-4.9987,166772,1.9986_-4.9965_-12.9910_13.9903_2.9979
91,166772,1.9986_-4.9965_-12.9910_13.9903_2.9979,161626,0.0000_-8.9922_-7.9930_13.9879_-0.0001
91,161626,0.0000_-8.9922_-7.9930_13.9879_-0.0001,159183,0.9990_-8.9914_-7.9923_12.9875_-0.9990
91,159183,0.9990_-8.9914_-7.9923_12.9875_-0.9990,156474,0.9989_-8.9904_-7.9915_11.9872_-0.9989
91,156474,0.9989_-8.9904_-7.9915_11.9872_-0.9989,152013,2.9962_-6.9912_-6.9912_11.9849_-1.9975
91,152013,2.9962_-6.9912_-6.9912_11.9849_-1.9975,150916,1.9974_-6.9909_-6.9909_11.9843_-0.9987
91,150916,1.9974_-6.9909_-6.9909_11.9843_-0.9987,150916,1.9974_-6.9909_-6.9909_11.9843_-0.9987
91,150916,1.9974_-6.9909_-6.9909_11.9843_-0.9987,97392,-4.9710_-2.9827_-1.9885_2.9827_2.9827
91,97392,-4.9710_-2.9827_-1.9885_2.9827_2.9827,87744,-5.9556_-0.9927_0.0000_0.9927_1.9854
91,87744,-5.9556_-0.9927_0.0000_0.9927_1.9854,85347,-5.9529_0.9922_-0.9923_0.9922_-0.0001
91,85347,-5.9529_0.9922_-0.9923_0.9922_-0.0001,41671,-0.9744_1.9482_0.9744_-0.0000_0.9744
91,41671,-0.9744_1.9482_0.9744_-0.0000_0.9744,35740,-1.9356_-0.0000_0.9684_0.0000_0.0000
91,35740,-1.9356_-0.0000_0.9684_0.0000_0.0000,32228,-0.0000_-0.9639_0.9639_-0.9639_-0.9639
91,32228,-0.0000_-0.9639_0.9639_-0.9639_-0.9639,23168,-0.0000_-0.0000_0.9454_0.0000_-0.9454
91,23168,-0.0000_-0.0000_0.9454_0.0000_-0.9454,16462,-0.9175_0.0000_0.0000_0.0000_-0.0000
91,16462,-0.9175_0.0000_0.0000_0.0000_-0.0000,0,0.0000_-0.0000_-0.0000_0.0000_0.0000
91,0,0.0000_-0.0000_-0.0000_0.0000_0.0000,0,0.0000_-0.0000_-0.0000_-0.0000_-0.0000
91,0,0.0000_-0.0000_-0.0000_-0.0000_-0.0000,0,0.0000_-0.0000_-0.0000_0.0000_0.0000
91,0,0.0000_-0.0000_-0.0000_0.0000_0.0000,0,-0.0000_0.0000_0.0000_-0.0000_0.0000
91,0,-0.0000_0.0000_0.0000_-0.0000_0.0000,0,-0.0000_-0.0000_-0.0000_-0.0000_-0.0000
91,0,-0.0000_-0.0000_-0.0000_-0.0000_-0.0000,0,-0.0000_-0.0000_0.0000_-0.0000_-0.0000
91,0,-0.0000_-0.0000_0.0000_-0.0000_-0.0000,0,0.0000_0.0000_0.0000_0.0000_0.0000
91,0,0.0000_0.0000_0.0000_0.0000_0.0000,0,0.0000_-0.0000_0.0000_0.0000_0.0000
92,195802,23.9990_-7.9997_20.9991_-27.9989_1.0000,195696,23.9990_-8.9996_19.9992_-27.9988_1.0000
92,195696,23.9990_-8.9996_19.9992_-27.9988_1.0000,195664,24.9989_-8.9996_19.9992_-26.9989_0.0000
92,195664,24.9989_-8.9996_19.9992_-26.9989_0.0000,194956,25.9987_-7.9996_17.9991_-24.9987_-1.9999
92,194956,25.9987_-7.9996_17.9991_-24.9987_-1.9999,194873,25.9986_-7.9996_18.9990_-23.9987_-0.9999
92,194873,25.9986_-7.9996_18.9990_-23.9987_-0.9999,194547,24.9986_-7.9996_19.9989_-22.9987_-1.9999
92,194547,24.9986_-7.9996_19.9989_-22.9987_-1.9999,194529,23.9986_-7.9995_20.9988_-22.9987_-2.9998
92,194529,23.9986_-7.9995_20.9988_-22.9987_-2.9998,194355,23.9986_-5.9996_22.9986_-20.9988_-2.9998
92,194355,23.9986_-5.9996_22.9986_-20.9988_-2.9998,193739,23.9984_-4.9997_18.9987_-22.9985_-2.9998
92,193739,23.9984_-4.9997_18.9987_-22.9985_-2.9998,193725,23.9984_-3.9997_18.9987_-22.9984_-3.9997
92,193725,23.9984_-3.9997_18.9987_-22.9984_-3.9997,193681,23.9983_-3.9996_19.9987_-21.9984_-3.9996
92,193681,23.9983_-3.9996_19.9987_-21.9984_-3.9996,178149,10.9960_8.9967_10.9958_-16.9938_-0.9996
92,178149,10.9960_8.9967_10.9958_-16.9938_-0.9996,158768,-9.9902_8.9912_8.9912_-4.9951_-4.9951
92,158768,-9.9902_8.9912_8.9912_-4.9951_-4.9951,150635,-8.9881_8.9881_6.9908_-2.9961_-4.9934
92,150635,-8.9881_8.9881_6.9908_-2.9961_-4.9934,144887,-7.9872_9.9840_1.9968_1.9968_5.9904
92,144887,-7.9872_9.9840_1.9968_1.9968_5.9904,101482,-5.9685_0.9948_-2.9843_3.9791_0.9948
92,101482,-5.9685_0.9948_-2.9843_3.9791_0.9948,86962,-3.9701_-0.9926_-1.9851_1.9851_-3.9701
92,86962,-3.9701_-0.9926_-1.9851_1.9851_-3.9701,56496,-1.9672_-0.9837_0.9837_-1.9672_-1.9673
92,56496,-1.9672_-0.9837_0.9837_-1.9672_-1.9673,54734,-1.9655_-1.9655_0.9829_0.0000_-1.9656
92,54734,-1.9655_-1.9655_0.9829_0.0000_-1.9656,38858,0.0000_-0.9718_-0.0000_1.9427_-0.9718
92,38858,0.0000_-0.9718_-0.0000_1.9427_-0.9718,35740,-0.0000_-0.9684_-0.0000_1.9356_0.0000
92,35740,-0.0000_-0.9684_-0.0000_1.9356_0.0000,28143,-0.9571_-0.0000_-0.0000_0.9571_-0.9571
92,28143,-0.9571_-0.0000_-0.0000_0.9571_-0.9571,23168,0.0000_0.9454_0.0000_0.9454_-0.0000
92,23168,0.0000_0.9454_0.0000_0.9454_-0.0000,0,0.0000_0.0000_-0.0000_0.0000_0.0000
92,0,0.0000_0.0000_-0.0000_0.0000_0.0000,0,0.0000_-0.0000_-0.0000_-0.0000_-0.0000
92,0,0.0000_-0.0000_-0.0000_-0.0000_-0.0000,0,-0.0000_-0.0000_-0.0000_0.0000_0.0000
92,0,-0.0000_-0.0000_-0.0000_0.0000_0.0000,0,0.0000_0.0000_-0.0000_-0.0000_-0.0000
93,192438,0.9999_1.9998_-5.9995_19.9983_-29.9974,191775,1.9998_2.9997_-5.9994_17.9983_-29.9971
93,191775,1.9998_2.9997_-5.9994_17.9983_-29.9971,191544,1.9998_2.9997_-5.9994_18.9981_-28.9971
93,191544,1.9998_2.9997_-5.9994_18.9981_-28.9971,191392,0.9999_2.9997_-4.9995_18.9981_-28.9970
93,191392,0.9999_2.9997_-4.9995_18.9981_-28.9970,189893,0.0000_4.9994_-5.9992_17.9977_-26.9966
93,189893,0.0000_4.9994_-5.9992_17.9977_-26.9966,187168,-1.9997_2.9995_-6.9988_15.9972_-24.9956
93,187168,-1.9997_2.9995_-6.9988_15.9972_-24.9956,184980,-1.9996_3.9991_-7.9983_14.9968_-22.9950
93,184980,-1.9996_3.9991_-7.9983_14.9968_-22.9950,96773,4.9705_1.9883_-0.0000_-4.9705_0.9941
93,96773,4.9705_1.9883_-0.0000_-4.9705_0.9941,96773,4.9706_1.9883_0.0000_-4.9706_0.9941
93,96773,4.9706_1.9883_0.0000_-4.9706_0.9941,91455,3.9732_0.9933_-0.9933_-4.9664_1.9867
93,91455,3.9732_0.9933_-0.9933_-4.9664_1.9867,0,0.0000_0.0000_0.0000_0.0000_0.0000
93,0,0.0000_0.0000_0.0000_0.0000_0.0000,0,0.0000_0.0000_-0.0000_0.0000_-0.0000
93,0,0.0000_0.0000_-0.0000_0.0000_-0.0000,0,-0.0000_0.0000_0.0000_0.0000_-0.0000
93,0,-0.0000_0.0000_0.0000_0.0000_-0.0000,0,-0.0000_-0.0000_0.0000_0.0000_-0.0000
93,0,-0.0000_-0.0000_0.0000_0.0000_-0.0000,0,-0.0000_0.0000_-0.0000_0.0000_0.0000
94,197674,-24.9995_-2.0000_-28.9995_-30.9994_-6.9999,197372,-24.9994_-1.0000_-27.9994_-29.9993_-5.9999
94,197372,-24.9994_-1.0000_-27.9994_-29.9993_-5.9999,197224,-24.9994_-1.0000_-27.9993_-28.9993_-5.9999
94,197224,-24.9994_-1.0000_-27.9993_-28.9993_-5.9999,197206,-25.9994_0.0000_-27.9993_-27.9993_-5.9999
94,197206,-25.9994_0.0000_-27.9993_-27.9993_-5.9999,196710,-24.9993_1.0000_-26.9992_-26.9992_-4.9999
94,196710,-24.9993_1.0000_-26.9992_-26.9992_-4.9999,196535,-24.9992_1.0000_-25.9992_-26.9991_-4.9998
94,196535,-24.9992_1.0000_-25.9992_-26.9991_-4.9998,196329,-23.9992_1.0000_-25.9991_-26.9991_-3.9999
94,196329,-23.9992_1.0000_-25.9991_-26.9991_-3.9999,195971,-22.9991_0.0000_-25.9990_-25.9990_-4.9998
94,195971,-22.9991_0.0000_-25.9990_-25.9990_-4.9998,195845,-20.9992_-1.0000_-24.9990_-27.9989_-4.9998
94,195845,-20.9992_-1.0000_-24.9990_-27.9989_-4.9998,195075,-18.9991_1.9999_-24.9988_-25.9987_-6.9996
94,195075,-18.9991_1.9999_-24.9988_-25.9987_-6.9996,194805,-17.9991_0.9999_-23.9987_-26.9986_-5.9997
94,194805,-17.9991_0.9999_-23.9987_-26.9986_-5.9997,194736,-17.9990_1.9999_-24.9987_-25.9986_-4.9997
94,194736,-17.9990_1.9999_-24.9987_-25.9986_-4.9997,194355,-16.9990_3.9998_-24.9985_-24.9985_-5.9996
94,194355,-16.9990_3.9998_-24.9985_-24.9985_-5.9996,194094,-15.9990_2.9998_-24.9984_-24.9984_-5.9996
94,194094,-15.9990_2.9998_-24.9984_-24.9984_-5.9996,193804,-17.9988_3.9997_-22.9985_-23.9983_-7.9995
94,193804,-17.9988_3.9997_-22.9985_-23.9983_-7.9995,193804,-17.9988_3.9997_-22.9985_-23.9984_-7.9995
94,193804,-17.9988_3.9997_-22.9985_-23.9984_-7.9995,193540,-17.9987_4.9997_-23.9983_-21.9984_-7.9994
94,193540,-17.9987_4.9997_-23.9983_-21.9984_-7.9994,192438,-15.9986_5.9995_-21.9981_-22.9980_-5.9995
94,192438,-15.9986_5.9995_-21.9981_-22.9980_-5.9995,191586,-13.9986_7.9992_-22.9977_-20.9979_-4.9995
94,191586,-13.9986_7.9992_-22.9977_-20.9979_-4.9995,190014,-12.9984_7.9990_-20.9974_-19.9975_-6.9991
94,190014,-12.9984_7.9990_-20.9974_-19.9975_-6.9991,189447,-12.9983_7.9989_-19.9973_-19.9973_-6.9991
94,189447,-12.9983_7.9989_-19.9973_-19.9973_-6.9991,188243,-12.9980_7.9987_-18.9971_-18.9970_-6.9989
94,188243,-12.9980_7.9987_-18.9971_-18.9970_-6.9989,186903,-11.9978_5.9989_-17.9968_-18.9966_-7.9986
94,186903,-11.9978_5.9989_-17.9968_-18.9966_-7.9986,185976,-9.9980_6.9986_-17.9965_-16.9967_-10.9978
94,185976,-9.9980_6.9986_-17.9965_-16.9967_-10.9978,183702,-9.9976_4.9988_-17.9956_-15.9961_-8.9978
94,183702,-9.9976_4.9988_-17.9956_-15.9961_-8.9978,180002,-10.9964_5.9981_-15.9948_-12.9958_-8.9971
94,180002,-10.9964_5.9981_-15.9948_-12.9958_-8.9971,176614,-8.9963_4.9980_-13.9943_-14.9939_-6.9972
94,176614,-8.9963_4.9980_-13.9943_-14.9939_-6.9972,165553,-0.9993_11.9913_-7.9942_-12.9904_-2.9979
94,165553,-0.9993_11.9913_-7.9942_-12.9904_-2.9979,165158,-0.9993_11.9911_-7.9940_-12.9903_-1.9985
94,165158,-0.9993_11.9911_-7.9940_-12.9903_-1.9985,158663,-0.9990_10.9892_-7.9922_-10.9892_-1.9980
94,158663,-0.9990_10.9892_-7.9922_-10.9892_-1.9980,146552,0.9985_9.9848_-5.9909_-8.9863_-0.0000
94,146552,0.9985_9.9848_-5.9909_-8.9863_-0.0000,145227,2.9954_8.9856_-1.9969_-9.9843_3.9937
94,145227,2.9954_8.9856_-1.9969_-9.9843_3.9937,124817,0.9971_4.9855_1.9943_-8.9740_2.9914
94,124817,0.9971_4.9855_1.9943_-8.9740_2.9914,116227,0.9964_2.9892_0.0000_-8.9673_1.9928
94,116227,0.9964_2.9892_0.0000_-8.9673_1.9928,100922,4.9734_3.9788_-0.9947_-3.9788_-1.9894
94,100922,4.9734_3.9788_-0.9947_-3.9788_-1.9894,77179,2.9714_1.9810_-2.9715_-1.9810_-1.9810
94,77179,2.9714_1.9810_-2.9715_-1.9810_-1.9810,52877,0.9819_-0.9819_-2.9448_-0.0000_-0.9819
94,52877,0.9819_-0.9819_-2.9448_-0.0000_-0.9819,35740,0.9685_0.0000_0.0000_0.0000_-1.9356
94,35740,0.9685_0.0000_0.0000_0.0000_-1.9356,0,-0.0000_-0.0000_0.0000_0.0000_-0.0000
94,0,-0.0000_-0.0000_0.0000_0.0000_-0.0000,0,0.0000_-0.0000_0.0000_0.0000_-0.0000
94,0,0.0000_-0.0000_0.0000_0.0000_-0.0000,0,0.0000_-0.0000_0.0000_0.0000_-0.0000
94,0,0.0000_-0.0000_0.0000_0.0000_-0.0000,0,-0.0000_0.0000_0.0000_-0.0000_0.0000
94,0,-0.0000_0.0000_0.0000_-0.0000_0.0000,0,0.0000_-0.0000_0.0000_0.0000_-0.0000
94,0,0.0000_-0.0000_0.0000_0.0000_-0.0000,0,-0.0000_0.0000_0.0000_-0.0000_-0.0000
94,0,-0.0000_0.0000_0.0000_-0.0000_-0.0000,0,-0.0000_0.0000_-0.0000_0.0000_-0.0000
95,197591,15.9997_-25.9995_-13.9997_27.9994_-22.9995,197535,14.9997_-24.9995_-14.9997_29.9994_-20.9996
95,197535,14.9997_-24.9995_-14.9997_29.9994_-20.9996,197280,13.9997_-23.9994_-13.9997_29.9993_-20.9995
95,197280,13.9997_-23.9994_-13.9997_29.9993_-20.9995,197139,13.9996_-22.9994_-12.9997_30.9992_-19.9995
95,197139,13.9996_-22.9994_-12.9997_30.9992_-19.9995,196981,13.9996_-21.9994_-13.9997_30.9991_-18.9995
95,196981,13.9996_-21.9994_-13.9997_30.9991_-18.9995,196701,13.9996_-21.9993_-11.9996_28.9991_-20.9994
95,196701,13.9996_-21.9993_-11.9996_28.9991_-20.9994,196609,14.9995_-21.9993_-11.9996_27.9991_-20.9993
95,196609,14.9995_-21.9993_-11.9996_27.9991_-20.9993,195483,15.9993_-19.9991_-7.9996_25.9988_-19.9991
95,195483,15.9993_-19.9991_-7.9996_25.9988_-19.9991,195454,16.9992_-18.9992_-7.9996_25.9988_-19.9991
95,195454,16.9992_-18.9992_-7.9996_25.9988_-19.9991,194884,16.9991_-17.9991_-8.9995_24.9987_-18.9990
95,194884,16.9991_-17.9991_-8.9995_24.9987_-18.9990,194601,16.9991_-17.9990_-8.9995_23.9987_-18.9989
95,194601,16.9991_-17.9990_-8.9995_23.9987_-18.9989,194265,16.9990_-17.9989_-7.9995_23.9985_-17.9989
95,194265,16.9990_-17.9989_-7.9995_23.9985_-17.9989,194033,16.9989_-17.9989_-7.9995_23.9985_-16.9989
95,194033,16.9989_-17.9989_-7.9995_23.9985_-16.9989,193622,16.9988_-16.9988_-10.9992_22.9984_-15.9989
95,193622,16.9988_-16.9988_-10.9992_22.9984_-15.9989,193092,16.9987_-14.9989_-8.9993_24.9981_-13.9989
95,193092,16.9987_-14.9989_-8.9993_24.9981_-13.9989,189035,12.9982_1.9997_6.9990_23.9966_-15.9977
95,189035,12.9982_1.9997_6.9990_23.9966_-15.9977,184769,13.9969_-1.9996_8.9980_7.9982_-21.9951
95,184769,13.9969_-1.9996_8.9980_7.9982_-21.9951,183806,13.9966_-1.9995_9.9976_6.9983_-20.9950
95,183806,13.9966_-1.9995_9.9976_6.9983_-20.9950,183466,13.9965_-1.9995_9.9975_5.9985_-20.9948
95,183466,13.9965_-1.9995_9.9975_5.9985_-20.9948,181911,13.9961_-2.9992_8.9975_5.9983_-19.9944
95,181911,13.9961_-2.9992_8.9975_5.9983_-19.9944,181325,9.9971_-2.9991_7.9976_0.9997_-22.9932
95,181325,9.9971_-2.9991_7.9976_0.9997_-22.9932,178423,10.9960_-2.9988_6.9974_-0.0000_-20.9924
95,178423,10.9960_-2.9988_6.9974_-0.0000_-20.9924,165631,16.9876_4.9963_6.9949_-0.0000_-4.9963
95,165631,16.9876_4.9963_6.9949_-0.0000_-4.9963,162717,17.9851_1.9983_4.9959_-0.0000_-0.0000
95,162717,17.9851_1.9983_4.9959_-0.0000_-0.0000,119898,-3.9869_-5.9803_0.0000_-6.9770_1.9934
95,119898,-3.9869_-5.9803_0.0000_-6.9770_1.9934,85348,2.9767_4.9609_-1.9845_0.0000_-0.9922
95,85348,2.9767_4.9609_-1.9845_0.0000_-0.9922,56496,1.9672_0.9837_-0.9837_1.9672_-1.9672
95,56496,1.9672_0.9837_-0.9837_1.9672_-1.9672,50920,0.9809_1.9614_-1.9615_0.9809_-0.9809
95,50920,0.9809_1.9614_-1.9615_0.9809_-0.9809,44246,1.9524_0.9765_-0.9765_0.9765_-0.9765
95,44246,1.9524_0.9765_-0.9765_0.9765_-0.9765,44244,1.9524_1.9524_0.0000_0.0000_0.0000
95,44244,1.9524_1.9524_0.0000_0.0000_0.0000,23168,-0.0000_0.9454_-0.0000_-0.9454_-0.0000
95,23168,-0.0000_0.9454_-0.0000_-0.9454_-0.0000,0,0.0000_-0.0000_0.0000_0.0000_-0.0000
95,0,0.0000_-0.0000_0.0000_0.0000_-0.0000,0,-0.0000_-0.0000_-0.0000_-0.0000_0.0000
95,0,-0.0000_-0.0000_-0.0000_-0.0000_0.0000,0,-0.0000_0.0000_0.0000_-0.0000_-0.0000
95,0,-0.0000_0.0000_0.0000_-0.0000_-0.0000,0,0.0000_-0.0000_0.0000_-0.0000_-0.0000
95,0,0.0000_-0.0000_0.0000_-0.0000_-0.0000,0,0.0000_-0.0000_0.0000_0.0000_0.0000
95,0,0.0000_-0.0000_0.0000_0.0000_0.0000,0,-0.0000_0.0000_0.0000_-0.0000_0.0000
95,0,-0.0000_0.0000_0.0000_-0.0000_0.0000,0,0.0000_-0.0000_0.0000_-0.0000_-0.0000
95,0,0.0000_-0.0000_0.0000_-0.0000_-0.0000,0,-0.0000_-0.0000_0.0000_0.0000_-0.0000
95,0,-0.0000_-0.0000_0.0000_0.0000_-0.0000,0,0.0000_-0.0000_-0.0000_-0.0000_0.0000
95,0,0.0000_-0.0000_-0.0000_-0.0000_0.0000,0,-0.0000_0.0000_0.0000_-0.0000_-0.0000
96,198588,-16.9998_-7.9999_26.9997_-31.9997_30.9997,198578,-17.9998_-8.9999_26.9997_-31.9997_29.9997
96,198578,-17.9998_-8.9999_26.9997_-31.9997_29.9997,198462,-18.9998_-7.9999_26.9997_-31.9996_27.9997
96,198462,-18.9998_-7.9999_26.9997_-31.9996_27.9997,197961,-15.9997_-10.9998_25.9996_-29.9995_25.9996
96,197961,-15.9997_-10.9998_25.9996_-29.9995_25.9996,197878,-14.9997_-12.9998_25.9995_-26.9995_27.9995
96,197878,-14.9997_-12.9998_25.9995_-26.9995_27.9995,197864,-17.9997_-9.9998_23.9996_-29.9995_25.9996
96,197864,-17.9997_-9.9998_23.9996_-29.9995_25.9996,197791,-17.9997_-10.9998_23.9996_-28.9995_25.9995
96,197791,-17.9997_-10.9998_23.9996_-28.9995_25.9995,197567,-17.9996_-10.9998_23.9995_-27.9994_24.9995
96,197567,-17.9996_-10.9998_23.9995_-27.9994_24.9995,197263,-15.9996_-12.9997_24.9994_-25.9994_23.9994
96,197263,-15.9996_-12.9997_24.9994_-25.9994_23.9994,197060,-15.9996_-11.9997_24.9993_-24.9993_23.9994
96,197060,-15.9996_-11.9997_24.9993_-24.9993_23.9994,197035,-13.9996_-11.9997_25.9993_-24.9993_23.9994
96,197035,-13.9996_-11.9997_25.9993_-24.9993_23.9994,196911,-13.9996_-11.9996_26.9993_-23.9994_22.9994
96,196911,-13.9996_-11.9996_26.9993_-23.9994_22.9994,196675,-13.9996_-10.9997_25.9992_-22.9993_23.9993
96,196675,-13.9996_-10.9997_25.9992_-22.9993_23.9993,196359,-13.9995_-10.9996_25.9991_-21.9993_22.9992
96,196359,-13.9995_-10.9996_25.9991_-21.9993_22.9992,196020,-13.9995_-10.9996_25.9990_-20.9992_21.9992
96,196020,-13.9995_-10.9996_25.9990_-20.9992_21.9992,195497,-12.9994_-10.9995_24.9989_-19.9991_21.9990
96,195497,-12.9994_-10.9995_24.9989_-19.9991_21.9990,194742,-8.9995_-2.9998_17.9990_-19.9989_28.9984
96,194742,-8.9995_-2.9998_17.9990_-19.9989_28.9984,193732,-8.9994_-1.9999_17.9988_-18.9987_26.9982
96,193732,-8.9994_-1.9999_17.9988_-18.9987_26.9982,193607,-8.9994_-1.9999_16.9988_-17.9988_27.9981
96,193607,-8.9994_-1.9999_16.9988_-17.9988_27.9981,193340,-8.9993_-1.9999_16.9987_-16.9988_27.9979
96,193340,-8.9993_-1.9999_16.9987_-16.9988_27.9979,193205,-9.9992_-0.9999_15.9988_-16.9987_27.9979
96,193205,-9.9992_-0.9999_15.9988_-16.9987_27.9979,191947,-9.9991_0.0000_14.9986_-16.9984_25.9976
96,191947,-9.9991_0.0000_14.9986_-16.9984_25.9976,191425,-9.9990_-0.9999_14.9985_-16.9983_24.9975
96,191425,-9.9990_-0.9999_14.9985_-16.9983_24.9975,191425,-9.9990_-0.9999_14.9985_-16.9983_24.9975
96,191425,-9.9990_-0.9999_14.9985_-16.9983_24.9975,186470,-6.9987_-2.9994_12.9976_-13.9974_21.9959
96,186470,-6.9987_-2.9994_12.9976_-13.9974_21.9959,185567,-5.9988_-1.9996_11.9975_-13.9971_21.9955
96,185567,-5.9988_-1.9996_11.9975_-13.9971_21.9955,142946,3.9932_6.9881_3.9932_3.9932_9.9830
96,142946,3.9932_6.9881_3.9932_3.9932_9.9830,136749,4.9897_5.9877_4.9897_3.9918_7.9835
96,136749,4.9897_5.9877_4.9897_3.9918_7.9835,136749,5.9877_4.9897_4.9897_3.9918_7.9835
96,136749,5.9877_4.9897_4.9897_3.9918_7.9835,124197,3.9883_3.9883_4.9854_4.9854_5.9824
96,124197,3.9883_3.9883_4.9854_4.9854_5.9824,54734,-1.9655_1.9655_1.9655_-0.0000_0.9829
96,54734,-1.9655_1.9655_1.9655_-0.0000_0.9829,28143,-0.9571_-0.9571_0.0000_0.9571_0.0000
96,28143,-0.9571_-0.9571_0.0000_0.9571_0.0000,0,0.0000_0.0000_-0.0000_0.0000_0.0000
96,0,0.0000_0.0000_-0.0000_0.0000_0.0000,0,0.0000_0.0000_0.0000_-0.0000_-0.0000
96,0,0.0000_0.0000_0.0000_-0.0000_-0.0000,0,-0.0000_-0.0000_-0.0000_0.0000_0.0000
96,0,-0.0000_-0.0000_-0.0000_0.0000_0.0000,0,0.0000_0.0000_0.0000_-0.0000_-0.0000
96,0,0.0000_0.0000_0.0000_-0.0000_-0.0000,0,-0.0000_0.0000_-0.0000_-0.0000_0.0000
96,0,-0.0000_0.0000_-0.0000_-0.0000_0.0000,0,-0.0000_-0.0000_-0.0000_-0.0000_-0.0000
96,0,-0.0000_-0.0000_-0.0000_-0.0000_-0.0000,0,0.0000_-0.0000_0.0000_-0.0000_0.0000
96,0,0.0000_-0.0000_0.0000_-0.0000_0.0000,0,-0.0000_0.0000_-0.0000_-0.0000_-0.0000
97,175439,1.9991_8.9961_-13.9939_9.9956_-12.9943,175345,2.9987_7.9965_-12.9943_8.9960_-14.9934
97,175345,2.9987_7.9965_-12.9943_8.9960_-14.9934,173188,1.9990_5.9970_-12.9935_9.9950_-13.9930
97,173188,1.9990_5.9970_-12.9935_9.9950_-13.9930,171038,0.9994_4.9972_-10.9938_7.9955_-15.9910
97,171038,0.9994_4.9972_-10.9938_7.9955_-15.9910,170242,0.9994_3.9977_-9.9942_8.9948_-15.9907
97,170242,0.9994_3.9977_-9.9942_8.9948_-15.9907,168135,0.9994_3.9974_-9.9935_6.9955_-15.9896
97,168135,0.9994_3.9974_-9.9935_6.9955_-15.9896,158026,1.9980_1.9980_-7.9920_7.9920_-12.9870
97,158026,1.9980_1.9980_-7.9920_7.9920_-12.9870,147666,0.0000_2.9956_-5.9912_5.9912_-11.9825
97,147666,0.0000_2.9956_-5.9912_5.9912_-11.9825,132045,4.9882_-1.9953_-1.9953_7.9811_-6.9835
97,132045,4.9882_-1.9953_-1.9953_7.9811_-6.9835,131023,3.9903_-1.9952_-2.9927_6.9830_-7.9806
97,131023,3.9903_-1.9952_-2.9927_6.9830_-7.9806,127197,-0.9973_0.9973_0.9973_1.9946_-10.9702
97,127197,-0.9973_0.9973_0.9973_1.9946_-10.9702,123883,1.9941_-2.9912_-1.9941_0.0000_-9.9703
97,123883,1.9941_-2.9912_-1.9941_0.0000_-9.9703,116227,0.9964_-4.9819_-0.9964_1.9928_-7.9710
97,116227,0.9964_-4.9819_-0.9964_1.9928_-7.9710,107662,0.9955_-4.9775_-1.9910_2.9866_-5.9730
97,107662,0.9955_-4.9775_-1.9910_2.9866_-5.9730,96144,-0.0000_-3.9761_-0.9941_0.9940_-5.9640
97,96144,-0.0000_-3.9761_-0.9941_0.9940_-5.9640,93530,-0.0000_-2.9809_-0.9937_1.9873_-5.9616
97,93530,-0.0000_-2.9809_-0.9937_1.9873_-5.9616,48841,1.9589_-0.9796_1.9589_0.0000_-0.9796
97,48841,1.9589_-0.9796_1.9589_0.0000_-0.9796,0,0.0000_0.0000_-0.0000_-0.0000_0.0000
97,0,0.0000_0.0000_-0.0000_-0.0000_0.0000,0,-0.0000_-0.0000_-0.0000_-0.0000_0.0000
97,0,-0.0000_-0.0000_-0.0000_-0.0000_0.0000,0,-0.0000_-0.0000_-0.0000_0.0000_-0.0000
97,0,-0.0000_-0.0000_-0.0000_0.0000_-0.0000,0,-0.0000_0.0000_0.0000_-0.0000_0.0000
97,0,-0.0000_0.0000_0.0000_-0.0000_0.0000,0,0.0000_-0.0000_-0.0000_-0.0000_0.0000
97,0,0.0000_-0.0000_-0.0000_-0.0000_0.0000,0,-0.0000_0.0000_-0.0000_0.0000_0.0000
97,0,-0.0000_0.0000_-0.0000_0.0000_0.0000,0,0.0000_-0.0000_0.0000_0.0000_-0.0000
98,197838,19.9996_-29.9995_28.9995_-13.9998_14.9997,197819,18.9996_-29.9995_28.9995_-14.9997_14.9998
98,197819,18.9996_-29.9995_28.9995_-14.9997_14.9998,197764,18.9997_-28.9995_28.9995_-14.9997_15.9997
98,197764,18.9997_-28.9995_28.9995_-14.9997_15.9997,197709,18.9996_-27.9995_29.9994_-13.9997_15.9997
98,197709,18.9996_-27.9995_29.9994_-13.9997_15.9997,197610,18.9996_-25.9995_30.9994_-13.9997_15.9997
98,197610,18.9996_-25.9995_30.9994_-13.9997_15.9997,197411,19.9996_-23.9995_30.9993_-12.9997_15.9996
98,197411,19.9996_-23.9995_30.9993_-12.9997_15.9996,197275,18.9995_-24.9994_29.9993_-13.9997_14.9996
98,197275,18.9995_-24.9994_29.9993_-13.9997_14.9996,197118,17.9995_-24.9994_27.9993_-14.9996_16.9996
98,197118,17.9995_-24.9994_27.9993_-14.9996_16.9996,197088,16.9996_-24.9994_28.9993_-14.9996_15.9996
98,197088,16.9996_-24.9994_28.9993_-14.9996_15.9996,196957,16.9995_-23.9993_29.9992_-12.9997_15.9996
98,196957,16.9995_-23.9993_29.9992_-12.9997_15.9996,196701,15.9995_-23.9993_28.9991_-11.9996_16.9995
98,196701,15.9995_-23.9993_28.9991_-11.9996_16.9995,196545,15.9995_-22.9993_28.9991_-11.9996_16.9995
98,196545,15.9995_-22.9993_28.9991_-11.9996_16.9995,195823,14.9994_-20.9991_27.9989_-13.9994_14.9994
98,195823,14.9994_-20.9991_27.9989_-13.9994_14.9994,195591,15.9993_-20.9990_27.9988_-12.9994_12.9995
98,195591,15.9993_-20.9990_27.9988_-12.9994_12.9995,195473,15.9993_-20.9991_27.9988_-11.9995_12.9994
98,195473,15.9993_-20.9991_27.9988_-11.9995_12.9994,195435,16.9992_-19.9991_27.9987_-11.9995_12.9994
98,195435,16.9992_-19.9991_27.9987_-11.9995_12.9994,195195,16.9992_-19.9990_27.9987_-10.9995_11.9994
98,195195,16.9992_-19.9990_27.9987_-10.9995_11.9994,195128,15.9992_-20.9990_27.9986_-9.9995_11.9994
98,195128,15.9992_-20.9990_27.9986_-9.9995_11.9994,195010,14.9992_-21.9989_26.9986_-10.9994_11.9993
98,195010,14.9992_-21.9989_26.9986_-10.9994_11.9993,194890,15.9992_-21.9988_25.9986_-11.9994_10.9995
98,194890,15.9992_-21.9988_25.9986_-11.9994_10.9995,194794,14.9992_-20.9989_26.9985_-12.9993_9.9995
98,194794,14.9992_-20.9989_26.9985_-12.9993_9.9995,194480,14.9991_-20.9988_25.9985_-12.9993_9.9994
98,194480,14.9991_-20.9988_25.9985_-12.9993_9.9994,193818,13.9991_-19.9987_24.9983_-12.9991_10.9993
98,193818,13.9991_-19.9987_24.9983_-12.9991_10.9993,193133,13.9989_-19.9985_22.9983_-13.9989_9.9992
98,193133,13.9989_-19.9985_22.9983_-13.9989_9.9992,192584,13.9988_-19.9983_21.9982_-13.9988_8.9992
98,192584,13.9988_-19.9983_21.9982_-13.9988_8.9992,190628,11.9987_-18.9978_20.9976_-11.9986_8.9989
98,190628,11.9987_-18.9978_20.9976_-11.9986_8.9989,175439,5.9974_-9.9957_13.9939_-12.9943_6.9970
98,175439,5.9974_-9.9957_13.9939_-12.9943_6.9970,174225,5.9972_-9.9954_13.9934_-11.9943_6.9968
98,174225,5.9972_-9.9954_13.9934_-11.9943_6.9968,174225,5.9971_-9.9953_13.9934_-11.9944_6.9967
98,174225,5.9971_-9.9953_13.9934_-11.9944_6.9967,174225,5.9972_-9.9953_13.9934_-11.9944_6.9967
98,174225,5.9972_-9.9953_13.9934_-11.9944_6.9967,167429,10.9926_0.0000_10.9926_-6.9953_10.9926
98,167429,10.9926_0.0000_10.9926_-6.9953_10.9926,110431,5.9748_-3.9833_-3.9832_1.9916_-2.9875
98,110431,5.9748_-3.9833_-3.9832_1.9916_-2.9875,96773,3.9765_-0.9941_-4.9706_2.9824_-1.9883
98,96773,3.9765_-0.9941_-4.9706_2.9824_-1.9883,50920,-0.9809_0.9809_-1.9614_1.9614_-0.9809
98,50920,-0.9809_0.9809_-1.9614_1.9614_-0.9809,50917,-0.0000_0.9808_-2.9414_0.9808_0.0000
98,50917,-0.0000_0.9808_-2.9414_0.9808_0.0000,28143,-0.9571_0.0000_-0.0000_0.9571_0.9571
98,28143,-0.9571_0.0000_-0.0000_0.9571_0.9571,0,0.0000_0.0000_-0.0000_0.0000_0.0000
98,0,0.0000_0.0000_-0.0000_0.0000_0.0000,0,0.0000_0.0000_0.0000_-0.0000_-0.0000
98,0,0.0000_0.0000_0.0000_-0.0000_-0.0000,0,-0.0000_0.0000_-0.0000_0.0000_-0.0000
98,0,-0.0000_0.0000_-0.0000_0.0000_-0.0000,0,-0.0000_0.0000_-0.0000_0.0000_-0.0000
98,0,-0.0000_0.0000_-0.0000_0.0000_-0.0000,0,0.0000_0.0000_0.0000_0.0000_-0.0000
99,189170,15.9978_-6.9990_-20.9971_-13.9981_-10.9985,189065,16.9976_-6.9990_-20.9971_-13.9980_-8.9987
99,189065,16.9976_-6.9990_-20.9971_-13.9980_-8.9987,187055,16.9970_-7.9986_-17.9968_-13.9975_-7.9986
99,187055,16.9970_-7.9986_-17.9968_-13.9975_-7.9986,186369,16.9968_-7.9985_-16.9968_-13.9974_-7.9985
99,186369,16.9968_-7.9985_-16.9968_-13.9974_-7.9985,184481,17.9959_-7.9982_-13.9968_-12.9971_-7.9982
99,184481,17.9959_-7.9982_-13.9968_-12.9971_-7.9982,175579,10.9952_0.0000_-11.9948_-11.9948_-11.9948
99,175579,10.9952_0.0000_-11.9948_-11.9948_-11.9948,175579,10.9952_0.0000_-11.9948_-11.9948_-11.9948
99,175579,10.9952_0.0000_-11.9948_-11.9948_-11.9948,175579,10.9952_-0.0000_-11.9948_-11.9948_-11.9948
99,175579,10.9952_-0.0000_-11.9948_-11.9948_-11.9948,175156,9.9956_-1.9991_-11.9947_-9.9956_-13.9938
99,175156,9.9956_-1.9991_-11.9947_-9.9956_-13.9938,173920,10.9947_-1.9991_-11.9942_-8.9957_-12.9938
99,173920,10.9947_-1.9991_-11.9942_-8.9957_-12.9938,173920,10.9947_-1.9990_-12.9938_-8.9957_-11.9943
99,173920,10.9947_-1.9990_-12.9938_-8.9957_-11.9943,173714,10.9946_-1.9990_-12.9937_-9.9952_-10.9946
99,173714,10.9946_-1.9990_-12.9937_-9.9952_-10.9946,171974,12.9931_0.0000_-12.9931_-7.9957_-8.9952
99,171974,12.9931_0.0000_-12.9931_-7.9957_-8.9952,166920,11.9918_-1.9986_-11.9918_-6.9952_-7.9945
99,166920,11.9918_-1.9986_-11.9918_-6.9952_-7.9945,166323,12.9908_-2.9979_-10.9922_-6.9951_-6.9951
99,166323,12.9908_-2.9979_-10.9922_-6.9951_-6.9951,154335,1.9977_0.0000_-2.9965_-15.9815_1.9977
99,154335,1.9977_0.0000_-2.9965_-15.9815_1.9977,149920,1.9973_0.9986_-2.9959_-14.9797_-0.9986
99,149920,1.9973_0.9986_-2.9959_-14.9797_-0.9986,149775,2.9959_-0.9986_-1.9973_-14.9796_-0.0000
99,149775,2.9959_-0.9986_-1.9973_-14.9796_-0.0000,149630,2.9959_0.0000_-1.9973_-14.9795_-0.0000
99,149630,2.9959_0.0000_-1.9973_-14.9795_-0.0000,140488,0.9982_-0.9982_1.9963_-12.9761_2.9945
99,140488,0.9982_-0.9982_1.9963_-12.9761_2.9945,131281,1.9952_-0.0000_2.9928_-10.9734_2.9928
99,131281,1.9952_-0.0000_2.9928_-10.9734_2.9928,78171,-1.9815_-0.0000_0.9908_-4.9531_-0.9908
99,78171,-1.9815_-0.0000_0.9908_-4.9531_-0.9908,54734,-1.9655_0.0000_1.9655_-0.9829_-1.9655
99,54734,-1.9655_0.0000_1.9655_-0.9829_-1.9655,38858,-0.0000_0.0000_1.9427_-0.9718_-0.9718
99,38858,-0.0000_0.0000_1.9427_-0.9718_-0.9718,28143,-0.0000_-0.9571_0.0000_-0.9571_-0.9571
99,28143,-0.0000_-0.9571_0.0000_-0.9571_-0.9571,28143,-0.9571_0.0000_-0.9571_-0.0000_-0.9571
99,28143,-0.9571_0.0000_-0.9571_-0.0000_-0.9571,0,0.0000_0.0000_-0.0000_-0.0000_0.0000
99,0,0.0000_0.0000_-0.0000_-0.0000_0.0000,0,-0.0000_-0.0000_0.0000_-0.0000_-0.0000
99,0,-0.0000_-0.0000_0.0000_-0.0000_-0.0000,0,-0.0000_-0.0000_0.0000_0.0000_-0.0000
99,0,-0.0000_-0.0000_0.0000_0.0000_-0.0000,0,0.0000_-0.0000_-0.0000_-0.0000_-0.0000
99,0,0.0000_-0.0000_-0.0000_-0.0000_-0.0000,0,0.0000_0.0000_0.0000_-0.0000_0.0000
99,0,0.0000_0.0000_0.0000_-0.0000_0.0000,0,-0.0000_-0.0000_0.0000_-0.0000_-0.0000
99,0,-0.0000_-0.0000_0.0000_-0.0000_-0.0000,0,-0.0000_-0.0000_0.0000_-0.0000_-0.0000
100,197389,-27.9994_22.9995_-0.0000_3.9999_31.9993,197214,-28.9993_22.9994_2.9999_2.0000_29.9993
100,197214,-28.9993_22.9994_2.9999_2.0000_29.9993,197021,-26.9993_24.9993_1.0000_3.9999_28.9992
100,197021,-26.9993_24.9993_1.0000_3.9999_28.9992,196981,-26.9993_25.9993_0.0000_2.9999_27.9992
100,196981,-26.9993_25.9993_0.0000_2.9999_27.9992,195806,-19.9992_30.9987_-1.0000_-11.9995_18.9992
100,195806,-19.9992_30.9987_-1.0000_-11.9995_18.9992,194873,-17.9991_29.9984_-2.9998_-10.9994_17.9991
100,194873,-17.9991_29.9984_-2.9998_-10.9994_17.9991,194873,-17.9991_29.9984_-2.9998_-10.9994_17.9991
100,194873,-17.9991_29.9984_-2.9998_-10.9994_17.9991,194455,-17.9990_28.9983_-2.9998_-11.9993_16.9990
100,194455,-17.9990_28.9983_-2.9998_-11.9993_16.9990,193644,-16.9988_27.9981_-1.9999_-10.9992_16.9988
100,193644,-16.9988_27.9981_-1.9999_-10.9992_16.9988,192530,-13.9988_28.9975_-4.9996_-7.9993_14.9987
100,192530,-13.9988_28.9975_-4.9996_-7.9993_14.9987,192392,-13.9988_28.9975_-4.9996_-6.9994_14.9987
100,192392,-13.9988_28.9975_-4.9996_-6.9994_14.9987,192308,-13.9988_28.9974_-3.9996_-6.9994_14.9987
100,192308,-13.9988_28.9974_-3.9996_-6.9994_14.9987,192251,-11.9989_29.9973_-3.9996_-5.9995_14.9987
100,192251,-11.9989_29.9973_-3.9996_-5.9995_14.9987,191897,-11.9989_29.9972_-2.9997_-5.9994_13.9987
100,191897,-11.9989_29.9972_-2.9997_-5.9994_13.9987,191723,-11.9988_28.9972_-2.9997_-6.9993_14.9985
100,191723,-11.9988_28.9972_-2.9997_-6.9993_14.9985,191215,-10.9988_28.9970_-2.9996_-4.9995_14.9984
100,191215,-10.9988_28.9970_-2.9996_-4.9995_14.9984,190054,-10.9986_27.9965_-2.9996_-3.9995_13.9983
100,190054,-10.9986_27.9965_-2.9996_-3.9995_13.9983,189987,-9.9987_27.9965_-3.9995_-4.9994_13.9983
100,189987,-9.9987_27.9965_-3.9995_-4.9994_13.9983,189603,-9.9987_27.9963_-1.9997_-5.9992_12.9983
100,189603,-9.9987_27.9963_-1.9997_-5.9992_12.9983,187956,-7.9987_26.9957_-0.9998_-6.9989_11.9981
100,187956,-7.9987_26.9957_-0.9998_-6.9989_11.9981,171512,0.9995_16.9907_-9.9945_1.9989_8.9951
100,171512,0.9995_16.9907_-9.9945_1.9989_8.9951,167643,0.9993_15.9894_-9.9934_2.9980_6.9954
100,167643,0.9993_15.9894_-9.9934_2.9980_6.9954,164012,1.9984_14.9883_-8.9930_2.9977_6.9945
100,164012,1.9984_14.9883_-8.9930_2.9977_6.9945,156245,-0.0000_12.9860_-9.9892_1.9979_3.9957
100,156245,-0.0000_12.9860_-9.9892_1.9979_3.9957,153069,1.9976_12.9843_-7.9903_0.9988_4.9940
100,153069,1.9976_12.9843_-7.9903_0.9988_4.9940,153069,1.9976_12.9843_-7.9903_0.9988_4.9940
100,153069,1.9976_12.9843_-7.9903_0.9988_4.9940,94199,5.9622_1.9876_-2.9813_-0.9938_0.9938
100,94199,5.9622_1.9876_-2.9813_-0.9938_0.9938,66919,3.9500_-0.9877_-0.0000_-1.9753_-0.0000
100,66919,3.9500_-0.9877_-0.0000_-1.9753_-0.0000,58176,1.9687_-2.9527_0.9845_0.0000_-0.9844
100,58176,1.9687_-2.9527_0.9845_0.0000_-0.9844,41671,0.9744_-0.0000_-0.9744_0.9744_-1.9481
100,41671,0.9744_-0.0000_-0.9744_0.9744_-1.9481,28143,0.9571_-0.0000_0.9571_-0.9571_-0.0000
100,28143,0.9571_-0.0000_0.9571_-0.9571_-0.0000,23168,0.9454_0.0000_0.9454_-0.0000_-0.0000
100,23168,0.9454_0.0000_0.9454_-0.0000_-0.0000,16462,-0.0000_0.0000_0.0000_0.0000_0.9175
100,16462,-0.0000_0.0000_0.0000_0.0000_0.9175,16462,0.0000_-0.0000_0.0000_0.0000_0.9175
100,16462,0.0000_-0.0000_0.0000_0.0000_0.9175,0,0.0000_-0.0000_-0.0000_0.0000_0.0000
100,0,0.0000_-0.0000_-0.0000_0.0000_0.0000,0,0.0000_-0.0000_-0.0000_-0.0000_0.0000
100,0,0.0000_-0.0000_-0.0000_-0.0000_0.0000,0,0.0000_0.0000_-0.0000_-0.0000_-0.0000
100,0,0.0000_0.0000_-0.0000_-0.0000_-0.0000,0,0.0000_0.0000_-0.0000_-0.0000_0.0000
