run,fit1,node1,fit2,node2
1,397014,-1.4889_4.4976_2.5021_1.5044_-3.4844,392020,-1.4889_3.4999_2.5021_1.5044_-3.4844
1,392020,-1.4889_3.4999_2.5021_1.5044_-3.4844,338806,-1.4889_2.5021_1.5044_2.5021_-2.4866
1,338806,-1.4889_2.5021_1.5044_2.5021_-2.4866,198991,1.5050_2.5000_-0.4849_1.5050_-0.4849
1,198991,1.5050_2.5000_-0.4849_1.5050_-0.4849,139294,2.5000_3.4950_0.5101_2.5000_-0.4849
1,139294,2.5000_3.4950_0.5101_2.5000_-0.4849,72820,2.5021_4.4976_4.4976_2.5021_4.4976
1,72820,2.5021_4.4976_4.4976_2.5021_4.4976,29849,3.4950_2.5000_2.5000_3.4950_3.4950
1,29849,3.4950_2.5000_2.5000_3.4950_3.4950,9950,3.4950_2.5000_2.5000_2.5000_2.5000
1,9950,3.4950_2.5000_2.5000_2.5000_2.5000,0,2.5000_2.5000_2.5000_2.5000_2.5000
1,0,2.5000_2.5000_2.5000_2.5000_2.5000,0,2.5000_2.5000_2.5000_2.5000_2.5000
1,0,2.5000_2.5000_2.5000_2.5000_2.5000,0,2.5000_2.5000_2.5000_2.5000_2.5000
1,0,2.5000_2.5000_2.5000_2.5000_2.5000,0,2.5000_2.5000_2.5000_2.5000_2.5000
1,0,2.5000_2.5000_2.5000_2.5000_2.5000,0,2.5000_2.5000_2.5000_2.5000_2.5000
2,614261,-4.4821_1.5044_1.5044_-3.4844_0.5066,579904,-4.4821_1.5044_2.5021_-3.4844_1.5044
2,579904,-4.4821_1.5044_2.5021_-3.4844_1.5044,461852,-2.4866_0.5066_3.4998_-3.4844_2.5021
2,461852,-2.4866_0.5066_3.4998_-3.4844_2.5021,434127,-0.4912_-0.4912_1.5044_-3.4844_1.5044
2,434127,-0.4912_-0.4912_1.5044_-3.4844_1.5044,434127,-0.4912_-0.4912_1.5044_-3.4844_1.5044
2,434127,-0.4912_-0.4912_1.5044_-3.4844_1.5044,434127,-0.4912_-0.4912_1.5044_-3.4844_1.5044
2,434127,-0.4912_-0.4912_1.5044_-3.4844_1.5044,189042,2.5000_2.5000_1.5050_-0.4849_-0.4849
2,189042,2.5000_2.5000_1.5050_-0.4849_-0.4849,139294,1.5050_1.5050_0.5101_0.5101_0.5101
2,139294,1.5050_1.5050_0.5101_0.5101_0.5101,119395,2.5000_2.5000_0.5101_0.5101_0.5101
2,119395,2.5000_2.5000_0.5101_0.5101_0.5101,89546,2.5000_2.5000_0.5101_1.5050_0.5101
2,89546,2.5000_2.5000_0.5101_1.5050_0.5101,59697,2.5000_2.5000_0.5101_1.5050_1.5050
2,59697,2.5000_2.5000_0.5101_1.5050_1.5050,59697,2.5000_1.5050_0.5101_2.5000_1.5050
2,59697,2.5000_1.5050_0.5101_2.5000_1.5050,39798,2.5000_2.5000_0.5101_2.5000_2.5000
2,39798,2.5000_2.5000_0.5101_2.5000_2.5000,29849,1.5050_2.5000_1.5050_1.5050_2.5000
2,29849,1.5050_2.5000_1.5050_1.5050_2.5000,9950,2.5000_2.5000_1.5050_2.5000_2.5000
2,9950,2.5000_2.5000_1.5050_2.5000_2.5000,9950,2.5000_3.4950_2.5000_2.5000_2.5000
2,9950,2.5000_3.4950_2.5000_2.5000_2.5000,9950,2.5000_3.4950_2.5000_2.5000_2.5000
2,9950,2.5000_3.4950_2.5000_2.5000_2.5000,9950,2.5000_2.5000_2.5000_1.5050_2.5000
2,9950,2.5000_2.5000_2.5000_1.5050_2.5000,0,2.5000_2.5000_2.5000_2.5000_2.5000
2,0,2.5000_2.5000_2.5000_2.5000_2.5000,0,2.5000_2.5000_2.5000_2.5000_2.5000
2,0,2.5000_2.5000_2.5000_2.5000_2.5000,0,2.5000_2.5000_2.5000_2.5000_2.5000
2,0,2.5000_2.5000_2.5000_2.5000_2.5000,0,2.5000_2.5000_2.5000_2.5000_2.5000
2,0,2.5000_2.5000_2.5000_2.5000_2.5000,0,2.5000_2.5000_2.5000_2.5000_2.5000
3,205254,3.4999_2.5021_4.4976_-1.4889_0.5066,129344,3.4950_1.5050_3.4950_-0.4849_1.5050
3,129344,3.4950_1.5050_3.4950_-0.4849_1.5050,119395,3.4950_1.5050_3.4950_-0.4849_2.5000
3,119395,3.4950_1.5050_3.4950_-0.4849_2.5000,109445,1.5050_1.5050_1.5050_0.5101_0.5101
3,109445,1.5050_1.5050_1.5050_0.5101_0.5101,59697,2.5000_2.5000_0.5101_1.5050_1.5050
3,59697,2.5000_2.5000_0.5101_1.5050_1.5050,49748,2.5000_2.5000_0.5101_1.5050_2.5000
3,49748,2.5000_2.5000_0.5101_1.5050_2.5000,39798,1.5050_2.5000_1.5050_1.5050_3.4950
3,39798,1.5050_2.5000_1.5050_1.5050_3.4950,9950,2.5000_1.5050_2.5000_2.5000_2.5000
3,9950,2.5000_1.5050_2.5000_2.5000_2.5000,0,2.5000_2.5000_2.5000_2.5000_2.5000
3,0,2.5000_2.5000_2.5000_2.5000_2.5000,0,2.5000_2.5000_2.5000_2.5000_2.5000
3,0,2.5000_2.5000_2.5000_2.5000_2.5000,0,2.5000_2.5000_2.5000_2.5000_2.5000
3,0,2.5000_2.5000_2.5000_2.5000_2.5000,0,2.5000_2.5000_2.5000_2.5000_2.5000
3,0,2.5000_2.5000_2.5000_2.5000_2.5000,0,2.5000_2.5000_2.5000_2.5000_2.5000
4,369288,1.5044_1.5044_2.5021_-3.4844_-0.4912,351551,1.5044_2.5021_1.5044_-2.4866_-1.4889
4,351551,1.5044_2.5021_1.5044_-2.4866_-1.4889,218890,2.5000_2.5000_0.5101_-0.4849_-0.4849
4,218890,2.5000_2.5000_0.5101_-0.4849_-0.4849,69647,3.4950_2.5000_1.5050_1.5050_0.5101
4,69647,3.4950_2.5000_1.5050_1.5050_0.5101,59697,2.5000_2.5000_1.5050_1.5050_0.5101
4,59697,2.5000_2.5000_1.5050_1.5050_0.5101,49748,2.5000_2.5000_1.5050_2.5000_0.5101
4,49748,2.5000_2.5000_1.5050_2.5000_0.5101,49748,2.5000_2.5000_1.5050_2.5000_0.5101
4,49748,2.5000_2.5000_1.5050_2.5000_0.5101,19899,2.5000_2.5000_1.5050_2.5000_1.5050
4,19899,2.5000_2.5000_1.5050_2.5000_1.5050,19899,3.4950_2.5000_2.5000_2.5000_1.5050
4,19899,3.4950_2.5000_2.5000_2.5000_1.5050,9950,2.5000_2.5000_2.5000_2.5000_1.5050
4,9950,2.5000_2.5000_2.5000_2.5000_1.5050,9950,2.5000_2.5000_2.5000_2.5000_1.5050
4,9950,2.5000_2.5000_2.5000_2.5000_1.5050,0,2.5000_2.5000_2.5000_2.5000_2.5000
4,0,2.5000_2.5000_2.5000_2.5000_2.5000,0,2.5000_2.5000_2.5000_2.5000_2.5000
5,311081,-0.4911_-0.4911_-0.4911_0.5066_1.5044,307206,0.5066_-0.4912_-1.4889_0.5066_2.5021
5,307206,0.5066_-0.4912_-1.4889_0.5066_2.5021,307206,-0.4912_0.5066_-1.4889_0.5066_2.5021
5,307206,-0.4912_0.5066_-1.4889_0.5066_2.5021,238790,0.5101_-0.4849_-0.4849_1.5050_3.4950
5,238790,0.5101_-0.4849_-0.4849_1.5050_3.4950,218890,1.5050_0.5101_-1.4798_2.5000_1.5050
5,218890,1.5050_0.5101_-1.4798_2.5000_1.5050,189042,1.5050_-0.4849_-0.4849_2.5000_2.5000
5,189042,1.5050_-0.4849_-0.4849_2.5000_2.5000,139294,1.5050_0.5101_-0.4849_2.5000_2.5000
5,139294,1.5050_0.5101_-0.4849_2.5000_2.5000,89546,0.5101_1.5050_0.5101_2.5000_2.5000
5,89546,0.5101_1.5050_0.5101_2.5000_2.5000,49748,1.5050_2.5000_0.5101_2.5000_2.5000
5,49748,1.5050_2.5000_0.5101_2.5000_2.5000,29849,1.5050_3.4950_1.5050_2.5000_2.5000
5,29849,1.5050_3.4950_1.5050_2.5000_2.5000,19899,2.5000_3.4950_2.5000_3.4950_2.5000
5,19899,2.5000_3.4950_2.5000_3.4950_2.5000,19899,2.5000_2.5000_3.4950_3.4950_2.5000
5,19899,2.5000_2.5000_3.4950_3.4950_2.5000,9950,2.5000_2.5000_2.5000_2.5000_1.5050
5,9950,2.5000_2.5000_2.5000_2.5000_1.5050,9950,2.5000_2.5000_2.5000_2.5000_1.5050
5,9950,2.5000_2.5000_2.5000_2.5000_1.5050,9950,1.5050_2.5000_2.5000_2.5000_2.5000
5,9950,1.5050_2.5000_2.5000_2.5000_2.5000,0,2.5000_2.5000_2.5000_2.5000_2.5000
5,0,2.5000_2.5000_2.5000_2.5000_2.5000,0,2.5000_2.5000_2.5000_2.5000_2.5000
5,0,2.5000_2.5000_2.5000_2.5000_2.5000,0,2.5000_2.5000_2.5000_2.5000_2.5000
5,0,2.5000_2.5000_2.5000_2.5000_2.5000,0,2.5000_2.5000_2.5000_2.5000_2.5000
6,567160,0.5066_0.5066_4.4976_-4.4821_-2.4866,368170,-0.4912_-0.4912_2.5021_-1.4889_-0.4912
6,368170,-0.4912_-0.4912_2.5021_-1.4889_-0.4912,337688,-0.4912_-0.4912_2.5021_-1.4889_0.5066
6,337688,-0.4912_-0.4912_2.5021_-1.4889_0.5066,218891,0.5101_0.5101_3.4950_0.5101_-0.4849
6,218891,0.5101_0.5101_3.4950_0.5101_-0.4849,189041,1.5050_2.5000_3.4950_1.5050_-1.4798
6,189041,1.5050_2.5000_3.4950_1.5050_-1.4798,165903,2.5021_3.4999_3.4999_2.5021_-1.4889
6,165903,2.5021_3.4999_3.4999_2.5021_-1.4889,139294,0.5101_3.4950_4.4899_1.5050_0.5101
6,139294,0.5101_3.4950_4.4899_1.5050_0.5101,139294,1.5050_2.5000_4.4899_2.5000_-0.4849
6,139294,1.5050_2.5000_4.4899_2.5000_-0.4849,129345,2.5000_0.5101_4.4899_1.5050_0.5101
6,129345,2.5000_0.5101_4.4899_1.5050_0.5101,99496,2.5000_0.5101_3.4950_1.5050_0.5101
6,99496,2.5000_0.5101_3.4950_1.5050_0.5101,60076,4.4976_3.4999_4.4976_3.4999_3.4999
6,60076,4.4976_3.4999_4.4976_3.4999_3.4999,60076,4.4976_3.4999_4.4976_3.4999_3.4999
6,60076,4.4976_3.4999_4.4976_3.4999_3.4999,55082,3.4999_3.4999_4.4976_3.4999_3.4999
6,55082,3.4999_3.4999_4.4976_3.4999_3.4999,29849,3.4950_2.5000_3.4950_3.4950_2.5000
6,29849,3.4950_2.5000_3.4950_3.4950_2.5000,19899,2.5000_2.5000_3.4950_3.4950_2.5000
6,19899,2.5000_2.5000_3.4950_3.4950_2.5000,9950,2.5000_2.5000_3.4950_2.5000_2.5000
6,9950,2.5000_2.5000_3.4950_2.5000_2.5000,9950,2.5000_2.5000_3.4950_2.5000_2.5000
6,9950,2.5000_2.5000_3.4950_2.5000_2.5000,0,2.5000_2.5000_2.5000_2.5000_2.5000
6,0,2.5000_2.5000_2.5000_2.5000_2.5000,0,2.5000_2.5000_2.5000_2.5000_2.5000
6,0,2.5000_2.5000_2.5000_2.5000_2.5000,0,2.5000_2.5000_2.5000_2.5000_2.5000
6,0,2.5000_2.5000_2.5000_2.5000_2.5000,0,2.5000_2.5000_2.5000_2.5000_2.5000
6,0,2.5000_2.5000_2.5000_2.5000_2.5000,0,2.5000_2.5000_2.5000_2.5000_2.5000
6,0,2.5000_2.5000_2.5000_2.5000_2.5000,0,2.5000_2.5000_2.5000_2.5000_2.5000
7,372644,1.5044_-4.4821_4.4976_1.5044_4.4976,318312,1.5044_-3.4844_3.4999_0.5066_3.4999
7,318312,1.5044_-3.4844_3.4999_0.5066_3.4999,243486,1.5044_-2.4866_3.4999_1.5044_2.5021
7,243486,1.5044_-2.4866_3.4999_1.5044_2.5021,189042,0.5101_-0.4849_1.5050_0.5101_3.4950
7,189042,0.5101_-0.4849_1.5050_0.5101_3.4950,19899,2.5000_1.5050_2.5000_1.5050_2.5000
7,19899,2.5000_1.5050_2.5000_1.5050_2.5000,9950,2.5000_2.5000_3.4950_2.5000_2.5000
7,9950,2.5000_2.5000_3.4950_2.5000_2.5000,0,2.5000_2.5000_2.5000_2.5000_2.5000
7,0,2.5000_2.5000_2.5000_2.5000_2.5000,0,2.5000_2.5000_2.5000_2.5000_2.5000
7,0,2.5000_2.5000_2.5000_2.5000_2.5000,0,2.5000_2.5000_2.5000_2.5000_2.5000
7,0,2.5000_2.5000_2.5000_2.5000_2.5000,0,2.5000_2.5000_2.5000_2.5000_2.5000
7,0,2.5000_2.5000_2.5000_2.5000_2.5000,0,2.5000_2.5000_2.5000_2.5000_2.5000
8,653612,2.5021_-3.4844_-3.4844_1.5044_-2.4866,588773,3.4999_-3.4844_-1.4889_2.5021_-3.4844
8,588773,3.4999_-3.4844_-1.4889_2.5021_-3.4844,548304,3.4999_-1.4889_-3.4844_-0.4912_-1.4889
8,548304,3.4999_-1.4889_-3.4844_-0.4912_-1.4889,513947,4.4976_0.5066_-1.4889_-2.4866_-2.4866
8,513947,4.4976_0.5066_-1.4889_-2.4866_-2.4866,513947,4.4976_0.5066_-1.4889_-2.4866_-2.4866
8,513947,4.4976_0.5066_-1.4889_-2.4866_-2.4866,490097,-0.4912_-2.4866_-0.4912_0.5066_-1.4889
8,490097,-0.4912_-2.4866_-0.4912_0.5066_-1.4889,459615,-0.4912_-1.4889_-1.4889_1.5044_-1.4889
8,459615,-0.4912_-1.4889_-1.4889_1.5044_-1.4889,321069,2.5021_-2.4866_-0.4912_2.5021_0.5066
8,321069,2.5021_-2.4866_-0.4912_2.5021_0.5066,299456,2.5021_-1.4889_-0.4912_3.4999_-0.4912
8,299456,2.5021_-1.4889_-0.4912_3.4999_-0.4912,159193,0.5101_1.5050_1.5050_1.5050_-0.4849
8,159193,0.5101_1.5050_1.5050_1.5050_-0.4849,119395,1.5050_2.5000_1.5050_1.5050_-0.4849
8,119395,1.5050_2.5000_1.5050_1.5050_-0.4849,89546,2.5000_0.5101_2.5000_0.5101_1.5050
8,89546,2.5000_0.5101_2.5000_0.5101_1.5050,49748,2.5000_1.5050_2.5000_0.5101_2.5000
8,49748,2.5000_1.5050_2.5000_0.5101_2.5000,29849,1.5050_1.5050_2.5000_1.5050_2.5000
8,29849,1.5050_1.5050_2.5000_1.5050_2.5000,9950,2.5000_1.5050_2.5000_2.5000_2.5000
8,9950,2.5000_1.5050_2.5000_2.5000_2.5000,9950,2.5000_2.5000_2.5000_1.5050_2.5000
8,9950,2.5000_2.5000_2.5000_1.5050_2.5000,9950,2.5000_3.4950_2.5000_2.5000_2.5000
8,9950,2.5000_3.4950_2.5000_2.5000_2.5000,0,2.5000_2.5000_2.5000_2.5000_2.5000
8,0,2.5000_2.5000_2.5000_2.5000_2.5000,0,2.5000_2.5000_2.5000_2.5000_2.5000
9,544429,0.5066_2.5021_1.5044_-2.4866_-4.4821,228840,3.4950_2.5000_0.5101_-0.4849_-0.4849
9,228840,3.4950_2.5000_0.5101_-0.4849_-0.4849,109445,4.4899_1.5050_1.5050_0.5101_1.5050
9,109445,4.4899_1.5050_1.5050_0.5101_1.5050,109445,4.4899_1.5050_0.5101_1.5050_1.5050
9,109445,4.4899_1.5050_0.5101_1.5050_1.5050,89546,4.4899_1.5050_0.5101_2.5000_2.5000
9,89546,4.4899_1.5050_0.5101_2.5000_2.5000,39798,2.5000_1.5050_1.5050_1.5050_3.4950
9,39798,2.5000_1.5050_1.5050_1.5050_3.4950,39798,2.5000_2.5000_2.5000_0.5101_2.5000
9,39798,2.5000_2.5000_2.5000_0.5101_2.5000,29849,2.5000_3.4950_3.4950_1.5050_2.5000
9,29849,2.5000_3.4950_3.4950_1.5050_2.5000,29849,2.5000_3.4950_2.5000_1.5050_1.5050
9,29849,2.5000_3.4950_2.5000_1.5050_1.5050,19899,2.5000_1.5050_3.4950_2.5000_2.5000
9,19899,2.5000_1.5050_3.4950_2.5000_2.5000,19899,1.5050_1.5050_2.5000_2.5000_2.5000
9,19899,1.5050_1.5050_2.5000_2.5000_2.5000,9950,2.5000_2.5000_3.4950_2.5000_2.5000
9,9950,2.5000_2.5000_3.4950_2.5000_2.5000,9950,2.5000_1.5050_2.5000_2.5000_2.5000
9,9950,2.5000_1.5050_2.5000_2.5000_2.5000,9950,2.5000_2.5000_2.5000_1.5050_2.5000
9,9950,2.5000_2.5000_2.5000_1.5050_2.5000,9950,2.5000_2.5000_2.5000_1.5050_2.5000
9,9950,2.5000_2.5000_2.5000_1.5050_2.5000,0,2.5000_2.5000_2.5000_2.5000_2.5000
9,0,2.5000_2.5000_2.5000_2.5000_2.5000,0,2.5000_2.5000_2.5000_2.5000_2.5000
9,0,2.5000_2.5000_2.5000_2.5000_2.5000,0,2.5000_2.5000_2.5000_2.5000_2.5000
10,312021,1.5044_1.5044_4.4976_0.5066_5.1200,179092,-0.4849_0.5101_2.5000_1.5050_4.4899
10,179092,-0.4849_0.5101_2.5000_1.5050_4.4899,99496,0.5101_1.5050_2.5000_0.5101_3.4950
10,99496,0.5101_1.5050_2.5000_0.5101_3.4950,69647,0.5101_2.5000_1.5050_1.5050_3.4950
10,69647,0.5101_2.5000_1.5050_1.5050_3.4950,19899,2.5000_1.5050_2.5000_2.5000_1.5050
10,19899,2.5000_1.5050_2.5000_2.5000_1.5050,19899,2.5000_1.5050_2.5000_3.4950_2.5000
10,19899,2.5000_1.5050_2.5000_3.4950_2.5000,19899,2.5000_1.5050_1.5050_2.5000_2.5000
10,19899,2.5000_1.5050_1.5050_2.5000_2.5000,19899,2.5000_2.5000_1.5050_2.5000_3.4950
10,19899,2.5000_2.5000_1.5050_2.5000_3.4950,0,2.5000_2.5000_2.5000_2.5000_2.5000
10,0,2.5000_2.5000_2.5000_2.5000_2.5000,0,2.5000_2.5000_2.5000_2.5000_2.5000
10,0,2.5000_2.5000_2.5000_2.5000_2.5000,0,2.5000_2.5000_2.5000_2.5000_2.5000
11,347675,-1.4889_1.5043_-2.4866_3.4999_1.5044,338287,2.5021_3.4999_-4.4821_4.4976_3.4999
11,338287,2.5021_3.4999_-4.4821_4.4976_3.4999,235736,2.5021_1.5044_-2.4866_2.5021_4.4976
11,235736,2.5021_1.5044_-2.4866_2.5021_4.4976,213004,3.4999_0.5066_-1.4889_1.5044_3.4999
11,213004,3.4999_0.5066_-1.4889_1.5044_3.4999,183641,3.4999_1.5044_-1.4889_2.5021_4.4976
11,183641,3.4999_1.5044_-1.4889_2.5021_4.4976,139294,4.4899_0.5101_0.5101_3.4950_1.5050
11,139294,4.4899_0.5101_0.5101_3.4950_1.5050,139294,4.4899_-0.4849_1.5050_2.5000_2.5000
11,139294,4.4899_-0.4849_1.5050_2.5000_2.5000,131546,4.4976_-0.4912_2.5021_3.4999_2.5021
11,131546,4.4976_-0.4912_2.5021_3.4999_2.5021,29849,2.5000_1.5050_1.5050_3.4950_2.5000
11,29849,2.5000_1.5050_1.5050_3.4950_2.5000,19899,3.4950_2.5000_1.5050_2.5000_2.5000
11,19899,3.4950_2.5000_1.5050_2.5000_2.5000,9950,3.4950_2.5000_2.5000_2.5000_2.5000
11,9950,3.4950_2.5000_2.5000_2.5000_2.5000,9950,2.5000_2.5000_2.5000_2.5000_3.4950
11,9950,2.5000_2.5000_2.5000_2.5000_3.4950,0,2.5000_2.5000_2.5000_2.5000_2.5000
11,0,2.5000_2.5000_2.5000_2.5000_2.5000,0,2.5000_2.5000_2.5000_2.5000_2.5000
11,0,2.5000_2.5000_2.5000_2.5000_2.5000,0,2.5000_2.5000_2.5000_2.5000_2.5000
11,0,2.5000_2.5000_2.5000_2.5000_2.5000,0,2.5000_2.5000_2.5000_2.5000_2.5000
12,662481,-4.4821_3.4999_-1.4889_-0.4911_-2.4867,327181,0.5066_4.4976_-3.4844_2.5021_1.5044
12,327181,0.5066_4.4976_-3.4844_2.5021_1.5044,139294,3.4950_0.5101_-0.4849_2.5000_2.5000
12,139294,3.4950_0.5101_-0.4849_2.5000_2.5000,99496,3.4950_0.5101_0.5101_1.5050_2.5000
12,99496,3.4950_0.5101_0.5101_1.5050_2.5000,29849,2.5000_1.5050_1.5050_2.5000_3.4950
12,29849,2.5000_1.5050_1.5050_2.5000_3.4950,19899,2.5000_1.5050_2.5000_2.5000_3.4950
12,19899,2.5000_1.5050_2.5000_2.5000_3.4950,9950,2.5000_1.5050_2.5000_2.5000_2.5000
12,9950,2.5000_1.5050_2.5000_2.5000_2.5000,9950,2.5000_2.5000_2.5000_1.5050_2.5000
12,9950,2.5000_2.5000_2.5000_1.5050_2.5000,0,2.5000_2.5000_2.5000_2.5000_2.5000
12,0,2.5000_2.5000_2.5000_2.5000_2.5000,0,2.5000_2.5000_2.5000_2.5000_2.5000
13,268974,3.4999_0.5066_-1.4889_-0.4912_2.5021,217998,4.4976_1.5044_-1.4889_0.5066_3.4999
13,217998,4.4976_1.5044_-1.4889_0.5066_3.4999,209129,4.4976_2.5021_-1.4889_0.5066_2.5021
13,209129,4.4976_2.5021_-1.4889_0.5066_2.5021,179092,3.4950_2.5000_-1.4798_1.5050_2.5000
13,179092,3.4950_2.5000_-1.4798_1.5050_2.5000,165903,4.4976_3.4999_-0.4912_2.5021_0.5066
13,165903,4.4976_3.4999_-0.4912_2.5021_0.5066,165903,4.4976_2.5021_0.5066_3.4999_-0.4912
13,165903,4.4976_2.5021_0.5066_3.4999_-0.4912,99496,4.4899_3.4950_2.5000_1.5050_0.5101
13,99496,4.4899_3.4950_2.5000_1.5050_0.5101,49748,4.4899_2.5000_2.5000_2.5000_1.5050
13,49748,4.4899_2.5000_2.5000_2.5000_1.5050,49748,4.4899_2.5000_1.5050_2.5000_2.5000
13,49748,4.4899_2.5000_1.5050_2.5000_2.5000,39798,3.4950_1.5050_2.5000_1.5050_1.5050
13,39798,3.4950_1.5050_2.5000_1.5050_1.5050,39798,3.4950_1.5050_3.4950_1.5050_2.5000
13,39798,3.4950_1.5050_3.4950_1.5050_2.5000,9950,2.5000_2.5000_3.4950_2.5000_2.5000
13,9950,2.5000_2.5000_3.4950_2.5000_2.5000,9950,2.5000_2.5000_2.5000_3.4950_2.5000
13,9950,2.5000_2.5000_2.5000_3.4950_2.5000,9950,2.5000_2.5000_2.5000_2.5000_3.4950
13,9950,2.5000_2.5000_2.5000_2.5000_3.4950,9950,2.5000_2.5000_2.5000_1.5050_2.5000
13,9950,2.5000_2.5000_2.5000_1.5050_2.5000,0,2.5000_2.5000_2.5000_2.5000_2.5000
13,0,2.5000_2.5000_2.5000_2.5000_2.5000,0,2.5000_2.5000_2.5000_2.5000_2.5000
13,0,2.5000_2.5000_2.5000_2.5000_2.5000,0,2.5000_2.5000_2.5000_2.5000_2.5000
13,0,2.5000_2.5000_2.5000_2.5000_2.5000,0,2.5000_2.5000_2.5000_2.5000_2.5000
13,0,2.5000_2.5000_2.5000_2.5000_2.5000,0,2.5000_2.5000_2.5000_2.5000_2.5000
14,252355,2.5021_0.5066_3.4999_-2.4866_2.5021,149244,2.5000_0.5101_1.5050_-0.4849_3.4950
14,149244,2.5000_0.5101_1.5050_-0.4849_3.4950,149244,1.5050_-0.4849_2.5000_0.5101_1.5050
14,149244,1.5050_-0.4849_2.5000_0.5101_1.5050,139294,1.5050_-0.4849_2.5000_0.5101_2.5000
14,139294,1.5050_-0.4849_2.5000_0.5101_2.5000,139294,0.5101_-0.4849_2.5000_1.5050_2.5000
14,139294,0.5101_-0.4849_2.5000_1.5050_2.5000,99496,0.5101_0.5101_1.5050_1.5050_2.5000
14,99496,0.5101_0.5101_1.5050_1.5050_2.5000,59697,0.5101_1.5050_1.5050_2.5000_2.5000
14,59697,0.5101_1.5050_1.5050_2.5000_2.5000,9950,1.5050_2.5000_2.5000_2.5000_2.5000
14,9950,1.5050_2.5000_2.5000_2.5000_2.5000,0,2.5000_2.5000_2.5000_2.5000_2.5000
14,0,2.5000_2.5000_2.5000_2.5000_2.5000,0,2.5000_2.5000_2.5000_2.5000_2.5000
15,157034,-0.4912_1.5044_1.5044_4.4976_3.4999,129344,-0.4849_1.5050_1.5050_3.4950_3.4950
15,129344,-0.4849_1.5050_1.5050_3.4950_3.4950,119395,-0.4849_1.5050_2.5000_3.4950_3.4950
15,119395,-0.4849_1.5050_2.5000_3.4950_3.4950,59697,0.5101_1.5050_2.5000_3.4950_2.5000
15,59697,0.5101_1.5050_2.5000_3.4950_2.5000,59697,2.5000_2.5000_3.4950_4.4899_3.4950
15,59697,2.5000_2.5000_3.4950_4.4899_3.4950,58957,3.4999_3.4999_2.5021_4.4976_3.4999
15,58957,3.4999_3.4999_2.5021_4.4976_3.4999,49748,1.5050_2.5000_2.5000_4.4899_2.5000
15,49748,1.5050_2.5000_2.5000_4.4899_2.5000,19899,1.5050_3.4950_2.5000_2.5000_2.5000
15,19899,1.5050_3.4950_2.5000_2.5000_2.5000,19899,2.5000_3.4950_2.5000_1.5050_2.5000
15,19899,2.5000_3.4950_2.5000_1.5050_2.5000,19899,2.5000_3.4950_1.5050_2.5000_2.5000
15,19899,2.5000_3.4950_1.5050_2.5000_2.5000,19899,2.5000_3.4950_2.5000_1.5050_2.5000
15,19899,2.5000_3.4950_2.5000_1.5050_2.5000,9950,2.5000_3.4950_2.5000_2.5000_2.5000
15,9950,2.5000_3.4950_2.5000_2.5000_2.5000,9950,1.5050_2.5000_2.5000_2.5000_2.5000
15,9950,1.5050_2.5000_2.5000_2.5000_2.5000,0,2.5000_2.5000_2.5000_2.5000_2.5000
15,0,2.5000_2.5000_2.5000_2.5000_2.5000,0,2.5000_2.5000_2.5000_2.5000_2.5000
15,0,2.5000_2.5000_2.5000_2.5000_2.5000,0,2.5000_2.5000_2.5000_2.5000_2.5000
16,603755,-2.4866_4.4976_4.4976_-4.4821_-1.4889,322187,-0.4911_2.5021_4.4976_-2.4866_0.5066
16,322187,-0.4911_2.5021_4.4976_-2.4866_0.5066,300574,-0.4912_2.5021_4.4976_-2.4866_1.5044
16,300574,-0.4912_2.5021_4.4976_-2.4866_1.5044,295581,-0.4912_2.5021_3.4999_-2.4866_1.5044
16,295581,-0.4912_2.5021_3.4999_-2.4866_1.5044,270093,0.5066_2.5021_4.4976_-2.4866_1.5044
16,270093,0.5066_2.5021_4.4976_-2.4866_1.5044,248480,1.5044_2.5021_4.4976_-2.4866_1.5044
16,248480,1.5044_2.5021_4.4976_-2.4866_1.5044,179092,-0.4849_3.4950_2.5000_0.5101_0.5101
16,179092,-0.4849_3.4950_2.5000_0.5101_0.5101,29849,1.5050_1.5050_2.5000_2.5000_1.5050
16,29849,1.5050_1.5050_2.5000_2.5000_1.5050,29849,1.5050_1.5050_2.5000_2.5000_1.5050
16,29849,1.5050_1.5050_2.5000_2.5000_1.5050,19899,2.5000_1.5050_1.5050_2.5000_2.5000
16,19899,2.5000_1.5050_1.5050_2.5000_2.5000,19899,2.5000_1.5050_1.5050_2.5000_2.5000
16,19899,2.5000_1.5050_1.5050_2.5000_2.5000,9950,2.5000_2.5000_1.5050_2.5000_2.5000
16,9950,2.5000_2.5000_1.5050_2.5000_2.5000,0,2.5000_2.5000_2.5000_2.5000_2.5000
16,0,2.5000_2.5000_2.5000_2.5000_2.5000,0,2.5000_2.5000_2.5000_2.5000_2.5000
16,0,2.5000_2.5000_2.5000_2.5000_2.5000,0,2.5000_2.5000_2.5000_2.5000_2.5000
17,631999,-4.4821_-3.4844_-0.4911_1.5043_2.5021,574911,-2.4866_-4.4821_1.5044_-0.4911_2.5021
17,574911,-2.4866_-4.4821_1.5044_-0.4911_2.5021,496209,-2.4866_-3.4844_2.5021_-0.4911_2.5021
17,496209,-2.4866_-3.4844_2.5021_-0.4911_2.5021,492334,-2.4866_-3.4844_2.5021_-0.4912_3.4999
17,492334,-2.4866_-3.4844_2.5021_-0.4912_3.4999,491216,-2.4866_-3.4844_1.5044_0.5066_1.5044
17,491216,-2.4866_-3.4844_1.5044_0.5066_1.5044,442996,-0.4912_-3.4844_0.5066_2.5021_-0.4912
17,442996,-0.4912_-3.4844_0.5066_2.5021_-0.4912,317194,2.5021_0.5066_-0.4912_3.4999_-2.4866
17,317194,2.5021_0.5066_-0.4912_3.4999_-2.4866,282837,3.4999_0.5066_0.5066_3.4999_-2.4866
17,282837,3.4999_0.5066_0.5066_3.4999_-2.4866,281199,4.4976_2.5021_2.5021_4.4976_-3.4844
17,281199,4.4976_2.5021_2.5021_4.4976_-3.4844,219116,4.4976_2.5021_2.5021_3.4999_-2.4866
17,219116,4.4976_2.5021_2.5021_3.4999_-2.4866,188635,4.4976_1.5044_2.5021_4.4976_-1.4889
17,188635,4.4976_1.5044_2.5021_4.4976_-1.4889,183641,3.4999_1.5044_2.5021_4.4976_-1.4889
17,183641,3.4999_1.5044_2.5021_4.4976_-1.4889,119395,3.4950_1.5050_2.5000_3.4950_-0.4849
17,119395,3.4950_1.5050_2.5000_3.4950_-0.4849,79597,3.4950_1.5050_0.5101_1.5050_1.5050
17,79597,3.4950_1.5050_0.5101_1.5050_1.5050,59697,3.4950_2.5000_0.5101_1.5050_2.5000
17,59697,3.4950_2.5000_0.5101_1.5050_2.5000,39798,1.5050_3.4950_1.5050_2.5000_3.4950
17,39798,1.5050_3.4950_1.5050_2.5000_3.4950,19899,2.5000_3.4950_2.5000_2.5000_3.4950
17,19899,2.5000_3.4950_2.5000_2.5000_3.4950,19899,3.4950_2.5000_1.5050_2.5000_2.5000
17,19899,3.4950_2.5000_1.5050_2.5000_2.5000,19899,2.5000_3.4950_1.5050_2.5000_2.5000
17,19899,2.5000_3.4950_1.5050_2.5000_2.5000,9950,3.4950_2.5000_2.5000_2.5000_2.5000
17,9950,3.4950_2.5000_2.5000_2.5000_2.5000,9950,2.5000_2.5000_3.4950_2.5000_2.5000
17,9950,2.5000_2.5000_3.4950_2.5000_2.5000,0,2.5000_2.5000_2.5000_2.5000_2.5000
17,0,2.5000_2.5000_2.5000_2.5000_2.5000,0,2.5000_2.5000_2.5000_2.5000_2.5000
17,0,2.5000_2.5000_2.5000_2.5000_2.5000,0,2.5000_2.5000_2.5000_2.5000_2.5000
17,0,2.5000_2.5000_2.5000_2.5000_2.5000,0,2.5000_2.5000_2.5000_2.5000_2.5000
18,449108,-3.4844_-0.4912_4.4976_-1.4889_2.5021,382032,-3.4844_0.5066_2.5021_0.5066_0.5066
18,382032,-3.4844_0.5066_2.5021_0.5066_0.5066,378157,-3.4844_0.5066_3.4999_0.5066_0.5066
18,378157,-3.4844_0.5066_3.4999_0.5066_0.5066,351551,-2.4867_-0.4911_3.4998_0.5066_0.5066
18,351551,-2.4867_-0.4911_3.4998_0.5066_0.5066,326062,-3.4844_0.5066_1.5044_2.5021_2.5021
18,326062,-3.4844_0.5066_1.5044_2.5021_2.5021,299456,-2.4866_1.5044_0.5066_0.5066_3.4999
18,299456,-2.4866_1.5044_0.5066_0.5066_3.4999,189042,-0.4849_2.5000_1.5050_-0.4849_2.5000
18,189042,-0.4849_2.5000_1.5050_-0.4849_2.5000,99496,0.5101_1.5050_1.5050_0.5101_2.5000
18,99496,0.5101_1.5050_1.5050_0.5101_2.5000,59697,1.5050_2.5000_1.5050_0.5101_2.5000
18,59697,1.5050_2.5000_1.5050_0.5101_2.5000,39798,1.5050_2.5000_1.5050_1.5050_1.5050
18,39798,1.5050_2.5000_1.5050_1.5050_1.5050,19899,1.5050_1.5050_2.5000_2.5000_2.5000
18,19899,1.5050_1.5050_2.5000_2.5000_2.5000,9950,1.5050_2.5000_2.5000_2.5000_2.5000
18,9950,1.5050_2.5000_2.5000_2.5000_2.5000,0,2.5000_2.5000_2.5000_2.5000_2.5000
18,0,2.5000_2.5000_2.5000_2.5000_2.5000,0,2.5000_2.5000_2.5000_2.5000_2.5000
19,296699,1.5044_-2.4866_-0.4912_4.4976_3.4999,247361,1.5044_-1.4889_-0.4912_3.4999_2.5021
19,247361,1.5044_-1.4889_-0.4912_3.4999_2.5021,139294,1.5050_0.5101_0.5101_3.4950_0.5101
19,139294,1.5050_0.5101_0.5101_3.4950_0.5101,99496,0.5101_0.5101_1.5050_2.5000_1.5050
19,99496,0.5101_0.5101_1.5050_2.5000_1.5050,39798,1.5050_1.5050_2.5000_1.5050_1.5050
19,39798,1.5050_1.5050_2.5000_1.5050_1.5050,29849,1.5050_2.5000_2.5000_1.5050_1.5050
19,29849,1.5050_2.5000_2.5000_1.5050_1.5050,29849,2.5000_2.5000_1.5050_1.5050_1.5050
19,29849,2.5000_2.5000_1.5050_1.5050_1.5050,19899,2.5000_2.5000_1.5050_1.5050_2.5000
19,19899,2.5000_2.5000_1.5050_1.5050_2.5000,19899,3.4950_2.5000_1.5050_2.5000_2.5000
19,19899,3.4950_2.5000_1.5050_2.5000_2.5000,9950,3.4950_2.5000_2.5000_2.5000_2.5000
19,9950,3.4950_2.5000_2.5000_2.5000_2.5000,9950,3.4950_2.5000_2.5000_2.5000_2.5000
19,9950,3.4950_2.5000_2.5000_2.5000_2.5000,0,2.5000_2.5000_2.5000_2.5000_2.5000
19,0,2.5000_2.5000_2.5000_2.5000_2.5000,0,2.5000_2.5000_2.5000_2.5000_2.5000
19,0,2.5000_2.5000_2.5000_2.5000_2.5000,0,2.5000_2.5000_2.5000_2.5000_2.5000
19,0,2.5000_2.5000_2.5000_2.5000_2.5000,0,2.5000_2.5000_2.5000_2.5000_2.5000
19,0,2.5000_2.5000_2.5000_2.5000_2.5000,0,2.5000_2.5000_2.5000_2.5000_2.5000
19,0,2.5000_2.5000_2.5000_2.5000_2.5000,0,2.5000_2.5000_2.5000_2.5000_2.5000
20,318312,-1.4889_-2.4866_2.5021_3.4999_3.4999,247361,-0.4912_-0.4912_0.5066_4.4976_1.5044
20,247361,-0.4912_-0.4912_0.5066_4.4976_1.5044,234617,-0.4912_-0.4912_0.5066_4.4976_2.5021
20,234617,-0.4912_-0.4912_0.5066_4.4976_2.5021,234617,-1.4889_0.5066_1.5044_4.4976_1.5043
20,234617,-1.4889_0.5066_1.5044_4.4976_1.5043,189041,-1.4798_1.5050_1.5050_2.5000_1.5050
20,189041,-1.4798_1.5050_1.5050_2.5000_1.5050,169143,0.5101_-0.4849_0.5101_2.5000_2.5000
20,169143,0.5101_-0.4849_0.5101_2.5000_2.5000,149244,1.5050_-0.4849_0.5101_1.5050_2.5000
20,149244,1.5050_-0.4849_0.5101_1.5050_2.5000,139294,1.5050_-0.4849_0.5101_2.5000_2.5000
20,139294,1.5050_-0.4849_0.5101_2.5000_2.5000,99496,2.5000_-0.4849_1.5050_2.5000_2.5000
20,99496,2.5000_-0.4849_1.5050_2.5000_2.5000,69647,3.4950_1.5050_2.5000_1.5050_0.5101
20,69647,3.4950_1.5050_2.5000_1.5050_0.5101,19899,2.5000_2.5000_2.5000_1.5050_1.5050
20,19899,2.5000_2.5000_2.5000_1.5050_1.5050,19899,2.5000_2.5000_3.4950_2.5000_1.5050
20,19899,2.5000_2.5000_3.4950_2.5000_1.5050,9950,3.4950_2.5000_2.5000_2.5000_2.5000
20,9950,3.4950_2.5000_2.5000_2.5000_2.5000,0,2.5000_2.5000_2.5000_2.5000_2.5000
20,0,2.5000_2.5000_2.5000_2.5000_2.5000,0,2.5000_2.5000_2.5000_2.5000_2.5000
20,0,2.5000_2.5000_2.5000_2.5000_2.5000,0,2.5000_2.5000_2.5000_2.5000_2.5000
20,0,2.5000_2.5000_2.5000_2.5000_2.5000,0,2.5000_2.5000_2.5000_2.5000_2.5000
20,0,2.5000_2.5000_2.5000_2.5000_2.5000,0,2.5000_2.5000_2.5000_2.5000_2.5000
21,498447,4.4976_-3.4844_1.5044_-3.4844_3.4999,473478,1.5044_-1.4889_-0.4912_-3.4844_1.5044
21,473478,1.5044_-1.4889_-0.4912_-3.4844_1.5044,268638,0.5101_-0.4849_1.5050_-0.4849_0.5101
21,268638,0.5101_-0.4849_1.5050_-0.4849_0.5101,49748,2.5000_1.5050_2.5000_0.5101_2.5000
21,49748,2.5000_1.5050_2.5000_0.5101_2.5000,29849,2.5000_1.5050_2.5000_1.5050_3.4950
21,29849,2.5000_1.5050_2.5000_1.5050_3.4950,29849,2.5000_1.5050_2.5000_1.5050_3.4950
21,29849,2.5000_1.5050_2.5000_1.5050_3.4950,29849,1.5050_2.5000_1.5050_1.5050_2.5000
21,29849,1.5050_2.5000_1.5050_1.5050_2.5000,9950,2.5000_2.5000_1.5050_2.5000_2.5000
21,9950,2.5000_2.5000_1.5050_2.5000_2.5000,9950,2.5000_2.5000_2.5000_2.5000_3.4950
21,9950,2.5000_2.5000_2.5000_2.5000_3.4950,9950,2.5000_2.5000_2.5000_2.5000_3.4950
21,9950,2.5000_2.5000_2.5000_2.5000_3.4950,0,2.5000_2.5000_2.5000_2.5000_2.5000
21,0,2.5000_2.5000_2.5000_2.5000_2.5000,0,2.5000_2.5000_2.5000_2.5000_2.5000
21,0,2.5000_2.5000_2.5000_2.5000_2.5000,0,2.5000_2.5000_2.5000_2.5000_2.5000
21,0,2.5000_2.5000_2.5000_2.5000_2.5000,0,2.5000_2.5000_2.5000_2.5000_2.5000
21,0,2.5000_2.5000_2.5000_2.5000_2.5000,0,2.5000_2.5000_2.5000_2.5000_2.5000
22,89546,2.5000_0.5101_2.5000_0.5101_3.4950,29849,2.5000_1.5050_2.5000_1.5050_3.4950
22,29849,2.5000_1.5050_2.5000_1.5050_3.4950,9950,2.5000_2.5000_2.5000_1.5050_2.5000
22,9950,2.5000_2.5000_2.5000_1.5050_2.5000,0,2.5000_2.5000_2.5000_2.5000_2.5000
22,0,2.5000_2.5000_2.5000_2.5000_2.5000,0,2.5000_2.5000_2.5000_2.5000_2.5000
22,0,2.5000_2.5000_2.5000_2.5000_2.5000,0,2.5000_2.5000_2.5000_2.5000_2.5000
22,0,2.5000_2.5000_2.5000_2.5000_2.5000,0,2.5000_2.5000_2.5000_2.5000_2.5000
22,0,2.5000_2.5000_2.5000_2.5000_2.5000,0,2.5000_2.5000_2.5000_2.5000_2.5000
22,0,2.5000_2.5000_2.5000_2.5000_2.5000,0,2.5000_2.5000_2.5000_2.5000_2.5000
23,677803,1.5044_-1.4889_-4.4821_0.5066_5.1200,656190,1.5044_-1.4889_-4.4821_1.5044_5.1200
23,656190,1.5044_-1.4889_-4.4821_1.5044_5.1200,418627,2.5021_-1.4889_-3.4844_0.5066_4.4976
23,418627,2.5021_-1.4889_-3.4844_0.5066_4.4976,392020,2.5021_-1.4889_-2.4866_-0.4912_4.4976
23,392020,2.5021_-1.4889_-2.4866_-0.4912_4.4976,352669,1.5044_-2.4866_-1.4889_1.5044_4.4976
23,352669,1.5044_-2.4866_-1.4889_1.5044_4.4976,322187,-0.4912_-2.4866_0.5066_2.5021_4.4976
23,322187,-0.4912_-2.4866_0.5066_2.5021_4.4976,322187,-0.4912_-2.4866_0.5066_2.5021_4.4976
23,322187,-0.4912_-2.4866_0.5066_2.5021_4.4976,312200,0.5066_-1.4889_-1.4889_2.5021_2.5021
23,312200,0.5066_-1.4889_-1.4889_2.5021_2.5021,303331,1.5044_-1.4889_-1.4889_2.5021_1.5044
23,303331,1.5044_-1.4889_-1.4889_2.5021_1.5044,119395,2.5000_0.5101_0.5101_0.5101_2.5000
23,119395,2.5000_0.5101_0.5101_0.5101_2.5000,119395,2.5000_0.5101_0.5101_0.5101_2.5000
23,119395,2.5000_0.5101_0.5101_0.5101_2.5000,49748,1.5050_1.5050_1.5050_1.5050_3.4950
23,49748,1.5050_1.5050_1.5050_1.5050_3.4950,39798,1.5050_1.5050_1.5050_1.5050_2.5000
23,39798,1.5050_1.5050_1.5050_1.5050_2.5000,29849,1.5050_1.5050_2.5000_1.5050_2.5000
23,29849,1.5050_1.5050_2.5000_1.5050_2.5000,19899,1.5050_2.5000_3.4950_2.5000_2.5000
23,19899,1.5050_2.5000_3.4950_2.5000_2.5000,9950,2.5000_3.4950_2.5000_2.5000_2.5000
23,9950,2.5000_3.4950_2.5000_2.5000_2.5000,0,2.5000_2.5000_2.5000_2.5000_2.5000
23,0,2.5000_2.5000_2.5000_2.5000_2.5000,0,2.5000_2.5000_2.5000_2.5000_2.5000
23,0,2.5000_2.5000_2.5000_2.5000_2.5000,0,2.5000_2.5000_2.5000_2.5000_2.5000
23,0,2.5000_2.5000_2.5000_2.5000_2.5000,0,2.5000_2.5000_2.5000_2.5000_2.5000
24,413633,3.4999_-1.4889_0.5066_2.5021_-3.4844,342682,0.5066_0.5066_-1.4889_3.4999_-1.4889
24,342682,0.5066_0.5066_-1.4889_3.4999_-1.4889,326062,2.5021_2.5021_1.5044_0.5066_-3.4844
24,326062,2.5021_2.5021_1.5044_0.5066_-3.4844,251236,3.4999_0.5066_0.5066_1.5044_-1.4889
24,251236,3.4999_0.5066_0.5066_1.5044_-1.4889,248739,2.5000_1.5050_0.5101_0.5101_-1.4798
24,248739,2.5000_1.5050_0.5101_0.5101_-1.4798,139294,2.5000_2.5000_1.5050_0.5101_-0.4849
24,139294,2.5000_2.5000_1.5050_0.5101_-0.4849,59697,3.4950_2.5000_2.5000_1.5050_0.5101
24,59697,3.4950_2.5000_2.5000_1.5050_0.5101,59697,3.4950_1.5050_2.5000_2.5000_0.5101
24,59697,3.4950_1.5050_2.5000_2.5000_0.5101,29849,3.4950_1.5050_2.5000_2.5000_1.5050
24,29849,3.4950_1.5050_2.5000_2.5000_1.5050,29849,3.4950_1.5050_2.5000_2.5000_1.5050
24,29849,3.4950_1.5050_2.5000_2.5000_1.5050,19899,2.5000_1.5050_2.5000_3.4950_2.5000
24,19899,2.5000_1.5050_2.5000_3.4950_2.5000,19899,1.5050_2.5000_2.5000_3.4950_2.5000
24,19899,1.5050_2.5000_2.5000_3.4950_2.5000,0,2.5000_2.5000_2.5000_2.5000_2.5000
24,0,2.5000_2.5000_2.5000_2.5000_2.5000,0,2.5000_2.5000_2.5000_2.5000_2.5000
24,0,2.5000_2.5000_2.5000_2.5000_2.5000,0,2.5000_2.5000_2.5000_2.5000_2.5000
24,0,2.5000_2.5000_2.5000_2.5000_2.5000,0,2.5000_2.5000_2.5000_2.5000_2.5000
24,0,2.5000_2.5000_2.5000_2.5000_2.5000,0,2.5000_2.5000_2.5000_2.5000_2.5000
24,0,2.5000_2.5000_2.5000_2.5000_2.5000,0,2.5000_2.5000_2.5000_2.5000_2.5000
25,1603108,5.1200_-5.1200_-5.1200_5.1200_5.1200,1290271,5.1200_5.1200_-5.1200_5.1200_5.1200
25,1290271,5.1200_5.1200_-5.1200_5.1200_5.1200,928202,5.1200_4.4976_-5.1200_5.1200_2.5021
25,928202,5.1200_4.4976_-5.1200_5.1200_2.5021,380394,4.4976_2.5021_-4.4821_2.5021_0.5066
25,380394,4.4976_2.5021_-4.4821_2.5021_0.5066,309443,3.4999_2.5021_-3.4844_2.5021_0.5066
25,309443,3.4999_2.5021_-3.4844_2.5021_0.5066,285593,1.5044_2.5021_-1.4889_0.5066_-0.4912
25,285593,1.5044_2.5021_-1.4889_0.5066_-0.4912,208940,2.5000_2.5000_-1.4798_1.5050_0.5101
25,208940,2.5000_2.5000_-1.4798_1.5050_0.5101,189041,1.5050_1.5050_-1.4798_2.5000_1.5050
25,189041,1.5050_1.5050_-1.4798_2.5000_1.5050,179092,2.5000_1.5050_-1.4798_2.5000_1.5050
25,179092,2.5000_1.5050_-1.4798_2.5000_1.5050,59697,1.5050_2.5000_0.5101_2.5000_1.5050
25,59697,1.5050_2.5000_0.5101_2.5000_1.5050,19899,1.5050_2.5000_1.5050_2.5000_2.5000
25,19899,1.5050_2.5000_1.5050_2.5000_2.5000,19899,1.5050_2.5000_1.5050_2.5000_2.5000
25,19899,1.5050_2.5000_1.5050_2.5000_2.5000,9950,2.5000_2.5000_2.5000_3.4950_2.5000
25,9950,2.5000_2.5000_2.5000_3.4950_2.5000,9950,2.5000_2.5000_2.5000_3.4950_2.5000
25,9950,2.5000_2.5000_2.5000_3.4950_2.5000,0,2.5000_2.5000_2.5000_2.5000_2.5000
25,0,2.5000_2.5000_2.5000_2.5000_2.5000,0,2.5000_2.5000_2.5000_2.5000_2.5000
25,0,2.5000_2.5000_2.5000_2.5000_2.5000,0,2.5000_2.5000_2.5000_2.5000_2.5000
25,0,2.5000_2.5000_2.5000_2.5000_2.5000,0,2.5000_2.5000_2.5000_2.5000_2.5000
25,0,2.5000_2.5000_2.5000_2.5000_2.5000,0,2.5000_2.5000_2.5000_2.5000_2.5000
26,1113686,-0.4911_-3.4844_-4.4821_-5.1200_2.5021,230742,3.4999_2.5021_2.5021_1.5044_-2.4866
26,230742,3.4999_2.5021_2.5021_1.5044_-2.4866,189041,1.5050_3.4950_2.5000_1.5050_-1.4798
26,189041,1.5050_3.4950_2.5000_1.5050_-1.4798,179092,2.5000_3.4950_2.5000_1.5050_-1.4798
26,179092,2.5000_3.4950_2.5000_1.5050_-1.4798,178647,3.4999_3.4999_2.5021_1.5044_-1.4889
26,178647,3.4999_3.4999_2.5021_1.5044_-1.4889,131546,3.4999_4.4976_2.5021_2.5021_-0.4912
26,131546,3.4999_4.4976_2.5021_2.5021_-0.4912,99496,1.5050_4.4899_3.4950_2.5000_0.5101
26,99496,1.5050_4.4899_3.4950_2.5000_0.5101,69647,1.5050_4.4899_1.5050_2.5000_1.5050
26,69647,1.5050_4.4899_1.5050_2.5000_1.5050,59697,2.5000_4.4899_1.5050_3.4950_2.5000
26,59697,2.5000_4.4899_1.5050_3.4950_2.5000,39798,2.5000_4.4899_2.5000_2.5000_2.5000
26,39798,2.5000_4.4899_2.5000_2.5000_2.5000,19899,2.5000_3.4950_1.5050_2.5000_2.5000
26,19899,2.5000_3.4950_1.5050_2.5000_2.5000,0,2.5000_2.5000_2.5000_2.5000_2.5000
26,0,2.5000_2.5000_2.5000_2.5000_2.5000,0,2.5000_2.5000_2.5000_2.5000_2.5000
26,0,2.5000_2.5000_2.5000_2.5000_2.5000,0,2.5000_2.5000_2.5000_2.5000_2.5000
27,715694,3.4999_0.5066_-4.4821_-4.4821_-0.4911,664209,3.4999_2.5021_-5.1200_-1.4889_2.5021
27,664209,3.4999_2.5021_-5.1200_-1.4889_2.5021,480709,4.4976_0.5066_-4.4821_-1.4889_3.4999
27,480709,4.4976_0.5066_-4.4821_-1.4889_3.4999,466846,3.4999_-0.4912_-4.4821_-0.4912_3.4999
27,466846,3.4999_-0.4912_-4.4821_-0.4912_3.4999,304450,1.5044_-1.4889_-1.4889_1.5044_4.4976
27,304450,1.5044_-1.4889_-1.4889_1.5044_4.4976,119395,2.5000_0.5101_0.5101_2.5000_4.4899
27,119395,2.5000_0.5101_0.5101_2.5000_4.4899,59697,3.4950_2.5000_1.5050_0.5101_2.5000
27,59697,3.4950_2.5000_1.5050_0.5101_2.5000,19899,2.5000_2.5000_1.5050_1.5050_2.5000
27,19899,2.5000_2.5000_1.5050_1.5050_2.5000,9950,2.5000_2.5000_1.5050_2.5000_2.5000
27,9950,2.5000_2.5000_1.5050_2.5000_2.5000,9950,2.5000_1.5050_2.5000_2.5000_2.5000
27,9950,2.5000_1.5050_2.5000_2.5000_2.5000,0,2.5000_2.5000_2.5000_2.5000_2.5000
27,0,2.5000_2.5000_2.5000_2.5000_2.5000,0,2.5000_2.5000_2.5000_2.5000_2.5000
27,0,2.5000_2.5000_2.5000_2.5000_2.5000,0,2.5000_2.5000_2.5000_2.5000_2.5000
27,0,2.5000_2.5000_2.5000_2.5000_2.5000,0,2.5000_2.5000_2.5000_2.5000_2.5000
27,0,2.5000_2.5000_2.5000_2.5000_2.5000,0,2.5000_2.5000_2.5000_2.5000_2.5000
28,356544,-0.4912_-2.4866_4.4976_0.5066_0.5066,334931,0.5066_-3.4844_3.4999_1.5044_1.5044
28,334931,0.5066_-3.4844_3.4999_1.5044_1.5044,273968,-0.4912_-1.4889_4.4976_0.5066_2.5021
28,273968,-0.4912_-1.4889_4.4976_0.5066_2.5021,217998,-1.4889_0.5066_4.4976_1.5044_3.4999
28,217998,-1.4889_0.5066_4.4976_1.5044_3.4999,205254,-0.4912_0.5066_4.4976_0.5066_4.4976
28,205254,-0.4912_0.5066_4.4976_0.5066_4.4976,99496,0.5101_2.5000_4.4899_1.5050_3.4950
28,99496,0.5101_2.5000_4.4899_1.5050_3.4950,59697,0.5101_2.5000_3.4950_2.5000_3.4950
28,59697,0.5101_2.5000_3.4950_2.5000_3.4950,39798,1.5050_3.4950_3.4950_2.5000_3.4950
28,39798,1.5050_3.4950_3.4950_2.5000_3.4950,39798,2.5000_3.4950_1.5050_3.4950_1.5050
28,39798,2.5000_3.4950_1.5050_3.4950_1.5050,9950,2.5000_2.5000_2.5000_3.4950_2.5000
28,9950,2.5000_2.5000_2.5000_3.4950_2.5000,0,2.5000_2.5000_2.5000_2.5000_2.5000
28,0,2.5000_2.5000_2.5000_2.5000_2.5000,0,2.5000_2.5000_2.5000_2.5000_2.5000
29,911329,-4.4821_0.5066_-1.4889_-4.4821_-2.4866,814890,-3.4844_1.5044_-1.4889_-3.4844_-3.4844
29,814890,-3.4844_1.5044_-1.4889_-3.4844_-3.4844,639750,-3.4844_2.5021_-2.4866_-1.4889_-1.4889
29,639750,-3.4844_2.5021_-2.4866_-1.4889_-1.4889,639750,-2.4866_2.5021_-3.4844_-1.4889_-1.4889
29,639750,-2.4866_2.5021_-3.4844_-1.4889_-1.4889,342503,-0.4912_1.5044_4.4976_1.5044_5.1200
29,342503,-0.4912_1.5044_4.4976_1.5044_5.1200,329759,-0.4912_2.5021_4.4976_1.5044_5.1200
29,329759,-0.4912_2.5021_4.4976_1.5044_5.1200,29849,1.5050_2.5000_3.4950_1.5050_2.5000
29,29849,1.5050_2.5000_3.4950_1.5050_2.5000,29849,1.5050_1.5050_2.5000_1.5050_2.5000
29,29849,1.5050_1.5050_2.5000_1.5050_2.5000,19899,1.5050_1.5050_2.5000_2.5000_2.5000
29,19899,1.5050_1.5050_2.5000_2.5000_2.5000,19899,2.5000_1.5050_2.5000_2.5000_1.5050
29,19899,2.5000_1.5050_2.5000_2.5000_1.5050,9950,2.5000_1.5050_2.5000_2.5000_2.5000
29,9950,2.5000_1.5050_2.5000_2.5000_2.5000,9950,2.5000_2.5000_2.5000_3.4950_2.5000
29,9950,2.5000_2.5000_2.5000_3.4950_2.5000,0,2.5000_2.5000_2.5000_2.5000_2.5000
29,0,2.5000_2.5000_2.5000_2.5000_2.5000,0,2.5000_2.5000_2.5000_2.5000_2.5000
29,0,2.5000_2.5000_2.5000_2.5000_2.5000,0,2.5000_2.5000_2.5000_2.5000_2.5000
30,129345,0.5101_0.5101_1.5050_2.5000_0.5101,69647,0.5101_1.5050_1.5050_2.5000_1.5050
30,69647,0.5101_1.5050_1.5050_2.5000_1.5050,29849,1.5050_1.5050_2.5000_1.5050_2.5000
30,29849,1.5050_1.5050_2.5000_1.5050_2.5000,19899,1.5050_2.5000_2.5000_1.5050_2.5000
30,19899,1.5050_2.5000_2.5000_1.5050_2.5000,9950,2.5000_2.5000_2.5000_1.5050_2.5000
30,9950,2.5000_2.5000_2.5000_1.5050_2.5000,0,2.5000_2.5000_2.5000_2.5000_2.5000
30,0,2.5000_2.5000_2.5000_2.5000_2.5000,0,2.5000_2.5000_2.5000_2.5000_2.5000
30,0,2.5000_2.5000_2.5000_2.5000_2.5000,0,2.5000_2.5000_2.5000_2.5000_2.5000
30,0,2.5000_2.5000_2.5000_2.5000_2.5000,0,2.5000_2.5000_2.5000_2.5000_2.5000
31,746786,-5.1200_-1.4889_4.4976_-0.4911_1.5044,588773,-4.4821_-1.4889_4.4976_-1.4889_0.5066
31,588773,-4.4821_-1.4889_4.4976_-1.4889_0.5066,402348,1.5043_0.5066_-1.4889_2.5021_5.1200
31,402348,1.5043_0.5066_-1.4889_2.5021_5.1200,234617,1.5044_0.5066_-1.4889_1.5044_4.4976
31,234617,1.5044_0.5066_-1.4889_1.5044_4.4976,179092,0.5101_1.5050_-0.4849_2.5000_4.4899
31,179092,0.5101_1.5050_-0.4849_2.5000_4.4899,169142,-1.4798_2.5000_1.5050_2.5000_2.5000
31,169142,-1.4798_2.5000_1.5050_2.5000_2.5000,149244,-0.4849_2.5000_0.5101_1.5050_3.4950
31,149244,-0.4849_2.5000_0.5101_1.5050_3.4950,139294,-0.4849_2.5000_1.5050_2.5000_4.4899
31,139294,-0.4849_2.5000_1.5050_2.5000_4.4899,109445,0.5101_1.5050_1.5050_1.5050_4.4899
31,109445,0.5101_1.5050_1.5050_1.5050_4.4899,59697,1.5050_2.5000_2.5000_1.5050_4.4899
31,59697,1.5050_2.5000_2.5000_1.5050_4.4899,29849,2.5000_3.4950_2.5000_1.5050_3.4950
31,29849,2.5000_3.4950_2.5000_1.5050_3.4950,29849,1.5050_3.4950_2.5000_2.5000_3.4950
31,29849,1.5050_3.4950_2.5000_2.5000_3.4950,19899,2.5000_3.4950_2.5000_2.5000_3.4950
31,19899,2.5000_3.4950_2.5000_2.5000_3.4950,9950,2.5000_1.5050_2.5000_2.5000_2.5000
31,9950,2.5000_1.5050_2.5000_2.5000_2.5000,9950,2.5000_2.5000_2.5000_3.4950_2.5000
31,9950,2.5000_2.5000_2.5000_3.4950_2.5000,9950,1.5050_2.5000_2.5000_2.5000_2.5000
31,9950,1.5050_2.5000_2.5000_2.5000_2.5000,0,2.5000_2.5000_2.5000_2.5000_2.5000
31,0,2.5000_2.5000_2.5000_2.5000_2.5000,0,2.5000_2.5000_2.5000_2.5000_2.5000
31,0,2.5000_2.5000_2.5000_2.5000_2.5000,0,2.5000_2.5000_2.5000_2.5000_2.5000
31,0,2.5000_2.5000_2.5000_2.5000_2.5000,0,2.5000_2.5000_2.5000_2.5000_2.5000
31,0,2.5000_2.5000_2.5000_2.5000_2.5000,0,2.5000_2.5000_2.5000_2.5000_2.5000
31,0,2.5000_2.5000_2.5000_2.5000_2.5000,0,2.5000_2.5000_2.5000_2.5000_2.5000
32,670231,1.5044_-1.4889_-4.4821_-1.4889_-1.4889,578786,1.5043_0.5066_-4.4821_-2.4866_0.5066
32,578786,1.5043_0.5066_-4.4821_-2.4866_0.5066,539435,1.5044_-1.4889_-4.4821_-0.4912_1.5044
32,539435,1.5044_-1.4889_-4.4821_-0.4912_1.5044,495091,-1.4889_-0.4912_-1.4889_-2.4866_2.5021
32,495091,-1.4889_-0.4912_-1.4889_-2.4866_2.5021,474596,0.5066_1.5044_-2.4866_-3.4844_3.4999
32,474596,0.5066_1.5044_-2.4866_-3.4844_3.4999,260105,1.5044_1.5044_-0.4912_-1.4889_3.4999
32,260105,1.5044_1.5044_-0.4912_-1.4889_3.4999,159193,2.5000_0.5101_0.5101_0.5101_4.4899
32,159193,2.5000_0.5101_0.5101_0.5101_4.4899,149244,2.5000_-0.4849_1.5050_1.5050_4.4899
32,149244,2.5000_-0.4849_1.5050_1.5050_4.4899,119395,2.5000_0.5101_0.5101_2.5000_4.4899
32,119395,2.5000_0.5101_0.5101_2.5000_4.4899,79597,1.5050_3.4950_1.5050_3.4950_0.5101
32,79597,1.5050_3.4950_1.5050_3.4950_0.5101,59697,2.5000_3.4950_1.5050_2.5000_0.5101
32,59697,2.5000_3.4950_1.5050_2.5000_0.5101,39798,1.5050_3.4950_1.5050_2.5000_1.5050
32,39798,1.5050_3.4950_1.5050_2.5000_1.5050,29849,1.5050_2.5000_2.5000_1.5050_1.5050
32,29849,1.5050_2.5000_2.5000_1.5050_1.5050,19899,2.5000_2.5000_2.5000_1.5050_1.5050
32,19899,2.5000_2.5000_2.5000_1.5050_1.5050,9950,2.5000_2.5000_2.5000_2.5000_1.5050
32,9950,2.5000_2.5000_2.5000_2.5000_1.5050,9950,2.5000_2.5000_3.4950_2.5000_2.5000
32,9950,2.5000_2.5000_3.4950_2.5000_2.5000,0,2.5000_2.5000_2.5000_2.5000_2.5000
32,0,2.5000_2.5000_2.5000_2.5000_2.5000,0,2.5000_2.5000_2.5000_2.5000_2.5000
32,0,2.5000_2.5000_2.5000_2.5000_2.5000,0,2.5000_2.5000_2.5000_2.5000_2.5000
32,0,2.5000_2.5000_2.5000_2.5000_2.5000,0,2.5000_2.5000_2.5000_2.5000_2.5000
32,0,2.5000_2.5000_2.5000_2.5000_2.5000,0,2.5000_2.5000_2.5000_2.5000_2.5000
33,140415,0.5066_4.4976_0.5066_2.5021_4.4976,109445,0.5101_3.4950_1.5050_1.5050_4.4899
33,109445,0.5101_3.4950_1.5050_1.5050_4.4899,59697,1.5050_0.5101_2.5000_2.5000_1.5050
33,59697,1.5050_0.5101_2.5000_2.5000_1.5050,59697,1.5050_0.5101_2.5000_2.5000_1.5050
33,59697,1.5050_0.5101_2.5000_2.5000_1.5050,39798,3.4950_1.5050_3.4950_2.5000_1.5050
33,39798,3.4950_1.5050_3.4950_2.5000_1.5050,9950,3.4950_2.5000_2.5000_2.5000_2.5000
33,9950,3.4950_2.5000_2.5000_2.5000_2.5000,9950,3.4950_2.5000_2.5000_2.5000_2.5000
33,9950,3.4950_2.5000_2.5000_2.5000_2.5000,0,2.5000_2.5000_2.5000_2.5000_2.5000
33,0,2.5000_2.5000_2.5000_2.5000_2.5000,0,2.5000_2.5000_2.5000_2.5000_2.5000
33,0,2.5000_2.5000_2.5000_2.5000_2.5000,0,2.5000_2.5000_2.5000_2.5000_2.5000
33,0,2.5000_2.5000_2.5000_2.5000_2.5000,0,2.5000_2.5000_2.5000_2.5000_2.5000
34,369288,1.5043_-0.4911_-3.4844_1.5043_2.5021,312200,2.5021_2.5021_-1.4889_-1.4889_0.5066
34,312200,2.5021_2.5021_-1.4889_-1.4889_0.5066,294462,1.5044_1.5044_0.5066_-2.4866_1.5043
34,294462,1.5044_1.5044_0.5066_-2.4866_1.5043,248739,2.5000_0.5101_0.5101_-1.4798_1.5050
34,248739,2.5000_0.5101_0.5101_-1.4798_1.5050,149244,2.5000_1.5050_0.5101_-0.4849_1.5050
34,149244,2.5000_1.5050_0.5101_-0.4849_1.5050,109445,2.5000_2.5000_1.5050_-0.4849_1.5050
34,109445,2.5000_2.5000_1.5050_-0.4849_1.5050,59697,3.4950_3.4950_2.5000_0.5101_2.5000
34,59697,3.4950_3.4950_2.5000_0.5101_2.5000,49748,3.4950_2.5000_2.5000_0.5101_2.5000
34,49748,3.4950_2.5000_2.5000_0.5101_2.5000,39798,2.5000_2.5000_2.5000_0.5101_2.5000
34,39798,2.5000_2.5000_2.5000_0.5101_2.5000,19899,2.5000_3.4950_2.5000_1.5050_2.5000
34,19899,2.5000_3.4950_2.5000_1.5050_2.5000,9950,2.5000_2.5000_3.4950_2.5000_2.5000
34,9950,2.5000_2.5000_3.4950_2.5000_2.5000,0,2.5000_2.5000_2.5000_2.5000_2.5000
34,0,2.5000_2.5000_2.5000_2.5000_2.5000,0,2.5000_2.5000_2.5000_2.5000_2.5000
34,0,2.5000_2.5000_2.5000_2.5000_2.5000,0,2.5000_2.5000_2.5000_2.5000_2.5000
35,495091,-3.4844_-1.4889_1.5044_0.5066_-0.4911,438002,-2.4866_-1.4889_1.5044_-0.4912_0.5066
35,438002,-2.4866_-1.4889_1.5044_-0.4912_0.5066,337688,-2.4866_0.5066_0.5066_0.5066_1.5044
35,337688,-2.4866_0.5066_0.5066_0.5066_1.5044,263980,-0.4912_1.5044_-1.4889_1.5044_2.5021
35,263980,-0.4912_1.5044_-1.4889_1.5044_2.5021,189042,-0.4849_2.5000_-0.4849_2.5000_1.5050
35,189042,-0.4849_2.5000_-0.4849_2.5000_1.5050,189042,-0.4849_2.5000_-0.4849_2.5000_1.5050
35,189042,-0.4849_2.5000_-0.4849_2.5000_1.5050,99496,1.5050_1.5050_0.5101_0.5101_2.5000
35,99496,1.5050_1.5050_0.5101_0.5101_2.5000,99496,1.5050_1.5050_0.5101_0.5101_2.5000
35,99496,1.5050_1.5050_0.5101_0.5101_2.5000,69647,2.5000_1.5050_0.5101_1.5050_3.4950
35,69647,2.5000_1.5050_0.5101_1.5050_3.4950,19899,1.5050_2.5000_1.5050_2.5000_2.5000
35,19899,1.5050_2.5000_1.5050_2.5000_2.5000,19899,2.5000_2.5000_1.5050_2.5000_1.5050
35,19899,2.5000_2.5000_1.5050_2.5000_1.5050,0,2.5000_2.5000_2.5000_2.5000_2.5000
35,0,2.5000_2.5000_2.5000_2.5000_2.5000,0,2.5000_2.5000_2.5000_2.5000_2.5000
35,0,2.5000_2.5000_2.5000_2.5000_2.5000,0,2.5000_2.5000_2.5000_2.5000_2.5000
35,0,2.5000_2.5000_2.5000_2.5000_2.5000,0,2.5000_2.5000_2.5000_2.5000_2.5000
36,574911,-0.4911_3.4999_-4.4821_-0.4912_-1.4889,474597,-0.4912_4.4976_-2.4866_0.5066_-2.4866
36,474597,-0.4912_4.4976_-2.4866_0.5066_-2.4866,270093,1.5044_4.4976_-2.4866_2.5021_0.5066
36,270093,1.5044_4.4976_-2.4866_2.5021_0.5066,139294,-0.4849_2.5000_0.5101_1.5050_2.5000
36,139294,-0.4849_2.5000_0.5101_1.5050_2.5000,129344,-0.4849_3.4950_1.5050_1.5050_3.4950
36,129344,-0.4849_3.4950_1.5050_1.5050_3.4950,59697,0.5101_2.5000_1.5050_2.5000_3.4950
36,59697,0.5101_2.5000_1.5050_2.5000_3.4950,49748,0.5101_2.5000_1.5050_2.5000_2.5000
36,49748,0.5101_2.5000_1.5050_2.5000_2.5000,19899,1.5050_2.5000_2.5000_1.5050_2.5000
36,19899,1.5050_2.5000_2.5000_1.5050_2.5000,9950,2.5000_2.5000_2.5000_1.5050_2.5000
36,9950,2.5000_2.5000_2.5000_1.5050_2.5000,0,2.5000_2.5000_2.5000_2.5000_2.5000
36,0,2.5000_2.5000_2.5000_2.5000_2.5000,0,2.5000_2.5000_2.5000_2.5000_2.5000
36,0,2.5000_2.5000_2.5000_2.5000_2.5000,0,2.5000_2.5000_2.5000_2.5000_2.5000
36,0,2.5000_2.5000_2.5000_2.5000_2.5000,0,2.5000_2.5000_2.5000_2.5000_2.5000
36,0,2.5000_2.5000_2.5000_2.5000_2.5000,0,2.5000_2.5000_2.5000_2.5000_2.5000
36,0,2.5000_2.5000_2.5000_2.5000_2.5000,0,2.5000_2.5000_2.5000_2.5000_2.5000
36,0,2.5000_2.5000_2.5000_2.5000_2.5000,0,2.5000_2.5000_2.5000_2.5000_2.5000
37,422501,-0.4912_2.5021_2.5021_1.5044_-4.4821,281718,1.5044_0.5066_1.5044_2.5021_-2.4867
37,281718,1.5044_0.5066_1.5044_2.5021_-2.4867,149244,0.5101_1.5050_2.5000_1.5050_-0.4849
37,149244,0.5101_1.5050_2.5000_1.5050_-0.4849,119395,1.5050_1.5050_2.5000_1.5050_-0.4849
37,119395,1.5050_1.5050_2.5000_1.5050_-0.4849,69647,1.5050_1.5050_3.4950_2.5000_0.5101
37,69647,1.5050_1.5050_3.4950_2.5000_0.5101,29849,1.5050_2.5000_3.4950_2.5000_1.5050
37,29849,1.5050_2.5000_3.4950_2.5000_1.5050,9950,2.5000_2.5000_3.4950_2.5000_2.5000
37,9950,2.5000_2.5000_3.4950_2.5000_2.5000,0,2.5000_2.5000_2.5000_2.5000_2.5000
37,0,2.5000_2.5000_2.5000_2.5000_2.5000,0,2.5000_2.5000_2.5000_2.5000_2.5000
37,0,2.5000_2.5000_2.5000_2.5000_2.5000,0,2.5000_2.5000_2.5000_2.5000_2.5000
37,0,2.5000_2.5000_2.5000_2.5000_2.5000,0,2.5000_2.5000_2.5000_2.5000_2.5000
38,332175,3.4999_3.4999_-3.4844_3.4999_-0.4912,282837,3.4999_1.5043_-1.4889_3.4999_-1.4889
38,282837,3.4999_1.5043_-1.4889_3.4999_-1.4889,200260,3.4999_0.5066_-0.4912_4.4976_0.5066
38,200260,3.4999_0.5066_-0.4912_4.4976_0.5066,159193,3.4950_-0.4849_0.5101_3.4950_1.5050
38,159193,3.4950_-0.4849_0.5101_3.4950_1.5050,89546,2.5000_0.5101_1.5050_4.4899_2.5000
38,89546,2.5000_0.5101_1.5050_4.4899_2.5000,49748,3.4950_1.5050_1.5050_3.4950_1.5050
38,49748,3.4950_1.5050_1.5050_3.4950_1.5050,39798,2.5000_1.5050_1.5050_3.4950_1.5050
38,39798,2.5000_1.5050_1.5050_3.4950_1.5050,29849,3.4950_1.5050_2.5000_2.5000_1.5050
38,29849,3.4950_1.5050_2.5000_2.5000_1.5050,19899,2.5000_1.5050_3.4950_2.5000_2.5000
38,19899,2.5000_1.5050_3.4950_2.5000_2.5000,9950,1.5050_2.5000_2.5000_2.5000_2.5000
38,9950,1.5050_2.5000_2.5000_2.5000_2.5000,0,2.5000_2.5000_2.5000_2.5000_2.5000
38,0,2.5000_2.5000_2.5000_2.5000_2.5000,0,2.5000_2.5000_2.5000_2.5000_2.5000
38,0,2.5000_2.5000_2.5000_2.5000_2.5000,0,2.5000_2.5000_2.5000_2.5000_2.5000
38,0,2.5000_2.5000_2.5000_2.5000_2.5000,0,2.5000_2.5000_2.5000_2.5000_2.5000
39,451865,-2.4866_1.5044_-2.4866_2.5021_-0.4912,312200,-1.4889_2.5021_-1.4889_2.5021_0.5066
39,312200,-1.4889_2.5021_-1.4889_2.5021_0.5066,308325,-1.4889_3.4999_-1.4889_2.5021_0.5066
39,308325,-1.4889_3.4999_-1.4889_2.5021_0.5066,265099,-0.4912_3.4999_-1.4889_3.4999_0.5066
39,265099,-0.4912_3.4999_-1.4889_3.4999_0.5066,99496,1.5050_4.4899_0.5101_3.4950_2.5000
39,99496,1.5050_4.4899_0.5101_3.4950_2.5000,39798,1.5050_2.5000_1.5050_3.4950_3.4950
39,39798,1.5050_2.5000_1.5050_3.4950_3.4950,29849,1.5050_1.5050_2.5000_2.5000_3.4950
39,29849,1.5050_1.5050_2.5000_2.5000_3.4950,29849,1.5050_1.5050_2.5000_2.5000_3.4950
39,29849,1.5050_1.5050_2.5000_2.5000_3.4950,19899,2.5000_1.5050_2.5000_2.5000_3.4950
39,19899,2.5000_1.5050_2.5000_2.5000_3.4950,9950,2.5000_1.5050_2.5000_2.5000_2.5000
39,9950,2.5000_1.5050_2.5000_2.5000_2.5000,9950,2.5000_2.5000_2.5000_3.4950_2.5000
39,9950,2.5000_2.5000_2.5000_3.4950_2.5000,0,2.5000_2.5000_2.5000_2.5000_2.5000
39,0,2.5000_2.5000_2.5000_2.5000_2.5000,0,2.5000_2.5000_2.5000_2.5000_2.5000
39,0,2.5000_2.5000_2.5000_2.5000_2.5000,0,2.5000_2.5000_2.5000_2.5000_2.5000
40,418626,2.5021_1.5044_-0.4912_-4.4821_3.4999,305568,3.4999_2.5021_0.5066_-3.4844_3.4999
40,305568,3.4999_2.5021_0.5066_-3.4844_3.4999,291706,3.4999_3.4999_-0.4912_-2.4866_1.5044
40,291706,3.4999_3.4999_-0.4912_-2.4866_1.5044,85564,4.4976_4.4976_2.5021_1.5044_4.4976
40,85564,4.4976_4.4976_2.5021_1.5044_4.4976,71701,4.4976_3.4999_3.4999_1.5044_3.4999
40,71701,4.4976_3.4999_3.4999_1.5044_3.4999,71701,3.4999_3.4999_4.4976_1.5044_3.4999
40,71701,3.4999_3.4999_4.4976_1.5044_3.4999,29849,3.4950_2.5000_3.4950_2.5000_3.4950
40,29849,3.4950_2.5000_3.4950_2.5000_3.4950,29849,3.4950_3.4950_2.5000_3.4950_2.5000
40,29849,3.4950_3.4950_2.5000_3.4950_2.5000,9950,3.4950_2.5000_2.5000_2.5000_2.5000
40,9950,3.4950_2.5000_2.5000_2.5000_2.5000,9950,2.5000_2.5000_3.4950_2.5000_2.5000
40,9950,2.5000_2.5000_3.4950_2.5000_2.5000,9950,2.5000_2.5000_3.4950_2.5000_2.5000
40,9950,2.5000_2.5000_3.4950_2.5000_2.5000,9950,2.5000_2.5000_2.5000_3.4950_2.5000
40,9950,2.5000_2.5000_2.5000_3.4950_2.5000,9950,2.5000_2.5000_2.5000_3.4950_2.5000
40,9950,2.5000_2.5000_2.5000_3.4950_2.5000,0,2.5000_2.5000_2.5000_2.5000_2.5000
40,0,2.5000_2.5000_2.5000_2.5000_2.5000,0,2.5000_2.5000_2.5000_2.5000_2.5000
41,571036,1.5044_3.4999_-0.4912_-2.4866_-4.4821,508953,1.5044_2.5021_-0.4912_-2.4866_-3.4844
41,508953,1.5044_2.5021_-0.4912_-2.4866_-3.4844,474596,1.5044_3.4999_0.5066_-2.4866_-3.4844
41,474596,1.5044_3.4999_0.5066_-2.4866_-3.4844,420265,-0.4912_1.5044_-1.4889_-0.4911_-1.4889
41,420265,-0.4912_1.5044_-1.4889_-0.4911_-1.4889,407520,-1.4889_2.5021_-0.4912_-0.4912_-1.4889
41,407520,-1.4889_2.5021_-0.4912_-0.4912_-1.4889,377039,-1.4889_2.5021_-0.4912_0.5066_-1.4889
41,377039,-1.4889_2.5021_-0.4912_0.5066_-1.4889,373164,-1.4889_3.4999_0.5066_-0.4912_-1.4889
41,373164,-1.4889_3.4999_0.5066_-0.4912_-1.4889,238790,0.5101_3.4950_-0.4849_1.5050_-0.4849
41,238790,0.5101_3.4950_-0.4849_1.5050_-0.4849,159193,1.5050_3.4950_1.5050_-0.4849_0.5101
41,159193,1.5050_3.4950_1.5050_-0.4849_0.5101,149244,2.5000_3.4950_0.5101_-0.4849_1.5050
41,149244,2.5000_3.4950_0.5101_-0.4849_1.5050,69647,3.4950_2.5000_1.5050_0.5101_1.5050
41,69647,3.4950_2.5000_1.5050_0.5101_1.5050,39798,3.4950_3.4950_1.5050_1.5050_2.5000
41,39798,3.4950_3.4950_1.5050_1.5050_2.5000,19899,1.5050_1.5050_2.5000_2.5000_2.5000
41,19899,1.5050_1.5050_2.5000_2.5000_2.5000,19899,2.5000_1.5050_2.5000_2.5000_3.4950
41,19899,2.5000_1.5050_2.5000_2.5000_3.4950,19899,1.5050_2.5000_2.5000_3.4950_2.5000
41,19899,1.5050_2.5000_2.5000_3.4950_2.5000,19899,1.5050_2.5000_2.5000_3.4950_2.5000
41,19899,1.5050_2.5000_2.5000_3.4950_2.5000,9950,2.5000_2.5000_2.5000_3.4950_2.5000
41,9950,2.5000_2.5000_2.5000_3.4950_2.5000,9950,2.5000_2.5000_2.5000_3.4950_2.5000
41,9950,2.5000_2.5000_2.5000_3.4950_2.5000,0,2.5000_2.5000_2.5000_2.5000_2.5000
41,0,2.5000_2.5000_2.5000_2.5000_2.5000,0,2.5000_2.5000_2.5000_2.5000_2.5000
42,595405,1.5044_-1.4889_-2.4866_-2.4866_-1.4889,495091,2.5021_-1.4889_-2.4866_-1.4889_-0.4912
42,495091,2.5021_-1.4889_-2.4866_-1.4889_-0.4912,189041,-1.4798_2.5000_1.5050_1.5050_3.4950
42,189041,-1.4798_2.5000_1.5050_1.5050_3.4950,179092,-0.4849_1.5050_0.5101_2.5000_4.4899
42,179092,-0.4849_1.5050_0.5101_2.5000_4.4899,79597,1.5050_0.5101_1.5050_3.4950_1.5050
42,79597,1.5050_0.5101_1.5050_3.4950_1.5050,79597,1.5050_0.5101_1.5050_3.4950_1.5050
42,79597,1.5050_0.5101_1.5050_3.4950_1.5050,59697,2.5000_0.5101_2.5000_3.4950_1.5050
42,59697,2.5000_0.5101_2.5000_3.4950_1.5050,29849,2.5000_1.5050_1.5050_2.5000_1.5050
42,29849,2.5000_1.5050_1.5050_2.5000_1.5050,9950,2.5000_2.5000_1.5050_2.5000_2.5000
42,9950,2.5000_2.5000_1.5050_2.5000_2.5000,0,2.5000_2.5000_2.5000_2.5000_2.5000
42,0,2.5000_2.5000_2.5000_2.5000_2.5000,0,2.5000_2.5000_2.5000_2.5000_2.5000
42,0,2.5000_2.5000_2.5000_2.5000_2.5000,0,2.5000_2.5000_2.5000_2.5000_2.5000
43,775539,-1.4889_-3.4844_-1.4889_-4.4821_1.5044,684094,-2.4866_-1.4889_-3.4844_-2.4866_3.4999
43,684094,-2.4866_-1.4889_-3.4844_-2.4866_3.4999,578786,-1.4889_-1.4889_-2.4866_-2.4866_3.4999
43,578786,-1.4889_-1.4889_-2.4866_-2.4866_3.4999,539435,-1.4889_-0.4911_-2.4867_-2.4866_3.4998
43,539435,-1.4889_-0.4911_-2.4867_-2.4866_3.4998,377039,-0.4912_1.5044_-0.4912_-2.4866_1.5044
43,377039,-0.4912_1.5044_-0.4912_-2.4866_1.5044,368170,-0.4912_1.5044_-1.4889_-1.4889_1.5044
43,368170,-0.4912_1.5044_-1.4889_-1.4889_1.5044,316075,-0.4912_1.5044_-1.4889_-0.4912_2.5021
43,316075,-0.4912_1.5044_-1.4889_-0.4912_2.5021,238789,-1.4798_2.5000_0.5101_0.5101_2.5000
43,238789,-1.4798_2.5000_0.5101_0.5101_2.5000,189041,-1.4798_2.5000_1.5050_1.5050_3.4950
43,189041,-1.4798_2.5000_1.5050_1.5050_3.4950,139294,-0.4849_2.5000_0.5101_2.5000_3.4950
43,139294,-0.4849_2.5000_0.5101_2.5000_3.4950,49748,1.5050_1.5050_1.5050_3.4950_1.5050
43,49748,1.5050_1.5050_1.5050_3.4950_1.5050,19899,1.5050_1.5050_2.5000_2.5000_2.5000
43,19899,1.5050_1.5050_2.5000_2.5000_2.5000,9950,2.5000_2.5000_1.5050_2.5000_2.5000
43,9950,2.5000_2.5000_1.5050_2.5000_2.5000,0,2.5000_2.5000_2.5000_2.5000_2.5000
43,0,2.5000_2.5000_2.5000_2.5000_2.5000,0,2.5000_2.5000_2.5000_2.5000_2.5000
43,0,2.5000_2.5000_2.5000_2.5000_2.5000,0,2.5000_2.5000_2.5000_2.5000_2.5000
43,0,2.5000_2.5000_2.5000_2.5000_2.5000,0,2.5000_2.5000_2.5000_2.5000_2.5000
44,238790,1.5050_-0.4848_1.5050_-0.4848_0.5101,179092,2.5000_0.5101_0.5101_-0.4849_1.5050
44,179092,2.5000_0.5101_0.5101_-0.4849_1.5050,119395,1.5050_1.5050_1.5050_-0.4849_2.5000
44,119395,1.5050_1.5050_1.5050_-0.4849_2.5000,109445,1.5050_1.5050_2.5000_-0.4849_2.5000
44,109445,1.5050_1.5050_2.5000_-0.4849_2.5000,99496,2.5000_0.5101_0.5101_1.5050_3.4950
44,99496,2.5000_0.5101_0.5101_1.5050_3.4950,59697,2.5000_0.5101_1.5050_2.5000_3.4950
44,59697,2.5000_0.5101_1.5050_2.5000_3.4950,39798,2.5000_1.5050_1.5050_3.4950_3.4950
44,39798,2.5000_1.5050_1.5050_3.4950_3.4950,29849,1.5050_1.5050_1.5050_2.5000_2.5000
44,29849,1.5050_1.5050_1.5050_2.5000_2.5000,19899,1.5050_2.5000_1.5050_2.5000_2.5000
44,19899,1.5050_2.5000_1.5050_2.5000_2.5000,19899,1.5050_1.5050_2.5000_2.5000_2.5000
44,19899,1.5050_1.5050_2.5000_2.5000_2.5000,9950,2.5000_1.5050_2.5000_2.5000_2.5000
44,9950,2.5000_1.5050_2.5000_2.5000_2.5000,9950,3.4950_2.5000_2.5000_2.5000_2.5000
44,9950,3.4950_2.5000_2.5000_2.5000_2.5000,9950,2.5000_2.5000_1.5050_2.5000_2.5000
44,9950,2.5000_2.5000_1.5050_2.5000_2.5000,9950,2.5000_2.5000_1.5050_2.5000_2.5000
44,9950,2.5000_2.5000_1.5050_2.5000_2.5000,0,2.5000_2.5000_2.5000_2.5000_2.5000
44,0,2.5000_2.5000_2.5000_2.5000_2.5000,0,2.5000_2.5000_2.5000_2.5000_2.5000
44,0,2.5000_2.5000_2.5000_2.5000_2.5000,0,2.5000_2.5000_2.5000_2.5000_2.5000
44,0,2.5000_2.5000_2.5000_2.5000_2.5000,0,2.5000_2.5000_2.5000_2.5000_2.5000
44,0,2.5000_2.5000_2.5000_2.5000_2.5000,0,2.5000_2.5000_2.5000_2.5000_2.5000
44,0,2.5000_2.5000_2.5000_2.5000_2.5000,0,2.5000_2.5000_2.5000_2.5000_2.5000
45,752808,-3.4844_-1.4889_-2.4866_-0.4912_-2.4866,691844,-3.4844_-3.4844_0.5066_-1.4889_-0.4912
45,691844,-3.4844_-3.4844_0.5066_-1.4889_-0.4912,652494,-1.4889_-4.4821_-1.4889_-0.4912_0.5066
45,652494,-1.4889_-4.4821_-1.4889_-0.4912_0.5066,595405,-0.4912_-3.4844_-2.4867_0.5066_-0.4912
45,595405,-0.4912_-3.4844_-2.4867_0.5066_-0.4912,516704,0.5066_-3.4844_-1.4889_0.5066_-0.4912
45,516704,0.5066_-3.4844_-1.4889_0.5066_-0.4912,473478,-0.4912_-3.4844_-1.4889_1.5044_1.5044
45,473478,-0.4912_-3.4844_-1.4889_1.5044_1.5044,389783,1.5044_-1.4889_-1.4889_0.5066_-0.4911
45,389783,1.5044_-1.4889_-1.4889_0.5066_-0.4911,319950,1.5044_0.5066_-0.4912_-1.4889_0.5066
45,319950,1.5044_0.5066_-0.4912_-1.4889_0.5066,307206,2.5021_0.5066_0.5066_-1.4889_-0.4912
45,307206,2.5021_0.5066_0.5066_-1.4889_-0.4912,149244,2.5000_-0.4849_1.5050_0.5101_1.5050
45,149244,2.5000_-0.4849_1.5050_0.5101_1.5050,109445,3.4950_0.5101_1.5050_0.5101_1.5050
45,109445,3.4950_0.5101_1.5050_0.5101_1.5050,99496,4.4899_1.5050_2.5000_1.5050_0.5101
45,99496,4.4899_1.5050_2.5000_1.5050_0.5101,89546,4.4899_2.5000_2.5000_0.5101_1.5050
45,89546,4.4899_2.5000_2.5000_0.5101_1.5050,69647,3.4950_2.5000_3.4950_0.5101_1.5050
45,69647,3.4950_2.5000_3.4950_0.5101_1.5050,59697,3.4950_2.5000_2.5000_1.5050_0.5101
45,59697,3.4950_2.5000_2.5000_1.5050_0.5101,9950,2.5000_2.5000_2.5000_2.5000_1.5050
45,9950,2.5000_2.5000_2.5000_2.5000_1.5050,9950,2.5000_2.5000_2.5000_2.5000_1.5050
45,9950,2.5000_2.5000_2.5000_2.5000_1.5050,9950,2.5000_3.4950_2.5000_2.5000_2.5000
45,9950,2.5000_3.4950_2.5000_2.5000_2.5000,0,2.5000_2.5000_2.5000_2.5000_2.5000
45,0,2.5000_2.5000_2.5000_2.5000_2.5000,0,2.5000_2.5000_2.5000_2.5000_2.5000
46,355426,0.5066_-2.4866_-0.4912_0.5066_2.5021,321069,0.5066_-2.4866_0.5066_0.5066_3.4999
46,321069,0.5066_-2.4866_0.5066_0.5066_3.4999,308325,-0.4912_-2.4867_1.5044_1.5044_3.4999
46,308325,-0.4912_-2.4867_1.5044_1.5044_3.4999,228840,0.5101_-0.4849_2.5000_-0.4849_1.5050
46,228840,0.5101_-0.4849_2.5000_-0.4849_1.5050,65070,4.4976_4.4976_3.4999_3.4999_4.4976
46,65070,4.4976_4.4976_3.4999_3.4999_4.4976,59697,3.4950_2.5000_2.5000_4.4899_3.4950
46,59697,3.4950_2.5000_2.5000_4.4899_3.4950,39798,2.5000_2.5000_2.5000_4.4899_2.5000
46,39798,2.5000_2.5000_2.5000_4.4899_2.5000,29849,2.5000_3.4950_2.5000_3.4950_3.4950
46,29849,2.5000_3.4950_2.5000_3.4950_3.4950,29849,3.4950_3.4950_2.5000_3.4950_2.5000
46,29849,3.4950_3.4950_2.5000_3.4950_2.5000,29849,3.4950_2.5000_2.5000_3.4950_3.4950
46,29849,3.4950_2.5000_2.5000_3.4950_3.4950,29849,3.4950_3.4950_2.5000_2.5000_3.4950
46,29849,3.4950_3.4950_2.5000_2.5000_3.4950,29849,2.5000_3.4950_2.5000_3.4950_3.4950
46,29849,2.5000_3.4950_2.5000_3.4950_3.4950,19899,3.4950_2.5000_2.5000_3.4950_2.5000
46,19899,3.4950_2.5000_2.5000_3.4950_2.5000,19899,3.4950_2.5000_3.4950_2.5000_2.5000
46,19899,3.4950_2.5000_3.4950_2.5000_2.5000,9950,2.5000_2.5000_3.4950_2.5000_2.5000
46,9950,2.5000_2.5000_3.4950_2.5000_2.5000,9950,2.5000_2.5000_2.5000_2.5000_3.4950
46,9950,2.5000_2.5000_2.5000_2.5000_3.4950,9950,2.5000_3.4950_2.5000_2.5000_2.5000
46,9950,2.5000_3.4950_2.5000_2.5000_2.5000,0,2.5000_2.5000_2.5000_2.5000_2.5000
46,0,2.5000_2.5000_2.5000_2.5000_2.5000,0,2.5000_2.5000_2.5000_2.5000_2.5000
46,0,2.5000_2.5000_2.5000_2.5000_2.5000,0,2.5000_2.5000_2.5000_2.5000_2.5000
47,977434,5.1200_5.1200_5.1200_5.1200_5.1200,796958,5.1200_4.4976_5.1200_5.1200_5.1200
47,796958,5.1200_4.4976_5.1200_5.1200_5.1200,611489,4.4976_3.4999_5.1200_5.1200_5.1200
47,611489,4.4976_3.4999_5.1200_5.1200_5.1200,254414,4.4976_2.5021_4.4976_4.4976_5.1200
47,254414,4.4976_2.5021_4.4976_4.4976_5.1200,247183,2.5021_2.5021_2.5021_3.4999_5.1200
47,247183,2.5021_2.5021_2.5021_3.4999_5.1200,69647,2.5000_1.5050_1.5050_3.4950_4.4899
47,69647,2.5000_1.5050_1.5050_3.4950_4.4899,19899,2.5000_2.5000_2.5000_3.4950_3.4950
47,19899,2.5000_2.5000_2.5000_3.4950_3.4950,9950,2.5000_2.5000_2.5000_2.5000_3.4950
47,9950,2.5000_2.5000_2.5000_2.5000_3.4950,9950,2.5000_3.4950_2.5000_2.5000_2.5000
47,9950,2.5000_3.4950_2.5000_2.5000_2.5000,9950,2.5000_2.5000_2.5000_2.5000_1.5050
47,9950,2.5000_2.5000_2.5000_2.5000_1.5050,9950,3.4950_2.5000_2.5000_2.5000_2.5000
47,9950,3.4950_2.5000_2.5000_2.5000_2.5000,0,2.5000_2.5000_2.5000_2.5000_2.5000
47,0,2.5000_2.5000_2.5000_2.5000_2.5000,0,2.5000_2.5000_2.5000_2.5000_2.5000
47,0,2.5000_2.5000_2.5000_2.5000_2.5000,0,2.5000_2.5000_2.5000_2.5000_2.5000
47,0,2.5000_2.5000_2.5000_2.5000_2.5000,0,2.5000_2.5000_2.5000_2.5000_2.5000
47,0,2.5000_2.5000_2.5000_2.5000_2.5000,0,2.5000_2.5000_2.5000_2.5000_2.5000
47,0,2.5000_2.5000_2.5000_2.5000_2.5000,0,2.5000_2.5000_2.5000_2.5000_2.5000
47,0,2.5000_2.5000_2.5000_2.5000_2.5000,0,2.5000_2.5000_2.5000_2.5000_2.5000
48,548304,2.5021_-1.4889_1.5044_-3.4844_-2.4866,543310,1.5044_-2.4866_0.5066_-3.4844_-0.4912
48,543310,1.5044_-2.4866_0.5066_-3.4844_-0.4912,482347,2.5021_-3.4844_-0.4912_-1.4889_0.5066
48,482347,2.5021_-3.4844_-0.4912_-1.4889_0.5066,411396,0.5066_-1.4889_-0.4912_-1.4889_0.5066
48,411396,0.5066_-1.4889_-0.4912_-1.4889_0.5066,373163,1.5044_0.5066_-1.4889_-2.4866_2.5021
48,373163,1.5044_0.5066_-1.4889_-2.4866_2.5021,333813,1.5044_0.5066_-0.4912_-2.4866_2.5021
48,333813,1.5044_0.5066_-0.4912_-2.4866_2.5021,149244,2.5000_1.5050_0.5101_-0.4849_3.4950
48,149244,2.5000_1.5050_0.5101_-0.4849_3.4950,129344,2.5000_2.5000_0.5101_-0.4849_2.5000
48,129344,2.5000_2.5000_0.5101_-0.4849_2.5000,49748,2.5000_2.5000_1.5050_0.5101_2.5000
48,49748,2.5000_2.5000_1.5050_0.5101_2.5000,29849,3.4950_1.5050_2.5000_1.5050_2.5000
48,29849,3.4950_1.5050_2.5000_1.5050_2.5000,0,2.5000_2.5000_2.5000_2.5000_2.5000
48,0,2.5000_2.5000_2.5000_2.5000_2.5000,0,2.5000_2.5000_2.5000_2.5000_2.5000
48,0,2.5000_2.5000_2.5000_2.5000_2.5000,0,2.5000_2.5000_2.5000_2.5000_2.5000
49,544592,0.5066_5.1200_1.5044_5.1200_-0.4911,433949,1.5044_4.4976_-0.4912_5.1200_-1.4889
49,433949,1.5044_4.4976_-0.4912_5.1200_-1.4889,411217,0.5066_3.4999_-0.4912_5.1200_-0.4911
49,411217,0.5066_3.4999_-0.4912_5.1200_-0.4911,200260,-0.4912_4.4976_0.5066_3.4999_0.5066
49,200260,-0.4912_4.4976_0.5066_3.4999_0.5066,200260,-1.4889_2.5021_1.5044_4.4976_1.5044
49,200260,-1.4889_2.5021_1.5044_4.4976_1.5044,149244,-0.4849_2.5000_1.5050_3.4950_0.5101
49,149244,-0.4849_2.5000_1.5050_3.4950_0.5101,99496,0.5101_2.5000_1.5050_3.4950_0.5101
49,99496,0.5101_2.5000_1.5050_3.4950_0.5101,59697,2.5000_3.4950_0.5101_2.5000_1.5050
49,59697,2.5000_3.4950_0.5101_2.5000_1.5050,29849,2.5000_2.5000_1.5050_3.4950_1.5050
49,29849,2.5000_2.5000_1.5050_3.4950_1.5050,19899,2.5000_2.5000_1.5050_2.5000_1.5050
49,19899,2.5000_2.5000_1.5050_2.5000_1.5050,19899,2.5000_2.5000_1.5050_1.5050_2.5000
49,19899,2.5000_2.5000_1.5050_1.5050_2.5000,19899,2.5000_2.5000_2.5000_1.5050_3.4950
49,19899,2.5000_2.5000_2.5000_1.5050_3.4950,0,2.5000_2.5000_2.5000_2.5000_2.5000
49,0,2.5000_2.5000_2.5000_2.5000_2.5000,0,2.5000_2.5000_2.5000_2.5000_2.5000
49,0,2.5000_2.5000_2.5000_2.5000_2.5000,0,2.5000_2.5000_2.5000_2.5000_2.5000
50,218890,2.5000_0.5101_-0.4849_-0.4849_2.5000,169143,2.5000_0.5101_-0.4849_0.5101_2.5000
50,169143,2.5000_0.5101_-0.4849_0.5101_2.5000,109445,3.4950_1.5050_0.5101_0.5101_1.5050
50,109445,3.4950_1.5050_0.5101_0.5101_1.5050,99496,2.5000_1.5050_0.5101_0.5101_1.5050
50,99496,2.5000_1.5050_0.5101_0.5101_1.5050,99496,3.4950_-0.4849_2.5000_2.5000_2.5000
50,99496,3.4950_-0.4849_2.5000_2.5000_2.5000,59697,1.5050_0.5101_2.5000_2.5000_3.4950
50,59697,1.5050_0.5101_2.5000_2.5000_3.4950,29849,2.5000_1.5050_2.5000_3.4950_3.4950
50,29849,2.5000_1.5050_2.5000_3.4950_3.4950,29849,2.5000_1.5050_2.5000_3.4950_3.4950
50,29849,2.5000_1.5050_2.5000_3.4950_3.4950,19899,2.5000_1.5050_2.5000_2.5000_3.4950
50,19899,2.5000_1.5050_2.5000_2.5000_3.4950,9950,2.5000_2.5000_2.5000_2.5000_3.4950
50,9950,2.5000_2.5000_2.5000_2.5000_3.4950,0,2.5000_2.5000_2.5000_2.5000_2.5000
50,0,2.5000_2.5000_2.5000_2.5000_2.5000,0,2.5000_2.5000_2.5000_2.5000_2.5000
50,0,2.5000_2.5000_2.5000_2.5000_2.5000,0,2.5000_2.5000_2.5000_2.5000_2.5000
51,553119,5.1200_-4.4821_3.4999_0.5066_3.4999,460555,5.1200_-2.4866_3.4999_-0.4912_3.4999
51,460555,5.1200_-2.4866_3.4999_-0.4912_3.4999,205254,4.4976_-0.4912_4.4976_0.5066_0.5066
51,205254,4.4976_-0.4912_4.4976_0.5066_0.5066,157034,3.4999_-0.4912_4.4976_1.5044_1.5044
51,157034,3.4999_-0.4912_4.4976_1.5044_1.5044,119395,3.4950_-0.4849_3.4950_2.5000_1.5050
51,119395,3.4950_-0.4849_3.4950_2.5000_1.5050,118802,4.4976_0.5066_4.4976_1.5044_2.5021
51,118802,4.4976_0.5066_4.4976_1.5044_2.5021,59697,3.4950_0.5101_3.4950_2.5000_2.5000
51,59697,3.4950_0.5101_3.4950_2.5000_2.5000,59697,3.4950_0.5101_2.5000_3.4950_2.5000
51,59697,3.4950_0.5101_2.5000_3.4950_2.5000,49748,3.4950_0.5101_2.5000_2.5000_2.5000
51,49748,3.4950_0.5101_2.5000_2.5000_2.5000,19899,2.5000_1.5050_3.4950_2.5000_2.5000
51,19899,2.5000_1.5050_3.4950_2.5000_2.5000,19899,1.5050_2.5000_2.5000_2.5000_3.4950
51,19899,1.5050_2.5000_2.5000_2.5000_3.4950,19899,2.5000_1.5050_2.5000_1.5050_2.5000
51,19899,2.5000_1.5050_2.5000_1.5050_2.5000,9950,2.5000_2.5000_2.5000_1.5050_2.5000
51,9950,2.5000_2.5000_2.5000_1.5050_2.5000,9950,2.5000_2.5000_2.5000_1.5050_2.5000
51,9950,2.5000_2.5000_2.5000_1.5050_2.5000,0,2.5000_2.5000_2.5000_2.5000_2.5000
51,0,2.5000_2.5000_2.5000_2.5000_2.5000,0,2.5000_2.5000_2.5000_2.5000_2.5000
51,0,2.5000_2.5000_2.5000_2.5000_2.5000,0,2.5000_2.5000_2.5000_2.5000_2.5000
51,0,2.5000_2.5000_2.5000_2.5000_2.5000,0,2.5000_2.5000_2.5000_2.5000_2.5000
51,0,2.5000_2.5000_2.5000_2.5000_2.5000,0,2.5000_2.5000_2.5000_2.5000_2.5000
52,159193,1.5050_-0.4849_1.5050_0.5101_3.4950,129345,0.5101_0.5101_2.5000_0.5101_3.4950
52,129345,0.5101_0.5101_2.5000_0.5101_3.4950,99496,1.5050_0.5101_3.4950_0.5101_2.5000
52,99496,1.5050_0.5101_3.4950_0.5101_2.5000,89546,0.5101_0.5101_2.5000_1.5050_2.5000
52,89546,0.5101_0.5101_2.5000_1.5050_2.5000,69647,0.5101_1.5050_3.4950_1.5050_2.5000
52,69647,0.5101_1.5050_3.4950_1.5050_2.5000,49748,1.5050_1.5050_3.4950_1.5050_3.4950
52,49748,1.5050_1.5050_3.4950_1.5050_3.4950,9950,2.5000_2.5000_2.5000_1.5050_2.5000
52,9950,2.5000_2.5000_2.5000_1.5050_2.5000,9950,1.5050_2.5000_2.5000_2.5000_2.5000
52,9950,1.5050_2.5000_2.5000_2.5000_2.5000,9950,2.5000_3.4950_2.5000_2.5000_2.5000
52,9950,2.5000_3.4950_2.5000_2.5000_2.5000,9950,2.5000_2.5000_2.5000_1.5050_2.5000
52,9950,2.5000_2.5000_2.5000_1.5050_2.5000,0,2.5000_2.5000_2.5000_2.5000_2.5000
52,0,2.5000_2.5000_2.5000_2.5000_2.5000,0,2.5000_2.5000_2.5000_2.5000_2.5000
52,0,2.5000_2.5000_2.5000_2.5000_2.5000,0,2.5000_2.5000_2.5000_2.5000_2.5000
52,0,2.5000_2.5000_2.5000_2.5000_2.5000,0,2.5000_2.5000_2.5000_2.5000_2.5000
52,0,2.5000_2.5000_2.5000_2.5000_2.5000,0,2.5000_2.5000_2.5000_2.5000_2.5000
53,704069,-4.4821_4.4976_3.4999_-2.4866_-3.4844,633118,-4.4821_1.5044_4.4976_-0.4912_-3.4844
53,633118,-4.4821_1.5044_4.4976_-0.4912_-3.4844,505078,-3.4844_1.5044_3.4999_-0.4912_-2.4866
53,505078,-3.4844_1.5044_3.4999_-0.4912_-2.4866,505078,-3.4844_1.5044_3.4999_-0.4912_-2.4866
53,505078,-3.4844_1.5044_3.4999_-0.4912_-2.4866,238790,-0.4849_0.5101_3.4950_1.5050_-0.4849
53,238790,-0.4849_0.5101_3.4950_1.5050_-0.4849,216879,0.5066_1.5044_3.4999_2.5021_-1.4889
53,216879,0.5066_1.5044_3.4999_2.5021_-1.4889,208940,0.5101_1.5050_2.5000_2.5000_-1.4798
53,208940,0.5101_1.5050_2.5000_2.5000_-1.4798,149244,0.5101_1.5050_1.5050_2.5000_-0.4849
53,149244,0.5101_1.5050_1.5050_2.5000_-0.4849,149244,1.5050_-0.4849_1.5050_2.5000_0.5101
53,149244,1.5050_-0.4849_1.5050_2.5000_0.5101,139294,2.5000_-0.4849_2.5000_3.4950_0.5101
53,139294,2.5000_-0.4849_2.5000_3.4950_0.5101,69647,2.5000_1.5050_3.4950_4.4899_1.5050
53,69647,2.5000_1.5050_3.4950_4.4899_1.5050,39798,2.5000_1.5050_3.4950_3.4950_1.5050
53,39798,2.5000_1.5050_3.4950_3.4950_1.5050,29849,2.5000_1.5050_3.4950_3.4950_2.5000
53,29849,2.5000_1.5050_3.4950_3.4950_2.5000,19899,2.5000_2.5000_3.4950_3.4950_2.5000
53,19899,2.5000_2.5000_3.4950_3.4950_2.5000,9950,2.5000_2.5000_3.4950_2.5000_2.5000
53,9950,2.5000_2.5000_3.4950_2.5000_2.5000,9950,2.5000_2.5000_2.5000_2.5000_1.5050
53,9950,2.5000_2.5000_2.5000_2.5000_1.5050,9950,2.5000_2.5000_3.4950_2.5000_2.5000
53,9950,2.5000_2.5000_3.4950_2.5000_2.5000,9950,2.5000_2.5000_3.4950_2.5000_2.5000
53,9950,2.5000_2.5000_3.4950_2.5000_2.5000,9950,1.5050_2.5000_2.5000_2.5000_2.5000
53,9950,1.5050_2.5000_2.5000_2.5000_2.5000,0,2.5000_2.5000_2.5000_2.5000_2.5000
53,0,2.5000_2.5000_2.5000_2.5000_2.5000,0,2.5000_2.5000_2.5000_2.5000_2.5000
53,0,2.5000_2.5000_2.5000_2.5000_2.5000,0,2.5000_2.5000_2.5000_2.5000_2.5000
54,1261086,-5.1200_5.1200_-2.4866_5.1200_5.1200,1032391,-5.1200_5.1200_-1.4889_5.1200_4.4976
54,1032391,-5.1200_5.1200_-1.4889_5.1200_4.4976,653775,-1.4889_5.1200_-1.4889_5.1200_1.5044
54,653775,-1.4889_5.1200_-1.4889_5.1200_1.5044,601680,-0.4912_5.1200_-1.4889_5.1200_2.5021
54,601680,-0.4912_5.1200_-1.4889_5.1200_2.5021,456680,-1.4889_5.1200_-1.4889_4.4976_3.4999
54,456680,-1.4889_5.1200_-1.4889_4.4976_3.4999,236854,-0.4912_4.4976_-1.4889_4.4976_3.4999
54,236854,-0.4912_4.4976_-1.4889_4.4976_3.4999,206373,0.5066_4.4976_-1.4889_3.4999_4.4976
54,206373,0.5066_4.4976_-1.4889_3.4999_4.4976,165903,-0.4912_2.5021_0.5066_3.4999_4.4976
54,165903,-0.4912_2.5021_0.5066_3.4999_4.4976,119395,1.5050_3.4950_-0.4849_3.4950_2.5000
54,119395,1.5050_3.4950_-0.4849_3.4950_2.5000,89546,0.5101_2.5000_0.5101_3.4950_2.5000
54,89546,0.5101_2.5000_0.5101_3.4950_2.5000,49748,1.5050_2.5000_0.5101_2.5000_2.5000
54,49748,1.5050_2.5000_0.5101_2.5000_2.5000,39798,1.5050_1.5050_1.5050_2.5000_1.5050
54,39798,1.5050_1.5050_1.5050_2.5000_1.5050,29849,2.5000_2.5000_1.5050_1.5050_1.5050
54,29849,2.5000_2.5000_1.5050_1.5050_1.5050,29849,2.5000_3.4950_2.5000_1.5050_1.5050
54,29849,2.5000_3.4950_2.5000_1.5050_1.5050,19899,3.4950_2.5000_2.5000_2.5000_1.5050
54,19899,3.4950_2.5000_2.5000_2.5000_1.5050,9950,1.5050_2.5000_2.5000_2.5000_2.5000
54,9950,1.5050_2.5000_2.5000_2.5000_2.5000,9950,2.5000_2.5000_2.5000_2.5000_1.5050
54,9950,2.5000_2.5000_2.5000_2.5000_1.5050,0,2.5000_2.5000_2.5000_2.5000_2.5000
54,0,2.5000_2.5000_2.5000_2.5000_2.5000,0,2.5000_2.5000_2.5000_2.5000_2.5000
54,0,2.5000_2.5000_2.5000_2.5000_2.5000,0,2.5000_2.5000_2.5000_2.5000_2.5000
54,0,2.5000_2.5000_2.5000_2.5000_2.5000,0,2.5000_2.5000_2.5000_2.5000_2.5000
55,633728,3.4999_-5.1200_1.5044_3.4999_-0.4911,589383,2.5021_-5.1200_2.5021_1.5044_1.5044
55,589383,2.5021_-5.1200_2.5021_1.5044_1.5044,576639,2.5021_-5.1200_2.5021_2.5021_1.5044
55,576639,2.5021_-5.1200_2.5021_2.5021_1.5044,344919,2.5021_-4.4821_2.5021_2.5021_2.5021
55,344919,2.5021_-4.4821_2.5021_2.5021_2.5021,204135,2.5021_-1.4889_3.4999_2.5021_0.5066
55,204135,2.5021_-1.4889_3.4999_2.5021_0.5066,191391,3.4999_-1.4889_3.4999_1.5044_1.5044
55,191391,3.4999_-1.4889_3.4999_1.5044_1.5044,183641,3.4999_-1.4889_4.4976_2.5021_1.5044
55,183641,3.4999_-1.4889_4.4976_2.5021_1.5044,136540,4.4976_-0.4912_4.4976_2.5021_2.5021
55,136540,4.4976_-0.4912_4.4976_2.5021_2.5021,119395,3.4950_-0.4849_3.4950_2.5000_3.4950
55,119395,3.4950_-0.4849_3.4950_2.5000_3.4950,69647,2.5000_0.5101_3.4950_3.4950_3.4950
55,69647,2.5000_0.5101_3.4950_3.4950_3.4950,59697,2.5000_1.5050_2.5000_3.4950_4.4899
55,59697,2.5000_1.5050_2.5000_3.4950_4.4899,59697,2.5000_1.5050_2.5000_3.4950_4.4899
55,59697,2.5000_1.5050_2.5000_3.4950_4.4899,39798,3.4950_2.5000_3.4950_3.4950_3.4950
55,39798,3.4950_2.5000_3.4950_3.4950_3.4950,29849,2.5000_1.5050_2.5000_3.4950_3.4950
55,29849,2.5000_1.5050_2.5000_3.4950_3.4950,29849,2.5000_1.5050_2.5000_3.4950_3.4950
55,29849,2.5000_1.5050_2.5000_3.4950_3.4950,19899,3.4950_1.5050_2.5000_2.5000_2.5000
55,19899,3.4950_1.5050_2.5000_2.5000_2.5000,9950,2.5000_2.5000_2.5000_2.5000_1.5050
55,9950,2.5000_2.5000_2.5000_2.5000_1.5050,0,2.5000_2.5000_2.5000_2.5000_2.5000
55,0,2.5000_2.5000_2.5000_2.5000_2.5000,0,2.5000_2.5000_2.5000_2.5000_2.5000
56,588773,2.5021_0.5066_-3.4844_2.5021_-4.4821,501203,2.5021_1.5044_-3.4844_2.5021_-3.4844
56,501203,2.5021_1.5044_-3.4844_2.5021_-3.4844,299456,1.5044_1.5043_-1.4889_3.4999_-1.4889
56,299456,1.5044_1.5043_-1.4889_3.4999_-1.4889,149244,2.5000_1.5050_-0.4849_1.5050_0.5101
56,149244,2.5000_1.5050_-0.4849_1.5050_0.5101,139294,2.5000_1.5050_-0.4849_2.5000_0.5101
56,139294,2.5000_1.5050_-0.4849_2.5000_0.5101,99496,2.5000_1.5050_0.5101_1.5050_0.5101
56,99496,2.5000_1.5050_0.5101_1.5050_0.5101,89546,2.5000_1.5050_0.5101_2.5000_0.5101
56,89546,2.5000_1.5050_0.5101_2.5000_0.5101,89546,2.5000_0.5101_0.5101_2.5000_1.5050
56,89546,2.5000_0.5101_0.5101_2.5000_1.5050,69647,0.5101_1.5050_1.5050_3.4950_2.5000
56,69647,0.5101_1.5050_1.5050_3.4950_2.5000,39798,1.5050_2.5000_1.5050_3.4950_3.4950
56,39798,1.5050_2.5000_1.5050_3.4950_3.4950,29849,1.5050_2.5000_1.5050_2.5000_3.4950
56,29849,1.5050_2.5000_1.5050_2.5000_3.4950,9950,2.5000_2.5000_2.5000_2.5000_3.4950
56,9950,2.5000_2.5000_2.5000_2.5000_3.4950,0,2.5000_2.5000_2.5000_2.5000_2.5000
56,0,2.5000_2.5000_2.5000_2.5000_2.5000,0,2.5000_2.5000_2.5000_2.5000_2.5000
56,0,2.5000_2.5000_2.5000_2.5000_2.5000,0,2.5000_2.5000_2.5000_2.5000_2.5000
57,240730,4.4976_2.5021_4.4976_-1.4889_-0.4912,196385,3.4999_2.5021_4.4976_-0.4912_-0.4911
57,196385,3.4999_2.5021_4.4976_-0.4912_-0.4911,189042,3.4950_2.5000_2.5000_-0.4849_-0.4849
57,189042,3.4950_2.5000_2.5000_-0.4849_-0.4849,174772,3.4999_3.4999_3.4999_-1.4889_1.5044
57,174772,3.4999_3.4999_3.4999_-1.4889_1.5044,99496,0.5101_1.5050_3.4950_0.5101_2.5000
57,99496,0.5101_1.5050_3.4950_0.5101_2.5000,69647,1.5050_1.5050_2.5000_0.5101_1.5050
57,69647,1.5050_1.5050_2.5000_0.5101_1.5050,59697,0.5101_2.5000_2.5000_1.5050_1.5050
57,59697,0.5101_2.5000_2.5000_1.5050_1.5050,49748,0.5101_2.5000_2.5000_2.5000_1.5050
57,49748,0.5101_2.5000_2.5000_2.5000_1.5050,19899,1.5050_2.5000_2.5000_2.5000_1.5050
57,19899,1.5050_2.5000_2.5000_2.5000_1.5050,9950,2.5000_2.5000_2.5000_2.5000_1.5050
57,9950,2.5000_2.5000_2.5000_2.5000_1.5050,9950,2.5000_3.4950_2.5000_2.5000_2.5000
57,9950,2.5000_3.4950_2.5000_2.5000_2.5000,9950,2.5000_2.5000_2.5000_2.5000_3.4950
57,9950,2.5000_2.5000_2.5000_2.5000_3.4950,0,2.5000_2.5000_2.5000_2.5000_2.5000
57,0,2.5000_2.5000_2.5000_2.5000_2.5000,0,2.5000_2.5000_2.5000_2.5000_2.5000
57,0,2.5000_2.5000_2.5000_2.5000_2.5000,0,2.5000_2.5000_2.5000_2.5000_2.5000
57,0,2.5000_2.5000_2.5000_2.5000_2.5000,0,2.5000_2.5000_2.5000_2.5000_2.5000
57,0,2.5000_2.5000_2.5000_2.5000_2.5000,0,2.5000_2.5000_2.5000_2.5000_2.5000
57,0,2.5000_2.5000_2.5000_2.5000_2.5000,0,2.5000_2.5000_2.5000_2.5000_2.5000
58,290587,2.5021_2.5021_-1.4889_-1.4889_1.5043,268974,3.4999_2.5021_-0.4912_-1.4889_0.5066
58,268974,3.4999_2.5021_-0.4912_-1.4889_0.5066,248739,2.5000_1.5050_-1.4798_0.5101_0.5101
58,248739,2.5000_1.5050_-1.4798_0.5101_0.5101,228840,1.5050_2.5000_-0.4849_0.5101_-0.4849
58,228840,1.5050_2.5000_-0.4849_0.5101_-0.4849,169143,2.5000_2.5000_0.5101_0.5101_-0.4849
58,169143,2.5000_2.5000_0.5101_0.5101_-0.4849,99496,2.5000_3.4950_1.5050_0.5101_0.5101
58,99496,2.5000_3.4950_1.5050_0.5101_0.5101,69647,2.5000_1.5050_0.5101_1.5050_1.5050
58,69647,2.5000_1.5050_0.5101_1.5050_1.5050,49748,3.4950_2.5000_2.5000_2.5000_0.5101
58,49748,3.4950_2.5000_2.5000_2.5000_0.5101,29849,3.4950_2.5000_3.4950_3.4950_2.5000
58,29849,3.4950_2.5000_3.4950_3.4950_2.5000,19899,2.5000_2.5000_3.4950_3.4950_2.5000
58,19899,2.5000_2.5000_3.4950_3.4950_2.5000,19899,2.5000_2.5000_3.4950_1.5050_2.5000
58,19899,2.5000_2.5000_3.4950_1.5050_2.5000,19899,2.5000_2.5000_3.4950_1.5050_2.5000
58,19899,2.5000_2.5000_3.4950_1.5050_2.5000,9950,2.5000_2.5000_2.5000_1.5050_2.5000
58,9950,2.5000_2.5000_2.5000_1.5050_2.5000,9950,3.4950_2.5000_2.5000_2.5000_2.5000
58,9950,3.4950_2.5000_2.5000_2.5000_2.5000,0,2.5000_2.5000_2.5000_2.5000_2.5000
58,0,2.5000_2.5000_2.5000_2.5000_2.5000,0,2.5000_2.5000_2.5000_2.5000_2.5000
58,0,2.5000_2.5000_2.5000_2.5000_2.5000,0,2.5000_2.5000_2.5000_2.5000_2.5000
58,0,2.5000_2.5000_2.5000_2.5000_2.5000,0,2.5000_2.5000_2.5000_2.5000_2.5000
58,0,2.5000_2.5000_2.5000_2.5000_2.5000,0,2.5000_2.5000_2.5000_2.5000_2.5000
59,516704,-2.4866_-0.4912_1.5044_-2.4866_-0.4912,500084,-3.4844_-1.4889_2.5021_-1.4889_1.5043
59,500084,-3.4844_-1.4889_2.5021_-1.4889_1.5043,472181,1.5044_-1.4889_2.5021_5.1200_-1.4889
59,472181,1.5044_-1.4889_2.5021_5.1200_-1.4889,165903,2.5021_0.5066_3.4999_4.4976_-0.4912
59,165903,2.5021_0.5066_3.4999_4.4976_-0.4912,129345,2.5000_0.5101_3.4950_4.4899_0.5101
59,129345,2.5000_0.5101_3.4950_4.4899_0.5101,97189,1.5044_2.5021_4.4976_4.4976_1.5043
59,97189,1.5044_2.5021_4.4976_4.4976_1.5043,49748,1.5050_3.4950_3.4950_3.4950_1.5050
59,49748,1.5050_3.4950_3.4950_3.4950_1.5050,29849,2.5000_2.5000_3.4950_3.4950_1.5050
59,29849,2.5000_2.5000_3.4950_3.4950_1.5050,0,2.5000_2.5000_2.5000_2.5000_2.5000
59,0,2.5000_2.5000_2.5000_2.5000_2.5000,0,2.5000_2.5000_2.5000_2.5000_2.5000
60,300574,1.5044_3.4999_-3.4844_1.5044_2.5021,257349,0.5066_4.4976_-2.4866_2.5021_2.5021
60,257349,0.5066_4.4976_-2.4866_2.5021_2.5021,226867,1.5044_3.4999_-2.4866_3.4999_2.5021
60,226867,1.5044_3.4999_-2.4866_3.4999_2.5021,216879,0.5066_1.5044_-0.4912_4.4976_0.5066
60,216879,0.5066_1.5044_-0.4912_4.4976_0.5066,169143,0.5101_0.5101_0.5101_4.4899_1.5050
60,169143,0.5101_0.5101_0.5101_4.4899_1.5050,99496,0.5101_0.5101_1.5050_3.4950_2.5000
60,99496,0.5101_0.5101_1.5050_3.4950_2.5000,69647,1.5050_1.5050_2.5000_1.5050_0.5101
60,69647,1.5050_1.5050_2.5000_1.5050_0.5101,59697,0.5101_2.5000_3.4950_2.5000_1.5050
60,59697,0.5101_2.5000_3.4950_2.5000_1.5050,19899,1.5050_2.5000_2.5000_2.5000_1.5050
60,19899,1.5050_2.5000_2.5000_2.5000_1.5050,19899,2.5000_2.5000_1.5050_3.4950_2.5000
60,19899,2.5000_2.5000_1.5050_3.4950_2.5000,9950,2.5000_3.4950_2.5000_2.5000_2.5000
60,9950,2.5000_3.4950_2.5000_2.5000_2.5000,9950,2.5000_3.4950_2.5000_2.5000_2.5000
60,9950,2.5000_3.4950_2.5000_2.5000_2.5000,9950,3.4950_2.5000_2.5000_2.5000_2.5000
60,9950,3.4950_2.5000_2.5000_2.5000_2.5000,9950,2.5000_1.5050_2.5000_2.5000_2.5000
60,9950,2.5000_1.5050_2.5000_2.5000_2.5000,9950,2.5000_2.5000_2.5000_2.5000_3.4950
60,9950,2.5000_2.5000_2.5000_2.5000_3.4950,0,2.5000_2.5000_2.5000_2.5000_2.5000
60,0,2.5000_2.5000_2.5000_2.5000_2.5000,0,2.5000_2.5000_2.5000_2.5000_2.5000
60,0,2.5000_2.5000_2.5000_2.5000_2.5000,0,2.5000_2.5000_2.5000_2.5000_2.5000
61,445233,4.4976_2.5021_0.5066_-0.4911_-4.4821,426377,2.5021_0.5066_1.5044_0.5066_-4.4821
61,426377,2.5021_0.5066_1.5044_0.5066_-4.4821,355426,2.5021_0.5066_0.5066_-0.4911_-2.4866
61,355426,2.5021_0.5066_0.5066_-0.4911_-2.4866,333813,3.4999_0.5066_-0.4911_-0.4911_-1.4889
61,333813,3.4999_0.5066_-0.4911_-0.4911_-1.4889,228840,3.4950_1.5050_1.5050_-1.4798_0.5101
61,228840,3.4950_1.5050_1.5050_-1.4798_0.5101,139294,2.5000_0.5101_2.5000_-0.4849_1.5050
61,139294,2.5000_0.5101_2.5000_-0.4849_1.5050,129344,1.5050_1.5050_3.4950_-0.4849_1.5050
61,129344,1.5050_1.5050_3.4950_-0.4849_1.5050,99496,1.5050_2.5000_3.4950_0.5101_0.5101
61,99496,1.5050_2.5000_3.4950_0.5101_0.5101,89546,0.5101_2.5000_2.5000_1.5050_0.5101
61,89546,0.5101_2.5000_2.5000_1.5050_0.5101,79597,0.5101_2.5000_2.5000_2.5000_0.5101
61,79597,0.5101_2.5000_2.5000_2.5000_0.5101,59697,0.5101_3.4950_2.5000_2.5000_1.5050
61,59697,0.5101_3.4950_2.5000_2.5000_1.5050,49748,0.5101_3.4950_2.5000_2.5000_2.5000
61,49748,0.5101_3.4950_2.5000_2.5000_2.5000,19899,1.5050_3.4950_2.5000_2.5000_2.5000
61,19899,1.5050_3.4950_2.5000_2.5000_2.5000,19899,2.5000_3.4950_2.5000_3.4950_2.5000
61,19899,2.5000_3.4950_2.5000_3.4950_2.5000,9950,2.5000_2.5000_2.5000_3.4950_2.5000
61,9950,2.5000_2.5000_2.5000_3.4950_2.5000,9950,2.5000_2.5000_1.5050_2.5000_2.5000
61,9950,2.5000_2.5000_1.5050_2.5000_2.5000,0,2.5000_2.5000_2.5000_2.5000_2.5000
61,0,2.5000_2.5000_2.5000_2.5000_2.5000,0,2.5000_2.5000_2.5000_2.5000_2.5000
62,390901,1.5044_-0.4912_0.5066_-3.4844_2.5021,369288,1.5044_-0.4912_1.5044_-3.4844_2.5021
62,369288,1.5044_-0.4912_1.5044_-3.4844_2.5021,338806,2.5021_-1.4889_1.5043_-2.4866_2.5021
62,338806,2.5021_-1.4889_1.5043_-2.4866_2.5021,338806,2.5021_-1.4889_1.5044_-2.4866_2.5021
62,338806,2.5021_-1.4889_1.5044_-2.4866_2.5021,238492,2.5021_-0.4912_2.5021_-1.4889_2.5021
62,238492,2.5021_-0.4912_2.5021_-1.4889_2.5021,230742,2.5021_-0.4912_3.4999_-1.4889_3.4999
62,230742,2.5021_-0.4912_3.4999_-1.4889_3.4999,226867,3.4999_-0.4912_3.4999_-1.4889_3.4999
62,226867,3.4999_-0.4912_3.4999_-1.4889_3.4999,162028,1.5044_1.5044_4.4976_-0.4912_4.4976
62,162028,1.5044_1.5044_4.4976_-0.4912_4.4976,29849,2.5000_2.5000_1.5050_1.5050_1.5050
62,29849,2.5000_2.5000_1.5050_1.5050_1.5050,29849,1.5050_1.5050_2.5000_2.5000_1.5050
62,29849,1.5050_1.5050_2.5000_2.5000_1.5050,19899,2.5000_2.5000_3.4950_2.5000_1.5050
62,19899,2.5000_2.5000_3.4950_2.5000_1.5050,19899,2.5000_2.5000_3.4950_2.5000_1.5050
62,19899,2.5000_2.5000_3.4950_2.5000_1.5050,19899,2.5000_2.5000_3.4950_3.4950_2.5000
62,19899,2.5000_2.5000_3.4950_3.4950_2.5000,9950,2.5000_2.5000_2.5000_3.4950_2.5000
62,9950,2.5000_2.5000_2.5000_3.4950_2.5000,9950,3.4950_2.5000_2.5000_2.5000_2.5000
62,9950,3.4950_2.5000_2.5000_2.5000_2.5000,0,2.5000_2.5000_2.5000_2.5000_2.5000
62,0,2.5000_2.5000_2.5000_2.5000_2.5000,0,2.5000_2.5000_2.5000_2.5000_2.5000
62,0,2.5000_2.5000_2.5000_2.5000_2.5000,0,2.5000_2.5000_2.5000_2.5000_2.5000
63,593767,-3.4844_2.5021_-3.4844_4.4976_-1.4889,549423,-3.4844_2.5021_-3.4844_3.4999_-0.4912
63,549423,-3.4844_2.5021_-3.4844_3.4999_-0.4912,492334,-4.4821_3.4999_-1.4889_1.5044_0.5066
63,492334,-4.4821_3.4999_-1.4889_1.5044_0.5066,265099,-2.4866_3.4999_0.5066_2.5021_1.5044
63,265099,-2.4866_3.4999_0.5066_2.5021_1.5044,59697,0.5101_3.4950_2.5000_2.5000_3.4950
63,59697,0.5101_3.4950_2.5000_2.5000_3.4950,49748,1.5050_2.5000_2.5000_2.5000_4.4899
63,49748,1.5050_2.5000_2.5000_2.5000_4.4899,19899,2.5000_1.5050_2.5000_2.5000_1.5050
63,19899,2.5000_1.5050_2.5000_2.5000_1.5050,9950,2.5000_2.5000_2.5000_2.5000_1.5050
63,9950,2.5000_2.5000_2.5000_2.5000_1.5050,9950,2.5000_2.5000_2.5000_2.5000_1.5050
63,9950,2.5000_2.5000_2.5000_2.5000_1.5050,0,2.5000_2.5000_2.5000_2.5000_2.5000
64,748933,-3.4844_-0.4912_-4.4821_-0.4911_-0.4911,625887,-3.4844_-1.4889_-1.4889_0.5066_-1.4889
64,625887,-3.4844_-1.4889_-1.4889_0.5066_-1.4889,597642,-0.4912_0.5066_-4.4821_4.4976_-2.4866
64,597642,-0.4912_0.5066_-4.4821_4.4976_-2.4866,519282,0.5066_-0.4912_-0.4912_5.1200_-1.4889
64,519282,0.5066_-0.4912_-0.4912_5.1200_-1.4889,387026,-0.4912_0.5066_-0.4912_4.4976_-2.4866
64,387026,-0.4912_0.5066_-0.4912_4.4976_-2.4866,247361,1.5043_-0.4912_0.5066_4.4976_-0.4912
64,247361,1.5043_-0.4912_0.5066_4.4976_-0.4912,58957,3.4999_2.5021_3.4999_4.4976_3.4999
64,58957,3.4999_2.5021_3.4999_4.4976_3.4999,29849,2.5000_2.5000_3.4950_3.4950_3.4950
64,29849,2.5000_2.5000_3.4950_3.4950_3.4950,19899,2.5000_1.5050_2.5000_3.4950_2.5000
64,19899,2.5000_1.5050_2.5000_3.4950_2.5000,9950,2.5000_1.5050_2.5000_2.5000_2.5000
64,9950,2.5000_1.5050_2.5000_2.5000_2.5000,9950,2.5000_1.5050_2.5000_2.5000_2.5000
64,9950,2.5000_1.5050_2.5000_2.5000_2.5000,0,2.5000_2.5000_2.5000_2.5000_2.5000
64,0,2.5000_2.5000_2.5000_2.5000_2.5000,0,2.5000_2.5000_2.5000_2.5000_2.5000
64,0,2.5000_2.5000_2.5000_2.5000_2.5000,0,2.5000_2.5000_2.5000_2.5000_2.5000
64,0,2.5000_2.5000_2.5000_2.5000_2.5000,0,2.5000_2.5000_2.5000_2.5000_2.5000
64,0,2.5000_2.5000_2.5000_2.5000_2.5000,0,2.5000_2.5000_2.5000_2.5000_2.5000
65,318312,3.4999_1.5044_0.5066_3.4999_-3.4844,291706,3.4999_1.5044_-0.4912_3.4999_-2.4866
65,291706,3.4999_1.5044_-0.4912_3.4999_-2.4866,98308,4.4976_4.4976_1.5044_4.4976_1.5044
65,98308,4.4976_4.4976_1.5044_4.4976_1.5044,59697,1.5050_2.5000_0.5101_3.4950_2.5000
65,59697,1.5050_2.5000_0.5101_3.4950_2.5000,29849,2.5000_3.4950_1.5050_2.5000_1.5050
65,29849,2.5000_3.4950_1.5050_2.5000_1.5050,19899,3.4950_3.4950_2.5000_2.5000_2.5000
65,19899,3.4950_3.4950_2.5000_2.5000_2.5000,9950,2.5000_2.5000_2.5000_1.5050_2.5000
65,9950,2.5000_2.5000_2.5000_1.5050_2.5000,0,2.5000_2.5000_2.5000_2.5000_2.5000
65,0,2.5000_2.5000_2.5000_2.5000_2.5000,0,2.5000_2.5000_2.5000_2.5000_2.5000
66,455740,1.5044_-1.4889_-1.4889_1.5044_-2.4866,311081,0.5066_-0.4912_-0.4912_1.5044_-0.4912
66,311081,0.5066_-0.4912_-0.4912_1.5044_-0.4912,179092,2.5000_-1.4798_1.5050_2.5000_1.5050
66,179092,2.5000_-1.4798_1.5050_2.5000_1.5050,169142,3.4950_-1.4798_2.5000_2.5000_2.5000
66,169142,3.4950_-1.4798_2.5000_2.5000_2.5000,165903,3.4999_-1.4889_2.5021_3.4999_2.5021
66,165903,3.4999_-1.4889_2.5021_3.4999_2.5021,109445,1.5050_0.5101_3.4950_1.5050_0.5101
66,109445,1.5050_0.5101_3.4950_1.5050_0.5101,79597,1.5050_1.5050_3.4950_0.5101_1.5050
66,79597,1.5050_1.5050_3.4950_0.5101_1.5050,29849,2.5000_1.5050_2.5000_1.5050_1.5050
66,29849,2.5000_1.5050_2.5000_1.5050_1.5050,29849,2.5000_2.5000_3.4950_1.5050_1.5050
66,29849,2.5000_2.5000_3.4950_1.5050_1.5050,19899,3.4950_2.5000_1.5050_2.5000_2.5000
66,19899,3.4950_2.5000_1.5050_2.5000_2.5000,9950,2.5000_2.5000_1.5050_2.5000_2.5000
66,9950,2.5000_2.5000_1.5050_2.5000_2.5000,9950,2.5000_2.5000_2.5000_2.5000_3.4950
66,9950,2.5000_2.5000_2.5000_2.5000_3.4950,0,2.5000_2.5000_2.5000_2.5000_2.5000
66,0,2.5000_2.5000_2.5000_2.5000_2.5000,0,2.5000_2.5000_2.5000_2.5000_2.5000
66,0,2.5000_2.5000_2.5000_2.5000_2.5000,0,2.5000_2.5000_2.5000_2.5000_2.5000
67,384270,-2.4866_1.5044_4.4976_-2.4866_3.4999,288949,-0.4912_2.5021_4.4976_-2.4866_4.4976
67,288949,-0.4912_2.5021_4.4976_-2.4866_4.4976,240730,-1.4889_2.5021_4.4976_-0.4912_4.4976
67,240730,-1.4889_2.5021_4.4976_-0.4912_4.4976,209129,0.5066_2.5021_4.4976_-1.4889_2.5021
67,209129,0.5066_2.5021_4.4976_-1.4889_2.5021,179092,0.5101_2.5000_4.4899_-0.4849_1.5050
67,179092,0.5101_2.5000_4.4899_-0.4849_1.5050,165903,-0.4912_3.4999_4.4976_0.5066_2.5021
67,165903,-0.4912_3.4999_4.4976_0.5066_2.5021,129345,0.5101_1.5050_4.4899_2.5000_0.5101
67,129345,0.5101_1.5050_4.4899_2.5000_0.5101,69647,1.5050_1.5050_4.4899_2.5000_1.5050
67,69647,1.5050_1.5050_4.4899_2.5000_1.5050,39798,1.5050_2.5000_3.4950_3.4950_1.5050
67,39798,1.5050_2.5000_3.4950_3.4950_1.5050,29849,1.5050_3.4950_3.4950_2.5000_2.5000
67,29849,1.5050_3.4950_3.4950_2.5000_2.5000,19899,2.5000_3.4950_2.5000_2.5000_3.4950
67,19899,2.5000_3.4950_2.5000_2.5000_3.4950,19899,2.5000_2.5000_1.5050_3.4950_2.5000
67,19899,2.5000_2.5000_1.5050_3.4950_2.5000,9950,2.5000_2.5000_2.5000_1.5050_2.5000
67,9950,2.5000_2.5000_2.5000_1.5050_2.5000,0,2.5000_2.5000_2.5000_2.5000_2.5000
67,0,2.5000_2.5000_2.5000_2.5000_2.5000,0,2.5000_2.5000_2.5000_2.5000_2.5000
67,0,2.5000_2.5000_2.5000_2.5000_2.5000,0,2.5000_2.5000_2.5000_2.5000_2.5000
68,867595,0.5066_-5.1200_-2.4866_1.5044_-1.4889,625887,-0.4912_-2.4866_-2.4866_0.5066_-2.4866
68,625887,-0.4912_-2.4866_-2.4866_0.5066_-2.4866,543310,0.5066_-0.4912_-3.4844_1.5044_-2.4866
68,543310,0.5066_-0.4912_-3.4844_1.5044_-2.4866,430252,1.5044_0.5066_-3.4844_2.5021_-1.4889
68,430252,1.5044_0.5066_-3.4844_2.5021_-1.4889,421383,1.5044_0.5066_-2.4866_2.5021_-2.4866
68,421383,1.5044_0.5066_-2.4866_2.5021_-2.4866,356544,2.5021_1.5044_-3.4844_2.5021_-0.4912
68,356544,2.5021_1.5044_-3.4844_2.5021_-0.4912,295581,2.5021_1.5044_-2.4866_3.4999_-0.4912
68,295581,2.5021_1.5044_-2.4866_3.4999_-0.4912,268974,2.5021_1.5044_-2.4866_2.5021_0.5066
68,268974,2.5021_1.5044_-2.4866_2.5021_0.5066,179092,3.4950_0.5101_-0.4849_0.5101_2.5000
68,179092,3.4950_0.5101_-0.4849_0.5101_2.5000,139294,2.5000_0.5101_-0.4849_1.5050_2.5000
68,139294,2.5000_0.5101_-0.4849_1.5050_2.5000,69647,1.5050_1.5050_0.5101_1.5050_2.5000
68,69647,1.5050_1.5050_0.5101_1.5050_2.5000,49748,0.5101_2.5000_1.5050_2.5000_2.5000
68,49748,0.5101_2.5000_1.5050_2.5000_2.5000,39798,1.5050_3.4950_2.5000_1.5050_3.4950
68,39798,1.5050_3.4950_2.5000_1.5050_3.4950,29849,1.5050_3.4950_2.5000_1.5050_2.5000
68,29849,1.5050_3.4950_2.5000_1.5050_2.5000,19899,1.5050_3.4950_2.5000_2.5000_2.5000
68,19899,1.5050_3.4950_2.5000_2.5000_2.5000,19899,2.5000_1.5050_1.5050_2.5000_2.5000
68,19899,2.5000_1.5050_1.5050_2.5000_2.5000,0,2.5000_2.5000_2.5000_2.5000_2.5000
68,0,2.5000_2.5000_2.5000_2.5000_2.5000,0,2.5000_2.5000_2.5000_2.5000_2.5000
68,0,2.5000_2.5000_2.5000_2.5000_2.5000,0,2.5000_2.5000_2.5000_2.5000_2.5000
69,450746,-0.4912_-2.4867_-0.4912_0.5066_-0.4912,236854,4.4976_1.5044_2.5021_-2.4866_4.4976
69,236854,4.4976_1.5044_2.5021_-2.4866_4.4976,224110,4.4976_2.5021_2.5021_-2.4866_4.4976
69,224110,4.4976_2.5021_2.5021_-2.4866_4.4976,205254,4.4976_-0.4912_0.5066_0.5066_4.4976
69,205254,4.4976_-0.4912_0.5066_0.5066_4.4976,139294,4.4899_0.5101_0.5101_1.5050_3.4950
69,139294,4.4899_0.5101_0.5101_1.5050_3.4950,99496,4.4899_0.5101_1.5050_1.5050_2.5000
69,99496,4.4899_0.5101_1.5050_1.5050_2.5000,59697,3.4950_2.5000_0.5101_2.5000_1.5050
69,59697,3.4950_2.5000_0.5101_2.5000_1.5050,49748,3.4950_2.5000_0.5101_2.5000_2.5000
69,49748,3.4950_2.5000_0.5101_2.5000_2.5000,39798,2.5000_1.5050_1.5050_1.5050_3.4950
69,39798,2.5000_1.5050_1.5050_1.5050_3.4950,29849,1.5050_2.5000_1.5050_1.5050_2.5000
69,29849,1.5050_2.5000_1.5050_1.5050_2.5000,9950,2.5000_3.4950_2.5000_2.5000_2.5000
69,9950,2.5000_3.4950_2.5000_2.5000_2.5000,0,2.5000_2.5000_2.5000_2.5000_2.5000
69,0,2.5000_2.5000_2.5000_2.5000_2.5000,0,2.5000_2.5000_2.5000_2.5000_2.5000
69,0,2.5000_2.5000_2.5000_2.5000_2.5000,0,2.5000_2.5000_2.5000_2.5000_2.5000
69,0,2.5000_2.5000_2.5000_2.5000_2.5000,0,2.5000_2.5000_2.5000_2.5000_2.5000
69,0,2.5000_2.5000_2.5000_2.5000_2.5000,0,2.5000_2.5000_2.5000_2.5000_2.5000
70,1290271,5.1200_-5.1200_5.1200_5.1200_5.1200,977434,5.1200_5.1200_5.1200_5.1200_5.1200
70,977434,5.1200_5.1200_5.1200_5.1200_5.1200,616483,5.1200_5.1200_4.4976_5.1200_4.4976
70,616483,5.1200_5.1200_4.4976_5.1200_4.4976,434889,2.5021_4.4976_5.1200_5.1200_4.4976
70,434889,2.5021_4.4976_5.1200_5.1200_4.4976,426020,3.4999_5.1200_5.1200_4.4976_3.4999
70,426020,3.4999_5.1200_5.1200_4.4976_3.4999,244426,3.4999_5.1200_2.5021_4.4976_3.4999
70,244426,3.4999_5.1200_2.5021_4.4976_3.4999,69647,1.5050_4.4899_1.5050_2.5000_3.4950
70,69647,1.5050_4.4899_1.5050_2.5000_3.4950,29849,1.5050_2.5000_2.5000_3.4950_3.4950
70,29849,1.5050_2.5000_2.5000_3.4950_3.4950,19899,1.5050_3.4950_2.5000_2.5000_2.5000
70,19899,1.5050_3.4950_2.5000_2.5000_2.5000,9950,2.5000_3.4950_2.5000_2.5000_2.5000
70,9950,2.5000_3.4950_2.5000_2.5000_2.5000,9950,2.5000_2.5000_2.5000_3.4950_2.5000
70,9950,2.5000_2.5000_2.5000_3.4950_2.5000,0,2.5000_2.5000_2.5000_2.5000_2.5000
71,901952,-0.4911_-5.1200_-1.4889_-1.4889_-0.4912,486222,-2.4866_-2.4866_0.5066_-0.4912_1.5044
71,486222,-2.4866_-2.4866_0.5066_-0.4912_1.5044,268638,-0.4849_-0.4849_1.5050_0.5101_0.5101
71,268638,-0.4849_-0.4849_1.5050_0.5101_0.5101,189042,0.5101_-0.4849_1.5050_0.5101_1.5050
71,189042,0.5101_-0.4849_1.5050_0.5101_1.5050,189042,-0.4849_0.5101_1.5050_0.5101_1.5050
71,189042,-0.4849_0.5101_1.5050_0.5101_1.5050,129344,-0.4849_1.5050_1.5050_1.5050_1.5050
71,129344,-0.4849_1.5050_1.5050_1.5050_1.5050,69647,0.5101_1.5050_1.5050_1.5050_2.5000
71,69647,0.5101_1.5050_1.5050_1.5050_2.5000,19899,1.5050_2.5000_1.5050_2.5000_2.5000
71,19899,1.5050_2.5000_1.5050_2.5000_2.5000,9950,2.5000_3.4950_2.5000_2.5000_2.5000
71,9950,2.5000_3.4950_2.5000_2.5000_2.5000,0,2.5000_2.5000_2.5000_2.5000_2.5000
71,0,2.5000_2.5000_2.5000_2.5000_2.5000,0,2.5000_2.5000_2.5000_2.5000_2.5000
71,0,2.5000_2.5000_2.5000_2.5000_2.5000,0,2.5000_2.5000_2.5000_2.5000_2.5000
72,339925,-1.4889_-0.4912_-1.4889_3.4999_4.4976,244605,0.5066_-1.4889_0.5066_4.4976_4.4976
72,244605,0.5066_-1.4889_0.5066_4.4976_4.4976,234617,1.5044_-2.4866_2.5021_2.5021_2.5021
72,234617,1.5044_-2.4866_2.5021_2.5021_2.5021,89546,2.5000_-0.4849_2.5000_2.5000_2.5000
72,89546,2.5000_-0.4849_2.5000_2.5000_2.5000,59697,1.5050_0.5101_1.5050_2.5000_2.5000
72,59697,1.5050_0.5101_1.5050_2.5000_2.5000,19899,2.5000_1.5050_1.5050_2.5000_2.5000
72,19899,2.5000_1.5050_1.5050_2.5000_2.5000,19899,2.5000_2.5000_1.5050_2.5000_1.5050
72,19899,2.5000_2.5000_1.5050_2.5000_1.5050,9950,1.5050_2.5000_2.5000_2.5000_2.5000
72,9950,1.5050_2.5000_2.5000_2.5000_2.5000,9950,2.5000_2.5000_2.5000_2.5000_3.4950
72,9950,2.5000_2.5000_2.5000_2.5000_3.4950,9950,2.5000_2.5000_2.5000_3.4950_2.5000
72,9950,2.5000_2.5000_2.5000_3.4950_2.5000,9950,2.5000_2.5000_2.5000_2.5000_1.5050
72,9950,2.5000_2.5000_2.5000_2.5000_1.5050,9950,2.5000_2.5000_2.5000_2.5000_1.5050
72,9950,2.5000_2.5000_2.5000_2.5000_1.5050,9950,3.4950_2.5000_2.5000_2.5000_2.5000
72,9950,3.4950_2.5000_2.5000_2.5000_2.5000,9950,2.5000_2.5000_3.4950_2.5000_2.5000
72,9950,2.5000_2.5000_3.4950_2.5000_2.5000,0,2.5000_2.5000_2.5000_2.5000_2.5000
72,0,2.5000_2.5000_2.5000_2.5000_2.5000,0,2.5000_2.5000_2.5000_2.5000_2.5000
73,451865,2.5021_1.5044_-2.4866_-2.4866_-0.4912,420264,0.5066_-0.4911_-0.4911_-2.4866_0.5066
73,420264,0.5066_-0.4911_-0.4911_-2.4866_0.5066,372045,-1.4889_0.5066_0.5066_-0.4912_-0.4911
73,372045,-1.4889_0.5066_0.5066_-0.4912_-0.4911,99496,0.5101_2.5000_1.5050_1.5050_0.5101
73,99496,0.5101_2.5000_1.5050_1.5050_0.5101,69647,1.5050_2.5000_1.5050_1.5050_0.5101
73,69647,1.5050_2.5000_1.5050_1.5050_0.5101,29849,2.5000_1.5050_1.5050_2.5000_1.5050
73,29849,2.5000_1.5050_1.5050_2.5000_1.5050,19899,2.5000_2.5000_1.5050_2.5000_1.5050
73,19899,2.5000_2.5000_1.5050_2.5000_1.5050,0,2.5000_2.5000_2.5000_2.5000_2.5000
73,0,2.5000_2.5000_2.5000_2.5000_2.5000,0,2.5000_2.5000_2.5000_2.5000_2.5000
73,0,2.5000_2.5000_2.5000_2.5000_2.5000,0,2.5000_2.5000_2.5000_2.5000_2.5000
73,0,2.5000_2.5000_2.5000_2.5000_2.5000,0,2.5000_2.5000_2.5000_2.5000_2.5000
74,331087,0.5101_2.5000_1.5050_5.1200_0.5101,189042,0.5101_1.5050_1.5050_4.4899_-0.4849
74,189042,0.5101_1.5050_1.5050_4.4899_-0.4849,149244,1.5050_1.5050_2.5000_4.4899_-0.4849
74,149244,1.5050_1.5050_2.5000_4.4899_-0.4849,89546,2.5000_1.5050_2.5000_4.4899_0.5101
74,89546,2.5000_1.5050_2.5000_4.4899_0.5101,69647,2.5000_1.5050_1.5050_3.4950_0.5101
74,69647,2.5000_1.5050_1.5050_3.4950_0.5101,49748,2.5000_2.5000_0.5101_3.4950_2.5000
74,49748,2.5000_2.5000_0.5101_3.4950_2.5000,19899,2.5000_1.5050_1.5050_2.5000_2.5000
74,19899,2.5000_1.5050_1.5050_2.5000_2.5000,9950,2.5000_2.5000_2.5000_3.4950_2.5000
74,9950,2.5000_2.5000_2.5000_3.4950_2.5000,9950,2.5000_2.5000_2.5000_2.5000_3.4950
74,9950,2.5000_2.5000_2.5000_2.5000_3.4950,0,2.5000_2.5000_2.5000_2.5000_2.5000
74,0,2.5000_2.5000_2.5000_2.5000_2.5000,0,2.5000_2.5000_2.5000_2.5000_2.5000
74,0,2.5000_2.5000_2.5000_2.5000_2.5000,0,2.5000_2.5000_2.5000_2.5000_2.5000
74,0,2.5000_2.5000_2.5000_2.5000_2.5000,0,2.5000_2.5000_2.5000_2.5000_2.5000
74,0,2.5000_2.5000_2.5000_2.5000_2.5000,0,2.5000_2.5000_2.5000_2.5000_2.5000
75,462971,-4.4821_1.5044_4.4976_2.5021_-1.4889,450227,-4.4821_2.5021_4.4976_2.5021_-1.4889
75,450227,-4.4821_2.5021_4.4976_2.5021_-1.4889,370407,-3.4844_1.5044_4.4976_1.5044_-0.4912
75,370407,-3.4844_1.5044_4.4976_1.5044_-0.4912,300574,-2.4866_1.5044_4.4976_2.5021_-0.4911
75,300574,-2.4866_1.5044_4.4976_2.5021_-0.4911,270093,0.5066_-0.4912_4.4976_3.4999_-1.4889
75,270093,0.5066_-0.4912_4.4976_3.4999_-1.4889,213004,1.5044_-0.4912_4.4976_2.5021_-0.4912
75,213004,1.5044_-0.4912_4.4976_2.5021_-0.4912,109445,2.5000_1.5050_3.4950_-0.4849_2.5000
75,109445,2.5000_1.5050_3.4950_-0.4849_2.5000,99496,2.5000_2.5000_3.4950_-0.4849_2.5000
75,99496,2.5000_2.5000_3.4950_-0.4849_2.5000,69647,3.4950_1.5050_2.5000_0.5101_1.5050
75,69647,3.4950_1.5050_2.5000_0.5101_1.5050,69647,3.4950_1.5050_2.5000_0.5101_1.5050
75,69647,3.4950_1.5050_2.5000_0.5101_1.5050,69647,3.4950_1.5050_1.5050_0.5101_2.5000
75,69647,3.4950_1.5050_1.5050_0.5101_2.5000,59697,3.4950_2.5000_2.5000_0.5101_3.4950
75,59697,3.4950_2.5000_2.5000_0.5101_3.4950,49748,2.5000_1.5050_2.5000_0.5101_2.5000
75,49748,2.5000_1.5050_2.5000_0.5101_2.5000,39798,2.5000_1.5050_1.5050_1.5050_3.4950
75,39798,2.5000_1.5050_1.5050_1.5050_3.4950,39798,2.5000_1.5050_1.5050_1.5050_3.4950
75,39798,2.5000_1.5050_1.5050_1.5050_3.4950,19899,1.5050_2.5000_2.5000_2.5000_1.5050
75,19899,1.5050_2.5000_2.5000_2.5000_1.5050,19899,2.5000_1.5050_2.5000_3.4950_2.5000
75,19899,2.5000_1.5050_2.5000_3.4950_2.5000,9950,2.5000_2.5000_2.5000_3.4950_2.5000
75,9950,2.5000_2.5000_2.5000_3.4950_2.5000,9950,1.5050_2.5000_2.5000_2.5000_2.5000
75,9950,1.5050_2.5000_2.5000_2.5000_2.5000,9950,2.5000_1.5050_2.5000_2.5000_2.5000
75,9950,2.5000_1.5050_2.5000_2.5000_2.5000,0,2.5000_2.5000_2.5000_2.5000_2.5000
75,0,2.5000_2.5000_2.5000_2.5000_2.5000,0,2.5000_2.5000_2.5000_2.5000_2.5000
75,0,2.5000_2.5000_2.5000_2.5000_2.5000,0,2.5000_2.5000_2.5000_2.5000_2.5000
76,839350,2.5021_-0.4912_-5.1200_-3.4844_4.4976,685212,2.5021_-0.4912_-4.4821_-4.4821_2.5021
76,685212,2.5021_-0.4912_-4.4821_-4.4821_2.5021,685212,2.5021_-0.4912_-4.4821_-4.4821_2.5021
76,685212,2.5021_-0.4912_-4.4821_-4.4821_2.5021,619255,2.5021_-0.4911_-3.4844_-4.4821_2.5021
76,619255,2.5021_-0.4911_-3.4844_-4.4821_2.5021,492334,3.4999_1.5044_-1.4889_-4.4821_0.5066
76,492334,3.4999_1.5044_-1.4889_-4.4821_0.5066,285593,1.5044_2.5021_0.5066_-1.4889_-0.4912
76,285593,1.5044_2.5021_0.5066_-1.4889_-0.4912,226867,3.4999_3.4999_-2.4866_1.5044_2.5021
76,226867,3.4999_3.4999_-2.4866_1.5044_2.5021,200260,4.4976_1.5044_-1.4889_2.5021_1.5044
76,200260,4.4976_1.5044_-1.4889_2.5021_1.5044,198991,1.5050_3.4950_-0.4849_2.5000_-0.4849
76,198991,1.5050_3.4950_-0.4849_2.5000_-0.4849,99496,1.5050_3.4950_0.5101_2.5000_0.5101
76,99496,1.5050_3.4950_0.5101_2.5000_0.5101,89546,0.5101_2.5000_1.5050_2.5000_0.5101
76,89546,0.5101_2.5000_1.5050_2.5000_0.5101,59697,1.5050_2.5000_1.5050_2.5000_0.5101
76,59697,1.5050_2.5000_1.5050_2.5000_0.5101,29849,2.5000_2.5000_1.5050_1.5050_1.5050
76,29849,2.5000_2.5000_1.5050_1.5050_1.5050,29849,2.5000_3.4950_1.5050_2.5000_1.5050
76,29849,2.5000_3.4950_1.5050_2.5000_1.5050,19899,2.5000_3.4950_2.5000_3.4950_2.5000
76,19899,2.5000_3.4950_2.5000_3.4950_2.5000,9950,2.5000_3.4950_2.5000_2.5000_2.5000
76,9950,2.5000_3.4950_2.5000_2.5000_2.5000,9950,2.5000_2.5000_2.5000_3.4950_2.5000
76,9950,2.5000_2.5000_2.5000_3.4950_2.5000,9950,2.5000_3.4950_2.5000_2.5000_2.5000
76,9950,2.5000_3.4950_2.5000_2.5000_2.5000,9950,2.5000_2.5000_2.5000_2.5000_3.4950
76,9950,2.5000_2.5000_2.5000_2.5000_3.4950,9950,2.5000_2.5000_2.5000_2.5000_3.4950
76,9950,2.5000_2.5000_2.5000_2.5000_3.4950,0,2.5000_2.5000_2.5000_2.5000_2.5000
76,0,2.5000_2.5000_2.5000_2.5000_2.5000,0,2.5000_2.5000_2.5000_2.5000_2.5000
76,0,2.5000_2.5000_2.5000_2.5000_2.5000,0,2.5000_2.5000_2.5000_2.5000_2.5000
76,0,2.5000_2.5000_2.5000_2.5000_2.5000,0,2.5000_2.5000_2.5000_2.5000_2.5000
76,0,2.5000_2.5000_2.5000_2.5000_2.5000,0,2.5000_2.5000_2.5000_2.5000_2.5000
77,977434,5.1200_5.1200_5.1200_5.1200_5.1200,436008,5.1200_5.1200_4.4976_4.4976_4.4976
77,436008,5.1200_5.1200_4.4976_4.4976_4.4976,250539,5.1200_4.4976_4.4976_3.4999_4.4976
77,250539,5.1200_4.4976_4.4976_3.4999_4.4976,244426,5.1200_4.4976_3.4999_2.5021_3.4999
77,244426,5.1200_4.4976_3.4999_2.5021_3.4999,63951,4.4976_3.4999_4.4976_2.5021_3.4999
77,63951,4.4976_3.4999_4.4976_2.5021_3.4999,59697,4.4899_2.5000_3.4950_2.5000_3.4950
77,59697,4.4899_2.5000_3.4950_2.5000_3.4950,39798,3.4950_2.5000_3.4950_1.5050_3.4950
77,39798,3.4950_2.5000_3.4950_1.5050_3.4950,19899,2.5000_2.5000_2.5000_1.5050_3.4950
77,19899,2.5000_2.5000_2.5000_1.5050_3.4950,9950,2.5000_2.5000_2.5000_1.5050_2.5000
77,9950,2.5000_2.5000_2.5000_1.5050_2.5000,0,2.5000_2.5000_2.5000_2.5000_2.5000
77,0,2.5000_2.5000_2.5000_2.5000_2.5000,0,2.5000_2.5000_2.5000_2.5000_2.5000
77,0,2.5000_2.5000_2.5000_2.5000_2.5000,0,2.5000_2.5000_2.5000_2.5000_2.5000
77,0,2.5000_2.5000_2.5000_2.5000_2.5000,0,2.5000_2.5000_2.5000_2.5000_2.5000
77,0,2.5000_2.5000_2.5000_2.5000_2.5000,0,2.5000_2.5000_2.5000_2.5000_2.5000
77,0,2.5000_2.5000_2.5000_2.5000_2.5000,0,2.5000_2.5000_2.5000_2.5000_2.5000
78,149244,0.5101_3.4950_2.5000_-0.4849_3.4950,89546,2.5000_0.5101_2.5000_1.5050_4.4899
78,89546,2.5000_0.5101_2.5000_1.5050_4.4899,49748,2.5000_1.5050_2.5000_2.5000_4.4899
78,49748,2.5000_1.5050_2.5000_2.5000_4.4899,29849,2.5000_1.5050_3.4950_2.5000_3.4950
78,29849,2.5000_1.5050_3.4950_2.5000_3.4950,19899,2.5000_1.5050_2.5000_2.5000_1.5050
78,19899,2.5000_1.5050_2.5000_2.5000_1.5050,19899,2.5000_1.5050_2.5000_2.5000_1.5050
78,19899,2.5000_1.5050_2.5000_2.5000_1.5050,0,2.5000_2.5000_2.5000_2.5000_2.5000
78,0,2.5000_2.5000_2.5000_2.5000_2.5000,0,2.5000_2.5000_2.5000_2.5000_2.5000
78,0,2.5000_2.5000_2.5000_2.5000_2.5000,0,2.5000_2.5000_2.5000_2.5000_2.5000
78,0,2.5000_2.5000_2.5000_2.5000_2.5000,0,2.5000_2.5000_2.5000_2.5000_2.5000
79,321069,-1.4889_3.4999_0.5066_-1.4889_1.5044,228840,0.5101_1.5050_-0.4849_-0.4849_2.5000
79,228840,0.5101_1.5050_-0.4849_-0.4849_2.5000,228840,1.5050_1.5050_-1.4798_0.5101_1.5050
79,228840,1.5050_1.5050_-1.4798_0.5101_1.5050,159193,1.5050_1.5050_-0.4849_0.5101_1.5050
79,159193,1.5050_1.5050_-0.4849_0.5101_1.5050,159193,1.5050_1.5050_-0.4849_0.5101_1.5050
79,159193,1.5050_1.5050_-0.4849_0.5101_1.5050,149244,2.5000_1.5050_-0.4849_0.5101_1.5050
79,149244,2.5000_1.5050_-0.4849_0.5101_1.5050,119395,3.4950_1.5050_-0.4849_1.5050_2.5000
79,119395,3.4950_1.5050_-0.4849_1.5050_2.5000,59697,3.4950_1.5050_0.5101_2.5000_2.5000
79,59697,3.4950_1.5050_0.5101_2.5000_2.5000,49748,2.5000_2.5000_0.5101_2.5000_1.5050
79,49748,2.5000_2.5000_0.5101_2.5000_1.5050,39798,3.4950_3.4950_1.5050_2.5000_1.5050
79,39798,3.4950_3.4950_1.5050_2.5000_1.5050,29849,3.4950_3.4950_1.5050_2.5000_2.5000
79,29849,3.4950_3.4950_1.5050_2.5000_2.5000,19899,2.5000_3.4950_1.5050_2.5000_2.5000
79,19899,2.5000_3.4950_1.5050_2.5000_2.5000,19899,2.5000_2.5000_2.5000_3.4950_1.5050
79,19899,2.5000_2.5000_2.5000_3.4950_1.5050,9950,2.5000_2.5000_2.5000_1.5050_2.5000
79,9950,2.5000_2.5000_2.5000_1.5050_2.5000,0,2.5000_2.5000_2.5000_2.5000_2.5000
79,0,2.5000_2.5000_2.5000_2.5000_2.5000,0,2.5000_2.5000_2.5000_2.5000_2.5000
80,650855,0.5066_3.4999_2.5021_-4.4821_-4.4821,363176,-0.4912_0.5066_-0.4912_-0.4912_-0.4912
80,363176,-0.4912_0.5066_-0.4912_-0.4912_-0.4912,350432,-1.4889_1.5043_-0.4912_-0.4912_0.5066
80,350432,-1.4889_1.5043_-0.4912_-0.4912_0.5066,285593,-0.4912_2.5021_0.5066_-1.4889_1.5044
80,285593,-0.4912_2.5021_0.5066_-1.4889_1.5044,208940,-1.4798_2.5000_1.5050_0.5101_2.5000
80,208940,-1.4798_2.5000_1.5050_0.5101_2.5000,109445,-0.4849_2.5000_1.5050_1.5050_2.5000
80,109445,-0.4849_2.5000_1.5050_1.5050_2.5000,79597,0.5101_1.5050_1.5050_1.5050_1.5050
80,79597,0.5101_1.5050_1.5050_1.5050_1.5050,79597,0.5101_1.5050_1.5050_1.5050_1.5050
80,79597,0.5101_1.5050_1.5050_1.5050_1.5050,59697,0.5101_1.5050_2.5000_2.5000_1.5050
80,59697,0.5101_1.5050_2.5000_2.5000_1.5050,39798,0.5101_2.5000_2.5000_2.5000_2.5000
80,39798,0.5101_2.5000_2.5000_2.5000_2.5000,39798,0.5101_2.5000_2.5000_2.5000_2.5000
80,39798,0.5101_2.5000_2.5000_2.5000_2.5000,29849,1.5050_2.5000_2.5000_1.5050_3.4950
80,29849,1.5050_2.5000_2.5000_1.5050_3.4950,9950,2.5000_2.5000_2.5000_2.5000_3.4950
80,9950,2.5000_2.5000_2.5000_2.5000_3.4950,9950,2.5000_2.5000_1.5050_2.5000_2.5000
80,9950,2.5000_2.5000_1.5050_2.5000_2.5000,0,2.5000_2.5000_2.5000_2.5000_2.5000
80,0,2.5000_2.5000_2.5000_2.5000_2.5000,0,2.5000_2.5000_2.5000_2.5000_2.5000
80,0,2.5000_2.5000_2.5000_2.5000_2.5000,0,2.5000_2.5000_2.5000_2.5000_2.5000
81,59697,3.4950_4.4899_2.5000_3.4950_2.5000,19899,3.4950_2.5000_2.5000_3.4950_2.5000
81,19899,3.4950_2.5000_2.5000_3.4950_2.5000,9950,2.5000_2.5000_2.5000_3.4950_2.5000
81,9950,2.5000_2.5000_2.5000_3.4950_2.5000,9950,3.4950_2.5000_2.5000_2.5000_2.5000
81,9950,3.4950_2.5000_2.5000_2.5000_2.5000,9950,2.5000_1.5050_2.5000_2.5000_2.5000
81,9950,2.5000_1.5050_2.5000_2.5000_2.5000,9950,2.5000_2.5000_1.5050_2.5000_2.5000
81,9950,2.5000_2.5000_1.5050_2.5000_2.5000,0,2.5000_2.5000_2.5000_2.5000_2.5000
81,0,2.5000_2.5000_2.5000_2.5000_2.5000,0,2.5000_2.5000_2.5000_2.5000_2.5000
81,0,2.5000_2.5000_2.5000_2.5000_2.5000,0,2.5000_2.5000_2.5000_2.5000_2.5000
81,0,2.5000_2.5000_2.5000_2.5000_2.5000,0,2.5000_2.5000_2.5000_2.5000_2.5000
81,0,2.5000_2.5000_2.5000_2.5000_2.5000,0,2.5000_2.5000_2.5000_2.5000_2.5000
81,0,2.5000_2.5000_2.5000_2.5000_2.5000,0,2.5000_2.5000_2.5000_2.5000_2.5000
82,781652,3.4999_-2.4866_1.5044_-4.4821_-4.4821,573883,4.4976_2.5021_3.4999_-5.1200_1.5044
82,573883,4.4976_2.5021_3.4999_-5.1200_1.5044,356025,4.4976_3.4999_4.4976_-4.4821_1.5044
82,356025,4.4976_3.4999_4.4976_-4.4821_1.5044,354906,4.4976_3.4998_1.5044_-4.4821_2.5021
82,354906,4.4976_3.4998_1.5044_-4.4821_2.5021,347156,4.4976_4.4976_2.5021_-4.4821_2.5021
82,347156,4.4976_4.4976_2.5021_-4.4821_2.5021,266217,4.4976_1.5044_3.4999_-2.4866_0.5066
82,266217,4.4976_1.5044_3.4999_-2.4866_0.5066,227985,4.4976_3.4999_3.4999_1.5044_-2.4866
82,227985,4.4976_3.4999_3.4999_1.5044_-2.4866,170897,2.5021_4.4976_4.4976_0.5066_-0.4912
82,170897,2.5021_4.4976_4.4976_0.5066_-0.4912,129344,3.4950_3.4950_3.4950_1.5050_-0.4849
82,129344,3.4950_3.4950_3.4950_1.5050_-0.4849,69647,2.5000_3.4950_3.4950_1.5050_0.5101
82,69647,2.5000_3.4950_3.4950_1.5050_0.5101,39798,2.5000_3.4950_3.4950_1.5050_1.5050
82,39798,2.5000_3.4950_3.4950_1.5050_1.5050,19899,2.5000_2.5000_3.4950_1.5050_2.5000
82,19899,2.5000_2.5000_3.4950_1.5050_2.5000,9950,2.5000_1.5050_2.5000_2.5000_2.5000
82,9950,2.5000_1.5050_2.5000_2.5000_2.5000,9950,2.5000_1.5050_2.5000_2.5000_2.5000
82,9950,2.5000_1.5050_2.5000_2.5000_2.5000,0,2.5000_2.5000_2.5000_2.5000_2.5000
82,0,2.5000_2.5000_2.5000_2.5000_2.5000,0,2.5000_2.5000_2.5000_2.5000_2.5000
83,224110,4.4976_2.5021_2.5021_4.4976_-2.4866,144290,4.4976_3.4999_1.5044_2.5021_-0.4912
83,144290,4.4976_3.4999_1.5044_2.5021_-0.4912,118802,4.4976_4.4976_1.5044_2.5021_0.5066
83,118802,4.4976_4.4976_1.5044_2.5021_0.5066,97189,4.4976_3.4999_2.5021_3.4999_0.5066
83,97189,4.4976_3.4999_2.5021_3.4999_0.5066,49748,3.4950_1.5050_1.5050_1.5050_1.5050
83,49748,3.4950_1.5050_1.5050_1.5050_1.5050,39798,3.4950_1.5050_1.5050_1.5050_2.5000
83,39798,3.4950_1.5050_1.5050_1.5050_2.5000,39798,2.5000_2.5000_0.5101_2.5000_2.5000
83,39798,2.5000_2.5000_0.5101_2.5000_2.5000,19899,3.4950_2.5000_1.5050_2.5000_2.5000
83,19899,3.4950_2.5000_1.5050_2.5000_2.5000,9950,2.5000_2.5000_1.5050_2.5000_2.5000
83,9950,2.5000_2.5000_1.5050_2.5000_2.5000,0,2.5000_2.5000_2.5000_2.5000_2.5000
83,0,2.5000_2.5000_2.5000_2.5000_2.5000,0,2.5000_2.5000_2.5000_2.5000_2.5000
83,0,2.5000_2.5000_2.5000_2.5000_2.5000,0,2.5000_2.5000_2.5000_2.5000_2.5000
83,0,2.5000_2.5000_2.5000_2.5000_2.5000,0,2.5000_2.5000_2.5000_2.5000_2.5000
84,755045,-4.4821_-1.4889_3.4999_0.5066_-4.4821,404764,-0.4912_-3.4844_3.4999_2.5021_-0.4912
84,404764,-0.4912_-3.4844_3.4999_2.5021_-0.4912,317194,0.5066_-2.4866_2.5021_3.4999_-0.4912
84,317194,0.5066_-2.4866_2.5021_3.4999_-0.4912,304450,0.5066_-1.4889_3.4999_3.4999_-1.4889
84,304450,0.5066_-1.4889_3.4999_3.4999_-1.4889,221873,2.5021_-1.4889_4.4976_1.5044_0.5066
84,221873,2.5021_-1.4889_4.4976_1.5044_0.5066,200260,2.5021_-0.4911_4.4976_2.5021_-0.4911
84,200260,2.5021_-0.4911_4.4976_2.5021_-0.4911,59697,3.4950_2.5000_4.4899_3.4950_2.5000
84,59697,3.4950_2.5000_4.4899_3.4950_2.5000,29849,3.4950_2.5000_2.5000_1.5050_3.4950
84,29849,3.4950_2.5000_2.5000_1.5050_3.4950,29849,3.4950_2.5000_3.4950_1.5050_2.5000
84,29849,3.4950_2.5000_3.4950_1.5050_2.5000,19899,3.4950_2.5000_2.5000_2.5000_1.5050
84,19899,3.4950_2.5000_2.5000_2.5000_1.5050,9950,3.4950_2.5000_2.5000_2.5000_2.5000
84,9950,3.4950_2.5000_2.5000_2.5000_2.5000,9950,2.5000_2.5000_2.5000_2.5000_3.4950
84,9950,2.5000_2.5000_2.5000_2.5000_3.4950,9950,2.5000_2.5000_2.5000_2.5000_3.4950
84,9950,2.5000_2.5000_2.5000_2.5000_3.4950,0,2.5000_2.5000_2.5000_2.5000_2.5000
84,0,2.5000_2.5000_2.5000_2.5000_2.5000,0,2.5000_2.5000_2.5000_2.5000_2.5000
84,0,2.5000_2.5000_2.5000_2.5000_2.5000,0,2.5000_2.5000_2.5000_2.5000_2.5000
84,0,2.5000_2.5000_2.5000_2.5000_2.5000,0,2.5000_2.5000_2.5000_2.5000_2.5000
84,0,2.5000_2.5000_2.5000_2.5000_2.5000,0,2.5000_2.5000_2.5000_2.5000_2.5000
84,0,2.5000_2.5000_2.5000_2.5000_2.5000,0,2.5000_2.5000_2.5000_2.5000_2.5000
84,0,2.5000_2.5000_2.5000_2.5000_2.5000,0,2.5000_2.5000_2.5000_2.5000_2.5000
85,478472,0.5066_2.5021_-2.4866_-3.4844_1.5044,378157,2.5021_0.5066_-3.4844_-0.4912_2.5021
85,378157,2.5021_0.5066_-3.4844_-0.4912_2.5021,328819,-0.4912_1.5044_-1.4889_1.5044_-0.4911
85,328819,-0.4912_1.5044_-1.4889_1.5044_-0.4911,285593,-1.4889_2.5021_0.5066_-0.4912_1.5044
85,285593,-1.4889_2.5021_0.5066_-0.4912_1.5044,281718,-1.4889_3.4999_0.5066_-0.4912_1.5044
85,281718,-1.4889_3.4999_0.5066_-0.4912_1.5044,260105,-1.4889_3.4999_1.5044_-0.4912_1.5044
85,260105,-1.4889_3.4999_1.5044_-0.4912_1.5044,248739,-1.4798_2.5000_0.5101_0.5101_1.5050
85,248739,-1.4798_2.5000_0.5101_0.5101_1.5050,159193,-0.4849_0.5101_1.5050_1.5050_3.4950
85,159193,-0.4849_0.5101_1.5050_1.5050_3.4950,109445,1.5050_1.5050_0.5101_0.5101_3.4950
85,109445,1.5050_1.5050_0.5101_0.5101_3.4950,69647,1.5050_2.5000_0.5101_1.5050_3.4950
85,69647,1.5050_2.5000_0.5101_1.5050_3.4950,69647,1.5050_2.5000_0.5101_1.5050_3.4950
85,69647,1.5050_2.5000_0.5101_1.5050_3.4950,29849,1.5050_2.5000_1.5050_1.5050_2.5000
85,29849,1.5050_2.5000_1.5050_1.5050_2.5000,29849,2.5000_3.4950_1.5050_1.5050_2.5000
85,29849,2.5000_3.4950_1.5050_1.5050_2.5000,19899,2.5000_2.5000_1.5050_2.5000_1.5050
85,19899,2.5000_2.5000_1.5050_2.5000_1.5050,0,2.5000_2.5000_2.5000_2.5000_2.5000
85,0,2.5000_2.5000_2.5000_2.5000_2.5000,0,2.5000_2.5000_2.5000_2.5000_2.5000
85,0,2.5000_2.5000_2.5000_2.5000_2.5000,0,2.5000_2.5000_2.5000_2.5000_2.5000
85,0,2.5000_2.5000_2.5000_2.5000_2.5000,0,2.5000_2.5000_2.5000_2.5000_2.5000
86,260105,-0.4912_1.5044_-1.4889_1.5044_3.4999,238492,0.5066_-0.4912_0.5066_0.5066_4.4976
86,238492,0.5066_-0.4912_0.5066_0.5066_4.4976,225748,1.5044_-0.4912_1.5044_-0.4912_4.4976
86,225748,1.5044_-0.4912_1.5044_-0.4912_4.4976,209129,2.5021_-1.4889_2.5021_0.5066_4.4976
86,209129,2.5021_-1.4889_2.5021_0.5066_4.4976,109445,1.5050_0.5101_3.4950_1.5050_4.4899
86,109445,1.5050_0.5101_3.4950_1.5050_4.4899,79597,0.5101_1.5050_3.4950_1.5050_3.4950
86,79597,0.5101_1.5050_3.4950_1.5050_3.4950,69647,0.5101_1.5050_2.5000_1.5050_3.4950
86,69647,0.5101_1.5050_2.5000_1.5050_3.4950,69647,0.5101_1.5050_2.5000_1.5050_3.4950
86,69647,0.5101_1.5050_2.5000_1.5050_3.4950,69647,1.5050_1.5050_2.5000_0.5101_3.4950
86,69647,1.5050_1.5050_2.5000_0.5101_3.4950,59697,1.5050_2.5000_2.5000_0.5101_3.4950
86,59697,1.5050_2.5000_2.5000_0.5101_3.4950,29849,2.5000_2.5000_3.4950_1.5050_3.4950
86,29849,2.5000_2.5000_3.4950_1.5050_3.4950,19899,2.5000_2.5000_2.5000_1.5050_3.4950
86,19899,2.5000_2.5000_2.5000_1.5050_3.4950,9950,2.5000_2.5000_1.5050_2.5000_2.5000
86,9950,2.5000_2.5000_1.5050_2.5000_2.5000,9950,2.5000_2.5000_1.5050_2.5000_2.5000
86,9950,2.5000_2.5000_1.5050_2.5000_2.5000,9950,2.5000_2.5000_2.5000_2.5000_3.4950
86,9950,2.5000_2.5000_2.5000_2.5000_3.4950,9950,2.5000_2.5000_2.5000_2.5000_3.4950
86,9950,2.5000_2.5000_2.5000_2.5000_3.4950,0,2.5000_2.5000_2.5000_2.5000_2.5000
87,639749,1.5044_-0.4912_-4.4821_-2.4866_-0.4912,639749,1.5044_-0.4912_-4.4821_-2.4866_-0.4912
87,639749,1.5044_-0.4912_-4.4821_-2.4866_-0.4912,544429,2.5021_1.5043_-4.4821_-2.4867_0.5066
87,544429,2.5021_1.5043_-4.4821_-2.4867_0.5066,492334,3.4999_2.5021_-3.4844_-2.4866_-0.4912
87,492334,3.4999_2.5021_-3.4844_-2.4866_-0.4912,378157,4.4976_0.5066_-1.4889_-0.4912_-1.4889
87,378157,4.4976_0.5066_-1.4889_-0.4912_-1.4889,355426,2.5021_1.5044_-0.4911_-1.4889_-1.4889
87,355426,2.5021_1.5044_-0.4911_-1.4889_-1.4889,350432,0.5066_-0.4912_1.5044_-0.4912_-1.4889
87,350432,0.5066_-0.4912_1.5044_-0.4912_-1.4889,307206,-0.4911_-1.4889_2.5021_0.5066_0.5066
87,307206,-0.4911_-1.4889_2.5021_0.5066_0.5066,179092,0.5101_-0.4849_2.5000_1.5050_0.5101
87,179092,0.5101_-0.4849_2.5000_1.5050_0.5101,139294,0.5101_-0.4849_2.5000_2.5000_1.5050
87,139294,0.5101_-0.4849_2.5000_2.5000_1.5050,99496,2.5000_2.5000_2.5000_1.5050_-0.4849
87,99496,2.5000_2.5000_2.5000_1.5050_-0.4849,59697,2.5000_1.5050_2.5000_1.5050_0.5101
87,59697,2.5000_1.5050_2.5000_1.5050_0.5101,49748,2.5000_0.5101_2.5000_2.5000_1.5050
87,49748,2.5000_0.5101_2.5000_2.5000_1.5050,39798,3.4950_1.5050_2.5000_3.4950_1.5050
87,39798,3.4950_1.5050_2.5000_3.4950_1.5050,19899,2.5000_1.5050_3.4950_2.5000_2.5000
87,19899,2.5000_1.5050_3.4950_2.5000_2.5000,19899,1.5050_2.5000_2.5000_1.5050_2.5000
87,19899,1.5050_2.5000_2.5000_1.5050_2.5000,9950,2.5000_2.5000_1.5050_2.5000_2.5000
87,9950,2.5000_2.5000_1.5050_2.5000_2.5000,9950,2.5000_2.5000_1.5050_2.5000_2.5000
87,9950,2.5000_2.5000_1.5050_2.5000_2.5000,9950,2.5000_2.5000_2.5000_1.5050_2.5000
87,9950,2.5000_2.5000_2.5000_1.5050_2.5000,9950,2.5000_2.5000_2.5000_2.5000_1.5050
87,9950,2.5000_2.5000_2.5000_2.5000_1.5050,0,2.5000_2.5000_2.5000_2.5000_2.5000
87,0,2.5000_2.5000_2.5000_2.5000_2.5000,0,2.5000_2.5000_2.5000_2.5000_2.5000
87,0,2.5000_2.5000_2.5000_2.5000_2.5000,0,2.5000_2.5000_2.5000_2.5000_2.5000
88,828244,1.5043_-0.4912_-5.1200_-2.4866_0.5066,828244,1.5044_0.5066_-5.1200_-2.4866_-0.4912
88,828244,1.5044_0.5066_-5.1200_-2.4866_-0.4912,652494,0.5066_-1.4889_-4.4821_-0.4912_-1.4889
88,652494,0.5066_-1.4889_-4.4821_-0.4912_-1.4889,595405,0.5066_-2.4866_-2.4866_0.5066_-2.4866
88,595405,0.5066_-2.4866_-2.4866_0.5066_-2.4866,573792,0.5066_-2.4866_-2.4866_1.5044_-2.4866
88,573792,0.5066_-2.4866_-2.4866_1.5044_-2.4866,503960,1.5044_-2.4866_-2.4866_1.5044_-1.4889
88,503960,1.5044_-2.4866_-2.4866_1.5044_-1.4889,473478,-0.4912_-3.4844_-0.4912_2.5021_-0.4912
88,473478,-0.4912_-3.4844_-0.4912_2.5021_-0.4912,387026,-2.4866_-0.4912_2.5021_3.4999_-1.4889
88,387026,-2.4866_-0.4912_2.5021_3.4999_-1.4889,378157,-1.4889_-1.4889_2.5021_3.4999_-1.4889
88,378157,-1.4889_-1.4889_2.5021_3.4999_-1.4889,369288,-1.4889_-2.4866_1.5044_3.4999_0.5066
88,369288,-1.4889_-2.4866_1.5044_3.4999_0.5066,351551,-1.4889_-1.4889_1.5044_3.4999_-0.4912
88,351551,-1.4889_-1.4889_1.5044_3.4999_-0.4912,247361,-0.4912_-1.4889_2.5021_3.4999_1.5044
88,247361,-0.4912_-1.4889_2.5021_3.4999_1.5044,239611,-1.4889_0.5066_3.4999_4.4976_0.5066
88,239611,-1.4889_0.5066_3.4999_4.4976_0.5066,222992,-1.4889_0.5066_4.4976_4.4976_1.5044
88,222992,-1.4889_0.5066_4.4976_4.4976_1.5044,217998,-1.4889_0.5066_4.4976_3.4999_1.5044
88,217998,-1.4889_0.5066_4.4976_3.4999_1.5044,129344,-0.4849_2.5000_2.5000_0.5101_2.5000
88,129344,-0.4849_2.5000_2.5000_0.5101_2.5000,69647,0.5101_3.4950_3.4950_1.5050_2.5000
88,69647,0.5101_3.4950_3.4950_1.5050_2.5000,49748,2.5000_2.5000_1.5050_0.5101_2.5000
88,49748,2.5000_2.5000_1.5050_0.5101_2.5000,49748,2.5000_2.5000_2.5000_0.5101_1.5050
88,49748,2.5000_2.5000_2.5000_0.5101_1.5050,19899,1.5050_2.5000_2.5000_1.5050_2.5000
88,19899,1.5050_2.5000_2.5000_1.5050_2.5000,19899,1.5050_3.4950_2.5000_2.5000_2.5000
88,19899,1.5050_3.4950_2.5000_2.5000_2.5000,9950,1.5050_2.5000_2.5000_2.5000_2.5000
88,9950,1.5050_2.5000_2.5000_2.5000_2.5000,9950,1.5050_2.5000_2.5000_2.5000_2.5000
88,9950,1.5050_2.5000_2.5000_2.5000_2.5000,0,2.5000_2.5000_2.5000_2.5000_2.5000
88,0,2.5000_2.5000_2.5000_2.5000_2.5000,0,2.5000_2.5000_2.5000_2.5000_2.5000
88,0,2.5000_2.5000_2.5000_2.5000_2.5000,0,2.5000_2.5000_2.5000_2.5000_2.5000
88,0,2.5000_2.5000_2.5000_2.5000_2.5000,0,2.5000_2.5000_2.5000_2.5000_2.5000
89,29849,3.4950_1.5050_2.5000_2.5000_3.4950,9950,3.4950_2.5000_2.5000_2.5000_2.5000
89,9950,3.4950_2.5000_2.5000_2.5000_2.5000,0,2.5000_2.5000_2.5000_2.5000_2.5000
89,0,2.5000_2.5000_2.5000_2.5000_2.5000,0,2.5000_2.5000_2.5000_2.5000_2.5000
89,0,2.5000_2.5000_2.5000_2.5000_2.5000,0,2.5000_2.5000_2.5000_2.5000_2.5000
89,0,2.5000_2.5000_2.5000_2.5000_2.5000,0,2.5000_2.5000_2.5000_2.5000_2.5000
90,521697,-0.4912_1.5044_-2.4866_1.5044_-3.4844,500084,0.5066_0.5066_-3.4844_2.5021_-2.4866
90,500084,0.5066_0.5066_-3.4844_2.5021_-2.4866,460734,-0.4912_1.5044_-3.4844_2.5021_-1.4889
90,460734,-0.4912_1.5044_-3.4844_2.5021_-1.4889,447990,-0.4912_2.5021_-3.4844_2.5021_-1.4889
90,447990,-0.4912_2.5021_-3.4844_2.5021_-1.4889,387026,-1.4889_2.5021_-2.4866_3.4999_-0.4912
90,387026,-1.4889_2.5021_-2.4866_3.4999_-0.4912,317194,-0.4912_1.5044_-0.4912_4.4976_-1.4889
90,317194,-0.4912_1.5044_-0.4912_4.4976_-1.4889,268974,0.5066_2.5021_-0.4912_3.4999_-1.4889
90,268974,0.5066_2.5021_-0.4912_3.4999_-1.4889,238492,-0.4912_0.5066_0.5066_4.4976_0.5066
90,238492,-0.4912_0.5066_0.5066_4.4976_0.5066,189042,-0.4849_1.5050_0.5101_4.4899_1.5050
90,189042,-0.4849_1.5050_0.5101_4.4899_1.5050,189042,-0.4849_1.5050_0.5101_4.4899_1.5050
90,189042,-0.4849_1.5050_0.5101_4.4899_1.5050,159193,-0.4849_1.5050_1.5050_3.4950_0.5101
90,159193,-0.4849_1.5050_1.5050_3.4950_0.5101,129345,0.5101_2.5000_0.5101_3.4950_0.5101
90,129345,0.5101_2.5000_0.5101_3.4950_0.5101,99496,0.5101_2.5000_1.5050_3.4950_0.5101
90,99496,0.5101_2.5000_1.5050_3.4950_0.5101,59697,1.5050_2.5000_2.5000_3.4950_0.5101
90,59697,1.5050_2.5000_2.5000_3.4950_0.5101,59697,2.5000_0.5101_2.5000_1.5050_1.5050
90,59697,2.5000_0.5101_2.5000_1.5050_1.5050,29849,3.4950_1.5050_1.5050_2.5000_2.5000
90,29849,3.4950_1.5050_1.5050_2.5000_2.5000,19899,2.5000_2.5000_1.5050_2.5000_3.4950
90,19899,2.5000_2.5000_1.5050_2.5000_3.4950,9950,2.5000_2.5000_2.5000_2.5000_1.5050
90,9950,2.5000_2.5000_2.5000_2.5000_1.5050,9950,2.5000_2.5000_2.5000_2.5000_1.5050
90,9950,2.5000_2.5000_2.5000_2.5000_1.5050,9950,2.5000_2.5000_2.5000_2.5000_1.5050
90,9950,2.5000_2.5000_2.5000_2.5000_1.5050,0,2.5000_2.5000_2.5000_2.5000_2.5000
90,0,2.5000_2.5000_2.5000_2.5000_2.5000,0,2.5000_2.5000_2.5000_2.5000_2.5000
90,0,2.5000_2.5000_2.5000_2.5000_2.5000,0,2.5000_2.5000_2.5000_2.5000_2.5000
91,208940,2.5000_1.5050_-1.4798_0.5101_2.5000,189042,3.4950_2.5000_-0.4849_-0.4849_2.5000
91,189042,3.4950_2.5000_-0.4849_-0.4849_2.5000,139294,2.5000_3.4950_-0.4849_0.5101_2.5000
91,139294,2.5000_3.4950_-0.4849_0.5101_2.5000,89546,2.5000_3.4950_0.5101_0.5101_2.5000
91,89546,2.5000_3.4950_0.5101_0.5101_2.5000,79597,3.4950_1.5050_1.5050_1.5050_0.5101
91,79597,3.4950_1.5050_1.5050_1.5050_0.5101,79597,3.4950_1.5050_1.5050_1.5050_0.5101
91,79597,3.4950_1.5050_1.5050_1.5050_0.5101,59697,3.4950_1.5050_2.5000_2.5000_0.5101
91,59697,3.4950_1.5050_2.5000_2.5000_0.5101,39798,3.4950_2.5000_1.5050_3.4950_1.5050
91,39798,3.4950_2.5000_1.5050_3.4950_1.5050,29849,1.5050_2.5000_1.5050_1.5050_2.5000
91,29849,1.5050_2.5000_1.5050_1.5050_2.5000,29849,1.5050_2.5000_1.5050_1.5050_2.5000
91,29849,1.5050_2.5000_1.5050_1.5050_2.5000,19899,1.5050_3.4950_2.5000_2.5000_2.5000
91,19899,1.5050_3.4950_2.5000_2.5000_2.5000,9950,2.5000_2.5000_3.4950_2.5000_2.5000
91,9950,2.5000_2.5000_3.4950_2.5000_2.5000,9950,2.5000_2.5000_2.5000_2.5000_1.5050
91,9950,2.5000_2.5000_2.5000_2.5000_1.5050,9950,3.4950_2.5000_2.5000_2.5000_2.5000
91,9950,3.4950_2.5000_2.5000_2.5000_2.5000,0,2.5000_2.5000_2.5000_2.5000_2.5000
91,0,2.5000_2.5000_2.5000_2.5000_2.5000,0,2.5000_2.5000_2.5000_2.5000_2.5000
92,475715,3.4999_-1.4889_3.4999_-4.4821_0.5066,268974,3.4999_-0.4912_0.5066_-1.4889_2.5021
92,268974,3.4999_-0.4912_0.5066_-1.4889_2.5021,261224,3.4999_0.5066_1.5044_-2.4866_3.4999
92,261224,3.4999_0.5066_1.5044_-2.4866_3.4999,238492,3.4999_0.5066_0.5066_-1.4889_2.5021
92,238492,3.4999_0.5066_0.5066_-1.4889_2.5021,169143,4.4899_0.5101_1.5050_0.5101_0.5101
92,169143,4.4899_0.5101_1.5050_0.5101_0.5101,149244,3.4950_0.5101_2.5000_1.5050_-0.4849
92,149244,3.4950_0.5101_2.5000_1.5050_-0.4849,109445,2.5000_1.5050_3.4950_2.5000_-0.4849
92,109445,2.5000_1.5050_3.4950_2.5000_-0.4849,97189,3.4999_2.5021_4.4976_3.4999_0.5066
92,97189,3.4999_2.5021_4.4976_3.4999_0.5066,89546,3.4950_2.5000_4.4899_2.5000_0.5101
92,89546,3.4950_2.5000_4.4899_2.5000_0.5101,49748,3.4950_3.4950_3.4950_3.4950_1.5050
92,49748,3.4950_3.4950_3.4950_3.4950_1.5050,29849,2.5000_3.4950_2.5000_3.4950_1.5050
92,29849,2.5000_3.4950_2.5000_3.4950_1.5050,19899,2.5000_1.5050_3.4950_2.5000_2.5000
92,19899,2.5000_1.5050_3.4950_2.5000_2.5000,19899,2.5000_1.5050_3.4950_2.5000_2.5000
92,19899,2.5000_1.5050_3.4950_2.5000_2.5000,9950,2.5000_2.5000_2.5000_2.5000_1.5050
92,9950,2.5000_2.5000_2.5000_2.5000_1.5050,9950,2.5000_2.5000_3.4950_2.5000_2.5000
92,9950,2.5000_2.5000_3.4950_2.5000_2.5000,9950,2.5000_2.5000_3.4950_2.5000_2.5000
92,9950,2.5000_2.5000_3.4950_2.5000_2.5000,0,2.5000_2.5000_2.5000_2.5000_2.5000
92,0,2.5000_2.5000_2.5000_2.5000_2.5000,0,2.5000_2.5000_2.5000_2.5000_2.5000
92,0,2.5000_2.5000_2.5000_2.5000_2.5000,0,2.5000_2.5000_2.5000_2.5000_2.5000
92,0,2.5000_2.5000_2.5000_2.5000_2.5000,0,2.5000_2.5000_2.5000_2.5000_2.5000
93,977434,5.1200_5.1200_5.1200_5.1200_5.1200,795840,5.1200_2.5021_5.1200_5.1200_5.1200
93,795840,5.1200_2.5021_5.1200_5.1200_5.1200,254414,5.1200_2.5021_4.4976_4.4976_4.4976
93,254414,5.1200_2.5021_4.4976_4.4976_4.4976,244426,5.1200_2.5021_4.4976_3.4999_3.4999
93,244426,5.1200_2.5021_4.4976_3.4999_3.4999,85564,4.4976_1.5044_4.4976_2.5021_4.4976
93,85564,4.4976_1.5044_4.4976_2.5021_4.4976,85564,4.4976_1.5044_4.4976_2.5021_4.4976
93,85564,4.4976_1.5044_4.4976_2.5021_4.4976,29849,2.5000_2.5000_1.5050_3.4950_1.5050
93,29849,2.5000_2.5000_1.5050_3.4950_1.5050,29849,1.5050_3.4950_2.5000_2.5000_1.5050
93,29849,1.5050_3.4950_2.5000_2.5000_1.5050,19899,1.5050_3.4950_2.5000_2.5000_2.5000
93,19899,1.5050_3.4950_2.5000_2.5000_2.5000,9950,2.5000_3.4950_2.5000_2.5000_2.5000
93,9950,2.5000_3.4950_2.5000_2.5000_2.5000,9950,2.5000_2.5000_1.5050_2.5000_2.5000
93,9950,2.5000_2.5000_1.5050_2.5000_2.5000,0,2.5000_2.5000_2.5000_2.5000_2.5000
93,0,2.5000_2.5000_2.5000_2.5000_2.5000,0,2.5000_2.5000_2.5000_2.5000_2.5000
94,972293,-3.4844_-1.4889_-3.4844_-4.4821_-1.4889,477353,-3.4844_0.5066_-0.4912_-0.4912_0.5066
94,477353,-3.4844_0.5066_-0.4912_-0.4912_0.5066,446871,-3.4844_0.5066_-0.4912_0.5066_0.5066
94,446871,-3.4844_0.5066_-0.4912_0.5066_0.5066,349912,-4.4821_3.4999_1.5044_3.4999_2.5021
94,349912,-4.4821_3.4999_1.5044_3.4999_2.5021,281718,-2.4866_1.5044_2.5021_1.5044_0.5066
94,281718,-2.4866_1.5044_2.5021_1.5044_0.5066,99496,-0.4849_2.5000_3.4950_2.5000_2.5000
94,99496,-0.4849_2.5000_3.4950_2.5000_2.5000,59697,0.5101_2.5000_3.4950_1.5050_2.5000
94,59697,0.5101_2.5000_3.4950_1.5050_2.5000,39798,1.5050_1.5050_3.4950_2.5000_1.5050
94,39798,1.5050_1.5050_3.4950_2.5000_1.5050,39798,1.5050_2.5000_3.4950_3.4950_1.5050
94,39798,1.5050_2.5000_3.4950_3.4950_1.5050,39798,2.5000_1.5050_3.4950_3.4950_1.5050
94,39798,2.5000_1.5050_3.4950_3.4950_1.5050,9950,2.5000_1.5050_2.5000_2.5000_2.5000
94,9950,2.5000_1.5050_2.5000_2.5000_2.5000,9950,2.5000_2.5000_2.5000_2.5000_1.5050
94,9950,2.5000_2.5000_2.5000_2.5000_1.5050,0,2.5000_2.5000_2.5000_2.5000_2.5000
94,0,2.5000_2.5000_2.5000_2.5000_2.5000,0,2.5000_2.5000_2.5000_2.5000_2.5000
95,650856,2.5021_-4.4821_-2.4866_4.4976_-2.4866,451865,1.5044_-2.4866_-0.4912_2.5021_-2.4866
95,451865,1.5044_-2.4866_-0.4912_2.5021_-2.4866,238790,0.5101_-0.4849_1.5050_3.4950_-0.4849
95,238790,0.5101_-0.4849_1.5050_3.4950_-0.4849,159193,0.5101_0.5101_0.5101_2.5000_0.5101
95,159193,0.5101_0.5101_0.5101_2.5000_0.5101,109445,1.5050_1.5050_0.5101_3.4950_0.5101
95,109445,1.5050_1.5050_0.5101_3.4950_0.5101,89546,2.5000_1.5050_0.5101_2.5000_0.5101
95,89546,2.5000_1.5050_0.5101_2.5000_0.5101,59697,2.5000_2.5000_1.5050_1.5050_0.5101
95,59697,2.5000_2.5000_1.5050_1.5050_0.5101,39798,3.4950_3.4950_1.5050_2.5000_1.5050
95,39798,3.4950_3.4950_1.5050_2.5000_1.5050,39798,3.4950_3.4950_1.5050_2.5000_1.5050
95,39798,3.4950_3.4950_1.5050_2.5000_1.5050,29849,3.4950_3.4950_1.5050_2.5000_2.5000
95,29849,3.4950_3.4950_1.5050_2.5000_2.5000,19899,3.4950_2.5000_1.5050_2.5000_2.5000
95,19899,3.4950_2.5000_1.5050_2.5000_2.5000,19899,3.4950_2.5000_2.5000_3.4950_2.5000
95,19899,3.4950_2.5000_2.5000_3.4950_2.5000,0,2.5000_2.5000_2.5000_2.5000_2.5000
95,0,2.5000_2.5000_2.5000_2.5000_2.5000,0,2.5000_2.5000_2.5000_2.5000_2.5000
95,0,2.5000_2.5000_2.5000_2.5000_2.5000,0,2.5000_2.5000_2.5000_2.5000_2.5000
95,0,2.5000_2.5000_2.5000_2.5000_2.5000,0,2.5000_2.5000_2.5000_2.5000_2.5000
95,0,2.5000_2.5000_2.5000_2.5000_2.5000,0,2.5000_2.5000_2.5000_2.5000_2.5000
95,0,2.5000_2.5000_2.5000_2.5000_2.5000,0,2.5000_2.5000_2.5000_2.5000_2.5000
95,0,2.5000_2.5000_2.5000_2.5000_2.5000,0,2.5000_2.5000_2.5000_2.5000_2.5000
95,0,2.5000_2.5000_2.5000_2.5000_2.5000,0,2.5000_2.5000_2.5000_2.5000_2.5000
96,397014,2.5021_-3.4844_4.4976_1.5044_-1.4889,109445,1.5050_1.5050_0.5101_1.5050_4.4899
96,109445,1.5050_1.5050_0.5101_1.5050_4.4899,109445,-0.4849_1.5050_1.5050_2.5000_2.5000
96,109445,-0.4849_1.5050_1.5050_2.5000_2.5000,19899,1.5050_2.5000_2.5000_1.5050_2.5000
96,19899,1.5050_2.5000_2.5000_1.5050_2.5000,9950,2.5000_1.5050_2.5000_2.5000_2.5000
96,9950,2.5000_1.5050_2.5000_2.5000_2.5000,9950,2.5000_1.5050_2.5000_2.5000_2.5000
96,9950,2.5000_1.5050_2.5000_2.5000_2.5000,0,2.5000_2.5000_2.5000_2.5000_2.5000
96,0,2.5000_2.5000_2.5000_2.5000_2.5000,0,2.5000_2.5000_2.5000_2.5000_2.5000
97,434127,0.5066_1.5044_-2.4866_1.5044_-2.4866,421383,0.5066_2.5021_-2.4866_1.5044_-2.4866
97,421383,0.5066_2.5021_-2.4866_1.5044_-2.4866,417508,0.5066_3.4999_-2.4866_1.5044_-2.4866
97,417508,0.5066_3.4999_-2.4866_1.5044_-2.4866,403645,-0.4911_1.5044_-2.4866_2.5021_-1.4889
97,403645,-0.4911_1.5044_-2.4866_2.5021_-1.4889,360419,0.5066_2.5021_-2.4866_2.5021_-1.4889
97,360419,0.5066_2.5021_-2.4866_2.5021_-1.4889,281718,1.5044_0.5066_-0.4912_3.4999_-1.4889
97,281718,1.5044_0.5066_-0.4912_3.4999_-1.4889,238790,1.5050_-0.4849_0.5101_3.4950_-0.4849
97,238790,1.5050_-0.4849_0.5101_3.4950_-0.4849,234617,1.5044_-1.4889_1.5044_4.4976_0.5066
97,234617,1.5044_-1.4889_1.5044_4.4976_0.5066,213004,1.5044_-1.4889_1.5044_4.4976_1.5044
97,213004,1.5044_-1.4889_1.5044_4.4976_1.5044,129345,0.5101_0.5101_2.5000_1.5050_0.5101
97,129345,0.5101_0.5101_2.5000_1.5050_0.5101,129344,1.5050_1.5050_3.4950_-0.4849_1.5050
97,129344,1.5050_1.5050_3.4950_-0.4849_1.5050,89546,2.5000_2.5000_2.5000_2.5000_-0.4849
97,89546,2.5000_2.5000_2.5000_2.5000_-0.4849,59697,2.5000_2.5000_3.4950_3.4950_0.5101
97,59697,2.5000_2.5000_3.4950_3.4950_0.5101,39798,2.5000_2.5000_2.5000_2.5000_0.5101
97,39798,2.5000_2.5000_2.5000_2.5000_0.5101,29849,2.5000_3.4950_3.4950_1.5050_2.5000
97,29849,2.5000_3.4950_3.4950_1.5050_2.5000,19899,1.5050_2.5000_2.5000_1.5050_2.5000
97,19899,1.5050_2.5000_2.5000_1.5050_2.5000,19899,2.5000_2.5000_2.5000_1.5050_3.4950
97,19899,2.5000_2.5000_2.5000_1.5050_3.4950,19899,2.5000_2.5000_1.5050_1.5050_2.5000
97,19899,2.5000_2.5000_1.5050_1.5050_2.5000,9950,2.5000_1.5050_2.5000_2.5000_2.5000
97,9950,2.5000_1.5050_2.5000_2.5000_2.5000,0,2.5000_2.5000_2.5000_2.5000_2.5000
98,313318,3.4999_0.5066_-0.4912_-2.4866_3.4999,265099,0.5066_2.5021_1.5044_-2.4866_3.4999
98,265099,0.5066_2.5021_1.5044_-2.4866_3.4999,226867,1.5044_3.4999_2.5021_-2.4866_3.4999
98,226867,1.5044_3.4999_2.5021_-2.4866_3.4999,162028,0.5066_3.4999_3.4999_-0.4912_4.4976
98,162028,0.5066_3.4999_3.4999_-0.4912_4.4976,69647,2.5000_0.5101_3.4950_1.5050_1.5050
98,69647,2.5000_0.5101_3.4950_1.5050_1.5050,69647,2.5000_0.5101_3.4950_1.5050_1.5050
98,69647,2.5000_0.5101_3.4950_1.5050_1.5050,59697,2.5000_1.5050_4.4899_2.5000_1.5050
98,59697,2.5000_1.5050_4.4899_2.5000_1.5050,39798,3.4950_1.5050_3.4950_2.5000_1.5050
98,39798,3.4950_1.5050_3.4950_2.5000_1.5050,29849,3.4950_2.5000_3.4950_2.5000_1.5050
98,29849,3.4950_2.5000_3.4950_2.5000_1.5050,0,2.5000_2.5000_2.5000_2.5000_2.5000
98,0,2.5000_2.5000_2.5000_2.5000_2.5000,0,2.5000_2.5000_2.5000_2.5000_2.5000
98,0,2.5000_2.5000_2.5000_2.5000_2.5000,0,2.5000_2.5000_2.5000_2.5000_2.5000
98,0,2.5000_2.5000_2.5000_2.5000_2.5000,0,2.5000_2.5000_2.5000_2.5000_2.5000
99,600399,2.5021_-1.4889_-3.4844_-2.4866_-0.4911,596524,3.4999_-1.4889_-3.4844_-2.4866_-0.4912
99,596524,3.4999_-1.4889_-3.4844_-2.4866_-0.4912,583780,4.4976_-2.4866_-1.4889_-2.4866_-1.4889
99,583780,4.4976_-2.4866_-1.4889_-2.4866_-1.4889,412514,1.5044_-2.4867_1.5044_-2.4866_1.5044
99,412514,1.5044_-2.4867_1.5044_-2.4866_1.5044,399770,1.5044_-2.4866_2.5021_-2.4866_1.5044
99,399770,1.5044_-2.4866_2.5021_-2.4866_1.5044,364295,1.5043_-1.4889_1.5044_-2.4866_1.5044
99,364295,1.5043_-1.4889_1.5044_-2.4866_1.5044,218890,2.5000_-0.4849_0.5101_-0.4849_2.5000
99,218890,2.5000_-0.4849_0.5101_-0.4849_2.5000,79597,3.4950_1.5050_0.5101_1.5050_3.4950
99,79597,3.4950_1.5050_0.5101_1.5050_3.4950,69647,3.4950_2.5000_0.5101_1.5050_3.4950
99,69647,3.4950_2.5000_0.5101_1.5050_3.4950,69647,3.4950_2.5000_1.5050_1.5050_4.4899
99,69647,3.4950_2.5000_1.5050_1.5050_4.4899,67826,4.4976_3.4999_2.5021_2.5021_4.4976
99,67826,4.4976_3.4999_2.5021_2.5021_4.4976,67826,4.4976_3.4999_2.5021_2.5021_4.4976
99,67826,4.4976_3.4999_2.5021_2.5021_4.4976,59697,4.4899_2.5000_3.4950_2.5000_3.4950
99,59697,4.4899_2.5000_3.4950_2.5000_3.4950,19899,2.5000_2.5000_3.4950_2.5000_3.4950
99,19899,2.5000_2.5000_3.4950_2.5000_3.4950,19899,2.5000_3.4950_3.4950_2.5000_2.5000
99,19899,2.5000_3.4950_3.4950_2.5000_2.5000,19899,2.5000_3.4950_3.4950_2.5000_2.5000
99,19899,2.5000_3.4950_3.4950_2.5000_2.5000,9950,1.5050_2.5000_2.5000_2.5000_2.5000
99,9950,1.5050_2.5000_2.5000_2.5000_2.5000,0,2.5000_2.5000_2.5000_2.5000_2.5000
99,0,2.5000_2.5000_2.5000_2.5000_2.5000,0,2.5000_2.5000_2.5000_2.5000_2.5000
100,410876,-4.4821_3.4999_0.5066_0.5066_4.4976,339406,-4.4821_4.4976_3.4999_3.4999_4.4976
100,339406,-4.4821_4.4976_3.4999_3.4999_4.4976,320890,0.5066_0.5066_4.4976_2.5021_5.1200
100,320890,0.5066_0.5066_4.4976_2.5021_5.1200,299277,1.5043_0.5066_4.4976_2.5021_5.1200
100,299277,1.5043_0.5066_4.4976_2.5021_5.1200,290409,1.5044_1.5043_4.4976_1.5044_5.1200
100,290409,1.5044_1.5043_4.4976_1.5044_5.1200,271390,2.5000_1.5050_3.4950_1.5050_5.1200
100,271390,2.5000_1.5050_3.4950_1.5050_5.1200,69647,2.5000_1.5050_3.4950_1.5050_4.4899
100,69647,2.5000_1.5050_3.4950_1.5050_4.4899,69647,2.5000_1.5050_3.4950_1.5050_4.4899
100,69647,2.5000_1.5050_3.4950_1.5050_4.4899,67826,3.4999_2.5021_4.4976_2.5021_4.4976
100,67826,3.4999_2.5021_4.4976_2.5021_4.4976,59697,2.5000_2.5000_4.4899_1.5050_3.4950
100,59697,2.5000_2.5000_4.4899_1.5050_3.4950,59697,1.5050_2.5000_4.4899_2.5000_3.4950
100,59697,1.5050_2.5000_4.4899_2.5000_3.4950,49748,2.5000_2.5000_4.4899_2.5000_3.4950
100,49748,2.5000_2.5000_4.4899_2.5000_3.4950,39798,3.4950_2.5000_3.4950_3.4950_3.4950
100,39798,3.4950_2.5000_3.4950_3.4950_3.4950,19899,3.4950_2.5000_2.5000_2.5000_3.4950
100,19899,3.4950_2.5000_2.5000_2.5000_3.4950,9950,3.4950_2.5000_2.5000_2.5000_2.5000
100,9950,3.4950_2.5000_2.5000_2.5000_2.5000,9950,2.5000_2.5000_2.5000_3.4950_2.5000
100,9950,2.5000_2.5000_2.5000_3.4950_2.5000,9950,2.5000_2.5000_2.5000_2.5000_3.4950
100,9950,2.5000_2.5000_2.5000_2.5000_3.4950,0,2.5000_2.5000_2.5000_2.5000_2.5000
100,0,2.5000_2.5000_2.5000_2.5000_2.5000,0,2.5000_2.5000_2.5000_2.5000_2.5000
100,0,2.5000_2.5000_2.5000_2.5000_2.5000,0,2.5000_2.5000_2.5000_2.5000_2.5000
