run,fit1,node1,fit2,node2
1,497476,1.9899_4.9747_-0.9950_-1.9899_-3.9798,298486,0.0000_1.9899_0.9950_-2.9849_-3.9798
1,298486,0.0000_1.9899_0.9950_-2.9849_-3.9798,228840,-2.9849_2.9849_-1.9899_0.9950_-0.0000
1,228840,-2.9849_2.9849_-1.9899_0.9950_-0.0000,149244,-0.9950_0.9950_-2.9849_-0.0000_-1.9899
1,149244,-0.9950_0.9950_-2.9849_-0.0000_-1.9899,129345,-0.0000_1.9899_-1.9899_0.9950_-1.9899
1,129345,-0.0000_1.9899_-1.9899_0.9950_-1.9899,29849,-0.0000_0.9950_-0.9950_-0.0000_-0.9950
1,29849,-0.0000_0.9950_-0.9950_-0.0000_-0.9950,19899,-0.0000_0.0000_0.0000_0.9950_-0.9950
1,19899,-0.0000_0.0000_0.0000_0.9950_-0.9950,19899,0.9950_-0.0000_-0.0000_-0.0000_-0.9950
1,19899,0.9950_-0.0000_-0.0000_-0.0000_-0.9950,9950,0.0000_-0.0000_0.0000_0.0000_-0.9950
1,9950,0.0000_-0.0000_0.0000_0.0000_-0.9950,9950,-0.0000_-0.0000_-0.0000_-0.0000_-0.9950
1,9950,-0.0000_-0.0000_-0.0000_-0.0000_-0.9950,9950,-0.0000_-0.0000_0.9950_-0.0000_-0.0000
1,9950,-0.0000_-0.0000_0.9950_-0.0000_-0.0000,9950,-0.0000_-0.0000_0.9950_-0.0000_-0.0000
1,9950,-0.0000_-0.0000_0.9950_-0.0000_-0.0000,9950,-0.0000_-0.0000_-0.0000_-0.0000_0.9950
1,9950,-0.0000_-0.0000_-0.0000_-0.0000_0.9950,9950,-0.0000_-0.0000_-0.0000_0.0000_0.9950
2,417880,0.0000_3.9798_3.9798_0.9950_-2.9849,19899,-0.0000_-0.9950_-0.0000_0.0000_0.9950
2,19899,-0.0000_-0.9950_-0.0000_0.0000_0.9950,19899,0.0000_-0.9950_-0.9950_0.0000_-0.0000
2,19899,0.0000_-0.9950_-0.9950_0.0000_-0.0000,19899,0.0000_-0.9950_-0.0000_0.0000_0.9950
2,19899,0.0000_-0.9950_-0.0000_0.0000_0.9950,9950,-0.0000_-0.0000_-0.9950_-0.0000_-0.0000
2,9950,-0.0000_-0.0000_-0.9950_-0.0000_-0.0000,9950,-0.0000_-0.0000_-0.0000_0.9950_-0.0000
2,9950,-0.0000_-0.0000_-0.0000_0.9950_-0.0000,9950,-0.0000_0.9950_-0.0000_0.0000_-0.0000
2,9950,-0.0000_0.9950_-0.0000_0.0000_-0.0000,9950,-0.0000_0.9950_-0.0000_-0.0000_-0.0000
3,308436,2.9849_-0.9950_-1.9899_-3.9798_-0.9950,189041,0.9950_0.9950_-0.0000_-3.9798_-0.9950
3,189041,0.9950_0.9950_-0.0000_-3.9798_-0.9950,149244,-0.0000_1.9899_0.9950_-2.9849_-0.9950
3,149244,-0.0000_1.9899_0.9950_-2.9849_-0.9950,49748,-0.0000_0.9950_0.0000_-1.9899_-0.0000
3,49748,-0.0000_0.9950_0.0000_-1.9899_-0.0000,29849,0.0000_0.9950_-0.0000_-0.9950_-0.9950
3,29849,0.0000_0.9950_-0.0000_-0.9950_-0.9950,19899,0.0000_0.9950_0.0000_-0.9950_-0.0000
3,19899,0.0000_0.9950_0.0000_-0.9950_-0.0000,19899,-0.0000_-0.0000_-0.0000_-0.9950_-0.9950
3,19899,-0.0000_-0.0000_-0.0000_-0.9950_-0.9950,19899,-0.0000_0.9950_-0.0000_-0.0000_-0.9950
3,19899,-0.0000_0.9950_-0.0000_-0.0000_-0.9950,19899,-0.0000_-0.0000_0.0000_0.9950_-0.9950
3,19899,-0.0000_-0.0000_0.0000_0.9950_-0.9950,9950,-0.0000_-0.0000_-0.0000_0.9950_0.0000
3,9950,-0.0000_-0.0000_-0.0000_0.9950_0.0000,9950,-0.0000_-0.0000_-0.0000_0.9950_-0.0000
3,9950,-0.0000_-0.0000_-0.0000_0.9950_-0.0000,9950,-0.0000_-0.0000_-0.0000_0.9950_-0.0000
3,9950,-0.0000_-0.0000_-0.0000_0.9950_-0.0000,0,-0.0000_0.0000_-0.0000_-0.0000_-0.0000
4,328335,3.9798_0.0000_1.9899_-2.9849_1.9899,218891,1.9899_2.9849_-1.9899_-0.9950_-1.9899
4,218891,1.9899_2.9849_-1.9899_-0.9950_-1.9899,39798,0.9950_0.9950_-0.9950_-0.0000_-0.9950
4,39798,0.9950_0.9950_-0.9950_-0.0000_-0.9950,29849,0.9950_0.0000_-0.9950_-0.9950_0.0000
4,29849,0.9950_0.0000_-0.9950_-0.9950_0.0000,19899,-0.0000_0.0000_-0.9950_-0.9950_0.0000
4,19899,-0.0000_0.0000_-0.9950_-0.9950_0.0000,19899,-0.0000_-0.0000_-0.9950_-0.9950_-0.0000
4,19899,-0.0000_-0.0000_-0.9950_-0.9950_-0.0000,9950,-0.0000_0.0000_-0.9950_-0.0000_-0.0000
4,9950,-0.0000_0.0000_-0.9950_-0.0000_-0.0000,9950,-0.0000_0.9950_0.0000_0.0000_-0.0000
4,9950,-0.0000_0.9950_0.0000_0.0000_-0.0000,9950,-0.0000_0.9950_-0.0000_-0.0000_-0.0000
4,9950,-0.0000_0.9950_-0.0000_-0.0000_-0.0000,9950,0.9950_-0.0000_0.0000_-0.0000_0.0000
4,9950,0.9950_-0.0000_0.0000_-0.0000_0.0000,9950,0.9950_-0.0000_0.0000_-0.0000_-0.0000
5,159193,-1.9899_-1.9899_-1.9899_1.9899_-0.0000,119395,0.0000_-0.9950_-2.9849_0.9950_0.9950
5,119395,0.0000_-0.9950_-2.9849_0.9950_0.9950,119395,-0.9950_0.0000_-2.9849_0.9950_0.9950
5,119395,-0.9950_0.0000_-2.9849_0.9950_0.9950,119395,-0.9950_-0.0000_-2.9849_0.9950_0.9950
5,119395,-0.9950_-0.0000_-2.9849_0.9950_0.9950,99496,0.0000_-0.9950_-1.9899_1.9899_0.9950
5,99496,0.0000_-0.9950_-1.9899_1.9899_0.9950,69647,-0.9950_-0.0000_-0.9950_1.9899_0.9950
5,69647,-0.9950_-0.0000_-0.9950_1.9899_0.9950,39798,-0.9950_0.0000_-0.9950_0.9950_0.9950
5,39798,-0.9950_0.0000_-0.9950_0.9950_0.9950,39798,-0.9950_0.9950_-0.0000_0.9950_0.9950
5,39798,-0.9950_0.9950_-0.0000_0.9950_0.9950,29849,-0.9950_-0.0000_0.9950_0.9950_-0.0000
5,29849,-0.9950_-0.0000_0.9950_0.9950_-0.0000,9950,-0.0000_-0.9950_-0.0000_0.0000_0.0000
5,9950,-0.0000_-0.9950_-0.0000_0.0000_0.0000,9950,-0.0000_0.0000_-0.0000_0.9950_-0.0000
5,9950,-0.0000_0.0000_-0.0000_0.9950_-0.0000,9950,-0.9950_-0.0000_-0.0000_-0.0000_-0.0000
5,9950,-0.9950_-0.0000_-0.0000_-0.0000_-0.0000,9950,-0.0000_-0.9950_-0.0000_-0.0000_-0.0000
6,189042,-2.9849_-2.9849_-0.0000_0.0000_0.9950,139294,-1.9899_-2.9849_0.0000_-0.9950_0.0000
6,139294,-1.9899_-2.9849_0.0000_-0.9950_0.0000,139294,-2.9849_-1.9899_0.0000_0.0000_-0.9950
6,139294,-2.9849_-1.9899_0.0000_0.0000_-0.9950,109445,-2.9849_-0.9950_0.0000_0.0000_-0.9950
6,109445,-2.9849_-0.9950_0.0000_0.0000_-0.9950,69647,0.0000_0.9950_-0.9950_-0.9950_-1.9899
6,69647,0.0000_0.9950_-0.9950_-0.9950_-1.9899,39798,-0.9950_0.9950_-0.0000_-0.9950_-0.9950
6,39798,-0.9950_0.9950_-0.0000_-0.9950_-0.9950,39798,-0.0000_0.0000_0.0000_-0.0000_-1.9899
6,39798,-0.0000_0.0000_0.0000_-0.0000_-1.9899,29849,-0.9950_-0.0000_0.9950_-0.0000_-0.9950
6,29849,-0.9950_-0.0000_0.9950_-0.0000_-0.9950,19899,-0.9950_-0.0000_-0.0000_0.0000_-0.9950
6,19899,-0.9950_-0.0000_-0.0000_0.0000_-0.9950,19899,-0.0000_-0.0000_0.9950_-0.0000_-0.9950
6,19899,-0.0000_-0.0000_0.9950_-0.0000_-0.9950,9950,0.0000_0.0000_0.9950_0.0000_0.0000
6,9950,0.0000_0.0000_0.9950_0.0000_0.0000,9950,-0.0000_-0.0000_0.9950_-0.0000_-0.0000
6,9950,-0.0000_-0.0000_0.9950_-0.0000_-0.0000,9950,-0.0000_-0.0000_-0.0000_-0.0000_0.9950
6,9950,-0.0000_-0.0000_-0.0000_-0.0000_0.9950,9950,0.9950_-0.0000_-0.0000_-0.0000_-0.0000
7,159193,-1.9899_-0.9950_0.9950_-2.9849_0.9950,149244,-0.0000_-2.9849_-0.9950_-0.9950_1.9899
7,149244,-0.0000_-2.9849_-0.9950_-0.9950_1.9899,59697,-0.0000_-1.9899_-0.9950_0.0000_0.9950
7,59697,-0.0000_-1.9899_-0.9950_0.0000_0.9950,29849,0.9950_-0.9950_-0.0000_0.0000_0.9950
7,29849,0.9950_-0.9950_-0.0000_0.0000_0.9950,19899,-0.0000_-0.9950_-0.0000_0.9950_-0.0000
7,19899,-0.0000_-0.9950_-0.0000_0.9950_-0.0000,19899,-0.0000_-0.9950_0.0000_-0.0000_0.9950
7,19899,-0.0000_-0.9950_0.0000_-0.0000_0.9950,19899,0.9950_-0.0000_-0.0000_-0.0000_0.9950
7,19899,0.9950_-0.0000_-0.0000_-0.0000_0.9950,19899,0.9950_-0.0000_-0.0000_-0.0000_0.9950
7,19899,0.9950_-0.0000_-0.0000_-0.0000_0.9950,19899,-0.0000_-0.9950_-0.0000_-0.0000_0.9950
7,19899,-0.0000_-0.9950_-0.0000_-0.0000_0.9950,0,0.0000_-0.0000_-0.0000_-0.0000_0.0000
8,467628,-4.9747_-2.9849_-0.0000_-2.9849_1.9899,248739,0.0000_-3.9798_1.9899_0.9950_-1.9899
8,248739,0.0000_-3.9798_1.9899_0.9950_-1.9899,109445,1.9899_-0.9950_-0.9950_-1.9899_0.9950
8,109445,1.9899_-0.9950_-0.9950_-1.9899_0.9950,49748,0.9950_0.0000_0.0000_-1.9899_-0.0000
8,49748,0.9950_0.0000_0.0000_-1.9899_-0.0000,39798,0.9950_0.9950_-0.9950_-0.9950_0.0000
8,39798,0.9950_0.9950_-0.9950_-0.9950_0.0000,29849,0.9950_0.0000_-0.9950_-0.9950_-0.0000
8,29849,0.9950_0.0000_-0.9950_-0.9950_-0.0000,19899,-0.0000_-0.0000_-0.9950_-0.9950_-0.0000
8,19899,-0.0000_-0.0000_-0.9950_-0.9950_-0.0000,9950,-0.0000_0.0000_-0.0000_-0.9950_0.0000
8,9950,-0.0000_0.0000_-0.0000_-0.9950_0.0000,9950,0.9950_0.0000_0.0000_-0.0000_0.0000
8,9950,0.9950_0.0000_0.0000_-0.0000_0.0000,9950,0.0000_-0.0000_0.0000_0.9950_-0.0000
8,9950,0.0000_-0.0000_0.0000_0.9950_-0.0000,9950,0.0000_0.0000_0.9950_-0.0000_-0.0000
8,9950,0.0000_0.0000_0.9950_-0.0000_-0.0000,9950,0.9950_0.0000_-0.0000_-0.0000_-0.0000
8,9950,0.9950_0.0000_-0.0000_-0.0000_-0.0000,9950,0.9950_-0.0000_-0.0000_-0.0000_-0.0000
8,9950,0.9950_-0.0000_-0.0000_-0.0000_-0.0000,9950,0.9950_0.0000_-0.0000_-0.0000_-0.0000
9,328335,0.0000_1.9899_1.9899_-2.9849_-3.9798,129345,1.9899_1.9899_-0.0000_-0.9950_-1.9899
9,129345,1.9899_1.9899_-0.0000_-0.9950_-1.9899,109445,1.9899_1.9899_0.9950_-0.9950_-0.9950
9,109445,1.9899_1.9899_0.9950_-0.9950_-0.9950,99496,1.9899_1.9899_0.0000_-0.9950_-0.9950
9,99496,1.9899_1.9899_0.0000_-0.9950_-0.9950,79597,1.9899_1.9899_-0.0000_-0.0000_-0.0000
9,79597,1.9899_1.9899_-0.0000_-0.0000_-0.0000,59697,1.9899_0.0000_-0.9950_-0.0000_-0.9950
9,59697,1.9899_0.0000_-0.9950_-0.0000_-0.9950,39798,0.9950_-0.9950_-0.9950_0.9950_0.0000
9,39798,0.9950_-0.9950_-0.9950_0.9950_0.0000,29849,0.0000_-0.9950_0.0000_0.9950_0.9950
9,29849,0.0000_-0.9950_0.0000_0.9950_0.9950,9950,-0.0000_-0.0000_0.9950_-0.0000_-0.0000
9,9950,-0.0000_-0.0000_0.9950_-0.0000_-0.0000,9950,-0.0000_-0.0000_0.9950_-0.0000_-0.0000
9,9950,-0.0000_-0.0000_0.9950_-0.0000_-0.0000,9950,-0.0000_-0.0000_0.9950_-0.0000_0.0000
9,9950,-0.0000_-0.0000_0.9950_-0.0000_0.0000,0,-0.0000_-0.0000_-0.0000_-0.0000_-0.0000
10,119395,-1.9899_-1.9899_-0.0000_-1.9899_0.0000,119395,-0.9950_-0.9950_-0.0000_-2.9849_-0.9950
10,119395,-0.9950_-0.9950_-0.0000_-2.9849_-0.9950,109445,-0.9950_-1.9899_-0.9950_-1.9899_-0.9950
10,109445,-0.9950_-1.9899_-0.9950_-1.9899_-0.9950,79597,-0.9950_-0.9950_-1.9899_-0.9950_-0.9950
10,79597,-0.9950_-0.9950_-1.9899_-0.9950_-0.9950,29849,-0.0000_-0.9950_-0.9950_-0.0000_-0.9950
10,29849,-0.0000_-0.9950_-0.9950_-0.0000_-0.9950,19899,0.0000_-0.9950_-0.0000_-0.0000_-0.9950
10,19899,0.0000_-0.9950_-0.0000_-0.0000_-0.9950,19899,-0.0000_-0.9950_-0.0000_0.9950_-0.0000
10,19899,-0.0000_-0.9950_-0.0000_0.9950_-0.0000,9950,0.0000_-0.9950_-0.0000_0.0000_0.0000
10,9950,0.0000_-0.9950_-0.0000_0.0000_0.0000,9950,0.0000_-0.0000_-0.9950_0.0000_-0.0000
10,9950,0.0000_-0.0000_-0.9950_0.0000_-0.0000,9950,-0.0000_-0.0000_0.0000_-0.0000_-0.9950
10,9950,-0.0000_-0.0000_0.0000_-0.0000_-0.9950,9950,0.9950_-0.0000_-0.0000_-0.0000_-0.0000
10,9950,0.9950_-0.0000_-0.0000_-0.0000_-0.0000,9950,0.9950_-0.0000_-0.0000_-0.0000_-0.0000
11,258688,1.9899_3.9798_0.9950_-0.9950_-1.9899,218890,1.9899_3.9798_-0.9950_0.0000_-0.9950
11,218890,1.9899_3.9798_-0.9950_0.0000_-0.9950,149244,0.9950_2.9849_-0.9950_-1.9899_0.0000
11,149244,0.9950_2.9849_-0.9950_-1.9899_0.0000,109445,0.9950_1.9899_-1.9899_-0.9950_0.9950
11,109445,0.9950_1.9899_-1.9899_-0.9950_0.9950,109445,0.9950_0.9950_-0.9950_-1.9899_1.9899
11,109445,0.9950_0.9950_-0.9950_-1.9899_1.9899,89546,0.0000_-0.0000_-0.9950_-1.9899_1.9899
11,89546,0.0000_-0.0000_-0.9950_-1.9899_1.9899,39798,0.9950_0.9950_0.9950_0.0000_0.9950
11,39798,0.9950_0.9950_0.9950_0.0000_0.9950,19899,0.9950_-0.0000_0.9950_-0.0000_-0.0000
11,19899,0.9950_-0.0000_0.9950_-0.0000_-0.0000,19899,-0.0000_-0.9950_0.9950_0.0000_0.0000
11,19899,-0.0000_-0.9950_0.9950_0.0000_0.0000,19899,-0.0000_-0.0000_0.9950_-0.0000_0.9950
11,19899,-0.0000_-0.0000_0.9950_-0.0000_0.9950,19899,-0.0000_0.9950_-0.0000_0.9950_-0.0000
11,19899,-0.0000_0.9950_-0.0000_0.9950_-0.0000,9950,0.0000_0.9950_0.0000_0.0000_-0.0000
11,9950,0.0000_0.9950_0.0000_0.0000_-0.0000,9950,0.0000_-0.0000_-0.0000_-0.9950_0.0000
11,9950,0.0000_-0.0000_-0.0000_-0.9950_0.0000,9950,-0.0000_-0.0000_-0.0000_-0.9950_-0.0000
11,9950,-0.0000_-0.0000_-0.0000_-0.9950_-0.0000,0,-0.0000_-0.0000_-0.0000_0.0000_0.0000
11,0,-0.0000_-0.0000_-0.0000_0.0000_0.0000,0,-0.0000_-0.0000_-0.0000_-0.0000_0.0000
11,0,-0.0000_-0.0000_-0.0000_-0.0000_0.0000,0,0.0000_0.0000_0.0000_0.0000_0.0000
12,368133,-3.9798_3.9798_-0.9950_-0.0000_-1.9899,338284,-0.0000_3.9798_-2.9849_2.9849_0.0000
12,338284,-0.0000_3.9798_-2.9849_2.9849_0.0000,238789,0.0000_3.9798_-1.9899_1.9899_0.0000
12,238789,0.0000_3.9798_-1.9899_1.9899_0.0000,189041,0.0000_3.9798_-0.9950_0.9950_0.9950
12,189041,0.0000_3.9798_-0.9950_0.9950_0.9950,159193,-0.9950_-0.9950_-1.9899_-2.9849_0.9950
12,159193,-0.9950_-0.9950_-1.9899_-2.9849_0.9950,129344,-0.9950_-0.9950_-0.9950_-2.9849_0.9950
12,129344,-0.9950_-0.9950_-0.9950_-2.9849_0.9950,69647,-0.0000_-0.9950_-0.9950_-1.9899_0.9950
12,69647,-0.0000_-0.9950_-0.9950_-1.9899_0.9950,49748,0.9950_-0.9950_-0.9950_-0.9950_0.9950
12,49748,0.9950_-0.9950_-0.9950_-0.9950_0.9950,39798,0.9950_-0.9950_0.0000_-0.9950_0.9950
12,39798,0.9950_-0.9950_0.0000_-0.9950_0.9950,29849,-0.0000_-0.9950_0.0000_-0.9950_0.9950
12,29849,-0.0000_-0.9950_0.0000_-0.9950_0.9950,19899,0.0000_-0.0000_-0.9950_0.0000_0.9950
12,19899,0.0000_-0.0000_-0.9950_0.0000_0.9950,19899,-0.0000_0.0000_-0.0000_-0.9950_0.9950
12,19899,-0.0000_0.0000_-0.0000_-0.9950_0.9950,19899,-0.0000_-0.9950_-0.9950_0.0000_-0.0000
12,19899,-0.0000_-0.9950_-0.9950_0.0000_-0.0000,19899,-0.0000_-0.9950_-0.0000_-0.0000_-0.9950
12,19899,-0.0000_-0.9950_-0.0000_-0.0000_-0.9950,9950,0.0000_0.0000_-0.9950_0.0000_-0.0000
12,9950,0.0000_0.0000_-0.9950_0.0000_-0.0000,0,0.0000_0.0000_0.0000_-0.0000_0.0000
13,278587,3.9798_0.9950_-0.9950_-0.9950_2.9849,218890,3.9798_0.9950_-1.9899_0.0000_0.9950
13,218890,3.9798_0.9950_-1.9899_0.0000_0.9950,139294,1.9899_-0.9950_-1.9899_-1.9899_-0.9950
13,139294,1.9899_-0.9950_-1.9899_-1.9899_-0.9950,139294,1.9899_-1.9899_-1.9899_-0.9950_-0.9950
13,139294,1.9899_-1.9899_-1.9899_-0.9950_-0.9950,59697,0.9950_-0.0000_-0.9950_-0.0000_-1.9899
13,59697,0.9950_-0.0000_-0.9950_-0.0000_-1.9899,59697,-0.0000_0.0000_-0.9950_0.9950_-1.9899
13,59697,-0.0000_0.0000_-0.9950_0.9950_-1.9899,39798,0.9950_0.9950_0.9950_-0.0000_-0.9950
13,39798,0.9950_0.9950_0.9950_-0.0000_-0.9950,39798,0.9950_0.9950_0.9950_-0.9950_-0.0000
13,39798,0.9950_0.9950_0.9950_-0.9950_-0.0000,29849,0.9950_0.0000_0.9950_-0.0000_0.9950
13,29849,0.9950_0.0000_0.9950_-0.0000_0.9950,19899,0.9950_0.9950_0.0000_0.0000_-0.0000
13,19899,0.9950_0.9950_0.0000_0.0000_-0.0000,19899,-0.0000_0.9950_0.0000_0.9950_-0.0000
13,19899,-0.0000_0.9950_0.0000_0.9950_-0.0000,19899,-0.0000_0.9950_-0.0000_-0.0000_-0.9950
13,19899,-0.0000_0.9950_-0.0000_-0.0000_-0.9950,9950,0.0000_0.0000_-0.9950_0.0000_0.0000
13,9950,0.0000_0.0000_-0.9950_0.0000_0.0000,9950,-0.0000_0.0000_0.0000_-0.9950_0.0000
13,9950,-0.0000_0.0000_0.0000_-0.9950_0.0000,9950,-0.0000_-0.0000_-0.9950_-0.0000_-0.0000
13,9950,-0.0000_-0.0000_-0.9950_-0.0000_-0.0000,0,-0.0000_-0.0000_-0.0000_0.0000_-0.0000
13,0,-0.0000_-0.0000_-0.0000_0.0000_-0.0000,0,-0.0000_0.0000_0.0000_-0.0000_0.0000
14,358184,0.9950_-0.9950_3.9798_-2.9849_2.9849,129344,-2.9848_0.9950_-0.9950_0.9950_-0.9950
14,129344,-2.9848_0.9950_-0.9950_0.9950_-0.9950,99496,-2.9849_-0.0000_0.0000_0.9950_0.0000
14,99496,-2.9849_-0.0000_0.0000_0.9950_0.0000,89546,-1.9899_0.9950_-0.0000_1.9899_0.0000
14,89546,-1.9899_0.9950_-0.0000_1.9899_0.0000,69647,-0.9950_0.9950_0.9950_1.9899_-0.0000
14,69647,-0.9950_0.9950_0.9950_1.9899_-0.0000,69647,-0.9950_0.9950_0.9950_1.9899_-0.0000
14,69647,-0.9950_0.9950_0.9950_1.9899_-0.0000,39798,-0.0000_0.9950_0.9950_0.9950_0.9950
14,39798,-0.0000_0.9950_0.9950_0.9950_0.9950,29849,0.9950_-0.0000_0.9950_0.9950_-0.0000
14,29849,0.9950_-0.0000_0.9950_0.9950_-0.0000,19899,0.9950_-0.0000_-0.0000_0.9950_-0.0000
14,19899,0.9950_-0.0000_-0.0000_0.9950_-0.0000,19899,0.9950_-0.0000_-0.0000_0.9950_-0.0000
14,19899,0.9950_-0.0000_-0.0000_0.9950_-0.0000,9950,-0.0000_-0.0000_0.0000_0.9950_-0.0000
14,9950,-0.0000_-0.0000_0.0000_0.9950_-0.0000,9950,-0.9950_0.0000_-0.0000_-0.0000_-0.0000
14,9950,-0.9950_0.0000_-0.0000_-0.0000_-0.0000,9950,-0.9950_-0.0000_-0.0000_-0.0000_-0.0000
14,9950,-0.9950_-0.0000_-0.0000_-0.0000_-0.0000,9950,-0.0000_-0.9950_-0.0000_-0.0000_-0.0000
15,169143,1.9899_1.9899_1.9899_0.9950_1.9899,79597,0.9950_1.9899_0.9950_-0.9950_0.9950
15,79597,0.9950_1.9899_0.9950_-0.9950_0.9950,59697,1.9899_0.9950_0.9950_-0.0000_0.0000
15,59697,1.9899_0.9950_0.9950_-0.0000_0.0000,59697,0.9950_0.9950_1.9899_0.0000_0.0000
15,59697,0.9950_0.9950_1.9899_0.0000_0.0000,49748,0.9950_0.9950_0.9950_0.9950_-0.9950
15,49748,0.9950_0.9950_0.9950_0.9950_-0.9950,39798,-0.9950_-0.9950_-0.9950_-0.9950_0.0000
15,39798,-0.9950_-0.9950_-0.9950_-0.9950_0.0000,29849,-0.9950_-0.9950_-0.0000_-0.9950_-0.0000
15,29849,-0.9950_-0.9950_-0.0000_-0.9950_-0.0000,29849,-0.0000_-0.9950_0.9950_0.0000_0.9950
15,29849,-0.0000_-0.9950_0.9950_0.0000_0.9950,19899,-0.9950_0.0000_0.9950_-0.0000_0.0000
15,19899,-0.9950_0.0000_0.9950_-0.0000_0.0000,19899,-0.9950_-0.9950_-0.0000_-0.0000_-0.0000
15,19899,-0.9950_-0.9950_-0.0000_-0.0000_-0.0000,19899,-0.0000_-0.9950_-0.0000_-0.9950_-0.0000
15,19899,-0.0000_-0.9950_-0.0000_-0.9950_-0.0000,9950,-0.0000_0.0000_-0.0000_-0.0000_-0.9950
15,9950,-0.0000_0.0000_-0.0000_-0.0000_-0.9950,9950,-0.9950_0.0000_-0.0000_0.0000_0.0000
15,9950,-0.9950_0.0000_-0.0000_0.0000_0.0000,9950,-0.0000_-0.0000_-0.0000_0.9950_-0.0000
16,298485,0.9950_-0.0000_4.9747_-0.0000_1.9899,268636,0.9950_-0.0000_4.9747_-0.0000_0.9950
16,268636,0.9950_-0.0000_4.9747_-0.0000_0.9950,208940,0.9950_0.0000_3.9798_-0.0000_1.9899
16,208940,0.9950_0.0000_3.9798_-0.0000_1.9899,119395,0.9950_0.9950_2.9849_-0.9950_-0.0000
16,119395,0.9950_0.9950_2.9849_-0.9950_-0.0000,119395,0.9950_0.9950_2.9849_-0.9950_0.0000
16,119395,0.9950_0.9950_2.9849_-0.9950_0.0000,109445,0.9950_-0.0000_2.9849_-0.9950_-0.0000
16,109445,0.9950_-0.0000_2.9849_-0.9950_-0.0000,39798,0.9950_-0.9950_0.9950_0.0000_0.9950
16,39798,0.9950_-0.9950_0.9950_0.0000_0.9950,29849,0.0000_-0.9950_0.9950_-0.0000_0.9950
16,29849,0.0000_-0.9950_0.9950_-0.0000_0.9950,19899,-0.0000_-0.9950_0.9950_-0.0000_-0.0000
16,19899,-0.0000_-0.9950_0.9950_-0.0000_-0.0000,9950,-0.0000_-0.0000_0.9950_0.0000_0.0000
16,9950,-0.0000_-0.0000_0.9950_0.0000_0.0000,9950,-0.9950_-0.0000_-0.0000_-0.0000_0.0000
16,9950,-0.9950_-0.0000_-0.0000_-0.0000_0.0000,9950,-0.0000_-0.9950_-0.0000_-0.0000_-0.0000
16,9950,-0.0000_-0.9950_-0.0000_-0.0000_-0.0000,9950,-0.0000_-0.9950_-0.0000_-0.0000_-0.0000
16,9950,-0.0000_-0.9950_-0.0000_-0.0000_-0.0000,9950,-0.0000_-0.9950_-0.0000_-0.0000_-0.0000
17,397981,-4.9747_0.9950_1.9899_2.9849_-0.9950,179092,0.0000_-1.9899_-1.9899_-0.9950_-2.9849
17,179092,0.0000_-1.9899_-1.9899_-0.9950_-2.9849,119395,0.0000_-0.9950_-0.9950_-0.9950_-2.9849
17,119395,0.0000_-0.9950_-0.9950_-0.9950_-2.9849,69647,-0.0000_-0.9950_-0.9950_-0.9950_-1.9899
17,69647,-0.0000_-0.9950_-0.9950_-0.9950_-1.9899,69647,0.9950_-0.9950_0.0000_-0.9950_-1.9899
17,69647,0.9950_-0.9950_0.0000_-0.9950_-1.9899,69647,0.9950_-0.9950_0.0000_-0.9950_-1.9899
17,69647,0.9950_-0.9950_0.0000_-0.9950_-1.9899,59697,0.9950_-1.9899_-0.0000_0.0000_-0.9950
17,59697,0.9950_-1.9899_-0.0000_0.0000_-0.9950,49748,-0.0000_-1.9899_0.0000_-0.0000_-0.9950
17,49748,-0.0000_-1.9899_0.0000_-0.0000_-0.9950,49748,0.0000_-1.9899_-0.0000_-0.9950_0.0000
17,49748,0.0000_-1.9899_-0.0000_-0.9950_0.0000,29849,-0.0000_-0.9950_0.0000_-0.9950_0.9950
17,29849,-0.0000_-0.9950_0.0000_-0.9950_0.9950,29849,-0.0000_-0.9950_0.0000_-0.9950_0.9950
17,29849,-0.0000_-0.9950_0.0000_-0.9950_0.9950,19899,0.9950_0.0000_-0.0000_0.0000_0.9950
17,19899,0.9950_0.0000_-0.0000_0.0000_0.9950,19899,0.0000_0.9950_-0.0000_-0.0000_0.9950
17,19899,0.0000_0.9950_-0.0000_-0.0000_0.9950,9950,0.9950_-0.0000_-0.0000_-0.0000_-0.0000
17,9950,0.9950_-0.0000_-0.0000_-0.0000_-0.0000,9950,-0.0000_-0.0000_-0.0000_0.0000_-0.9950
17,9950,-0.0000_-0.0000_-0.0000_0.0000_-0.9950,9950,-0.0000_0.0000_0.0000_0.0000_-0.9950
17,9950,-0.0000_0.0000_0.0000_0.0000_-0.9950,9950,-0.0000_-0.0000_-0.9950_-0.0000_-0.0000
17,9950,-0.0000_-0.0000_-0.9950_-0.0000_-0.0000,9950,-0.0000_0.9950_-0.0000_-0.0000_-0.0000
17,9950,-0.0000_0.9950_-0.0000_-0.0000_-0.0000,9950,-0.0000_-0.0000_-0.9950_-0.0000_-0.0000
18,139294,-0.0000_2.9849_-0.0000_1.9899_-0.9950,89546,0.0000_1.9899_-0.9950_1.9899_0.0000
18,89546,0.0000_1.9899_-0.9950_1.9899_0.0000,79597,0.0000_1.9899_-0.0000_1.9899_-0.0000
18,79597,0.0000_1.9899_-0.0000_1.9899_-0.0000,59697,0.9950_0.9950_-0.0000_1.9899_0.0000
18,59697,0.9950_0.9950_-0.0000_1.9899_0.0000,29849,-0.0000_0.9950_-0.0000_0.9950_0.9950
18,29849,-0.0000_0.9950_-0.0000_0.9950_0.9950,9950,-0.0000_-0.0000_0.9950_-0.0000_-0.0000
18,9950,-0.0000_-0.0000_0.9950_-0.0000_-0.0000,0,-0.0000_-0.0000_-0.0000_-0.0000_-0.0000
19,298485,-4.9747_0.9950_1.9899_0.0000_0.0000,208941,-0.0000_-1.9899_-1.9899_-2.9849_-1.9899
19,208941,-0.0000_-1.9899_-1.9899_-2.9849_-1.9899,198991,-0.0000_-0.9950_-0.9950_-2.9849_-2.9849
19,198991,-0.0000_-0.9950_-0.9950_-2.9849_-2.9849,139294,-1.9899_1.9899_1.9899_0.9950_0.9950
19,139294,-1.9899_1.9899_1.9899_0.9950_0.9950,99496,-1.9899_0.9950_1.9899_0.9950_-0.0000
19,99496,-1.9899_0.9950_1.9899_0.9950_-0.0000,99496,-1.9899_0.9950_1.9899_0.0000_0.9950
19,99496,-1.9899_0.9950_1.9899_0.0000_0.9950,99496,-1.9899_0.9950_1.9899_-0.9950_-0.0000
19,99496,-1.9899_0.9950_1.9899_-0.9950_-0.0000,39798,-0.9950_0.9950_0.9950_-0.9950_0.0000
19,39798,-0.9950_0.9950_0.9950_-0.9950_0.0000,29849,-0.0000_0.9950_-0.0000_-0.9950_-0.9950
19,29849,-0.0000_0.9950_-0.0000_-0.9950_-0.9950,29849,0.9950_-0.0000_-0.9950_-0.9950_0.0000
19,29849,0.9950_-0.0000_-0.9950_-0.9950_0.0000,19899,-0.0000_0.0000_-0.9950_-0.9950_0.0000
19,19899,-0.0000_0.0000_-0.9950_-0.9950_0.0000,19899,-0.9950_0.0000_-0.9950_-0.0000_-0.0000
19,19899,-0.9950_0.0000_-0.9950_-0.0000_-0.0000,9950,-0.0000_0.9950_-0.0000_-0.0000_0.0000
19,9950,-0.0000_0.9950_-0.0000_-0.0000_0.0000,9950,-0.0000_-0.0000_-0.0000_0.9950_-0.0000
20,89546,1.9899_-1.9899_-0.9950_0.0000_-0.0000,29849,0.9950_-0.9950_-0.0000_-0.0000_-0.9950
20,29849,0.9950_-0.9950_-0.0000_-0.0000_-0.9950,9950,-0.0000_-0.0000_-0.0000_0.9950_-0.0000
20,9950,-0.0000_-0.0000_-0.0000_0.9950_-0.0000,9950,-0.9950_0.0000_0.0000_0.0000_-0.0000
20,9950,-0.9950_0.0000_0.0000_0.0000_-0.0000,9950,-0.0000_0.0000_0.0000_0.9950_0.0000
20,9950,-0.0000_0.0000_0.0000_0.9950_0.0000,9950,0.0000_0.9950_-0.0000_-0.0000_-0.0000
20,9950,0.0000_0.9950_-0.0000_-0.0000_-0.0000,9950,0.0000_0.9950_-0.0000_-0.0000_-0.0000
21,189041,-0.0000_0.9950_3.9798_0.9950_-0.9950,139294,0.9950_-0.0000_2.9849_1.9899_0.0000
21,139294,0.9950_-0.0000_2.9849_1.9899_0.0000,119395,0.0000_-0.9950_2.9849_0.9950_0.9950
21,119395,0.0000_-0.9950_2.9849_0.9950_0.9950,119395,0.9950_-0.9950_2.9849_-0.0000_0.9950
21,119395,0.9950_-0.9950_2.9849_-0.0000_0.9950,59697,0.0000_-0.9950_1.9899_0.0000_0.9950
21,59697,0.0000_-0.9950_1.9899_0.0000_0.9950,39798,0.9950_-0.9950_0.9950_-0.9950_-0.0000
21,39798,0.9950_-0.9950_0.9950_-0.9950_-0.0000,29849,-0.0000_-0.9950_-0.0000_-0.9950_0.9950
21,29849,-0.0000_-0.9950_-0.0000_-0.9950_0.9950,19899,0.0000_0.0000_-0.9950_-0.9950_-0.0000
21,19899,0.0000_0.0000_-0.9950_-0.9950_-0.0000,19899,-0.0000_-0.0000_-0.9950_-0.0000_0.9950
21,19899,-0.0000_-0.0000_-0.9950_-0.0000_0.9950,19899,-0.0000_-0.0000_-0.9950_-0.0000_0.9950
21,19899,-0.0000_-0.0000_-0.9950_-0.0000_0.9950,9950,-0.9950_-0.0000_-0.0000_-0.0000_-0.0000
22,338285,1.9899_-0.9950_3.9798_1.9899_2.9849,278587,0.9950_0.9950_3.9798_0.9950_2.9849
22,278587,0.9950_0.9950_3.9798_0.9950_2.9849,228840,0.9950_0.9950_3.9798_0.9950_1.9899
22,228840,0.9950_0.9950_3.9798_0.9950_1.9899,159193,0.9950_0.9950_2.9849_0.9950_1.9899
22,159193,0.9950_0.9950_2.9849_0.9950_1.9899,109445,1.9899_0.9950_1.9899_0.9950_0.9950
22,109445,1.9899_0.9950_1.9899_0.9950_0.9950,49748,0.9950_0.9950_0.9950_-0.9950_-0.9950
22,49748,0.9950_0.9950_0.9950_-0.9950_-0.9950,19899,-0.0000_0.9950_0.0000_-0.0000_-0.9950
22,19899,-0.0000_0.9950_0.0000_-0.0000_-0.9950,19899,0.0000_0.0000_0.9950_-0.0000_-0.9950
22,19899,0.0000_0.0000_0.9950_-0.0000_-0.9950,19899,0.9950_0.0000_0.0000_-0.0000_-0.9950
22,19899,0.9950_0.0000_0.0000_-0.0000_-0.9950,19899,0.0000_0.9950_0.0000_-0.9950_-0.0000
22,19899,0.0000_0.9950_0.0000_-0.9950_-0.0000,19899,-0.9950_0.9950_-0.0000_-0.0000_-0.0000
22,19899,-0.9950_0.9950_-0.0000_-0.0000_-0.0000,9950,-0.0000_0.0000_0.0000_-0.0000_0.9950
22,9950,-0.0000_0.0000_0.0000_-0.0000_0.9950,9950,0.0000_-0.0000_0.0000_-0.0000_0.9950
22,9950,0.0000_-0.0000_0.0000_-0.0000_0.9950,9950,-0.0000_-0.0000_-0.0000_-0.0000_0.9950
23,169143,-1.9899_1.9899_-0.0000_-2.9849_-0.0000,49748,-0.9950_0.9950_-0.9950_-0.9950_-0.9950
23,49748,-0.9950_0.9950_-0.9950_-0.9950_-0.9950,39798,-0.9950_0.9950_-0.9950_0.0000_-0.9950
23,39798,-0.9950_0.9950_-0.9950_0.0000_-0.9950,39798,-0.9950_0.9950_-0.9950_-0.0000_-0.9950
23,39798,-0.9950_0.9950_-0.9950_-0.0000_-0.9950,29849,-0.0000_0.9950_-0.9950_0.0000_-0.9950
23,29849,-0.0000_0.9950_-0.9950_0.0000_-0.9950,29849,-0.0000_0.9950_-0.9950_-0.0000_-0.9950
23,29849,-0.0000_0.9950_-0.9950_-0.0000_-0.9950,19899,0.0000_0.9950_-0.9950_-0.0000_-0.0000
23,19899,0.0000_0.9950_-0.9950_-0.0000_-0.0000,9950,-0.0000_-0.0000_-0.9950_-0.0000_-0.0000
23,9950,-0.0000_-0.0000_-0.9950_-0.0000_-0.0000,9950,-0.0000_-0.9950_-0.0000_-0.0000_-0.0000
23,9950,-0.0000_-0.9950_-0.0000_-0.0000_-0.0000,9950,-0.0000_-0.0000_0.9950_0.0000_-0.0000
23,9950,-0.0000_-0.0000_0.9950_0.0000_-0.0000,9950,-0.0000_0.0000_0.9950_-0.0000_-0.0000
24,288537,1.9899_-3.9798_1.9899_0.9950_-1.9899,218891,-1.9899_0.9950_-1.9899_2.9849_1.9899
24,218891,-1.9899_0.9950_-1.9899_2.9849_1.9899,99496,-1.9899_0.9950_-1.9899_0.9950_-0.0000
24,99496,-1.9899_0.9950_-1.9899_0.9950_-0.0000,59697,-0.9950_-0.0000_-1.9899_0.9950_0.0000
24,59697,-0.9950_-0.0000_-1.9899_0.9950_0.0000,49748,-0.9950_0.9950_-0.9950_0.9950_0.9950
24,49748,-0.9950_0.9950_-0.9950_0.9950_0.9950,29849,0.0000_0.9950_-0.0000_0.9950_0.9950
24,29849,0.0000_0.9950_-0.0000_0.9950_0.9950,29849,-0.9950_0.9950_0.0000_0.9950_0.0000
24,29849,-0.9950_0.9950_0.0000_0.9950_0.0000,19899,0.0000_-0.0000_0.9950_-0.0000_0.9950
24,19899,0.0000_-0.0000_0.9950_-0.0000_0.9950,19899,-0.0000_0.9950_0.0000_0.0000_0.9950
24,19899,-0.0000_0.9950_0.0000_0.0000_0.9950,19899,0.0000_-0.0000_-0.0000_0.9950_0.9950
24,19899,0.0000_-0.0000_-0.0000_0.9950_0.9950,9950,-0.9950_-0.0000_-0.0000_-0.0000_-0.0000
24,9950,-0.9950_-0.0000_-0.0000_-0.0000_-0.0000,9950,-0.0000_0.0000_-0.0000_-0.9950_-0.0000
24,9950,-0.0000_0.0000_-0.0000_-0.9950_-0.0000,9950,-0.0000_-0.0000_-0.9950_-0.0000_-0.0000
24,9950,-0.0000_-0.0000_-0.9950_-0.0000_-0.0000,0,0.0000_0.0000_-0.0000_-0.0000_-0.0000
25,756162,-0.9950_-2.9849_4.9747_-4.9747_-3.9798,507425,-2.9849_-3.9798_0.0000_-4.9747_0.9950
25,507425,-2.9849_-3.9798_0.0000_-4.9747_0.9950,437779,0.9950_-4.9747_-2.9849_0.0000_2.9849
25,437779,0.9950_-4.9747_-2.9849_0.0000_2.9849,99496,-1.9899_0.0000_0.9950_1.9899_-0.9950
25,99496,-1.9899_0.0000_0.9950_1.9899_-0.9950,19899,-0.9950_0.0000_-0.0000_0.9950_0.0000
25,19899,-0.9950_0.0000_-0.0000_0.9950_0.0000,9950,0.0000_0.0000_-0.0000_0.9950_0.0000
25,9950,0.0000_0.0000_-0.0000_0.9950_0.0000,9950,-0.0000_0.0000_-0.9950_-0.0000_-0.0000
25,9950,-0.0000_0.0000_-0.9950_-0.0000_-0.0000,9950,-0.0000_-0.0000_-0.0000_0.0000_0.9950
25,9950,-0.0000_-0.0000_-0.0000_0.0000_0.9950,0,-0.0000_0.0000_0.0000_0.0000_-0.0000
26,348233,2.9849_0.9950_-0.0000_-0.0000_4.9747,258688,2.9849_-0.0000_0.0000_0.9950_3.9798
26,258688,2.9849_-0.0000_0.0000_0.9950_3.9798,139294,0.9950_1.9899_0.9950_1.9899_1.9899
26,139294,0.9950_1.9899_0.9950_1.9899_1.9899,109445,0.9950_1.9899_0.9950_1.9899_0.9950
26,109445,0.9950_1.9899_0.9950_1.9899_0.9950,69647,0.9950_0.9950_0.0000_1.9899_0.9950
26,69647,0.9950_0.9950_0.0000_1.9899_0.9950,19899,0.0000_0.0000_0.0000_0.9950_0.9950
26,19899,0.0000_0.0000_0.0000_0.9950_0.9950,19899,0.0000_0.0000_-0.9950_0.9950_-0.0000
26,19899,0.0000_0.0000_-0.9950_0.9950_-0.0000,19899,0.9950_-0.0000_-0.9950_-0.0000_-0.0000
26,19899,0.9950_-0.0000_-0.9950_-0.0000_-0.0000,9950,-0.0000_0.0000_-0.0000_-0.0000_-0.9950
26,9950,-0.0000_0.0000_-0.0000_-0.0000_-0.9950,9950,-0.0000_0.9950_0.0000_-0.0000_-0.0000
26,9950,-0.0000_0.9950_0.0000_-0.0000_-0.0000,9950,-0.0000_-0.0000_-0.0000_-0.0000_0.9950
26,9950,-0.0000_-0.0000_-0.0000_-0.0000_0.9950,9950,-0.0000_0.9950_-0.0000_-0.0000_-0.0000
26,9950,-0.0000_0.9950_-0.0000_-0.0000_-0.0000,9950,0.0000_-0.0000_-0.0000_0.0000_-0.9950
27,159193,-0.9950_1.9899_-0.9950_-0.9950_2.9849,119395,-0.0000_0.9950_-0.9950_-0.9950_2.9849
27,119395,-0.0000_0.9950_-0.9950_-0.9950_2.9849,89546,0.9950_0.0000_-1.9899_-0.0000_1.9899
27,89546,0.9950_0.0000_-1.9899_-0.0000_1.9899,69647,0.0000_-0.9950_-1.9899_0.9950_0.9950
27,69647,0.0000_-0.9950_-1.9899_0.9950_0.9950,69647,-0.0000_-0.9950_-1.9899_0.9950_0.9950
27,69647,-0.0000_-0.9950_-1.9899_0.9950_0.9950,19899,0.9950_0.0000_-0.9950_0.0000_-0.0000
27,19899,0.9950_0.0000_-0.9950_0.0000_-0.0000,19899,0.9950_0.0000_-0.9950_0.0000_0.0000
27,19899,0.9950_0.0000_-0.9950_0.0000_0.0000,19899,-0.0000_-0.9950_-0.0000_0.9950_-0.0000
27,19899,-0.0000_-0.9950_-0.0000_0.9950_-0.0000,19899,0.0000_-0.0000_0.9950_0.9950_0.0000
27,19899,0.0000_-0.0000_0.9950_0.9950_0.0000,9950,0.0000_-0.0000_-0.0000_0.9950_-0.0000
27,9950,0.0000_-0.0000_-0.0000_0.9950_-0.0000,9950,-0.0000_-0.0000_-0.0000_-0.0000_-0.9950
27,9950,-0.0000_-0.0000_-0.0000_-0.0000_-0.9950,9950,-0.0000_-0.0000_-0.0000_-0.0000_-0.9950
28,308436,0.9950_-2.9849_3.9798_-0.9950_1.9899,278587,1.9899_-3.9798_-0.0000_-1.9899_1.9899
28,278587,1.9899_-3.9798_-0.0000_-1.9899_1.9899,228840,0.9950_-3.9798_0.9950_-1.9899_0.9950
28,228840,0.9950_-3.9798_0.9950_-1.9899_0.9950,218890,1.9899_-2.9849_0.0000_-2.9849_0.0000
28,218890,1.9899_-2.9849_0.0000_-2.9849_0.0000,109445,0.9950_-0.9950_0.9950_-1.9899_1.9899
28,109445,0.9950_-0.9950_0.9950_-1.9899_1.9899,99496,0.9950_-1.9899_0.0000_-1.9899_0.9950
28,99496,0.9950_-1.9899_0.0000_-1.9899_0.9950,69647,0.9950_-0.9950_-0.0000_-1.9899_0.9950
28,69647,0.9950_-0.9950_-0.0000_-1.9899_0.9950,29849,-0.0000_-0.0000_0.9950_-0.9950_0.9950
28,29849,-0.0000_-0.0000_0.9950_-0.9950_0.9950,9950,-0.0000_-0.0000_-0.0000_0.0000_0.9950
28,9950,-0.0000_-0.0000_-0.0000_0.0000_0.9950,9950,-0.0000_-0.0000_0.9950_-0.0000_0.0000
28,9950,-0.0000_-0.0000_0.9950_-0.0000_0.0000,0,0.0000_-0.0000_0.0000_0.0000_0.0000
29,517376,2.9849_3.9798_2.9849_2.9849_2.9849,497476,0.9950_3.9798_0.9950_3.9798_3.9798
29,497476,0.9950_3.9798_0.9950_3.9798_3.9798,407931,1.9899_3.9798_-0.9950_1.9899_3.9798
29,407931,1.9899_3.9798_-0.9950_1.9899_3.9798,278587,0.9950_2.9849_-0.9950_0.9950_3.9798
29,278587,0.9950_2.9849_-0.9950_0.9950_3.9798,139294,-1.9899_-0.9950_1.9899_-1.9899_-0.9950
29,139294,-1.9899_-0.9950_1.9899_-1.9899_-0.9950,109445,-0.0000_-0.0000_0.9950_-2.9849_-0.9950
29,109445,-0.0000_-0.0000_0.9950_-2.9849_-0.9950,109445,0.0000_-0.9950_0.0000_-2.9849_-0.9950
29,109445,0.0000_-0.9950_0.0000_-2.9849_-0.9950,49748,-0.9950_-0.9950_0.9950_-0.9950_-0.9950
29,49748,-0.9950_-0.9950_0.9950_-0.9950_-0.9950,49748,-0.9950_-0.9950_0.9950_-0.9950_-0.9950
29,49748,-0.9950_-0.9950_0.9950_-0.9950_-0.9950,39798,-0.9950_-0.9950_0.9950_0.0000_-0.9950
29,39798,-0.9950_-0.9950_0.9950_0.0000_-0.9950,39798,-0.9950_-0.9950_0.9950_-0.0000_-0.9950
29,39798,-0.9950_-0.9950_0.9950_-0.0000_-0.9950,19899,-0.0000_-0.9950_-0.0000_-0.0000_-0.9950
29,19899,-0.0000_-0.9950_-0.0000_-0.0000_-0.9950,9950,-0.0000_-0.0000_-0.9950_-0.0000_0.0000
29,9950,-0.0000_-0.0000_-0.9950_-0.0000_0.0000,9950,-0.9950_-0.0000_-0.0000_-0.0000_-0.0000
29,9950,-0.9950_-0.0000_-0.0000_-0.0000_-0.0000,9950,-0.0000_0.9950_-0.0000_-0.0000_-0.0000
30,109445,-0.9950_-0.9950_0.9950_1.9899_1.9899,79597,-0.9950_-0.9950_0.9950_0.9950_1.9899
30,79597,-0.9950_-0.9950_0.9950_0.9950_1.9899,39798,-0.9950_-0.0000_0.9950_0.9950_0.9950
30,39798,-0.9950_-0.0000_0.9950_0.9950_0.9950,29849,-0.9950_-0.9950_-0.0000_-0.0000_0.9950
30,29849,-0.9950_-0.9950_-0.0000_-0.0000_0.9950,19899,-0.0000_-0.9950_0.0000_-0.0000_0.9950
30,19899,-0.0000_-0.9950_0.0000_-0.0000_0.9950,19899,-0.9950_-0.9950_-0.0000_-0.0000_0.0000
30,19899,-0.9950_-0.9950_-0.0000_-0.0000_0.0000,9950,-0.0000_-0.0000_-0.0000_-0.9950_-0.0000
30,9950,-0.0000_-0.0000_-0.0000_-0.9950_-0.0000,9950,-0.0000_-0.0000_-0.0000_-0.0000_0.9950
30,9950,-0.0000_-0.0000_-0.0000_-0.0000_0.9950,9950,-0.0000_-0.0000_-0.0000_-0.0000_0.9950
30,9950,-0.0000_-0.0000_-0.0000_-0.0000_0.9950,9950,-0.0000_-0.0000_-0.0000_-0.0000_0.9950
30,9950,-0.0000_-0.0000_-0.0000_-0.0000_0.9950,9950,-0.0000_-0.9950_-0.0000_-0.0000_-0.0000
31,99496,0.0000_1.9899_0.9950_0.9950_-1.9899,89546,-0.0000_1.9899_0.9950_-0.0000_-1.9899
31,89546,-0.0000_1.9899_0.9950_-0.0000_-1.9899,69647,0.9950_1.9899_-0.0000_-0.9950_-0.9949
31,69647,0.9950_1.9899_-0.0000_-0.9950_-0.9949,59697,0.9950_0.9950_-0.0000_-1.9899_-0.0000
31,59697,0.9950_0.9950_-0.0000_-1.9899_-0.0000,49748,0.9950_0.9950_0.9950_-0.9950_0.9950
31,49748,0.9950_0.9950_0.9950_-0.9950_0.9950,39798,0.9950_-0.0000_0.9950_-0.9950_0.9950
31,39798,0.9950_-0.0000_0.9950_-0.9950_0.9950,19899,0.0000_-0.0000_0.9950_0.0000_0.9950
31,19899,0.0000_-0.0000_0.9950_0.0000_0.9950,19899,-0.9950_-0.0000_-0.0000_-0.0000_0.9950
31,19899,-0.9950_-0.0000_-0.0000_-0.0000_0.9950,19899,0.0000_0.9950_-0.9950_-0.0000_-0.0000
31,19899,0.0000_0.9950_-0.9950_-0.0000_-0.0000,9950,-0.0000_0.9950_-0.0000_0.0000_-0.0000
31,9950,-0.0000_0.9950_-0.0000_0.0000_-0.0000,9950,0.9950_-0.0000_-0.0000_-0.0000_-0.0000
31,9950,0.9950_-0.0000_-0.0000_-0.0000_-0.0000,9950,-0.0000_-0.0000_-0.0000_0.9950_0.0000
31,9950,-0.0000_-0.0000_-0.0000_0.9950_0.0000,9950,0.9950_0.0000_0.0000_-0.0000_-0.0000
31,9950,0.9950_0.0000_0.0000_-0.0000_-0.0000,9950,0.0000_-0.9950_-0.0000_-0.0000_0.0000
32,318384,-0.9950_0.9950_-1.9899_-4.9747_0.9950,288537,-0.9950_1.9899_-1.9899_-3.9798_1.9899
32,288537,-0.9950_1.9899_-1.9899_-3.9798_1.9899,278588,2.9849_2.9849_-2.9849_-0.0000_-0.9950
32,278588,2.9849_2.9849_-2.9849_-0.0000_-0.9950,228840,1.9899_2.9849_-2.9849_-0.9950_0.0000
32,228840,1.9899_2.9849_-2.9849_-0.9950_0.0000,179092,1.9899_1.9899_-2.9849_-0.9950_-0.0000
32,179092,1.9899_1.9899_-2.9849_-0.9950_-0.0000,139294,1.9899_-0.0000_-2.9849_-0.0000_0.9950
32,139294,1.9899_-0.0000_-2.9849_-0.0000_0.9950,69647,-0.0000_0.9950_-0.9950_-0.9950_1.9899
32,69647,-0.0000_0.9950_-0.9950_-0.9950_1.9899,69647,0.9950_1.9899_-0.0000_0.9950_0.9950
32,69647,0.9950_1.9899_-0.0000_0.9950_0.9950,29849,0.0000_0.9950_-0.0000_0.9950_0.9950
32,29849,0.0000_0.9950_-0.0000_0.9950_0.9950,29849,0.0000_0.9950_-0.9950_-0.0000_0.9950
32,29849,0.0000_0.9950_-0.9950_-0.0000_0.9950,19899,0.0000_-0.0000_0.0000_-0.9950_0.9950
32,19899,0.0000_-0.0000_0.0000_-0.9950_0.9950,9950,-0.0000_-0.0000_-0.0000_-0.9950_-0.0000
32,9950,-0.0000_-0.0000_-0.0000_-0.9950_-0.0000,9950,-0.0000_-0.0000_-0.0000_-0.0000_-0.9950
32,9950,-0.0000_-0.0000_-0.0000_-0.0000_-0.9950,0,-0.0000_-0.0000_-0.0000_0.0000_-0.0000
33,288537,1.9899_1.9899_-0.9950_3.9798_1.9899,258689,1.9899_2.9849_-0.0000_2.9849_1.9899
33,258689,1.9899_2.9849_-0.0000_2.9849_1.9899,189042,0.9950_2.9849_-0.9950_1.9899_1.9899
33,189042,0.9950_2.9849_-0.9950_1.9899_1.9899,179092,-0.0000_1.9899_-1.9899_2.9849_0.9950
33,179092,-0.0000_1.9899_-1.9899_2.9849_0.9950,69647,0.0000_0.9950_-0.9950_1.9899_0.9950
33,69647,0.0000_0.9950_-0.9950_1.9899_0.9950,59697,0.9950_0.9950_0.0000_1.9899_0.0000
33,59697,0.9950_0.9950_0.0000_1.9899_0.0000,29849,-0.0000_0.9950_-0.9950_0.9950_-0.0000
33,29849,-0.0000_0.9950_-0.9950_0.9950_-0.0000,19899,0.0000_0.0000_-0.9950_-0.0000_-0.9950
33,19899,0.0000_0.0000_-0.9950_-0.0000_-0.9950,19899,-0.0000_-0.9950_-0.9950_0.0000_-0.0000
33,19899,-0.0000_-0.9950_-0.9950_0.0000_-0.0000,9950,-0.9950_0.0000_0.0000_0.0000_0.0000
33,9950,-0.9950_0.0000_0.0000_0.0000_0.0000,9950,-0.0000_0.9950_-0.0000_-0.0000_-0.0000
33,9950,-0.0000_0.9950_-0.0000_-0.0000_-0.0000,9950,-0.0000_0.9950_-0.0000_-0.0000_-0.0000
33,9950,-0.0000_0.9950_-0.0000_-0.0000_-0.0000,0,0.0000_-0.0000_-0.0000_-0.0000_-0.0000
34,179092,2.9849_-1.9899_-1.9899_0.0000_0.9950,139294,1.9899_-1.9899_-1.9899_-0.9950_0.9950
34,139294,1.9899_-1.9899_-1.9899_-0.9950_0.9950,109445,1.9899_0.9950_-0.9950_-0.9950_1.9899
34,109445,1.9899_0.9950_-0.9950_-0.9950_1.9899,69647,0.9950_0.0000_-0.9950_-0.9950_1.9899
34,69647,0.9950_0.0000_-0.9950_-0.9950_1.9899,69647,-0.9950_-0.9950_-1.9899_-0.0000_0.9950
34,69647,-0.9950_-0.9950_-1.9899_-0.0000_0.9950,49748,-0.9950_-0.9950_-0.9950_-0.9950_0.9950
34,49748,-0.9950_-0.9950_-0.9950_-0.9950_0.9950,39798,-0.9950_0.0000_-0.9950_-0.9950_0.9950
34,39798,-0.9950_0.0000_-0.9950_-0.9950_0.9950,19899,-0.0000_0.0000_-0.9950_-0.0000_0.9950
34,19899,-0.0000_0.0000_-0.9950_-0.0000_0.9950,19899,-0.0000_0.9950_-0.0000_-0.0000_0.9950
34,19899,-0.0000_0.9950_-0.0000_-0.0000_0.9950,9950,0.9950_-0.0000_-0.0000_-0.0000_-0.0000
35,208940,-3.9798_-1.9899_0.9950_-0.0000_-0.0000,159193,-2.9849_-1.9899_0.9950_-0.9950_0.9950
35,159193,-2.9849_-1.9899_0.9950_-0.9950_0.9950,129344,-2.9849_-0.9950_0.9950_-0.9950_0.9950
35,129344,-2.9849_-0.9950_0.9950_-0.9950_0.9950,119395,-2.9849_0.0000_0.9950_-0.9950_0.9950
35,119395,-2.9849_0.0000_0.9950_-0.9950_0.9950,69647,-0.9950_0.9950_-0.9950_-1.9899_-0.0000
35,69647,-0.9950_0.9950_-0.9950_-1.9899_-0.0000,59697,-0.0000_0.0000_-0.9950_-1.9899_-0.9950
35,59697,-0.0000_0.0000_-0.9950_-1.9899_-0.9950,59697,0.0000_0.0000_-0.9950_-1.9899_-0.9950
35,59697,0.0000_0.0000_-0.9950_-1.9899_-0.9950,29849,0.9950_0.0000_-0.9950_-0.9950_0.0000
35,29849,0.9950_0.0000_-0.9950_-0.9950_0.0000,19899,-0.0000_0.9950_-0.0000_-0.0000_-0.9950
35,19899,-0.0000_0.9950_-0.0000_-0.0000_-0.9950,19899,-0.0000_-0.0000_-0.9950_-0.0000_-0.9950
35,19899,-0.0000_-0.0000_-0.9950_-0.0000_-0.9950,9950,-0.9950_0.0000_-0.0000_-0.0000_-0.0000
35,9950,-0.9950_0.0000_-0.0000_-0.0000_-0.0000,9950,-0.9950_-0.0000_-0.0000_-0.0000_-0.0000
35,9950,-0.9950_-0.0000_-0.0000_-0.0000_-0.0000,9950,-0.0000_-0.9950_-0.0000_-0.0000_-0.0000
35,9950,-0.0000_-0.9950_-0.0000_-0.0000_-0.0000,9950,-0.0000_-0.0000_0.9950_-0.0000_-0.0000
36,338285,1.9899_-0.9950_-2.9849_-3.9798_1.9899,89546,0.0000_1.9899_1.9899_0.0000_-0.9950
36,89546,0.0000_1.9899_1.9899_0.0000_-0.9950,59697,0.0000_1.9899_0.9950_0.0000_-0.9950
36,59697,0.0000_1.9899_0.9950_0.0000_-0.9950,39798,0.9950_0.9950_0.0000_0.9950_-0.9950
36,39798,0.9950_0.9950_0.0000_0.9950_-0.9950,39798,-0.0000_0.9950_0.9950_0.9950_-0.9950
36,39798,-0.0000_0.9950_0.9950_0.9950_-0.9950,39798,-0.9950_0.9950_0.9950_0.9950_-0.0000
36,39798,-0.9950_0.9950_0.9950_0.9950_-0.0000,29849,-0.9950_0.9950_0.0000_0.0000_0.9950
36,29849,-0.9950_0.9950_0.0000_0.0000_0.9950,29849,-0.9950_0.9950_0.0000_0.0000_0.9950
36,29849,-0.9950_0.9950_0.0000_0.0000_0.9950,29849,0.0000_0.9950_-0.9950_0.9950_-0.0000
36,29849,0.0000_0.9950_-0.9950_0.9950_-0.0000,19899,-0.9950_0.0000_-0.0000_0.0000_-0.9950
36,19899,-0.9950_0.0000_-0.0000_0.0000_-0.9950,19899,-0.9950_-0.0000_0.9950_0.0000_0.0000
36,19899,-0.9950_-0.0000_0.9950_0.0000_0.0000,19899,-0.9950_-0.0000_0.9950_-0.0000_-0.0000
36,19899,-0.9950_-0.0000_0.9950_-0.0000_-0.0000,19899,-0.9950_-0.0000_0.9950_-0.0000_-0.0000
36,19899,-0.9950_-0.0000_0.9950_-0.0000_-0.0000,19899,-0.0000_-0.9950_-0.0000_0.9950_-0.0000
36,19899,-0.0000_-0.9950_-0.0000_0.9950_-0.0000,9950,-0.0000_-0.9950_-0.0000_-0.0000_-0.0000
36,9950,-0.0000_-0.9950_-0.0000_-0.0000_-0.0000,9950,-0.0000_-0.0000_-0.0000_-0.9950_-0.0000
36,9950,-0.0000_-0.0000_-0.0000_-0.9950_-0.0000,9950,-0.0000_0.0000_-0.0000_-0.9950_0.0000
36,9950,-0.0000_0.0000_-0.0000_-0.9950_0.0000,9950,-0.0000_-0.0000_0.9950_0.0000_0.0000
36,9950,-0.0000_-0.0000_0.9950_0.0000_0.0000,9950,-0.0000_-0.0000_-0.0000_-0.0000_0.9950
37,248739,1.9899_3.9798_-0.9950_-1.9899_0.0000,248739,1.9899_3.9798_-1.9899_0.0000_-0.9950
37,248739,1.9899_3.9798_-1.9899_0.0000_-0.9950,208941,1.9899_2.9849_-1.9899_0.0000_-1.9899
37,208941,1.9899_2.9849_-1.9899_0.0000_-1.9899,189042,2.9849_1.9899_-0.9950_-0.9950_-1.9899
37,189042,2.9849_1.9899_-0.9950_-0.9950_-1.9899,159193,2.9849_1.9899_-0.9950_-0.9950_-0.9950
37,159193,2.9849_1.9899_-0.9950_-0.9950_-0.9950,39798,0.9950_0.9950_-0.0000_0.9950_0.9950
37,39798,0.9950_0.9950_-0.0000_0.9950_0.9950,29849,0.9950_0.9950_-0.0000_0.0000_0.9950
37,29849,0.9950_0.9950_-0.0000_0.0000_0.9950,29849,0.9950_0.9950_0.0000_-0.9950_-0.0000
37,29849,0.9950_0.9950_0.0000_-0.9950_-0.0000,29849,0.9950_0.9950_0.0000_-0.9950_-0.0000
37,29849,0.9950_0.9950_0.0000_-0.9950_-0.0000,19899,0.9950_0.9950_-0.0000_0.0000_-0.0000
37,19899,0.9950_0.9950_-0.0000_0.0000_-0.0000,19899,-0.0000_0.9950_-0.0000_-0.0000_0.9950
37,19899,-0.0000_0.9950_-0.0000_-0.0000_0.9950,19899,0.0000_-0.0000_0.9950_-0.0000_0.9950
37,19899,0.0000_-0.0000_0.9950_-0.0000_0.9950,19899,-0.0000_-0.0000_0.9950_-0.0000_0.9950
37,19899,-0.0000_-0.0000_0.9950_-0.0000_0.9950,9950,-0.0000_-0.0000_0.9950_-0.0000_-0.0000
37,9950,-0.0000_-0.0000_0.9950_-0.0000_-0.0000,9950,-0.0000_-0.0000_0.9950_-0.0000_-0.0000
38,616870,-3.9798_1.9899_3.9798_-0.9950_4.9747,397981,0.9950_-1.9899_4.9747_-2.9849_-0.9950
38,397981,0.9950_-1.9899_4.9747_-2.9849_-0.9950,338283,0.9950_-1.9899_4.9747_-1.9899_-0.0000
38,338283,0.9950_-1.9899_4.9747_-1.9899_-0.0000,318384,-0.9950_0.9950_4.9747_0.9950_1.9899
38,318384,-0.9950_0.9950_4.9747_0.9950_1.9899,298485,-0.0000_1.9899_4.9747_0.0000_0.9950
38,298485,-0.0000_1.9899_4.9747_0.0000_0.9950,179092,-1.9899_-0.0000_0.9950_-1.9899_2.9849
38,179092,-1.9899_-0.0000_0.9950_-1.9899_2.9849,179092,-1.9899_-0.0000_0.9950_-2.9849_1.9899
38,179092,-1.9899_-0.0000_0.9950_-2.9849_1.9899,39798,-0.9950_0.9950_0.9950_-0.9950_0.0000
38,39798,-0.9950_0.9950_0.9950_-0.9950_0.0000,29849,-0.9950_-0.0000_0.9950_-0.0000_0.9950
38,29849,-0.9950_-0.0000_0.9950_-0.0000_0.9950,19899,-0.9950_-0.0000_0.0000_-0.0000_0.9950
38,19899,-0.9950_-0.0000_0.0000_-0.0000_0.9950,19899,-0.9950_0.0000_0.0000_-0.0000_0.9950
38,19899,-0.9950_0.0000_0.0000_-0.0000_0.9950,19899,-0.0000_-0.0000_0.9950_-0.0000_0.9950
38,19899,-0.0000_-0.0000_0.9950_-0.0000_0.9950,9950,-0.0000_0.9950_0.0000_-0.0000_-0.0000
38,9950,-0.0000_0.9950_0.0000_-0.0000_-0.0000,9950,-0.0000_-0.0000_0.9950_-0.0000_-0.0000
39,547222,-4.9747_-0.0000_-0.9950_4.9747_-1.9899,288537,0.9950_-2.9849_-2.9849_-0.9950_-2.9849
39,288537,0.9950_-2.9849_-2.9849_-0.9950_-2.9849,169143,1.9899_-1.9899_-1.9899_-0.9950_-1.9899
39,169143,1.9899_-1.9899_-1.9899_-0.9950_-1.9899,139294,1.9899_-0.9950_-1.9899_-0.9950_-1.9899
39,139294,1.9899_-0.9950_-1.9899_-0.9950_-1.9899,139294,0.9950_-1.9899_-1.9899_-0.9950_-1.9899
39,139294,0.9950_-1.9899_-1.9899_-0.9950_-1.9899,139294,0.0000_-0.9950_-1.9899_0.0000_-2.9849
39,139294,0.0000_-0.9950_-1.9899_0.0000_-2.9849,129344,-0.0000_0.0000_-1.9899_0.0000_-2.9849
39,129344,-0.0000_0.0000_-1.9899_0.0000_-2.9849,39798,0.9950_-0.9950_-0.0000_0.9950_-0.9950
39,39798,0.9950_-0.9950_-0.0000_0.9950_-0.9950,19899,0.9950_-0.9950_0.0000_0.0000_0.0000
39,19899,0.9950_-0.9950_0.0000_0.0000_0.0000,19899,-0.0000_-0.9950_0.0000_0.9950_-0.0000
39,19899,-0.0000_-0.9950_0.0000_0.9950_-0.0000,19899,-0.0000_-0.0000_-0.0000_0.9950_-0.9950
39,19899,-0.0000_-0.0000_-0.0000_0.9950_-0.9950,19899,0.0000_0.9950_-0.0000_0.9950_0.0000
39,19899,0.0000_0.9950_-0.0000_0.9950_0.0000,19899,-0.0000_-0.0000_-0.0000_0.9950_-0.9950
39,19899,-0.0000_-0.0000_-0.0000_0.9950_-0.9950,19899,-0.0000_-0.9950_-0.0000_-0.0000_-0.9950
39,19899,-0.0000_-0.9950_-0.0000_-0.0000_-0.9950,9950,-0.0000_-0.0000_-0.9950_-0.0000_0.0000
39,9950,-0.0000_-0.0000_-0.9950_-0.0000_0.0000,9950,-0.0000_-0.0000_-0.0000_0.9950_-0.0000
39,9950,-0.0000_-0.0000_-0.0000_0.9950_-0.0000,0,0.0000_0.0000_-0.0000_-0.0000_0.0000
40,189042,-0.9950_-2.9849_-0.9950_-1.9899_-1.9899,189042,-0.9950_-1.9899_-0.9950_-2.9849_-1.9899
40,189042,-0.9950_-1.9899_-0.9950_-2.9849_-1.9899,89546,0.0000_-0.9950_0.0000_-1.9899_-1.9899
40,89546,0.0000_-0.9950_0.0000_-1.9899_-1.9899,59697,0.0000_-0.9950_0.0000_-1.9899_-0.9950
40,59697,0.0000_-0.9950_0.0000_-1.9899_-0.9950,39798,0.0000_-0.9950_0.9950_-0.9950_-0.9950
40,39798,0.0000_-0.9950_0.9950_-0.9950_-0.9950,29849,0.0000_-0.9950_0.9950_-0.9950_-0.0000
40,29849,0.0000_-0.9950_0.9950_-0.9950_-0.0000,29849,0.9950_0.0000_0.9950_-0.9950_-0.0000
40,29849,0.9950_0.0000_0.9950_-0.9950_-0.0000,29849,0.9950_0.9950_-0.0000_0.0000_0.9950
40,29849,0.9950_0.9950_-0.0000_0.0000_0.9950,29849,0.9950_-0.0000_0.0000_-0.9950_0.9950
40,29849,0.9950_-0.0000_0.0000_-0.9950_0.9950,29849,0.9950_-0.9950_-0.0000_-0.9950_-0.0000
40,29849,0.9950_-0.9950_-0.0000_-0.9950_-0.0000,19899,0.9950_-0.9950_-0.0000_0.0000_-0.0000
40,19899,0.9950_-0.9950_-0.0000_0.0000_-0.0000,19899,0.9950_-0.0000_-0.0000_-0.9950_-0.0000
40,19899,0.9950_-0.0000_-0.0000_-0.9950_-0.0000,19899,0.9950_-0.0000_0.9950_-0.0000_-0.0000
40,19899,0.9950_-0.0000_0.9950_-0.0000_-0.0000,9950,-0.0000_-0.0000_-0.0000_-0.0000_-0.9950
40,9950,-0.0000_-0.0000_-0.0000_-0.0000_-0.9950,9950,0.0000_-0.0000_-0.9950_-0.0000_0.0000
40,9950,0.0000_-0.0000_-0.9950_-0.0000_0.0000,9950,0.9950_0.0000_0.0000_-0.0000_0.0000
40,9950,0.9950_0.0000_0.0000_-0.0000_0.0000,9950,-0.0000_-0.0000_-0.0000_-0.0000_0.9950
41,457679,3.9798_1.9899_-2.9849_-0.9950_-3.9798,298486,-0.0000_-1.9899_-3.9798_-2.9849_0.9949
41,298486,-0.0000_-1.9899_-3.9798_-2.9849_0.9949,198991,-0.0000_-0.9950_-2.9849_-2.9849_0.9950
41,198991,-0.0000_-0.9950_-2.9849_-2.9849_0.9950,189041,0.9950_0.0000_-3.9798_-0.9950_-0.9950
41,189041,0.9950_0.0000_-3.9798_-0.9950_-0.9950,79597,-0.9950_-0.9950_-1.9899_0.9950_0.9950
41,79597,-0.9950_-0.9950_-1.9899_0.9950_0.9950,69647,-1.9899_0.0000_-0.9950_0.9950_0.9950
41,69647,-1.9899_0.0000_-0.9950_0.9950_0.9950,29849,-0.9950_-0.0000_-0.9950_0.9950_0.0000
41,29849,-0.9950_-0.0000_-0.9950_0.9950_0.0000,19899,-0.9950_0.9950_-0.0000_-0.0000_0.0000
41,19899,-0.9950_0.9950_-0.0000_-0.0000_0.0000,19899,-0.0000_0.9950_-0.0000_0.9950_-0.0000
41,19899,-0.0000_0.9950_-0.0000_0.9950_-0.0000,19899,-0.9950_0.9950_-0.0000_-0.0000_-0.0000
41,19899,-0.9950_0.9950_-0.0000_-0.0000_-0.0000,9950,0.0000_0.9950_-0.0000_0.0000_-0.0000
41,9950,0.0000_0.9950_-0.0000_0.0000_-0.0000,9950,0.9950_-0.0000_0.0000_-0.0000_-0.0000
41,9950,0.9950_-0.0000_0.0000_-0.0000_-0.0000,0,-0.0000_0.0000_-0.0000_0.0000_-0.0000
41,0,-0.0000_0.0000_-0.0000_0.0000_-0.0000,0,-0.0000_-0.0000_0.0000_0.0000_0.0000
42,238790,0.9950_-1.9899_-2.9849_-0.9950_-2.9849,208941,1.9899_-1.9899_-2.9849_-0.0000_-1.9899
42,208941,1.9899_-1.9899_-2.9849_-0.0000_-1.9899,169143,-1.9899_1.9899_0.9950_1.9899_1.9899
42,169143,-1.9899_1.9899_0.9950_1.9899_1.9899,149244,-0.9950_1.9899_0.0000_0.9950_2.9849
42,149244,-0.9950_1.9899_0.0000_0.9950_2.9849,39798,-0.0000_0.9950_0.9950_-0.9950_0.9950
42,39798,-0.0000_0.9950_0.9950_-0.9950_0.9950,39798,0.9950_0.9950_0.9950_-0.9950_0.0000
42,39798,0.9950_0.9950_0.9950_-0.9950_0.0000,39798,0.9950_0.9950_-0.0000_-0.9950_0.9950
42,39798,0.9950_0.9950_-0.0000_-0.9950_0.9950,29849,0.9950_-0.0000_-0.0000_-0.9950_0.9950
42,29849,0.9950_-0.0000_-0.0000_-0.9950_0.9950,19899,-0.0000_0.0000_-0.0000_-0.9950_0.9950
42,19899,-0.0000_0.0000_-0.0000_-0.9950_0.9950,19899,-0.0000_0.9950_-0.9950_0.0000_-0.0000
42,19899,-0.0000_0.9950_-0.9950_0.0000_-0.0000,9950,-0.0000_-0.0000_0.9950_0.0000_0.0000
42,9950,-0.0000_-0.0000_0.9950_0.0000_0.0000,9950,-0.0000_0.0000_0.0000_-0.9950_0.0000
42,9950,-0.0000_0.0000_0.0000_-0.9950_0.0000,9950,-0.0000_-0.0000_-0.0000_-0.9950_-0.0000
42,9950,-0.0000_-0.0000_-0.0000_-0.9950_-0.0000,9950,-0.0000_0.9950_-0.0000_-0.0000_-0.0000
43,427829,1.9899_0.9950_1.9899_-4.9747_2.9849,198991,0.0000_-1.9899_0.0000_-0.0000_3.9798
43,198991,0.0000_-1.9899_0.0000_-0.0000_3.9798,129344,-0.9950_-0.9950_0.9950_-0.9950_2.9849
43,129344,-0.9950_-0.9950_0.9950_-0.9950_2.9849,119395,-0.9950_-0.0000_0.9950_-0.9950_2.9849
43,119395,-0.9950_-0.0000_0.9950_-0.9950_2.9849,99496,-0.9950_0.0000_0.0000_-0.0000_2.9849
43,99496,-0.9950_0.0000_0.0000_-0.0000_2.9849,69647,-0.9950_-0.0000_0.9950_-0.9950_1.9899
43,69647,-0.9950_-0.0000_0.9950_-0.9950_1.9899,69647,-0.9950_0.9950_1.9899_-0.0000_0.9950
43,69647,-0.9950_0.9950_1.9899_-0.0000_0.9950,59697,-0.9950_-0.0000_1.9899_-0.0000_0.9950
43,59697,-0.9950_-0.0000_1.9899_-0.0000_0.9950,29849,-0.9950_0.0000_0.9950_-0.0000_0.9950
43,29849,-0.9950_0.0000_0.9950_-0.0000_0.9950,29849,-0.9950_0.9950_-0.0000_0.0000_0.9950
43,29849,-0.9950_0.9950_-0.0000_0.0000_0.9950,19899,-0.9950_0.0000_0.0000_0.0000_0.9950
43,19899,-0.9950_0.0000_0.0000_0.0000_0.9950,19899,-0.0000_-0.0000_-0.0000_-0.9950_0.9950
43,19899,-0.0000_-0.0000_-0.0000_-0.9950_0.9950,9950,0.0000_0.0000_-0.0000_-0.0000_0.9950
43,9950,0.0000_0.0000_-0.0000_-0.0000_0.9950,9950,0.0000_0.0000_-0.9950_-0.0000_0.0000
43,9950,0.0000_0.0000_-0.9950_-0.0000_0.0000,9950,-0.0000_0.9950_-0.0000_-0.0000_-0.0000
43,9950,-0.0000_0.9950_-0.0000_-0.0000_-0.0000,9950,-0.9950_-0.0000_-0.0000_-0.0000_-0.0000
43,9950,-0.9950_-0.0000_-0.0000_-0.0000_-0.0000,9950,-0.9950_-0.0000_-0.0000_-0.0000_0.0000
44,208941,-0.0000_-1.9899_2.9849_-1.9899_1.9899,149244,1.9899_0.0000_0.9950_-0.9950_2.9849
44,149244,1.9899_0.0000_0.9950_-0.9950_2.9849,129345,1.9899_-0.0000_0.9950_-1.9899_1.9899
44,129345,1.9899_-0.0000_0.9950_-1.9899_1.9899,119395,0.9950_0.9950_-0.9950_-2.9849_-0.0000
44,119395,0.9950_0.9950_-0.9950_-2.9849_-0.0000,109445,0.9950_0.9950_0.0000_-2.9849_-0.0000
44,109445,0.9950_0.9950_0.0000_-2.9849_-0.0000,109445,-0.0000_-0.0000_-0.9950_-2.9849_0.9950
44,109445,-0.0000_-0.0000_-0.9950_-2.9849_0.9950,89546,-0.0000_-0.9950_-1.9899_-1.9899_-0.0000
44,89546,-0.0000_-0.9950_-1.9899_-1.9899_-0.0000,29849,0.0000_-0.9950_-0.9950_-0.9950_0.0000
44,29849,0.0000_-0.9950_-0.9950_-0.9950_0.0000,29849,0.0000_-0.9950_-0.0000_-0.9950_-0.9950
44,29849,0.0000_-0.9950_-0.0000_-0.9950_-0.9950,19899,-0.0000_-0.0000_-0.9950_0.0000_-0.9950
44,19899,-0.0000_-0.0000_-0.9950_0.0000_-0.9950,19899,-0.9950_-0.0000_0.0000_-0.0000_-0.9950
44,19899,-0.9950_-0.0000_0.0000_-0.0000_-0.9950,19899,-0.9950_0.9950_-0.0000_-0.0000_-0.0000
44,19899,-0.9950_0.9950_-0.0000_-0.0000_-0.0000,9950,-0.9950_-0.0000_0.0000_-0.0000_-0.0000
44,9950,-0.9950_-0.0000_0.0000_-0.0000_-0.0000,9950,-0.9950_-0.0000_-0.0000_-0.0000_-0.0000
44,9950,-0.9950_-0.0000_-0.0000_-0.0000_-0.0000,0,0.0000_0.0000_0.0000_-0.0000_-0.0000
45,467627,-1.9899_-3.9798_-0.9950_0.9950_-4.9747,189042,2.9849_-0.9950_-1.9899_1.9899_-0.9950
45,189042,2.9849_-0.9950_-1.9899_1.9899_-0.9950,139294,1.9899_-0.9950_-1.9899_1.9899_-0.9950
45,139294,1.9899_-0.9950_-1.9899_1.9899_-0.9950,119395,2.9849_-0.9950_-0.9950_0.9950_-0.0000
45,119395,2.9849_-0.9950_-0.9950_0.9950_-0.0000,99496,0.9950_-1.9899_-0.0000_1.9899_0.9950
45,99496,0.9950_-1.9899_-0.0000_1.9899_0.9950,99496,1.9899_-0.9950_1.9899_0.9950_-0.0000
45,99496,1.9899_-0.9950_1.9899_0.9950_-0.0000,69647,0.9950_-0.9950_1.9899_0.9950_-0.0000
45,69647,0.9950_-0.9950_1.9899_0.9950_-0.0000,69647,0.0000_-1.9899_0.9950_0.9950_0.9950
45,69647,0.0000_-1.9899_0.9950_0.9950_0.9950,59697,0.0000_-1.9899_0.9950_0.0000_0.9950
45,59697,0.0000_-1.9899_0.9950_0.0000_0.9950,39798,0.9950_-0.9950_0.9950_0.0000_0.9950
45,39798,0.9950_-0.9950_0.9950_0.0000_0.9950,29849,0.9950_0.0000_-0.0000_-0.9950_0.9950
45,29849,0.9950_0.0000_-0.0000_-0.9950_0.9950,29849,0.9950_0.0000_-0.0000_-0.9950_0.9950
45,29849,0.9950_0.0000_-0.0000_-0.9950_0.9950,19899,0.9950_-0.0000_-0.9950_-0.0000_-0.0000
45,19899,0.9950_-0.0000_-0.9950_-0.0000_-0.0000,9950,0.9950_0.0000_-0.0000_-0.0000_0.0000
45,9950,0.9950_0.0000_-0.0000_-0.0000_0.0000,9950,0.9950_0.0000_-0.0000_-0.0000_-0.0000
45,9950,0.9950_0.0000_-0.0000_-0.0000_-0.0000,9950,0.9950_-0.0000_-0.0000_-0.0000_-0.0000
45,9950,0.9950_-0.0000_-0.0000_-0.0000_-0.0000,9950,-0.0000_-0.0000_-0.0000_-0.0000_-0.9950
45,9950,-0.0000_-0.0000_-0.0000_-0.0000_-0.9950,0,-0.0000_-0.0000_-0.0000_-0.0000_-0.0000
46,497476,1.9899_-3.9798_-1.9899_-0.9950_4.9747,139294,-0.9950_0.0000_1.9899_-2.9849_0.0000
46,139294,-0.9950_0.0000_1.9899_-2.9849_0.0000,99496,-0.9950_-0.9950_1.9899_-1.9899_-0.0000
46,99496,-0.9950_-0.9950_1.9899_-1.9899_-0.0000,99496,0.0000_0.9950_1.9899_-1.9899_-0.9950
46,99496,0.0000_0.9950_1.9899_-1.9899_-0.9950,89546,0.9950_-0.0000_1.9899_-1.9899_0.0000
46,89546,0.9950_-0.0000_1.9899_-1.9899_0.0000,39798,0.0000_0.9950_0.9950_-0.9950_-0.9950
46,39798,0.0000_0.9950_0.9950_-0.9950_-0.9950,19899,-0.0000_0.0000_0.9950_-0.0000_-0.9950
46,19899,-0.0000_0.0000_0.9950_-0.0000_-0.9950,19899,-0.0000_0.9950_0.9950_-0.0000_0.0000
46,19899,-0.0000_0.9950_0.9950_-0.0000_0.0000,19899,-0.0000_0.9950_0.9950_-0.0000_0.0000
46,19899,-0.0000_0.9950_0.9950_-0.0000_0.0000,9950,0.0000_-0.0000_-0.0000_0.9950_0.0000
46,9950,0.0000_-0.0000_-0.0000_0.9950_0.0000,9950,-0.0000_0.9950_-0.0000_0.0000_0.0000
46,9950,-0.0000_0.9950_-0.0000_0.0000_0.0000,9950,-0.9950_-0.0000_-0.0000_0.0000_-0.0000
46,9950,-0.9950_-0.0000_-0.0000_0.0000_-0.0000,9950,-0.0000_-0.0000_-0.0000_0.9950_-0.0000
46,9950,-0.0000_-0.0000_-0.0000_0.9950_-0.0000,9950,0.9950_0.0000_-0.0000_-0.0000_-0.0000
47,407931,-3.9798_-0.9950_-1.9899_-3.9798_-1.9899,338285,-3.9798_-1.9899_-0.9950_-2.9849_-1.9899
47,338285,-3.9798_-1.9899_-0.9950_-2.9849_-1.9899,159193,-1.9899_-2.9849_0.9950_-0.9950_-0.9950
47,159193,-1.9899_-2.9849_0.9950_-0.9950_-0.9950,149244,-2.9849_-1.9899_-0.0000_-0.9950_0.9950
47,149244,-2.9849_-1.9899_-0.0000_-0.9950_0.9950,109445,-1.9899_-1.9899_-0.9950_-0.9950_0.9950
47,109445,-1.9899_-1.9899_-0.9950_-0.9950_0.9950,99496,0.0000_-0.9950_1.9899_-0.9950_1.9899
47,99496,0.0000_-0.9950_1.9899_-0.9950_1.9899,89546,0.9950_-0.0000_1.9899_-0.0000_1.9899
47,89546,0.9950_-0.0000_1.9899_-0.0000_1.9899,29849,0.0000_0.0000_0.9950_0.9950_0.9950
47,29849,0.0000_0.0000_0.9950_0.9950_0.9950,29849,0.9950_0.9950_-0.0000_-0.0000_0.9950
47,29849,0.9950_0.9950_-0.0000_-0.0000_0.9950,19899,-0.0000_0.9950_0.9950_0.0000_-0.0000
47,19899,-0.0000_0.9950_0.9950_0.0000_-0.0000,19899,0.0000_0.9950_0.9950_0.0000_-0.0000
47,19899,0.0000_0.9950_0.9950_0.0000_-0.0000,9950,0.0000_-0.0000_-0.0000_0.9950_0.0000
47,9950,0.0000_-0.0000_-0.0000_0.9950_0.0000,9950,0.9950_-0.0000_-0.0000_-0.0000_-0.0000
47,9950,0.9950_-0.0000_-0.0000_-0.0000_-0.0000,9950,-0.0000_-0.0000_-0.0000_-0.0000_-0.9950
47,9950,-0.0000_-0.0000_-0.0000_-0.0000_-0.9950,0,-0.0000_0.0000_-0.0000_-0.0000_-0.0000
48,388032,3.9798_-2.9849_2.9849_-1.9899_-0.9950,268638,0.9950_-2.9849_-1.9899_-2.9849_1.9899
48,268638,0.9950_-2.9849_-1.9899_-2.9849_1.9899,159193,-0.9950_-0.9950_-1.9899_-2.9849_0.9950
48,159193,-0.9950_-0.9950_-1.9899_-2.9849_0.9950,129344,-0.9950_-0.9950_-0.9950_-2.9849_0.9950
48,129344,-0.9950_-0.9950_-0.9950_-2.9849_0.9950,119395,0.0000_-0.9950_-0.9950_-2.9849_0.9950
48,119395,0.0000_-0.9950_-0.9950_-2.9849_0.9950,119395,-0.9950_-0.9950_-0.9950_-2.9849_-0.0000
48,119395,-0.9950_-0.9950_-0.9950_-2.9849_-0.0000,59697,-0.9950_-0.9950_0.0000_-1.9899_-0.0000
48,59697,-0.9950_-0.9950_0.0000_-1.9899_-0.0000,59697,-0.0000_-0.0000_0.9950_-1.9899_-0.9950
48,59697,-0.0000_-0.0000_0.9950_-1.9899_-0.9950,19899,0.9950_-0.0000_-0.0000_-0.9950_0.0000
48,19899,0.9950_-0.0000_-0.0000_-0.9950_0.0000,9950,-0.0000_0.9950_-0.0000_0.0000_-0.0000
48,9950,-0.0000_0.9950_-0.0000_0.0000_-0.0000,9950,-0.9950_-0.0000_-0.0000_-0.0000_-0.0000
48,9950,-0.9950_-0.0000_-0.0000_-0.0000_-0.0000,9950,0.0000_-0.0000_0.0000_-0.0000_-0.9950
49,378083,2.9849_1.9899_-0.0000_2.9849_-3.9798,298486,2.9849_0.0000_-0.9950_1.9899_-3.9798
49,298486,2.9849_0.0000_-0.9950_1.9899_-3.9798,189042,1.9899_0.9950_-0.9950_1.9899_-2.9849
49,189042,1.9899_0.9950_-0.9950_1.9899_-2.9849,109445,0.9950_0.9950_-0.9950_1.9899_-1.9899
49,109445,0.9950_0.9950_-0.9950_1.9899_-1.9899,109445,0.9950_0.9950_-0.9950_1.9899_-1.9899
49,109445,0.9950_0.9950_-0.9950_1.9899_-1.9899,89546,1.9899_-0.9950_-1.9899_0.0000_0.0000
49,89546,1.9899_-0.9950_-1.9899_0.0000_0.0000,19899,0.0000_0.9950_-0.9950_-0.0000_0.0000
49,19899,0.0000_0.9950_-0.9950_-0.0000_0.0000,19899,-0.0000_0.0000_-0.9950_-0.9950_-0.0000
49,19899,-0.0000_0.0000_-0.9950_-0.9950_-0.0000,19899,-0.9950_0.0000_-0.0000_-0.9950_-0.0000
49,19899,-0.9950_0.0000_-0.0000_-0.9950_-0.0000,19899,-0.9950_-0.0000_-0.9950_-0.0000_-0.0000
49,19899,-0.9950_-0.0000_-0.9950_-0.0000_-0.0000,9950,-0.0000_-0.9950_-0.0000_-0.0000_-0.0000
49,9950,-0.0000_-0.9950_-0.0000_-0.0000_-0.0000,9950,0.0000_-0.0000_0.9950_-0.0000_-0.0000
49,9950,0.0000_-0.0000_0.9950_-0.0000_-0.0000,9950,0.0000_-0.9950_0.0000_0.0000_-0.0000
49,9950,0.0000_-0.9950_0.0000_0.0000_-0.0000,9950,0.9950_-0.0000_-0.0000_-0.0000_-0.0000
50,348233,0.9950_1.9899_-1.9899_0.9950_4.9747,179092,2.9849_0.9950_-1.9899_-1.9899_0.0000
50,179092,2.9849_0.9950_-1.9899_-1.9899_0.0000,149244,2.9849_0.9950_-1.9899_-0.9950_-0.0000
50,149244,2.9849_0.9950_-1.9899_-0.9950_-0.0000,99496,1.9899_0.9950_-1.9899_-0.9950_0.0000
50,99496,1.9899_0.9950_-1.9899_-0.9950_0.0000,69647,0.9950_0.0000_-0.9950_-1.9899_0.9950
50,69647,0.9950_0.0000_-0.9950_-1.9899_0.9950,59697,-0.0000_-0.9950_-0.0000_-1.9899_0.9950
50,59697,-0.0000_-0.9950_-0.0000_-1.9899_0.9950,49748,-0.9950_-0.9950_-0.9950_-0.9950_0.9950
50,49748,-0.9950_-0.9950_-0.9950_-0.9950_0.9950,39798,-0.9950_-0.9950_-0.9950_-0.0000_0.9950
50,39798,-0.9950_-0.9950_-0.9950_-0.0000_0.9950,29849,-0.9950_-0.9950_0.0000_-0.0000_0.9950
50,29849,-0.9950_-0.9950_0.0000_-0.0000_0.9950,19899,-0.9950_0.0000_-0.0000_-0.0000_0.9950
50,19899,-0.9950_0.0000_-0.0000_-0.0000_0.9950,19899,-0.9950_-0.0000_0.0000_0.0000_0.9950
50,19899,-0.9950_-0.0000_0.0000_0.0000_0.9950,9950,-0.9950_0.0000_0.0000_-0.0000_0.0000
50,9950,-0.9950_0.0000_0.0000_-0.0000_0.0000,9950,0.0000_0.9950_0.0000_0.0000_-0.0000
50,9950,0.0000_0.9950_0.0000_0.0000_-0.0000,9950,-0.0000_0.9950_-0.0000_-0.0000_-0.0000
50,9950,-0.0000_0.9950_-0.0000_-0.0000_-0.0000,9950,0.0000_-0.0000_-0.0000_-0.9950_-0.0000
50,9950,0.0000_-0.0000_-0.0000_-0.9950_-0.0000,9950,-0.0000_0.9950_-0.0000_-0.0000_-0.0000
51,457679,2.9849_-1.9899_3.9798_-0.9950_3.9798,407931,3.9798_-0.9950_3.9798_-1.9899_1.9899
51,407931,3.9798_-0.9950_3.9798_-1.9899_1.9899,348233,-0.9950_1.9899_4.9747_0.9950_-1.9899
51,348233,-0.9950_1.9899_4.9747_0.9950_-1.9899,348233,-0.9950_1.9899_4.9747_0.9950_-1.9899
51,348233,-0.9950_1.9899_4.9747_0.9950_-1.9899,318384,-0.9950_0.9950_4.9747_0.9950_-1.9899
51,318384,-0.9950_0.9950_4.9747_0.9950_-1.9899,308436,-2.9849_2.9849_-0.0000_2.9849_1.9899
51,308436,-2.9849_2.9849_-0.0000_2.9849_1.9899,238790,-0.9950_1.9899_0.9950_2.9849_2.9849
51,238790,-0.9950_1.9899_0.9950_2.9849_2.9849,238789,0.0000_1.9899_0.0000_1.9899_3.9798
51,238789,0.0000_1.9899_0.0000_1.9899_3.9798,228840,2.9849_0.9950_-2.9849_-1.9899_-0.0000
51,228840,2.9849_0.9950_-2.9849_-1.9899_-0.0000,208941,2.9849_0.9950_-2.9849_-0.9950_-0.9950
51,208941,2.9849_0.9950_-2.9849_-0.9950_-0.9950,189042,-0.9950_-1.9899_0.9950_1.9899_-2.9849
51,189042,-0.9950_-1.9899_0.9950_1.9899_-2.9849,119395,0.9950_-0.0000_-0.9950_2.9849_-0.9950
51,119395,0.9950_-0.0000_-0.9950_2.9849_-0.9950,69647,0.9950_-0.0000_-0.9950_1.9899_-0.9950
51,69647,0.9950_-0.0000_-0.9950_1.9899_-0.9950,59697,-0.0000_-0.0000_-0.9950_0.9950_-1.9899
51,59697,-0.0000_-0.0000_-0.9950_0.9950_-1.9899,39798,0.9950_0.9950_0.0000_0.9950_-0.9950
51,39798,0.9950_0.9950_0.0000_0.9950_-0.9950,29849,-0.0000_0.9950_0.9950_0.0000_-0.9950
51,29849,-0.0000_0.9950_0.9950_0.0000_-0.9950,29849,0.0000_0.9950_0.9950_-0.0000_-0.9950
51,29849,0.0000_0.9950_0.9950_-0.0000_-0.9950,19899,-0.0000_-0.0000_0.9950_-0.0000_-0.9950
51,19899,-0.0000_-0.0000_0.9950_-0.0000_-0.9950,19899,-0.0000_-0.0000_-0.0000_0.9950_-0.9950
51,19899,-0.0000_-0.0000_-0.0000_0.9950_-0.9950,9950,-0.0000_-0.0000_-0.0000_0.9950_0.0000
51,9950,-0.0000_-0.0000_-0.0000_0.9950_0.0000,9950,-0.0000_0.0000_0.0000_0.9950_-0.0000
52,139294,0.9950_-1.9899_-0.9950_1.9899_1.9899,119395,0.0000_-1.9899_-0.0000_1.9899_1.9899
52,119395,0.0000_-1.9899_-0.0000_1.9899_1.9899,109445,0.9950_-1.9899_0.9950_1.9899_0.9950
52,109445,0.9950_-1.9899_0.9950_1.9899_0.9950,109445,0.9950_-1.9899_0.9950_1.9899_0.9950
52,109445,0.9950_-1.9899_0.9950_1.9899_0.9950,89546,0.9950_-0.0000_1.9899_1.9899_0.0000
52,89546,0.9950_-0.0000_1.9899_1.9899_0.0000,69647,0.0000_0.9950_0.9950_1.9899_0.9950
52,69647,0.0000_0.9950_0.9950_1.9899_0.9950,29849,0.0000_0.9950_-0.0000_0.9950_0.9950
52,29849,0.0000_0.9950_-0.0000_0.9950_0.9950,19899,-0.0000_0.9950_0.0000_0.0000_0.9950
52,19899,-0.0000_0.9950_0.0000_0.0000_0.9950,19899,-0.0000_-0.0000_-0.9950_-0.0000_0.9950
52,19899,-0.0000_-0.0000_-0.9950_-0.0000_0.9950,19899,-0.0000_-0.9950_-0.0000_0.9950_0.0000
52,19899,-0.0000_-0.9950_-0.0000_0.9950_0.0000,9950,-0.0000_-0.9950_-0.0000_0.0000_-0.0000
52,9950,-0.0000_-0.9950_-0.0000_0.0000_-0.0000,9950,-0.0000_-0.9950_0.0000_0.0000_-0.0000
52,9950,-0.0000_-0.9950_0.0000_0.0000_-0.0000,9950,-0.0000_-0.0000_-0.9950_0.0000_-0.0000
52,9950,-0.0000_-0.0000_-0.9950_0.0000_-0.0000,9950,-0.0000_-0.0000_-0.9950_-0.0000_-0.0000
52,9950,-0.0000_-0.0000_-0.9950_-0.0000_-0.0000,0,-0.0000_0.0000_-0.0000_-0.0000_-0.0000
53,666618,-4.9747_2.9849_3.9798_-0.9950_-3.9798,557174,-3.9798_3.9798_1.9899_-1.9899_-3.9798
53,557174,-3.9798_3.9798_1.9899_-1.9899_-3.9798,457679,-3.9798_1.9899_0.9950_-2.9849_-3.9798
53,457679,-3.9798_1.9899_0.9950_-2.9849_-3.9798,368133,-3.9798_0.0000_1.9899_-0.9950_-3.9798
53,368133,-3.9798_0.0000_1.9899_-0.9950_-3.9798,198991,-2.9849_0.0000_0.9950_-0.9950_-2.9849
53,198991,-2.9849_0.0000_0.9950_-0.9950_-2.9849,159193,0.9950_-1.9899_2.9849_0.9950_0.9950
53,159193,0.9950_-1.9899_2.9849_0.9950_0.9950,109445,0.9950_-1.9899_1.9899_0.9950_0.9950
53,109445,0.9950_-1.9899_1.9899_0.9950_0.9950,59697,-0.0000_-1.9899_0.9950_0.9950_-0.0000
53,59697,-0.0000_-1.9899_0.9950_0.9950_-0.0000,49748,0.0000_-1.9899_0.9950_-0.0000_-0.0000
53,49748,0.0000_-1.9899_0.9950_-0.0000_-0.0000,19899,-0.0000_-0.9950_0.0000_0.9950_-0.0000
53,19899,-0.0000_-0.9950_0.0000_0.9950_-0.0000,19899,-0.0000_0.0000_0.9950_0.0000_0.9950
53,19899,-0.0000_0.0000_0.9950_0.0000_0.9950,19899,-0.0000_0.9950_0.9950_-0.0000_-0.0000
53,19899,-0.0000_0.9950_0.9950_-0.0000_-0.0000,9950,-0.0000_0.9950_-0.0000_-0.0000_-0.0000
53,9950,-0.0000_0.9950_-0.0000_-0.0000_-0.0000,9950,0.0000_0.0000_-0.0000_0.9950_0.0000
53,9950,0.0000_0.0000_-0.0000_0.9950_0.0000,9950,-0.9950_-0.0000_-0.0000_-0.0000_-0.0000
53,9950,-0.9950_-0.0000_-0.0000_-0.0000_-0.0000,9950,0.0000_-0.0000_-0.0000_-0.9950_-0.0000
53,9950,0.0000_-0.0000_-0.0000_-0.9950_-0.0000,9950,-0.0000_-0.0000_-0.0000_-0.9950_-0.0000
53,9950,-0.0000_-0.0000_-0.0000_-0.9950_-0.0000,9950,-0.0000_-0.9950_-0.0000_-0.0000_-0.0000
54,606920,3.9798_-0.0000_1.9899_-3.9798_-4.9747,268638,-0.9950_2.9849_3.9798_0.9950_-0.0000
54,268638,-0.9950_2.9849_3.9798_0.9950_-0.0000,258688,0.0000_2.9849_3.9798_0.9950_-0.0000
54,258688,0.0000_2.9849_3.9798_0.9950_-0.0000,208941,-0.9950_2.9849_2.9849_0.9950_0.9950
54,208941,-0.9950_2.9849_2.9849_0.9950_0.9950,99496,-0.0000_0.9950_1.9899_1.9899_-0.9950
54,99496,-0.0000_0.9950_1.9899_1.9899_-0.9950,39798,-0.9950_0.9950_0.9950_0.0000_0.9950
54,39798,-0.9950_0.9950_0.9950_0.0000_0.9950,29849,-0.9950_-0.0000_0.9950_-0.0000_0.9950
54,29849,-0.9950_-0.0000_0.9950_-0.0000_0.9950,29849,-0.0000_-0.0000_0.9950_-0.9950_0.9950
54,29849,-0.0000_-0.0000_0.9950_-0.9950_0.9950,19899,-0.0000_-0.0000_0.9950_0.0000_0.9950
54,19899,-0.0000_-0.0000_0.9950_0.0000_0.9950,9950,0.0000_-0.0000_-0.0000_-0.0000_0.9950
54,9950,0.0000_-0.0000_-0.0000_-0.0000_0.9950,9950,0.0000_-0.0000_0.9950_-0.0000_-0.0000
54,9950,0.0000_-0.0000_0.9950_-0.0000_-0.0000,9950,-0.0000_0.0000_-0.0000_-0.9950_-0.0000
54,9950,-0.0000_0.0000_-0.0000_-0.9950_-0.0000,9950,-0.0000_-0.0000_0.0000_-0.0000_0.9950
54,9950,-0.0000_-0.0000_0.0000_-0.0000_0.9950,9950,-0.0000_0.9950_-0.0000_-0.0000_-0.0000
55,179092,1.9899_-1.9899_-2.9849_0.0000_0.9950,169143,1.9899_-1.9899_-1.9899_-0.9950_1.9899
55,169143,1.9899_-1.9899_-1.9899_-0.9950_1.9899,169143,1.9899_-1.9899_-1.9899_-0.9950_1.9899
55,169143,1.9899_-1.9899_-1.9899_-0.9950_1.9899,159193,1.9899_-1.9899_-1.9899_0.0000_1.9899
55,159193,1.9899_-1.9899_-1.9899_0.0000_1.9899,69647,1.9899_-0.9950_-0.9950_-0.0000_0.9950
55,69647,1.9899_-0.9950_-0.9950_-0.0000_0.9950,69647,1.9899_-0.9950_-0.0000_0.9950_0.9950
55,69647,1.9899_-0.9950_-0.0000_0.9950_0.9950,69647,0.9950_-0.9950_0.9950_0.0000_1.9899
55,69647,0.9950_-0.9950_0.9950_0.0000_1.9899,49748,0.9950_-0.9950_0.9950_-0.9950_0.9950
55,49748,0.9950_-0.9950_0.9950_-0.9950_0.9950,39798,-0.9950_0.9950_-0.9950_0.9950_0.0000
55,39798,-0.9950_0.9950_-0.9950_0.9950_0.0000,29849,0.0000_0.9950_-0.9950_0.9950_0.0000
55,29849,0.0000_0.9950_-0.9950_0.9950_0.0000,19899,-0.0000_-0.0000_-0.9950_0.9950_0.0000
55,19899,-0.0000_-0.0000_-0.9950_0.9950_0.0000,19899,-0.9950_0.0000_-0.9950_-0.0000_0.0000
55,19899,-0.9950_0.0000_-0.9950_-0.0000_0.0000,19899,-0.0000_-0.0000_-0.9950_-0.0000_0.9950
55,19899,-0.0000_-0.0000_-0.9950_-0.0000_0.9950,9950,-0.0000_-0.0000_-0.9950_0.0000_-0.0000
55,9950,-0.0000_-0.0000_-0.9950_0.0000_-0.0000,9950,-0.9950_-0.0000_-0.0000_-0.0000_-0.0000
55,9950,-0.9950_-0.0000_-0.0000_-0.0000_-0.0000,9950,0.0000_0.0000_-0.9950_-0.0000_0.0000
55,9950,0.0000_0.0000_-0.9950_-0.0000_0.0000,0,-0.0000_-0.0000_0.0000_0.0000_-0.0000
56,308435,-0.9950_4.9747_1.9899_0.0000_-0.9950,298485,-0.9950_4.9747_1.9899_0.0000_0.0000
56,298485,-0.9950_4.9747_1.9899_0.0000_0.0000,149244,-2.9849_0.0000_-0.9950_1.9899_0.9950
56,149244,-2.9849_0.0000_-0.9950_1.9899_0.9950,69647,-0.9950_-0.9950_-0.0000_1.9899_0.9950
56,69647,-0.9950_-0.9950_-0.0000_1.9899_0.9950,29849,0.0000_0.0000_0.9950_0.9950_-0.9950
56,29849,0.0000_0.0000_0.9950_0.9950_-0.9950,19899,-0.0000_0.0000_0.9950_-0.0000_-0.9950
56,19899,-0.0000_0.0000_0.9950_-0.0000_-0.9950,19899,-0.9950_0.0000_0.9950_-0.0000_-0.0000
56,19899,-0.9950_0.0000_0.9950_-0.0000_-0.0000,9950,-0.9950_-0.0000_-0.0000_-0.0000_-0.0000
56,9950,-0.9950_-0.0000_-0.0000_-0.0000_-0.0000,9950,-0.0000_-0.0000_-0.0000_-0.0000_-0.9950
57,477577,1.9899_0.9950_4.9747_-2.9849_-2.9849,417880,3.9798_2.9849_0.0000_-3.9798_0.9950
57,417880,3.9798_2.9849_0.0000_-3.9798_0.9950,258688,1.9899_3.9798_-0.9950_-1.9899_-0.9950
57,258688,1.9899_3.9798_-0.9950_-1.9899_-0.9950,198991,2.9849_2.9849_0.9950_0.0000_0.9950
57,198991,2.9849_2.9849_0.9950_0.0000_0.9950,149244,2.9849_1.9899_0.9950_-0.0000_0.9950
57,149244,2.9849_1.9899_0.9950_-0.0000_0.9950,109445,1.9899_1.9899_0.9950_0.9950_0.9950
57,109445,1.9899_1.9899_0.9950_0.9950_0.9950,99496,1.9899_1.9899_0.0000_0.9950_0.9950
57,99496,1.9899_1.9899_0.0000_0.9950_0.9950,79597,0.9950_0.9950_0.9950_1.9899_0.9950
57,79597,0.9950_0.9950_0.9950_1.9899_0.9950,69647,1.9899_0.9950_0.0000_0.9950_0.9950
57,69647,1.9899_0.9950_0.0000_0.9950_0.9950,69647,0.9950_1.9899_0.9950_-0.9950_-0.0000
57,69647,0.9950_1.9899_0.9950_-0.9950_-0.0000,39798,0.9950_0.9950_0.9950_0.0000_-0.9950
57,39798,0.9950_0.9950_0.9950_0.0000_-0.9950,29849,0.9950_-0.0000_0.9950_-0.0000_-0.9950
57,29849,0.9950_-0.0000_0.9950_-0.0000_-0.9950,19899,0.0000_-0.0000_-0.0000_0.9950_-0.9950
57,19899,0.0000_-0.0000_-0.0000_0.9950_-0.9950,19899,-0.0000_0.9950_0.9950_-0.0000_-0.0000
57,19899,-0.0000_0.9950_0.9950_-0.0000_-0.0000,9950,0.0000_-0.0000_0.9950_0.0000_-0.0000
57,9950,0.0000_-0.0000_0.9950_0.0000_-0.0000,9950,0.0000_-0.0000_-0.0000_0.0000_-0.9950
57,9950,0.0000_-0.0000_-0.0000_0.0000_-0.9950,9950,-0.0000_-0.0000_-0.0000_-0.0000_-0.9950
57,9950,-0.0000_-0.0000_-0.0000_-0.0000_-0.9950,9950,-0.0000_-0.0000_-0.0000_0.9950_-0.0000
58,358182,0.9950_4.9747_-2.9849_-0.0000_0.9950,328334,1.9899_4.9747_-1.9899_-0.0000_0.0000
58,328334,1.9899_4.9747_-1.9899_-0.0000_0.0000,308435,0.9950_4.9747_-1.9899_0.0000_-0.9950
58,308435,0.9950_4.9747_-1.9899_0.0000_-0.9950,298485,0.0000_4.9747_-0.9950_-0.0000_-1.9899
58,298485,0.0000_4.9747_-0.9950_-0.0000_-1.9899,258689,2.9849_-0.0000_1.9899_-1.9899_-2.9849
58,258689,2.9849_-0.0000_1.9899_-1.9899_-2.9849,258688,3.9798_0.9950_-1.9899_1.9899_0.9950
58,258688,3.9798_0.9950_-1.9899_1.9899_0.9950,248739,3.9798_-0.9950_-0.0000_1.9899_1.9899
58,248739,3.9798_-0.9950_-0.0000_1.9899_1.9899,228840,2.9849_-1.9899_-0.0000_2.9849_0.9950
58,228840,2.9849_-1.9899_-0.0000_2.9849_0.9950,109445,-0.0000_-0.0000_-0.9950_-0.9950_-2.9849
58,109445,-0.0000_-0.0000_-0.9950_-0.9950_-2.9849,99496,-0.0000_0.0000_-0.9950_0.0000_-2.9849
58,99496,-0.0000_0.0000_-0.9950_0.0000_-2.9849,39798,-0.9950_-0.9950_0.0000_-0.9950_-0.9950
58,39798,-0.9950_-0.9950_0.0000_-0.9950_-0.9950,29849,-0.9950_-0.9950_-0.9950_-0.0000_-0.0000
58,29849,-0.9950_-0.9950_-0.9950_-0.0000_-0.0000,9950,0.0000_0.0000_-0.9950_-0.0000_-0.0000
58,9950,0.0000_0.0000_-0.9950_-0.0000_-0.0000,9950,0.0000_0.9950_0.0000_0.0000_0.0000
58,9950,0.0000_0.9950_0.0000_0.0000_0.0000,9950,-0.0000_0.9950_-0.0000_0.0000_-0.0000
58,9950,-0.0000_0.9950_-0.0000_0.0000_-0.0000,9950,0.0000_0.9950_-0.0000_0.0000_0.0000
59,358182,-4.9747_-2.9849_-0.0000_-0.9950_0.9950,318384,-4.9747_-1.9899_-0.9950_-0.9950_0.9950
59,318384,-4.9747_-1.9899_-0.9950_-0.9950_0.9950,238789,0.0000_-3.9798_1.9899_0.0000_-1.9899
59,238789,0.0000_-3.9798_1.9899_0.0000_-1.9899,208940,0.0000_-3.9798_1.9899_-0.0000_-0.9950
59,208940,0.0000_-3.9798_1.9899_-0.0000_-0.9950,159193,-0.9950_-0.9950_-1.9899_2.9849_0.9950
59,159193,-0.9950_-0.9950_-1.9899_2.9849_0.9950,139294,-1.9899_0.0000_0.0000_2.9849_0.9950
59,139294,-1.9899_0.0000_0.0000_2.9849_0.9950,139294,-1.9899_0.9950_-0.0000_2.9849_-0.0000
59,139294,-1.9899_0.9950_-0.0000_2.9849_-0.0000,49748,-0.9950_-0.9950_0.9950_0.9950_0.9950
59,49748,-0.9950_-0.9950_0.9950_0.9950_0.9950,19899,-0.9950_0.0000_-0.0000_-0.0000_0.9950
59,19899,-0.9950_0.0000_-0.0000_-0.0000_0.9950,19899,0.0000_-0.9950_0.0000_0.0000_0.9950
59,19899,0.0000_-0.9950_0.0000_0.0000_0.9950,19899,-0.0000_0.0000_-0.0000_0.9950_0.9950
59,19899,-0.0000_0.0000_-0.0000_0.9950_0.9950,19899,-0.9950_-0.0000_-0.0000_0.0000_0.9950
59,19899,-0.9950_-0.0000_-0.0000_0.0000_0.9950,19899,-0.9950_-0.9950_-0.0000_-0.0000_-0.0000
59,19899,-0.9950_-0.9950_-0.0000_-0.0000_-0.0000,19899,-0.9950_-0.0000_-0.0000_-0.0000_-0.9950
59,19899,-0.9950_-0.0000_-0.0000_-0.0000_-0.9950,9950,-0.0000_-0.0000_0.0000_-0.0000_-0.9950
59,9950,-0.0000_-0.0000_0.0000_-0.0000_-0.9950,9950,-0.0000_-0.9950_-0.0000_-0.0000_-0.0000
59,9950,-0.0000_-0.9950_-0.0000_-0.0000_-0.0000,0,-0.0000_-0.0000_-0.0000_0.0000_-0.0000
59,0,-0.0000_-0.0000_-0.0000_0.0000_-0.0000,0,-0.0000_0.0000_-0.0000_0.0000_0.0000
60,457679,2.9848_3.9798_0.9949_-1.9899_3.9798,129344,0.9950_0.9950_-0.9950_2.9849_0.9950
60,129344,0.9950_0.9950_-0.9950_2.9849_0.9950,109445,-0.0000_0.9950_-0.9950_2.9849_-0.0000
60,109445,-0.0000_0.9950_-0.9950_2.9849_-0.0000,99496,-0.0000_-0.0000_-0.0000_2.9849_0.9950
60,99496,-0.0000_-0.0000_-0.0000_2.9849_0.9950,89546,-0.0000_0.0000_0.9950_1.9899_1.9899
60,89546,-0.0000_0.0000_0.9950_1.9899_1.9899,69647,0.9950_0.9950_1.9899_0.9950_-0.0000
60,69647,0.9950_0.9950_1.9899_0.9950_-0.0000,69647,1.9899_0.9950_0.9950_0.9950_0.0000
60,69647,1.9899_0.9950_0.9950_0.9950_0.0000,29849,0.9950_0.9950_0.9950_-0.0000_-0.0000
60,29849,0.9950_0.9950_0.9950_-0.0000_-0.0000,19899,-0.0000_0.9950_0.0000_0.9950_-0.0000
60,19899,-0.0000_0.9950_0.0000_0.9950_-0.0000,19899,-0.9950_0.0000_0.0000_0.0000_0.9950
60,19899,-0.9950_0.0000_0.0000_0.0000_0.9950,9950,-0.9950_-0.0000_-0.0000_0.0000_-0.0000
60,9950,-0.9950_-0.0000_-0.0000_0.0000_-0.0000,9950,-0.0000_0.9950_0.0000_0.0000_0.0000
60,9950,-0.0000_0.9950_0.0000_0.0000_0.0000,9950,-0.0000_0.0000_0.0000_0.9950_-0.0000
60,9950,-0.0000_0.0000_0.0000_0.9950_-0.0000,0,-0.0000_-0.0000_-0.0000_-0.0000_0.0000
60,0,-0.0000_-0.0000_-0.0000_-0.0000_0.0000,0,-0.0000_-0.0000_-0.0000_-0.0000_-0.0000
61,308436,-0.9950_-1.9899_-2.9849_-3.9798_0.9950,298486,-2.9849_-3.9798_0.9950_-0.0000_-1.9899
61,298486,-2.9849_-3.9798_0.9950_-0.0000_-1.9899,139294,-0.9950_-0.9950_-1.9899_-1.9899_1.9899
61,139294,-0.9950_-0.9950_-1.9899_-1.9899_1.9899,99496,-0.9950_-0.0000_-1.9899_-1.9899_0.9950
61,99496,-0.9950_-0.0000_-1.9899_-1.9899_0.9950,69647,-0.9950_0.9950_-1.9899_-0.9950_-0.0000
61,69647,-0.9950_0.9950_-1.9899_-0.9950_-0.0000,59697,-0.9950_0.9950_-1.9899_0.0000_0.0000
61,59697,-0.9950_0.9950_-1.9899_0.0000_0.0000,39798,-0.9950_-0.9950_-0.0000_-0.9950_0.9950
61,39798,-0.9950_-0.9950_-0.0000_-0.9950_0.9950,29849,-0.0000_-0.9950_0.0000_-0.9950_0.9950
61,29849,-0.0000_-0.9950_0.0000_-0.9950_0.9950,29849,-0.0000_-0.0000_0.9950_-0.9950_0.9950
61,29849,-0.0000_-0.0000_0.9950_-0.9950_0.9950,29849,-0.0000_-0.9950_0.9950_-0.9950_0.0000
61,29849,-0.0000_-0.9950_0.9950_-0.9950_0.0000,19899,-0.0000_-0.9950_-0.0000_-0.9950_0.0000
61,19899,-0.0000_-0.9950_-0.0000_-0.9950_0.0000,19899,0.9950_-0.0000_-0.0000_-0.9950_0.0000
61,19899,0.9950_-0.0000_-0.0000_-0.9950_0.0000,19899,-0.0000_-0.0000_0.9950_-0.9950_-0.0000
61,19899,-0.0000_-0.0000_0.9950_-0.9950_-0.0000,19899,0.9950_-0.0000_-0.0000_-0.9950_-0.0000
61,19899,0.9950_-0.0000_-0.0000_-0.9950_-0.0000,9950,0.9950_-0.0000_-0.0000_-0.0000_-0.0000
62,308436,-1.9899_-3.9798_-2.9849_0.9950_-0.9950,218890,-0.9950_-3.9798_-0.9950_0.0000_-1.9899
62,218890,-0.9950_-3.9798_-0.9950_0.0000_-1.9899,218890,-0.9950_-3.9798_-0.9950_-0.0000_-1.9899
62,218890,-0.9950_-3.9798_-0.9950_-0.0000_-1.9899,149244,-0.9950_-2.9849_0.0000_0.9950_-1.9899
62,149244,-0.9950_-2.9849_0.0000_0.9950_-1.9899,129344,-0.9950_-2.9849_0.9950_0.9950_-0.9950
62,129344,-0.9950_-2.9849_0.9950_0.9950_-0.9950,119395,-0.0000_-2.9849_0.9950_0.9950_-0.9950
62,119395,-0.0000_-2.9849_0.9950_0.9950_-0.9950,69647,0.0000_-1.9899_0.9950_0.9950_-0.9950
62,69647,0.0000_-1.9899_0.9950_0.9950_-0.9950,19899,-0.0000_-0.9950_-0.0000_-0.0000_-0.9950
62,19899,-0.0000_-0.9950_-0.0000_-0.0000_-0.9950,19899,-0.0000_-0.9950_-0.0000_0.0000_-0.9950
62,19899,-0.0000_-0.9950_-0.0000_0.0000_-0.9950,19899,-0.0000_-0.9950_-0.0000_-0.9950_-0.0000
62,19899,-0.0000_-0.9950_-0.0000_-0.9950_-0.0000,9950,0.0000_0.0000_-0.9950_0.0000_-0.0000
62,9950,0.0000_0.0000_-0.9950_0.0000_-0.0000,9950,-0.0000_-0.0000_-0.0000_0.9950_-0.0000
62,9950,-0.0000_-0.0000_-0.0000_0.9950_-0.0000,9950,0.0000_0.9950_-0.0000_-0.0000_0.0000
62,9950,0.0000_0.9950_-0.0000_-0.0000_0.0000,9950,-0.0000_0.9950_-0.0000_-0.0000_-0.0000
62,9950,-0.0000_0.9950_-0.0000_-0.0000_-0.0000,9950,-0.0000_0.9950_0.0000_0.0000_0.0000
63,368133,0.9950_3.9798_-3.9798_0.0000_1.9899,218890,-0.0000_0.9950_-3.9798_-0.9950_1.9899
63,218890,-0.0000_0.9950_-3.9798_-0.9950_1.9899,169143,-0.9950_1.9899_-1.9899_-1.9899_1.9899
63,169143,-0.9950_1.9899_-1.9899_-1.9899_1.9899,159193,-0.9950_0.9950_-2.9849_-0.9950_1.9899
63,159193,-0.9950_0.9950_-2.9849_-0.9950_1.9899,109445,-0.9950_0.9950_-1.9899_-0.9950_1.9899
63,109445,-0.9950_0.9950_-1.9899_-0.9950_1.9899,79597,-0.9950_0.9950_-0.9950_-0.9950_1.9899
63,79597,-0.9950_0.9950_-0.9950_-0.9950_1.9899,69647,-0.9950_1.9899_0.0000_0.9950_0.9950
63,69647,-0.9950_1.9899_0.0000_0.9950_0.9950,59697,-0.9950_1.9899_-0.0000_0.0000_0.9950
63,59697,-0.9950_1.9899_-0.0000_0.0000_0.9950,49748,-0.0000_0.9950_-0.0000_-0.0000_1.9899
63,49748,-0.0000_0.9950_-0.0000_-0.0000_1.9899,29849,-0.0000_0.9950_-0.0000_-0.9950_0.9950
63,29849,-0.0000_0.9950_-0.0000_-0.9950_0.9950,19899,-0.0000_-0.0000_0.0000_-0.9950_0.9950
63,19899,-0.0000_-0.0000_0.0000_-0.9950_0.9950,19899,-0.9950_-0.0000_0.0000_-0.0000_0.9950
63,19899,-0.9950_-0.0000_0.0000_-0.0000_0.9950,19899,-0.9950_-0.0000_-0.0000_-0.9950_0.0000
63,19899,-0.9950_-0.0000_-0.0000_-0.9950_0.0000,19899,-0.9950_-0.0000_0.9950_-0.0000_-0.0000
63,19899,-0.9950_-0.0000_0.9950_-0.0000_-0.0000,9950,0.0000_-0.0000_0.9950_0.0000_0.0000
63,9950,0.0000_-0.0000_0.9950_0.0000_0.0000,9950,0.9950_-0.0000_-0.0000_0.0000_-0.0000
64,417880,0.9950_-3.9798_0.0000_2.9849_-3.9798,388031,-0.0000_0.9950_-1.9899_4.9747_-2.9849
64,388031,-0.0000_0.9950_-1.9899_4.9747_-2.9849,288537,-0.0000_0.0000_-1.9899_3.9798_-2.9849
64,288537,-0.0000_0.0000_-1.9899_3.9798_-2.9849,278587,-0.9950_-2.9849_0.9950_-0.9950_-3.9798
64,278587,-0.9950_-2.9849_0.9950_-0.9950_-3.9798,189042,1.9899_0.9950_2.9849_1.9899_0.9950
64,189042,1.9899_0.9950_2.9849_1.9899_0.9950,139294,1.9899_0.9950_1.9899_1.9899_0.9950
64,139294,1.9899_0.9950_1.9899_1.9899_0.9950,79597,0.9950_1.9899_0.9950_0.9950_-0.9950
64,79597,0.9950_1.9899_0.9950_0.9950_-0.9950,59697,0.0000_1.9899_0.9950_0.0000_-0.9950
64,59697,0.0000_1.9899_0.9950_0.0000_-0.9950,49748,0.9950_0.9950_0.9950_0.9950_-0.9950
64,49748,0.9950_0.9950_0.9950_0.9950_-0.9950,39798,0.9950_0.9950_0.9950_0.9950_0.0000
64,39798,0.9950_0.9950_0.9950_0.9950_0.0000,29849,0.9950_0.9950_0.9950_-0.0000_0.0000
64,29849,0.9950_0.9950_0.9950_-0.0000_0.0000,19899,0.9950_0.0000_-0.0000_-0.9950_-0.0000
64,19899,0.9950_0.0000_-0.0000_-0.9950_-0.0000,19899,0.9950_-0.0000_-0.0000_-0.9950_0.0000
64,19899,0.9950_-0.0000_-0.0000_-0.9950_0.0000,9950,0.0000_0.0000_0.9950_-0.0000_0.0000
64,9950,0.0000_0.0000_0.9950_-0.0000_0.0000,9950,-0.0000_-0.9950_-0.0000_0.0000_0.0000
64,9950,-0.0000_-0.9950_-0.0000_0.0000_0.0000,9950,-0.0000_-0.9950_-0.0000_-0.0000_-0.0000
65,587021,-3.9798_-4.9747_0.9950_-0.9950_3.9798,338283,0.0000_-4.9747_-1.9899_1.9899_-0.9950
65,338283,0.0000_-4.9747_-1.9899_1.9899_-0.9950,228840,-2.9849_-0.0000_0.9950_-1.9899_-2.9849
65,228840,-2.9849_-0.0000_0.9950_-1.9899_-2.9849,109445,-1.9899_0.9950_0.9950_-0.9950_-1.9899
65,109445,-1.9899_0.9950_0.9950_-0.9950_-1.9899,69647,-0.9950_-0.0000_0.9950_-0.9950_-1.9899
65,69647,-0.9950_-0.0000_0.9950_-0.9950_-1.9899,39798,-0.0000_0.9950_0.9950_-0.9950_-0.9950
65,39798,-0.0000_0.9950_0.9950_-0.9950_-0.9950,9950,0.0000_0.0000_0.9950_-0.0000_-0.0000
65,9950,0.0000_0.0000_0.9950_-0.0000_-0.0000,9950,0.9950_0.0000_-0.0000_0.0000_0.0000
65,9950,0.9950_0.0000_-0.0000_0.0000_0.0000,9950,0.0000_-0.0000_-0.0000_-0.9950_0.0000
65,9950,0.0000_-0.0000_-0.0000_-0.9950_0.0000,9950,-0.0000_-0.0000_-0.0000_-0.9950_-0.0000
66,89546,1.9899_-0.0000_-1.9899_-0.0000_-0.9950,79597,1.9899_0.0000_-1.9899_0.0000_-0.0000
66,79597,1.9899_0.0000_-1.9899_0.0000_-0.0000,59697,0.9950_-0.0000_-1.9899_0.9950_-0.0000
66,59697,0.9950_-0.0000_-1.9899_0.9950_-0.0000,39798,-0.9950_0.9950_0.0000_-0.9950_0.9950
66,39798,-0.9950_0.9950_0.0000_-0.9950_0.9950,29849,0.0000_0.9950_-0.9950_0.0000_0.9950
66,29849,0.0000_0.9950_-0.9950_0.0000_0.9950,29849,0.0000_0.9950_-0.9950_0.0000_0.9950
66,29849,0.0000_0.9950_-0.9950_0.0000_0.9950,29849,-0.9950_-0.0000_-0.9950_-0.0000_0.9950
66,29849,-0.9950_-0.0000_-0.9950_-0.0000_0.9950,19899,-0.9950_-0.0000_-0.9950_-0.0000_0.0000
66,19899,-0.9950_-0.0000_-0.9950_-0.0000_0.0000,19899,-0.9950_-0.0000_-0.9950_0.0000_-0.0000
66,19899,-0.9950_-0.0000_-0.9950_0.0000_-0.0000,19899,-0.9950_-0.0000_-0.0000_0.0000_0.9950
66,19899,-0.9950_-0.0000_-0.0000_0.0000_0.9950,9950,0.0000_-0.0000_-0.9950_0.0000_-0.0000
66,9950,0.0000_-0.0000_-0.9950_0.0000_-0.0000,9950,-0.0000_-0.0000_-0.9950_0.0000_-0.0000
66,9950,-0.0000_-0.0000_-0.9950_0.0000_-0.0000,9950,-0.0000_-0.0000_-0.0000_-0.0000_-0.9950
66,9950,-0.0000_-0.0000_-0.0000_-0.0000_-0.9950,9950,0.0000_0.0000_0.0000_-0.0000_-0.9950
67,457678,1.9899_2.9849_4.9747_1.9899_-1.9899,99496,-0.9950_-0.9950_-0.0000_-1.9899_1.9899
67,99496,-0.9950_-0.9950_-0.0000_-1.9899_1.9899,69647,-0.9950_-0.0000_0.9950_-1.9899_0.9950
67,69647,-0.9950_-0.0000_0.9950_-1.9899_0.9950,69647,-0.9950_-0.9950_-0.0000_-1.9899_-0.9950
67,69647,-0.9950_-0.9950_-0.0000_-1.9899_-0.9950,69647,-1.9899_0.9950_-0.9950_0.0000_0.9950
67,69647,-1.9899_0.9950_-0.9950_0.0000_0.9950,69647,-0.9950_0.9950_-0.0000_0.9950_1.9899
67,69647,-0.9950_0.9950_-0.0000_0.9950_1.9899,69647,-0.9950_0.9950_-0.0000_1.9899_0.9950
67,69647,-0.9950_0.9950_-0.0000_1.9899_0.9950,59697,-0.9950_1.9899_-0.0000_0.9950_-0.0000
67,59697,-0.9950_1.9899_-0.0000_0.9950_-0.0000,49748,-0.0000_1.9899_0.9950_0.0000_0.0000
67,49748,-0.0000_1.9899_0.9950_0.0000_0.0000,49748,-0.0000_1.9899_0.9950_-0.0000_-0.0000
67,49748,-0.0000_1.9899_0.9950_-0.0000_-0.0000,29849,0.0000_0.9950_-0.0000_0.9950_-0.9950
67,29849,0.0000_0.9950_-0.0000_0.9950_-0.9950,29849,-0.0000_0.9950_0.9950_-0.0000_-0.9950
67,29849,-0.0000_0.9950_0.9950_-0.0000_-0.9950,19899,-0.0000_0.0000_0.9950_-0.9950_0.0000
67,19899,-0.0000_0.0000_0.9950_-0.9950_0.0000,19899,-0.0000_0.9950_0.9950_0.0000_0.0000
67,19899,-0.0000_0.9950_0.9950_0.0000_0.0000,19899,-0.0000_0.9950_0.0000_0.0000_0.9950
67,19899,-0.0000_0.9950_0.0000_0.0000_0.9950,19899,-0.0000_-0.0000_-0.0000_0.9950_0.9950
67,19899,-0.0000_-0.0000_-0.0000_0.9950_0.9950,9950,-0.0000_0.0000_-0.0000_-0.0000_0.9950
67,9950,-0.0000_0.0000_-0.0000_-0.0000_0.9950,9950,-0.0000_-0.0000_0.0000_0.0000_0.9950
67,9950,-0.0000_-0.0000_0.0000_0.0000_0.9950,9950,-0.0000_0.0000_0.9950_-0.0000_0.0000
67,9950,-0.0000_0.0000_0.9950_-0.0000_0.0000,9950,-0.0000_-0.0000_0.9950_-0.0000_-0.0000
67,9950,-0.0000_-0.0000_0.9950_-0.0000_-0.0000,0,0.0000_0.0000_-0.0000_-0.0000_0.0000
67,0,0.0000_0.0000_-0.0000_-0.0000_0.0000,0,-0.0000_0.0000_-0.0000_-0.0000_-0.0000
68,388031,-0.9950_-4.9747_-1.9899_0.0000_-2.9849,378082,-0.9950_-3.9798_-1.9899_0.9950_-3.9798
68,378082,-0.9950_-3.9798_-1.9899_0.9950_-3.9798,378082,-0.9950_-3.9798_-1.9899_0.9950_-3.9798
68,378082,-0.9950_-3.9798_-1.9899_0.9950_-3.9798,358184,-0.9950_-2.9849_-2.9849_0.9950_-3.9798
68,358184,-0.9950_-2.9849_-2.9849_0.9950_-3.9798,159193,1.9899_-0.9950_0.9950_2.9849_0.9950
68,159193,1.9899_-0.9950_0.9950_2.9849_0.9950,129344,0.9950_-0.9950_0.9950_2.9849_0.9950
68,129344,0.9950_-0.9950_0.9950_2.9849_0.9950,109445,0.9950_0.9950_-0.9950_1.9899_1.9899
68,109445,0.9950_0.9950_-0.9950_1.9899_1.9899,69647,0.9950_-0.9950_-0.9950_-0.0000_1.9899
68,69647,0.9950_-0.9950_-0.9950_-0.0000_1.9899,69647,0.9950_-1.9899_-0.9950_-0.0000_0.9950
68,69647,0.9950_-1.9899_-0.9950_-0.0000_0.9950,59697,-0.0000_-1.9899_-0.0000_0.9950_0.9950
68,59697,-0.0000_-1.9899_-0.0000_0.9950_0.9950,19899,0.0000_-0.9950_-0.9950_-0.0000_-0.0000
68,19899,0.0000_-0.9950_-0.9950_-0.0000_-0.0000,19899,-0.0000_-0.9950_-0.9950_0.0000_0.0000
68,19899,-0.0000_-0.9950_-0.9950_0.0000_0.0000,9950,-0.0000_-0.0000_-0.0000_0.9950_-0.0000
68,9950,-0.0000_-0.0000_-0.0000_0.9950_-0.0000,9950,-0.0000_-0.9950_-0.0000_-0.0000_-0.0000
68,9950,-0.0000_-0.9950_-0.0000_-0.0000_-0.0000,9950,-0.0000_-0.0000_-0.0000_0.9950_-0.0000
69,487526,-4.9747_0.0000_-1.9899_3.9798_1.9899,378083,-3.9798_-0.0000_-1.9899_2.9849_2.9849
69,378083,-3.9798_-0.0000_-1.9899_2.9849_2.9849,149244,0.0000_2.9849_0.9950_-0.9950_1.9899
69,149244,0.0000_2.9849_0.9950_-0.9950_1.9899,79597,-0.9950_1.9899_0.9950_-0.9950_0.9950
69,79597,-0.9950_1.9899_0.9950_-0.9950_0.9950,69647,-0.9950_0.9950_0.0000_-1.9899_0.9950
69,69647,-0.9950_0.9950_0.0000_-1.9899_0.9950,29849,-0.9950_0.9950_0.0000_-0.9950_-0.0000
69,29849,-0.9950_0.9950_0.0000_-0.9950_-0.0000,19899,-0.0000_0.9950_-0.9950_0.0000_0.0000
69,19899,-0.0000_0.9950_-0.9950_0.0000_0.0000,19899,-0.9950_-0.0000_0.0000_-0.9950_-0.0000
69,19899,-0.9950_-0.0000_0.0000_-0.9950_-0.0000,19899,-0.9950_-0.0000_0.0000_-0.9950_-0.0000
69,19899,-0.9950_-0.0000_0.0000_-0.9950_-0.0000,19899,0.0000_0.9950_0.9950_-0.0000_-0.0000
69,19899,0.0000_0.9950_0.9950_-0.0000_-0.0000,19899,0.0000_-0.0000_0.0000_-0.9950_0.9950
69,19899,0.0000_-0.0000_0.0000_-0.9950_0.9950,19899,0.0000_0.9950_-0.0000_-0.0000_0.9950
69,19899,0.0000_0.9950_-0.0000_-0.0000_0.9950,19899,-0.9950_-0.0000_-0.0000_0.9950_-0.0000
69,19899,-0.9950_-0.0000_-0.0000_0.9950_-0.0000,9950,-0.0000_0.0000_0.9950_-0.0000_-0.0000
69,9950,-0.0000_0.0000_0.9950_-0.0000_-0.0000,9950,0.0000_-0.0000_0.9950_-0.0000_0.0000
69,9950,0.0000_-0.0000_0.9950_-0.0000_0.0000,9950,-0.0000_-0.0000_0.0000_0.9950_-0.0000
69,9950,-0.0000_-0.0000_0.0000_0.9950_-0.0000,9950,-0.0000_0.0000_-0.0000_-0.0000_0.9950
69,9950,-0.0000_0.0000_-0.0000_-0.0000_0.9950,9950,0.0000_-0.0000_-0.0000_0.0000_0.9950
69,9950,0.0000_-0.0000_-0.0000_0.0000_0.9950,9950,-0.0000_-0.0000_0.0000_-0.0000_0.9950
69,9950,-0.0000_-0.0000_0.0000_-0.0000_0.9950,9950,-0.0000_-0.0000_-0.0000_-0.0000_0.9950
69,9950,-0.0000_-0.0000_-0.0000_-0.0000_0.9950,9950,-0.0000_-0.0000_-0.9950_0.0000_-0.0000
70,497476,-3.9798_-3.9798_-3.9798_-0.9950_-0.9950,437780,-3.9798_-3.9798_-1.9899_-1.9899_-1.9899
70,437780,-3.9798_-3.9798_-1.9899_-1.9899_-1.9899,417881,-1.9899_-3.9798_-2.9849_-1.9899_-2.9849
70,417881,-1.9899_-3.9798_-2.9849_-1.9899_-2.9849,368132,0.9950_-4.9747_0.9950_-2.9849_0.9950
70,368132,0.9950_-4.9747_0.9950_-2.9849_0.9950,328335,2.9849_0.0000_-1.9899_-3.9798_-1.9899
70,328335,2.9849_0.0000_-1.9899_-3.9798_-1.9899,159193,2.9849_-0.9950_-0.9950_-1.9899_-0.9950
70,159193,2.9849_-0.9950_-0.9950_-1.9899_-0.9950,119395,2.9849_-0.9950_-0.0000_-0.9950_-0.9950
70,119395,2.9849_-0.9950_-0.0000_-0.9950_-0.9950,69647,1.9899_0.0000_0.9950_0.9950_0.9950
70,69647,1.9899_0.0000_0.9950_0.9950_0.9950,39798,0.9950_0.9950_0.9950_0.0000_0.9950
70,39798,0.9950_0.9950_0.9950_0.0000_0.9950,29849,0.9950_-0.0000_0.9950_0.9950_-0.0000
70,29849,0.9950_-0.0000_0.9950_0.9950_-0.0000,19899,-0.0000_-0.0000_0.0000_0.9950_0.9950
70,19899,-0.0000_-0.0000_0.0000_0.9950_0.9950,19899,0.9950_-0.0000_-0.0000_-0.0000_0.9950
70,19899,0.9950_-0.0000_-0.0000_-0.0000_0.9950,19899,-0.0000_0.9950_-0.0000_-0.0000_0.9950
70,19899,-0.0000_0.9950_-0.0000_-0.0000_0.9950,19899,-0.9950_-0.0000_0.9950_0.0000_-0.0000
70,19899,-0.9950_-0.0000_0.9950_0.0000_-0.0000,19899,-0.9950_-0.0000_0.0000_-0.0000_-0.9950
70,19899,-0.9950_-0.0000_0.0000_-0.0000_-0.9950,19899,-0.9950_0.9950_-0.0000_-0.0000_-0.0000
70,19899,-0.9950_0.9950_-0.0000_-0.0000_-0.0000,9950,0.0000_0.9950_-0.0000_-0.0000_-0.0000
70,9950,0.0000_0.9950_-0.0000_-0.0000_-0.0000,9950,-0.0000_0.9950_-0.0000_-0.0000_-0.0000
70,9950,-0.0000_0.9950_-0.0000_-0.0000_-0.0000,9950,-0.0000_-0.0000_0.9950_-0.0000_-0.0000
70,9950,-0.0000_-0.0000_0.9950_-0.0000_-0.0000,9950,-0.0000_-0.0000_0.9950_-0.0000_-0.0000
71,537275,-1.9899_-3.9798_2.9848_-2.9849_-3.9798,427830,-2.9849_-3.9798_3.9798_-0.9950_-0.9950
71,427830,-2.9849_-3.9798_3.9798_-0.9950_-0.9950,208940,-0.0000_0.0000_3.9798_0.9950_-1.9899
71,208940,-0.0000_0.0000_3.9798_0.9950_-1.9899,189041,0.9950_-0.0000_3.9798_0.9950_-0.9950
71,189041,0.9950_-0.0000_3.9798_0.9950_-0.9950,189041,-0.0000_0.9950_3.9798_-0.9950_-0.9950
71,189041,-0.0000_0.9950_3.9798_-0.9950_-0.9950,179092,0.0000_0.0000_3.9798_-0.9950_-0.9950
71,179092,0.0000_0.0000_3.9798_-0.9950_-0.9950,99496,-0.9950_0.0000_2.9849_0.0000_0.0000
71,99496,-0.9950_0.0000_2.9849_0.0000_0.0000,69647,0.9950_-0.9950_1.9899_-0.9950_0.0000
71,69647,0.9950_-0.9950_1.9899_-0.9950_0.0000,59697,0.0000_-0.9950_1.9899_-0.9950_0.0000
71,59697,0.0000_-0.9950_1.9899_-0.9950_0.0000,29849,0.0000_-0.9950_0.9950_-0.9950_0.0000
71,29849,0.0000_-0.9950_0.9950_-0.9950_0.0000,19899,-0.0000_0.0000_0.9950_-0.9950_0.0000
71,19899,-0.0000_0.0000_0.9950_-0.9950_0.0000,19899,-0.0000_-0.0000_0.9950_0.0000_0.9950
71,19899,-0.0000_-0.0000_0.9950_0.0000_0.9950,9950,-0.0000_-0.0000_-0.0000_0.9950_-0.0000
71,9950,-0.0000_-0.0000_-0.0000_0.9950_-0.0000,0,0.0000_-0.0000_0.0000_0.0000_0.0000
71,0,0.0000_-0.0000_0.0000_0.0000_0.0000,0,0.0000_-0.0000_-0.0000_0.0000_-0.0000
72,497476,-1.9899_0.9950_-1.9899_3.9798_4.9747,89546,-0.0000_-1.9899_1.9899_0.9950_0.0000
72,89546,-0.0000_-1.9899_1.9899_0.9950_0.0000,39798,-0.9950_-0.9950_0.9950_0.9950_-0.0000
72,39798,-0.9950_-0.9950_0.9950_0.9950_-0.0000,19899,-0.0000_0.0000_0.9950_0.9950_-0.0000
72,19899,-0.0000_0.0000_0.9950_0.9950_-0.0000,9950,0.0000_0.9950_-0.0000_-0.0000_-0.0000
72,9950,0.0000_0.9950_-0.0000_-0.0000_-0.0000,9950,-0.0000_-0.0000_-0.0000_0.9950_-0.0000
72,9950,-0.0000_-0.0000_-0.0000_0.9950_-0.0000,9950,-0.9950_-0.0000_-0.0000_-0.0000_-0.0000
73,457679,-3.9798_-0.9950_2.9849_3.9798_1.9899,358184,-0.9950_-2.9849_3.9798_0.9950_2.9849
73,358184,-0.9950_-2.9849_3.9798_0.9950_2.9849,258688,-0.9950_-3.9798_-0.9950_-1.9899_-1.9899
73,258688,-0.9950_-3.9798_-0.9950_-1.9899_-1.9899,169143,-1.9899_-0.9950_1.9899_1.9899_-1.9899
73,169143,-1.9899_-0.9950_1.9899_1.9899_-1.9899,109445,-1.9899_-0.9950_0.9950_0.9950_-1.9899
73,109445,-1.9899_-0.9950_0.9950_0.9950_-1.9899,99496,-0.9950_-0.0000_0.9950_1.9899_-1.9899
73,99496,-0.9950_-0.0000_0.9950_1.9899_-1.9899,89546,-0.0000_-0.0000_0.9950_1.9899_-1.9899
73,89546,-0.0000_-0.0000_0.9950_1.9899_-1.9899,59697,-0.9950_-0.0000_0.0000_0.9950_-1.9899
73,59697,-0.9950_-0.0000_0.0000_0.9950_-1.9899,39798,0.9950_-0.9950_0.9950_-0.9950_-0.0000
73,39798,0.9950_-0.9950_0.9950_-0.9950_-0.0000,29849,0.0000_-0.9950_0.9950_-0.9950_-0.0000
73,29849,0.0000_-0.9950_0.9950_-0.9950_-0.0000,29849,0.0000_-0.9950_0.9950_-0.9950_-0.0000
73,29849,0.0000_-0.9950_0.9950_-0.9950_-0.0000,19899,-0.9950_-0.0000_0.0000_-0.9950_0.0000
73,19899,-0.9950_-0.0000_0.0000_-0.9950_0.0000,19899,-0.0000_-0.0000_-0.0000_-0.9950_-0.9950
73,19899,-0.0000_-0.0000_-0.0000_-0.9950_-0.9950,19899,-0.0000_0.0000_-0.0000_-0.9950_-0.9950
73,19899,-0.0000_0.0000_-0.0000_-0.9950_-0.9950,9950,-0.0000_-0.0000_-0.0000_-0.0000_-0.9950
73,9950,-0.0000_-0.0000_-0.0000_-0.0000_-0.9950,9950,-0.0000_-0.9950_-0.0000_-0.0000_-0.0000
73,9950,-0.0000_-0.9950_-0.0000_-0.0000_-0.0000,9950,0.9950_-0.0000_-0.0000_0.0000_-0.0000
73,9950,0.9950_-0.0000_-0.0000_0.0000_-0.0000,9950,0.9950_-0.0000_-0.0000_-0.0000_-0.0000
74,318386,-2.9849_-1.9899_-2.9849_-0.9950_-2.9849,268638,-2.9849_-1.9899_-1.9899_-0.9950_-2.9849
74,268638,-2.9849_-1.9899_-1.9899_-0.9950_-2.9849,189042,-1.9899_-1.9899_-0.9950_-0.9950_-2.9849
74,189042,-1.9899_-1.9899_-0.9950_-0.9950_-2.9849,139294,1.9899_0.9950_1.9899_1.9899_0.9950
74,139294,1.9899_0.9950_1.9899_1.9899_0.9950,109445,0.9950_0.9950_1.9899_1.9899_0.9950
74,109445,0.9950_0.9950_1.9899_1.9899_0.9950,19899,0.0000_-0.0000_0.9950_0.9950_-0.0000
74,19899,0.0000_-0.0000_0.9950_0.9950_-0.0000,19899,0.9950_-0.0000_-0.0000_0.9950_0.0000
74,19899,0.9950_-0.0000_-0.0000_0.9950_0.0000,19899,0.9950_-0.0000_-0.9950_-0.0000_0.0000
74,19899,0.9950_-0.0000_-0.9950_-0.0000_0.0000,19899,-0.0000_-0.0000_-0.9950_-0.0000_-0.9950
74,19899,-0.0000_-0.0000_-0.9950_-0.0000_-0.9950,19899,-0.0000_0.0000_-0.9950_-0.0000_-0.9950
74,19899,-0.0000_0.0000_-0.9950_-0.0000_-0.9950,19899,-0.9950_-0.0000_-0.0000_-0.9950_-0.0000
74,19899,-0.9950_-0.0000_-0.0000_-0.9950_-0.0000,9950,-0.0000_-0.0000_0.0000_-0.9950_-0.0000
74,9950,-0.0000_-0.0000_0.0000_-0.9950_-0.0000,9950,-0.0000_0.0000_0.0000_-0.9950_-0.0000
74,9950,-0.0000_0.0000_0.0000_-0.9950_-0.0000,9950,0.0000_-0.0000_-0.0000_-0.9950_-0.0000
74,9950,0.0000_-0.0000_-0.0000_-0.9950_-0.0000,9950,-0.0000_-0.0000_0.9950_-0.0000_-0.0000
74,9950,-0.0000_-0.0000_0.9950_-0.0000_-0.0000,9950,0.9950_-0.0000_-0.0000_-0.0000_-0.0000
74,9950,0.9950_-0.0000_-0.0000_-0.0000_-0.0000,9950,-0.0000_-0.0000_0.9950_-0.0000_-0.0000
75,547224,1.9899_3.9798_0.9950_4.9747_-2.9849,298486,1.9899_-0.9950_2.9849_0.0000_-3.9798
75,298486,1.9899_-0.9950_2.9849_0.0000_-3.9798,189042,2.9849_0.9950_1.9899_-0.9950_-1.9899
75,189042,2.9849_0.9950_1.9899_-0.9950_-1.9899,179092,1.9899_-0.0000_0.9950_-1.9899_-2.9849
75,179092,1.9899_-0.0000_0.9950_-1.9899_-2.9849,159193,0.9950_0.9950_0.9950_-1.9899_-2.9849
75,159193,0.9950_0.9950_0.9950_-1.9899_-2.9849,119395,-0.0000_0.9950_0.9950_-0.9950_-2.9849
75,119395,-0.0000_0.9950_0.9950_-0.9950_-2.9849,109445,0.9950_0.9950_0.9950_-1.9899_-1.9899
75,109445,0.9950_0.9950_0.9950_-1.9899_-1.9899,109445,-0.0000_-0.0000_-0.9950_-0.9950_-2.9849
75,109445,-0.0000_-0.0000_-0.9950_-0.9950_-2.9849,89546,-0.0000_0.0000_-1.9899_-0.9950_-1.9899
75,89546,-0.0000_0.0000_-1.9899_-0.9950_-1.9899,39798,0.9950_-0.9950_-0.9950_-0.0000_-0.9950
75,39798,0.9950_-0.9950_-0.9950_-0.0000_-0.9950,29849,-0.0000_-0.9950_-0.9950_0.0000_-0.9950
75,29849,-0.0000_-0.9950_-0.9950_0.0000_-0.9950,29849,-0.9950_-0.0000_-0.9950_-0.9950_-0.0000
75,29849,-0.9950_-0.0000_-0.9950_-0.9950_-0.0000,19899,-0.9950_0.0000_0.0000_-0.9950_-0.0000
75,19899,-0.9950_0.0000_0.0000_-0.9950_-0.0000,19899,-0.9950_0.0000_0.0000_-0.9950_-0.0000
75,19899,-0.9950_0.0000_0.0000_-0.9950_-0.0000,19899,-0.0000_-0.9950_0.0000_-0.9950_-0.0000
75,19899,-0.0000_-0.9950_0.0000_-0.9950_-0.0000,9950,0.0000_-0.9950_-0.0000_0.0000_-0.0000
75,9950,0.0000_-0.9950_-0.0000_0.0000_-0.0000,9950,0.0000_-0.0000_-0.0000_0.0000_0.9950
75,9950,0.0000_-0.0000_-0.0000_0.0000_0.9950,9950,-0.0000_-0.9950_-0.0000_-0.0000_0.0000
75,9950,-0.0000_-0.9950_-0.0000_-0.0000_0.0000,0,0.0000_0.0000_-0.0000_-0.0000_-0.0000
75,0,0.0000_0.0000_-0.0000_-0.0000_-0.0000,0,-0.0000_-0.0000_-0.0000_-0.0000_-0.0000
76,348233,4.9747_-2.9849_0.0000_0.9950_0.0000,109445,1.9899_-0.9950_-0.9950_-0.9950_1.9899
76,109445,1.9899_-0.9950_-0.9950_-0.9950_1.9899,29849,0.9950_-0.9950_-0.0000_-0.0000_0.9950
76,29849,0.9950_-0.9950_-0.0000_-0.0000_0.9950,29849,0.9950_-0.9950_-0.0000_-0.0000_0.9950
76,29849,0.9950_-0.9950_-0.0000_-0.0000_0.9950,19899,0.0000_-0.0000_0.9950_-0.0000_0.9950
76,19899,0.0000_-0.0000_0.9950_-0.0000_0.9950,19899,-0.9950_0.0000_0.0000_-0.9950_0.0000
76,19899,-0.9950_0.0000_0.0000_-0.9950_0.0000,19899,0.0000_-0.9950_-0.9950_0.0000_0.0000
76,19899,0.0000_-0.9950_-0.9950_0.0000_0.0000,19899,0.0000_-0.0000_0.0000_0.9950_-0.9950
76,19899,0.0000_-0.0000_0.0000_0.9950_-0.9950,9950,0.9950_0.0000_-0.0000_-0.0000_0.0000
76,9950,0.9950_0.0000_-0.0000_-0.0000_0.0000,9950,0.0000_0.0000_-0.0000_-0.9950_-0.0000
76,9950,0.0000_0.0000_-0.0000_-0.9950_-0.0000,9950,-0.0000_-0.0000_-0.0000_-0.9950_0.0000
76,9950,-0.0000_-0.0000_-0.0000_-0.9950_0.0000,0,-0.0000_-0.0000_-0.0000_-0.0000_0.0000
76,0,-0.0000_-0.0000_-0.0000_-0.0000_0.0000,0,-0.0000_-0.0000_0.0000_-0.0000_0.0000
77,437778,-3.9798_-0.9950_-4.9747_0.9950_0.9950,198991,-1.9899_-3.9798_-0.0000_0.0000_0.0000
77,198991,-1.9899_-3.9798_-0.0000_0.0000_0.0000,149244,-2.9849_-1.9899_0.9950_0.0000_-0.9950
77,149244,-2.9849_-1.9899_0.9950_0.0000_-0.9950,139294,-1.9899_-1.9899_1.9899_0.9950_-0.9950
77,139294,-1.9899_-1.9899_1.9899_0.9950_-0.9950,109445,-1.9899_-1.9899_0.9950_0.9950_-0.9950
77,109445,-1.9899_-1.9899_0.9950_0.9950_-0.9950,69647,-0.0000_-0.9950_-0.9950_-0.9950_-1.9899
77,69647,-0.0000_-0.9950_-0.9950_-0.9950_-1.9899,39798,-0.9950_-0.9950_-0.9950_0.0000_-0.9950
77,39798,-0.9950_-0.9950_-0.9950_0.0000_-0.9950,39798,-0.9950_-0.9950_-0.9950_0.9950_-0.0000
77,39798,-0.9950_-0.9950_-0.9950_0.9950_-0.0000,29849,0.9950_0.0000_-0.9950_0.9950_-0.0000
77,29849,0.9950_0.0000_-0.9950_0.9950_-0.0000,29849,-0.0000_0.9950_-0.9950_0.9950_0.0000
77,29849,-0.0000_0.9950_-0.9950_0.9950_0.0000,19899,-0.0000_0.9950_-0.9950_-0.0000_-0.0000
77,19899,-0.0000_0.9950_-0.9950_-0.0000_-0.0000,9950,-0.0000_-0.0000_0.0000_-0.9950_0.0000
77,9950,-0.0000_-0.0000_0.0000_-0.9950_0.0000,9950,0.9950_-0.0000_-0.0000_-0.0000_-0.0000
77,9950,0.9950_-0.0000_-0.0000_-0.0000_-0.0000,9950,-0.0000_0.0000_0.0000_0.0000_0.9950
77,9950,-0.0000_0.0000_0.0000_0.0000_0.9950,9950,-0.0000_-0.0000_-0.0000_-0.0000_0.9950
77,9950,-0.0000_-0.0000_-0.0000_-0.0000_0.9950,9950,0.0000_0.0000_-0.0000_0.9950_-0.0000
77,9950,0.0000_0.0000_-0.0000_0.9950_-0.0000,9950,-0.0000_-0.0000_0.9950_-0.0000_-0.0000
77,9950,-0.0000_-0.0000_0.9950_-0.0000_-0.0000,9950,-0.9950_-0.0000_-0.0000_-0.0000_-0.0000
78,238790,-0.9950_2.9849_1.9899_0.9950_2.9849,159193,-0.9950_1.9899_0.9950_0.9950_2.9849
78,159193,-0.9950_1.9899_0.9950_0.9950_2.9849,129345,-0.9950_1.9899_-0.0000_1.9899_1.9899
78,129345,-0.9950_1.9899_-0.0000_1.9899_1.9899,129345,-0.9950_1.9899_0.0000_1.9899_1.9899
78,129345,-0.9950_1.9899_0.0000_1.9899_1.9899,119395,-0.0000_1.9899_0.0000_1.9899_1.9899
78,119395,-0.0000_1.9899_0.0000_1.9899_1.9899,99496,0.9950_1.9899_0.9950_1.9899_-0.0000
78,99496,0.9950_1.9899_0.9950_1.9899_-0.0000,19899,-0.0000_0.0000_0.9950_-0.0000_0.9950
78,19899,-0.0000_0.0000_0.9950_-0.0000_0.9950,19899,0.0000_-0.0000_0.0000_-0.9950_0.9950
78,19899,0.0000_-0.0000_0.0000_-0.9950_0.9950,19899,-0.0000_-0.0000_-0.0000_-0.9950_0.9950
78,19899,-0.0000_-0.0000_-0.0000_-0.9950_0.9950,19899,0.0000_0.0000_-0.0000_-0.9950_0.9950
78,19899,0.0000_0.0000_-0.0000_-0.9950_0.9950,19899,-0.0000_-0.0000_-0.0000_-0.9950_0.9950
78,19899,-0.0000_-0.0000_-0.0000_-0.9950_0.9950,19899,-0.9950_0.0000_0.9950_-0.0000_-0.0000
78,19899,-0.9950_0.0000_0.9950_-0.0000_-0.0000,19899,-0.9950_-0.0000_0.9950_-0.0000_-0.0000
78,19899,-0.9950_-0.0000_0.9950_-0.0000_-0.0000,9950,-0.0000_-0.0000_0.9950_-0.0000_0.0000
78,9950,-0.0000_-0.0000_0.9950_-0.0000_0.0000,9950,-0.9950_-0.0000_-0.0000_-0.0000_-0.0000
78,9950,-0.9950_-0.0000_-0.0000_-0.0000_-0.0000,9950,-0.0000_-0.0000_-0.0000_0.9950_0.0000
79,557174,-2.9849_1.9899_2.9849_-4.9747_2.9849,169142,0.0000_-0.0000_-0.9950_-0.0000_3.9798
79,169142,0.0000_-0.0000_-0.9950_-0.0000_3.9798,139294,1.9899_-0.9950_-1.9899_0.9950_1.9899
79,139294,1.9899_-0.9950_-1.9899_0.9950_1.9899,129345,-0.0000_1.9899_1.9899_-0.9950_-1.9899
79,129345,-0.0000_1.9899_1.9899_-0.9950_-1.9899,119395,0.9950_0.0000_0.9950_-2.9849_-0.9950
79,119395,0.9950_0.0000_0.9950_-2.9849_-0.9950,119395,0.9950_0.0000_0.9950_-2.9849_-0.9950
79,119395,0.9950_0.0000_0.9950_-2.9849_-0.9950,119395,0.9950_-0.0000_0.9950_-2.9849_-0.9950
79,119395,0.9950_-0.0000_0.9950_-2.9849_-0.9950,109445,1.9899_-0.9950_0.9950_-1.9899_-0.9950
79,109445,1.9899_-0.9950_0.9950_-1.9899_-0.9950,99496,0.9950_0.0000_0.9950_-1.9899_-1.9899
79,99496,0.9950_0.0000_0.9950_-1.9899_-1.9899,29849,0.9950_-0.0000_-0.0000_-0.9950_-0.9950
79,29849,0.9950_-0.0000_-0.0000_-0.9950_-0.9950,19899,0.9950_0.0000_0.9950_0.0000_0.0000
79,19899,0.9950_0.0000_0.9950_0.0000_0.0000,19899,0.9950_-0.9950_-0.0000_-0.0000_-0.0000
79,19899,0.9950_-0.9950_-0.0000_-0.0000_-0.0000,9950,0.0000_-0.9950_0.0000_-0.0000_0.0000
79,9950,0.0000_-0.9950_0.0000_-0.0000_0.0000,9950,0.9950_-0.0000_-0.0000_-0.0000_-0.0000
79,9950,0.9950_-0.0000_-0.0000_-0.0000_-0.0000,9950,-0.0000_-0.0000_-0.9950_-0.0000_-0.0000
79,9950,-0.0000_-0.0000_-0.9950_-0.0000_-0.0000,9950,-0.0000_0.9950_-0.0000_-0.0000_-0.0000
79,9950,-0.0000_0.9950_-0.0000_-0.0000_-0.0000,9950,-0.0000_0.9950_-0.0000_-0.0000_-0.0000
80,248738,2.9849_-0.0000_3.9798_0.0000_0.0000,218890,1.9899_-0.0000_3.9798_-0.9950_0.9950
80,218890,1.9899_-0.0000_3.9798_-0.9950_0.9950,29849,0.9950_0.0000_-0.9950_-0.0000_0.9950
80,29849,0.9950_0.0000_-0.9950_-0.0000_0.9950,29849,0.0000_0.9950_-0.9950_0.0000_0.9950
80,29849,0.0000_0.9950_-0.9950_0.0000_0.9950,19899,0.9950_-0.0000_-0.9950_-0.0000_-0.0000
80,19899,0.9950_-0.0000_-0.9950_-0.0000_-0.0000,19899,-0.0000_-0.9950_-0.0000_-0.9950_-0.0000
80,19899,-0.0000_-0.9950_-0.0000_-0.9950_-0.0000,19899,0.9950_-0.0000_0.0000_-0.9950_-0.0000
80,19899,0.9950_-0.0000_0.0000_-0.9950_-0.0000,9950,-0.0000_0.0000_0.0000_0.0000_-0.9950
80,9950,-0.0000_0.0000_0.0000_0.0000_-0.9950,9950,0.0000_0.0000_-0.0000_-0.0000_-0.9950
80,9950,0.0000_0.0000_-0.0000_-0.0000_-0.9950,9950,-0.9950_-0.0000_-0.0000_-0.0000_-0.0000
80,9950,-0.9950_-0.0000_-0.0000_-0.0000_-0.0000,9950,-0.0000_0.9950_-0.0000_-0.0000_-0.0000
80,9950,-0.0000_0.9950_-0.0000_-0.0000_-0.0000,0,0.0000_-0.0000_-0.0000_0.0000_0.0000
80,0,0.0000_-0.0000_-0.0000_0.0000_0.0000,0,0.0000_-0.0000_-0.0000_-0.0000_-0.0000
81,557174,3.9798_3.9798_1.9899_3.9798_1.9899,467627,4.9747_-0.9950_1.9899_-0.9950_3.9798
81,467627,4.9747_-0.9950_1.9899_-0.9950_3.9798,378082,-0.0000_1.9899_-0.0000_-2.9849_4.9747
81,378082,-0.0000_1.9899_-0.0000_-2.9849_4.9747,198991,-2.9849_-0.9950_-2.9849_0.9950_0.0000
81,198991,-2.9849_-0.9950_-2.9849_0.9950_0.0000,189042,-2.9849_0.0000_-2.9849_0.9950_0.0000
81,189042,-2.9849_0.0000_-2.9849_0.9950_0.0000,49748,-0.9950_0.9950_-0.9950_-0.9950_-0.9950
81,49748,-0.9950_0.9950_-0.9950_-0.9950_-0.9950,39798,-0.9950_0.9950_-0.9950_-0.0000_-0.9950
81,39798,-0.9950_0.9950_-0.9950_-0.0000_-0.9950,19899,-0.9950_0.0000_-0.9950_0.0000_0.0000
81,19899,-0.9950_0.0000_-0.9950_0.0000_0.0000,19899,0.0000_0.0000_-0.9950_0.9950_-0.0000
81,19899,0.0000_0.0000_-0.9950_0.9950_-0.0000,19899,0.9950_0.0000_0.0000_0.9950_-0.0000
81,19899,0.9950_0.0000_0.0000_0.9950_-0.0000,19899,0.9950_-0.9950_0.0000_-0.0000_-0.0000
81,19899,0.9950_-0.9950_0.0000_-0.0000_-0.0000,9950,-0.0000_-0.0000_-0.9950_-0.0000_-0.0000
81,9950,-0.0000_-0.0000_-0.9950_-0.0000_-0.0000,9950,-0.0000_-0.0000_0.0000_0.9950_-0.0000
81,9950,-0.0000_-0.0000_0.0000_0.9950_-0.0000,9950,-0.0000_-0.0000_-0.0000_-0.0000_0.9950
82,388031,2.9849_-0.0000_-1.9899_-4.9747_-0.9950,268638,3.9798_2.9849_0.9950_-0.0000_0.9950
82,268638,3.9798_2.9849_0.9950_-0.0000_0.9950,198991,3.9798_0.9950_-0.9950_0.9950_-0.9950
82,198991,3.9798_0.9950_-0.9950_0.9950_-0.9950,179092,3.9798_-0.0000_-0.9950_-0.0000_-0.9950
82,179092,3.9798_-0.0000_-0.9950_-0.0000_-0.9950,179092,3.9798_-0.0000_-0.9950_-0.0000_-0.9950
82,179092,3.9798_-0.0000_-0.9950_-0.0000_-0.9950,169143,2.9848_-0.0000_-1.9899_0.0000_-1.9899
82,169143,2.9848_-0.0000_-1.9899_0.0000_-1.9899,159193,2.9849_0.9950_-0.9950_-0.9950_-1.9899
82,159193,2.9849_0.9950_-0.9950_-0.9950_-1.9899,109445,0.9950_1.9899_0.9950_0.9950_-1.9899
82,109445,0.9950_1.9899_0.9950_0.9950_-1.9899,109445,-0.0000_0.9950_0.9950_0.0000_-2.9849
82,109445,-0.0000_0.9950_0.9950_0.0000_-2.9849,69647,-0.9950_0.9950_0.9950_-0.0000_-1.9899
82,69647,-0.9950_0.9950_0.9950_-0.0000_-1.9899,69647,-0.9950_0.9950_0.9950_0.0000_-1.9899
82,69647,-0.9950_0.9950_0.9950_0.0000_-1.9899,69647,-0.9950_0.9950_0.0000_-0.9950_-1.9899
82,69647,-0.9950_0.9950_0.0000_-0.9950_-1.9899,39798,-0.9950_0.9950_0.0000_-0.9950_-0.9950
82,39798,-0.9950_0.9950_0.0000_-0.9950_-0.9950,19899,-0.9950_0.0000_0.0000_-0.9950_-0.0000
82,19899,-0.9950_0.0000_0.0000_-0.9950_-0.0000,19899,-0.9950_-0.0000_0.9950_-0.0000_-0.0000
82,19899,-0.9950_-0.0000_0.9950_-0.0000_-0.0000,9950,0.0000_0.0000_0.9950_0.0000_-0.0000
82,9950,0.0000_0.0000_0.9950_0.0000_-0.0000,9950,-0.0000_0.0000_-0.0000_-0.0000_-0.9950
82,9950,-0.0000_0.0000_-0.0000_-0.0000_-0.9950,9950,0.0000_-0.9950_0.0000_0.0000_0.0000
82,9950,0.0000_-0.9950_0.0000_0.0000_0.0000,9950,0.0000_-0.0000_-0.0000_-0.9950_0.0000
83,547222,-0.0000_-4.9747_0.9950_-1.9899_4.9747,169143,1.9899_0.0000_-1.9899_-2.9849_0.0000
83,169143,1.9899_0.0000_-1.9899_-2.9849_0.0000,139294,1.9899_0.9950_-1.9899_-1.9899_0.9950
83,139294,1.9899_0.9950_-1.9899_-1.9899_0.9950,79597,1.9899_0.9950_-0.9950_-0.9950_0.9950
83,79597,1.9899_0.9950_-0.9950_-0.9950_0.9950,69647,0.9950_0.9950_-0.0000_-1.9899_0.9950
83,69647,0.9950_0.9950_-0.0000_-1.9899_0.9950,39798,0.9950_0.9950_-0.9950_-0.9950_-0.0000
83,39798,0.9950_0.9950_-0.9950_-0.9950_-0.0000,29849,-0.0000_0.9950_0.0000_-0.9950_0.9950
83,29849,-0.0000_0.9950_0.0000_-0.9950_0.9950,19899,0.0000_-0.0000_-0.9950_-0.9950_-0.0000
83,19899,0.0000_-0.0000_-0.9950_-0.9950_-0.0000,9950,0.9950_-0.0000_-0.0000_-0.0000_0.0000
83,9950,0.9950_-0.0000_-0.0000_-0.0000_0.0000,9950,0.9950_-0.0000_-0.0000_-0.0000_0.0000
83,9950,0.9950_-0.0000_-0.0000_-0.0000_0.0000,9950,0.9950_-0.0000_-0.0000_0.0000_-0.0000
83,9950,0.9950_-0.0000_-0.0000_0.0000_-0.0000,0,-0.0000_0.0000_-0.0000_-0.0000_-0.0000
84,547224,-4.9747_1.9899_3.9798_-2.9849_0.9950,298486,-2.9849_-0.9950_3.9798_0.0000_1.9899
84,298486,-2.9849_-0.9950_3.9798_0.0000_1.9899,109445,-0.9950_0.9950_1.9899_1.9899_0.9950
84,109445,-0.9950_0.9950_1.9899_1.9899_0.9950,59697,-0.0000_0.9950_0.9950_0.0000_1.9899
84,59697,-0.0000_0.9950_0.9950_0.0000_1.9899,29849,-0.0000_-0.0000_0.9950_0.9950_0.9950
84,29849,-0.0000_-0.0000_0.9950_0.9950_0.9950,29849,-0.0000_-0.0000_0.9950_0.9950_0.9950
84,29849,-0.0000_-0.0000_0.9950_0.9950_0.9950,19899,0.9950_0.0000_0.0000_0.9950_-0.0000
84,19899,0.9950_0.0000_0.0000_0.9950_-0.0000,19899,0.9950_0.0000_-0.0000_0.9950_0.0000
84,19899,0.9950_0.0000_-0.0000_0.9950_0.0000,19899,0.9950_-0.0000_-0.0000_0.9950_-0.0000
84,19899,0.9950_-0.0000_-0.0000_0.9950_-0.0000,9950,-0.0000_-0.0000_0.9950_-0.0000_0.0000
84,9950,-0.0000_-0.0000_0.9950_-0.0000_0.0000,9950,-0.0000_-0.0000_0.9950_-0.0000_0.0000
84,9950,-0.0000_-0.0000_0.9950_-0.0000_0.0000,9950,0.9950_-0.0000_-0.0000_-0.0000_-0.0000
84,9950,0.9950_-0.0000_-0.0000_-0.0000_-0.0000,9950,-0.0000_-0.0000_-0.0000_-0.9950_-0.0000
84,9950,-0.0000_-0.0000_-0.0000_-0.9950_-0.0000,9950,-0.0000_0.0000_-0.0000_-0.9950_-0.0000
84,9950,-0.0000_0.0000_-0.0000_-0.9950_-0.0000,9950,-0.0000_0.0000_0.9950_-0.0000_0.0000
85,417880,1.9899_4.9747_-1.9899_-2.9849_-0.0000,308436,2.9849_-0.0000_-2.9849_-2.9849_1.9899
85,308436,2.9849_-0.0000_-2.9849_-2.9849_1.9899,149244,-0.9950_-2.9849_-0.0000_1.9899_-0.9950
85,149244,-0.9950_-2.9849_-0.0000_1.9899_-0.9950,109445,0.0000_-2.9849_-0.0000_0.9950_-0.9950
85,109445,0.0000_-2.9849_-0.0000_0.9950_-0.9950,109445,0.0000_-2.9849_0.0000_0.9950_-0.9950
85,109445,0.0000_-2.9849_0.0000_0.9950_-0.9950,59697,0.0000_-1.9899_0.0000_0.9950_-0.9950
85,59697,0.0000_-1.9899_0.0000_0.9950_-0.9950,19899,-0.0000_-0.9950_0.0000_-0.0000_-0.9950
85,19899,-0.0000_-0.9950_0.0000_-0.0000_-0.9950,19899,0.9950_-0.9950_-0.0000_-0.0000_-0.0000
85,19899,0.9950_-0.9950_-0.0000_-0.0000_-0.0000,9950,-0.0000_-0.9950_0.0000_-0.0000_0.0000
85,9950,-0.0000_-0.9950_0.0000_-0.0000_0.0000,9950,-0.0000_-0.0000_0.9950_-0.0000_-0.0000
86,238790,1.9899_0.9950_-2.9849_0.9950_2.9849,218890,1.9899_-0.9950_-0.9950_-0.0000_3.9798
86,218890,1.9899_-0.9950_-0.9950_-0.0000_3.9798,208940,1.9899_-0.0000_0.0000_0.9950_3.9798
86,208940,1.9899_-0.0000_0.0000_0.9950_3.9798,189041,0.9950_-0.0000_0.9950_0.9950_3.9798
86,189041,0.9950_-0.0000_0.9950_0.9950_3.9798,179092,0.9950_0.0000_-0.0000_0.9950_3.9798
86,179092,0.9950_0.0000_-0.0000_0.9950_3.9798,179092,0.9950_-0.0000_-0.0000_0.9950_3.9798
86,179092,0.9950_-0.0000_-0.0000_0.9950_3.9798,159193,0.9950_0.9950_0.9950_1.9899_2.9849
86,159193,0.9950_0.9950_0.9950_1.9899_2.9849,129344,0.0000_-0.0000_0.0000_1.9899_2.9849
86,129344,0.0000_-0.0000_0.0000_1.9899_2.9849,109445,0.9950_0.0000_0.0000_0.9950_2.9849
86,109445,0.9950_0.0000_0.0000_0.9950_2.9849,79597,0.9950_0.9950_1.9899_-0.9950_0.9950
86,79597,0.9950_0.9950_1.9899_-0.9950_0.9950,79597,0.9950_0.9950_0.9950_-0.9950_1.9899
86,79597,0.9950_0.9950_0.9950_-0.9950_1.9899,69647,0.9950_0.9950_0.0000_-0.9950_1.9899
86,69647,0.9950_0.9950_0.0000_-0.9950_1.9899,59697,0.0000_0.0000_-0.9950_-0.9950_1.9899
86,59697,0.0000_0.0000_-0.9950_-0.9950_1.9899,39798,0.9950_0.9950_-0.0000_-0.9950_0.9950
86,39798,0.9950_0.9950_-0.0000_-0.9950_0.9950,29849,0.9950_0.0000_-0.9950_-0.9950_0.0000
86,29849,0.9950_0.0000_-0.9950_-0.9950_0.0000,29849,0.0000_-0.9950_-0.9950_-0.9950_0.0000
86,29849,0.0000_-0.9950_-0.9950_-0.9950_0.0000,29849,-0.9950_-0.0000_-0.9950_-0.9950_0.0000
86,29849,-0.9950_-0.0000_-0.9950_-0.9950_0.0000,9950,-0.0000_-0.0000_-0.0000_-0.9950_-0.0000
86,9950,-0.0000_-0.0000_-0.0000_-0.9950_-0.0000,9950,-0.0000_-0.0000_-0.9950_-0.0000_-0.0000
86,9950,-0.0000_-0.0000_-0.9950_-0.0000_-0.0000,0,0.0000_0.0000_0.0000_-0.0000_-0.0000
87,348234,0.9950_0.9950_-3.9798_-3.9798_0.9950,288537,1.9899_1.9899_-1.9899_-3.9798_-0.9950
87,288537,1.9899_1.9899_-1.9899_-3.9798_-0.9950,208941,2.9849_0.9950_-0.9950_-2.9849_-0.9950
87,208941,2.9849_0.9950_-0.9950_-2.9849_-0.9950,79597,0.9950_-0.9950_0.9950_-1.9899_-0.9950
87,79597,0.9950_-0.9950_0.9950_-1.9899_-0.9950,69647,1.9899_0.0000_0.9950_-0.9950_-0.9950
87,69647,1.9899_0.0000_0.9950_-0.9950_-0.9950,39798,0.0000_0.9950_-0.9950_-0.9950_0.9950
87,39798,0.0000_0.9950_-0.9950_-0.9950_0.9950,29849,0.0000_-0.0000_-0.9950_-0.9950_0.9950
87,29849,0.0000_-0.0000_-0.9950_-0.9950_0.9950,19899,-0.0000_0.0000_-0.9950_0.0000_0.9950
87,19899,-0.0000_0.0000_-0.9950_0.0000_0.9950,9950,0.0000_-0.0000_-0.0000_-0.9950_0.0000
87,9950,0.0000_-0.0000_-0.0000_-0.9950_0.0000,9950,-0.9950_0.0000_-0.0000_0.0000_0.0000
87,9950,-0.9950_0.0000_-0.0000_0.0000_0.0000,9950,0.0000_0.0000_0.9950_0.0000_-0.0000
87,9950,0.0000_0.0000_0.9950_0.0000_-0.0000,9950,-0.0000_-0.0000_0.0000_0.9950_0.0000
87,9950,-0.0000_-0.0000_0.0000_0.9950_0.0000,9950,-0.0000_0.9950_-0.0000_-0.0000_-0.0000
87,9950,-0.0000_0.9950_-0.0000_-0.0000_-0.0000,9950,-0.0000_-0.0000_0.9950_0.0000_-0.0000
88,497476,3.9798_-1.9899_-4.9747_-0.9950_1.9899,129345,0.9950_-1.9899_0.0000_1.9899_-1.9899
88,129345,0.9950_-1.9899_0.0000_1.9899_-1.9899,59697,-0.0000_-0.9950_0.0000_0.9950_-1.9899
88,59697,-0.0000_-0.9950_0.0000_0.9950_-1.9899,39798,0.9950_-0.9950_-0.0000_0.9950_-0.9950
88,39798,0.9950_-0.9950_-0.0000_0.9950_-0.9950,29849,-0.0000_-0.9950_-0.0000_0.9950_-0.9950
88,29849,-0.0000_-0.9950_-0.0000_0.9950_-0.9950,29849,0.0000_-0.9950_0.0000_0.9950_-0.9950
88,29849,0.0000_-0.9950_0.0000_0.9950_-0.9950,29849,-0.0000_-0.9950_0.9950_0.9950_-0.0000
88,29849,-0.0000_-0.9950_0.9950_0.9950_-0.0000,19899,0.0000_-0.9950_0.0000_0.9950_-0.0000
88,19899,0.0000_-0.9950_0.0000_0.9950_-0.0000,9950,-0.0000_-0.9950_-0.0000_0.0000_0.0000
88,9950,-0.0000_-0.9950_-0.0000_0.0000_0.0000,9950,0.0000_0.0000_-0.0000_0.9950_0.0000
88,9950,0.0000_0.0000_-0.0000_0.9950_0.0000,9950,0.9950_-0.0000_0.0000_0.0000_0.0000
88,9950,0.9950_-0.0000_0.0000_0.0000_0.0000,9950,0.9950_-0.0000_-0.0000_-0.0000_-0.0000
88,9950,0.9950_-0.0000_-0.0000_-0.0000_-0.0000,9950,0.9950_-0.0000_-0.0000_-0.0000_-0.0000
88,9950,0.9950_-0.0000_-0.0000_-0.0000_-0.0000,9950,-0.0000_0.0000_0.9950_-0.0000_0.0000
88,9950,-0.0000_0.0000_0.9950_-0.0000_0.0000,0,0.0000_-0.0000_-0.0000_-0.0000_0.0000
89,487528,3.9798_1.9899_1.9899_2.9849_3.9798,338285,2.9849_1.9899_0.9950_1.9899_3.9798
89,338285,2.9849_1.9899_0.9950_1.9899_3.9798,208941,-0.9950_2.9849_-0.9950_2.9849_-0.9950
89,208941,-0.9950_2.9849_-0.9950_2.9849_-0.9950,119395,0.9950_2.9849_-0.0000_0.9950_0.9950
89,119395,0.9950_2.9849_-0.0000_0.9950_0.9950,69647,0.9950_1.9899_-0.9950_0.9950_0.0000
89,69647,0.9950_1.9899_-0.9950_0.9950_0.0000,49748,0.9950_1.9899_-0.0000_0.0000_-0.0000
89,49748,0.9950_1.9899_-0.0000_0.0000_-0.0000,29849,0.0000_0.9950_-0.9950_0.0000_-0.9950
89,29849,0.0000_0.9950_-0.9950_0.0000_-0.9950,29849,0.9950_-0.0000_-0.9950_0.0000_-0.9950
89,29849,0.9950_-0.0000_-0.9950_0.0000_-0.9950,9950,0.0000_0.0000_-0.0000_-0.0000_-0.9950
89,9950,0.0000_0.0000_-0.0000_-0.0000_-0.9950,0,0.0000_-0.0000_0.0000_0.0000_-0.0000
90,477577,-2.9849_2.9849_0.9950_-1.9899_-4.9747,338285,-3.9798_-2.9849_1.9899_0.9950_1.9899
90,338285,-3.9798_-2.9849_1.9899_0.9950_1.9899,228840,-2.9849_0.9950_2.9849_1.9899_0.0000
90,228840,-2.9849_0.9950_2.9849_1.9899_0.0000,149244,-2.9849_0.9950_1.9899_0.9950_-0.0000
90,149244,-2.9849_0.9950_1.9899_0.9950_-0.0000,119395,-1.9899_1.9899_1.9899_-0.0000_-0.0000
90,119395,-1.9899_1.9899_1.9899_-0.0000_-0.0000,79597,-1.9899_0.9950_0.9950_-0.9950_-0.9950
90,79597,-1.9899_0.9950_0.9950_-0.9950_-0.9950,49748,-1.9899_-0.0000_0.9950_-0.0000_0.0000
90,49748,-1.9899_-0.0000_0.9950_-0.0000_0.0000,39798,-0.9950_-0.9950_0.9950_-0.0000_-0.9950
90,39798,-0.9950_-0.9950_0.9950_-0.0000_-0.9950,29849,-0.0000_-0.9950_0.9950_0.9950_0.0000
90,29849,-0.0000_-0.9950_0.9950_0.9950_0.0000,19899,0.0000_-0.9950_0.0000_-0.0000_0.9950
90,19899,0.0000_-0.9950_0.0000_-0.0000_0.9950,9950,0.0000_0.0000_-0.0000_-0.9950_0.0000
90,9950,0.0000_0.0000_-0.0000_-0.9950_0.0000,9950,0.0000_0.0000_-0.0000_-0.9950_-0.0000
90,9950,0.0000_0.0000_-0.0000_-0.9950_-0.0000,0,-0.0000_-0.0000_-0.0000_-0.0000_-0.0000
91,507425,4.9747_-0.9950_-3.9798_2.9849_-0.0000,318384,4.9747_0.9950_-1.9899_0.9950_0.9950
91,318384,4.9747_0.9950_-1.9899_0.9950_0.9950,258688,3.9798_1.9899_-1.9899_0.9950_0.9950
91,258688,3.9798_1.9899_-1.9899_0.9950_0.9950,49748,0.0000_1.9899_0.0000_-0.0000_0.9950
91,49748,0.0000_1.9899_0.0000_-0.0000_0.9950,39798,0.9950_0.9950_0.9950_-0.9950_-0.0000
91,39798,0.9950_0.9950_0.9950_-0.9950_-0.0000,29849,0.9950_0.9950_-0.0000_0.0000_-0.9950
91,29849,0.9950_0.9950_-0.0000_0.0000_-0.9950,29849,0.9950_0.9950_-0.0000_-0.0000_-0.9950
91,29849,0.9950_0.9950_-0.0000_-0.0000_-0.9950,19899,0.0000_0.0000_0.0000_0.9950_-0.9950
91,19899,0.0000_0.0000_0.0000_0.9950_-0.9950,19899,0.9950_0.0000_-0.0000_0.0000_-0.9950
91,19899,0.9950_0.0000_-0.0000_0.0000_-0.9950,19899,0.9950_-0.0000_0.0000_0.0000_-0.9950
91,19899,0.9950_-0.0000_0.0000_0.0000_-0.9950,9950,-0.0000_-0.0000_-0.0000_0.0000_-0.9950
91,9950,-0.0000_-0.0000_-0.0000_0.0000_-0.9950,9950,-0.9950_-0.0000_-0.0000_-0.0000_-0.0000
91,9950,-0.9950_-0.0000_-0.0000_-0.0000_-0.0000,9950,-0.0000_-0.9950_-0.0000_-0.0000_-0.0000
91,9950,-0.0000_-0.9950_-0.0000_-0.0000_-0.0000,9950,-0.0000_0.0000_0.9950_0.0000_0.0000
91,9950,-0.0000_0.0000_0.9950_0.0000_0.0000,0,0.0000_0.0000_0.0000_-0.0000_-0.0000
91,0,0.0000_0.0000_0.0000_-0.0000_-0.0000,0,0.0000_-0.0000_0.0000_-0.0000_-0.0000
92,338285,3.9798_2.9849_-1.9899_0.9950_-1.9899,248739,1.9899_3.9798_-1.9899_-0.9950_0.0000
92,248739,1.9899_3.9798_-1.9899_-0.9950_0.0000,248739,1.9899_3.9798_-1.9899_-0.0000_0.9950
92,248739,1.9899_3.9798_-1.9899_-0.0000_0.9950,228840,1.9899_2.9849_-2.9849_0.0000_0.9950
92,228840,1.9899_2.9849_-2.9849_0.0000_0.9950,159193,2.9849_0.9950_-0.9950_-0.9950_1.9899
92,159193,2.9849_0.9950_-0.9950_-0.9950_1.9899,149244,2.9849_0.9950_-1.9899_-0.0000_0.9950
92,149244,2.9849_0.9950_-1.9899_-0.0000_0.9950,149244,2.9849_0.9950_-1.9899_0.0000_0.9950
92,149244,2.9849_0.9950_-1.9899_0.0000_0.9950,39798,0.9950_0.9950_-0.0000_-0.9950_-0.9950
92,39798,0.9950_0.9950_-0.0000_-0.9950_-0.9950,29849,0.9950_0.9950_0.9950_0.0000_-0.0000
92,29849,0.9950_0.9950_0.9950_0.0000_-0.0000,29849,0.9950_0.9950_-0.0000_0.9950_0.0000
92,29849,0.9950_0.9950_-0.0000_0.9950_0.0000,19899,0.9950_-0.0000_0.0000_0.9950_0.0000
92,19899,0.9950_-0.0000_0.0000_0.9950_0.0000,19899,-0.0000_0.9950_0.0000_-0.0000_-0.9950
92,19899,-0.0000_0.9950_0.0000_-0.0000_-0.9950,9950,-0.0000_0.9950_-0.0000_-0.0000_-0.0000
92,9950,-0.0000_0.9950_-0.0000_-0.0000_-0.0000,9950,-0.0000_-0.0000_-0.0000_0.9950_-0.0000
93,348233,-0.0000_-0.0000_-0.9950_2.9849_-4.9747,338284,0.9950_-0.0000_-0.9950_3.9798_-3.9798
93,338284,0.9950_-0.0000_-0.9950_3.9798_-3.9798,139294,1.9899_1.9899_1.9899_-0.9950_-0.9950
93,139294,1.9899_1.9899_1.9899_-0.9950_-0.9950,39798,-0.9950_0.9950_0.0000_0.9950_0.9950
93,39798,-0.9950_0.9950_0.0000_0.9950_0.9950,19899,-0.9950_0.9950_0.0000_0.0000_0.0000
93,19899,-0.9950_0.9950_0.0000_0.0000_0.0000,19899,0.0000_0.9950_-0.0000_-0.9950_0.0000
93,19899,0.0000_0.9950_-0.0000_-0.9950_0.0000,9950,-0.0000_-0.0000_-0.0000_-0.9950_-0.0000
93,9950,-0.0000_-0.0000_-0.0000_-0.9950_-0.0000,9950,-0.0000_-0.0000_0.9950_-0.0000_-0.0000
94,746214,2.9849_-3.9798_2.9849_-4.9747_-3.9798,189041,-0.9950_0.9950_3.9798_0.0000_0.9950
94,189041,-0.9950_0.9950_3.9798_0.0000_0.9950,189041,0.0000_0.9950_3.9798_-0.9950_0.9950
94,189041,0.0000_0.9950_3.9798_-0.9950_0.9950,99496,-1.9899_1.9899_0.0000_0.9950_-0.9950
94,99496,-1.9899_1.9899_0.0000_0.9950_-0.9950,59697,-0.9950_1.9899_-0.0000_-0.0000_-0.9950
94,59697,-0.9950_1.9899_-0.0000_-0.0000_-0.9950,59697,-0.0000_0.9950_-0.9950_0.0000_-1.9899
94,59697,-0.0000_0.9950_-0.9950_0.0000_-1.9899,29849,0.9950_0.9950_0.0000_0.0000_-0.9950
94,29849,0.9950_0.9950_0.0000_0.0000_-0.9950,29849,0.9950_0.9950_0.0000_-0.9950_-0.0000
94,29849,0.9950_0.9950_0.0000_-0.9950_-0.0000,19899,0.9950_-0.0000_0.0000_0.0000_0.9950
94,19899,0.9950_-0.0000_0.0000_0.0000_0.9950,19899,-0.0000_-0.0000_0.9950_-0.9950_-0.0000
94,19899,-0.0000_-0.0000_0.9950_-0.9950_-0.0000,19899,-0.9950_-0.0000_-0.0000_-0.9950_-0.0000
94,19899,-0.9950_-0.0000_-0.0000_-0.9950_-0.0000,19899,-0.9950_-0.0000_-0.9950_-0.0000_-0.0000
94,19899,-0.9950_-0.0000_-0.9950_-0.0000_-0.0000,19899,-0.9950_0.9950_-0.0000_-0.0000_0.0000
94,19899,-0.9950_0.9950_-0.0000_-0.0000_0.0000,9950,-0.0000_0.9950_0.0000_0.0000_0.0000
94,9950,-0.0000_0.9950_0.0000_0.0000_0.0000,9950,-0.0000_-0.0000_-0.0000_0.0000_-0.9950
94,9950,-0.0000_-0.0000_-0.0000_0.0000_-0.9950,9950,-0.0000_-0.9950_-0.0000_-0.0000_-0.0000
94,9950,-0.0000_-0.9950_-0.0000_-0.0000_-0.0000,9950,-0.0000_-0.0000_-0.0000_-0.0000_0.9950
95,139294,-2.9849_-0.0000_-0.9950_1.9899_-0.0000,119395,-2.9849_0.9950_-0.0000_0.9950_-0.9950
95,119395,-2.9849_0.9950_-0.0000_0.9950_-0.9950,99496,-2.9849_0.0000_0.0000_-0.0000_-0.9950
95,99496,-2.9849_0.0000_0.0000_-0.0000_-0.9950,69647,-1.9899_0.9950_0.0000_0.9950_-0.9950
95,69647,-1.9899_0.9950_0.0000_0.9950_-0.9950,29849,-0.9950_0.9950_-0.0000_0.0000_-0.9950
95,29849,-0.9950_0.9950_-0.0000_0.0000_-0.9950,29849,-0.9950_0.9950_-0.0000_-0.0000_-0.9950
95,29849,-0.9950_0.9950_-0.0000_-0.0000_-0.9950,19899,-0.9950_0.9950_0.0000_-0.0000_0.0000
95,19899,-0.9950_0.9950_0.0000_-0.0000_0.0000,19899,-0.0000_0.9950_0.0000_-0.0000_0.9950
95,19899,-0.0000_0.9950_0.0000_-0.0000_0.9950,19899,0.0000_-0.0000_0.9950_0.9950_-0.0000
95,19899,0.0000_-0.0000_0.9950_0.9950_-0.0000,19899,-0.0000_-0.0000_0.0000_0.9950_0.9950
95,19899,-0.0000_-0.0000_0.0000_0.9950_0.9950,19899,-0.0000_-0.0000_0.9950_-0.0000_0.9950
95,19899,-0.0000_-0.0000_0.9950_-0.0000_0.9950,9950,-0.0000_0.0000_-0.0000_-0.0000_0.9950
95,9950,-0.0000_0.0000_-0.0000_-0.0000_0.9950,9950,-0.0000_-0.0000_-0.0000_-0.0000_0.9950
95,9950,-0.0000_-0.0000_-0.0000_-0.0000_0.9950,9950,-0.0000_-0.0000_-0.0000_-0.0000_0.9950
96,616870,-3.9798_1.9899_-0.9950_-4.9747_3.9798,378082,-4.9747_-1.9899_-2.9849_-0.0000_0.0000
96,378082,-4.9747_-1.9899_-2.9849_-0.0000_0.0000,139294,0.0000_1.9899_0.0000_0.9950_2.9849
96,139294,0.0000_1.9899_0.0000_0.9950_2.9849,39798,-0.9950_0.9950_-0.0000_0.9950_0.9950
96,39798,-0.9950_0.9950_-0.0000_0.9950_0.9950,39798,-0.9950_0.0000_0.9950_0.9950_0.9950
96,39798,-0.9950_0.0000_0.9950_0.9950_0.9950,29849,-0.9950_0.0000_0.9950_0.9950_-0.0000
96,29849,-0.9950_0.0000_0.9950_0.9950_-0.0000,29849,-0.0000_-0.9950_0.9950_0.9950_-0.0000
96,29849,-0.0000_-0.9950_0.9950_0.9950_-0.0000,9950,-0.9950_0.0000_0.0000_0.0000_0.0000
96,9950,-0.9950_0.0000_0.0000_0.0000_0.0000,9950,-0.9950_-0.0000_-0.0000_0.0000_0.0000
96,9950,-0.9950_-0.0000_-0.0000_0.0000_0.0000,9950,-0.0000_-0.0000_-0.0000_0.9950_-0.0000
96,9950,-0.0000_-0.0000_-0.0000_0.9950_-0.0000,9950,0.0000_-0.0000_-0.0000_-0.0000_-0.9950
97,69647,0.0000_-1.9899_-0.9950_0.9950_-0.9950,59697,-0.9950_-0.9950_-0.0000_-0.0000_-1.9899
97,59697,-0.9950_-0.9950_-0.0000_-0.0000_-1.9899,29849,0.0000_-0.0000_0.9950_-0.9950_-0.9950
97,29849,0.0000_-0.0000_0.9950_-0.9950_-0.9950,29849,0.0000_0.9950_0.9950_0.0000_-0.9950
97,29849,0.0000_0.9950_0.9950_0.0000_-0.9950,29849,-0.0000_0.9950_0.0000_-0.9950_-0.9950
97,29849,-0.0000_0.9950_0.0000_-0.9950_-0.9950,29849,0.9950_0.9950_0.0000_-0.9950_-0.0000
97,29849,0.9950_0.9950_0.0000_-0.9950_-0.0000,19899,0.9950_0.0000_0.9950_-0.0000_-0.0000
97,19899,0.9950_0.0000_0.9950_-0.0000_-0.0000,19899,0.9950_-0.0000_-0.0000_0.9950_0.0000
97,19899,0.9950_-0.0000_-0.0000_0.9950_0.0000,19899,-0.0000_-0.0000_0.9950_-0.0000_0.9950
97,19899,-0.0000_-0.0000_0.9950_-0.0000_0.9950,19899,0.9950_-0.0000_-0.0000_-0.9950_-0.0000
97,19899,0.9950_-0.0000_-0.0000_-0.9950_-0.0000,9950,0.0000_0.0000_0.9950_-0.0000_-0.0000
97,9950,0.0000_0.0000_0.9950_-0.0000_-0.0000,9950,-0.9950_-0.0000_-0.0000_-0.0000_-0.0000
97,9950,-0.9950_-0.0000_-0.0000_-0.0000_-0.0000,9950,-0.9950_-0.0000_-0.0000_-0.0000_-0.0000
98,527323,-0.9950_-4.9747_4.9747_0.9950_-0.9950,338283,-0.9950_0.0000_4.9747_-1.9899_1.9899
98,338283,-0.9950_0.0000_4.9747_-1.9899_1.9899,248739,-0.0000_0.9950_3.9798_-1.9899_1.9899
98,248739,-0.0000_0.9950_3.9798_-1.9899_1.9899,189041,0.9950_-0.0000_3.9798_-0.9950_0.9950
98,189041,0.9950_-0.0000_3.9798_-0.9950_0.9950,179092,-0.0000_-0.9950_2.9849_-1.9899_1.9899
98,179092,-0.0000_-0.9950_2.9849_-1.9899_1.9899,139294,0.0000_-0.0000_2.9849_-0.9950_1.9899
98,139294,0.0000_-0.0000_2.9849_-0.9950_1.9899,129345,1.9899_1.9899_0.9950_-1.9899_0.0000
98,129345,1.9899_1.9899_0.9950_-1.9899_0.0000,99496,0.9950_1.9899_-0.0000_-1.9899_0.9950
98,99496,0.9950_1.9899_-0.0000_-1.9899_0.9950,89546,0.0000_1.9899_0.9950_-1.9899_0.0000
98,89546,0.0000_1.9899_0.9950_-1.9899_0.0000,29849,0.0000_0.9950_0.9950_-0.9950_0.0000
98,29849,0.0000_0.9950_0.9950_-0.9950_0.0000,29849,-0.9950_0.9950_0.9950_0.0000_0.0000
98,29849,-0.9950_0.9950_0.9950_0.0000_0.0000,29849,0.0000_0.9950_0.9950_-0.9950_0.0000
98,29849,0.0000_0.9950_0.9950_-0.9950_0.0000,19899,0.0000_0.0000_0.9950_-0.9950_0.0000
98,19899,0.0000_0.0000_0.9950_-0.9950_0.0000,19899,-0.9950_0.0000_0.9950_0.0000_0.0000
98,19899,-0.9950_0.0000_0.9950_0.0000_0.0000,19899,-0.9950_-0.0000_0.9950_0.0000_-0.0000
98,19899,-0.9950_-0.0000_0.9950_0.0000_-0.0000,19899,-0.9950_-0.0000_0.9950_-0.0000_-0.0000
98,19899,-0.9950_-0.0000_0.9950_-0.0000_-0.0000,9950,-0.0000_-0.0000_0.9950_-0.0000_-0.0000
98,9950,-0.0000_-0.0000_0.9950_-0.0000_-0.0000,9950,-0.9950_0.0000_-0.0000_-0.0000_-0.0000
98,9950,-0.9950_0.0000_-0.0000_-0.0000_-0.0000,0,0.0000_-0.0000_-0.0000_0.0000_0.0000
98,0,0.0000_-0.0000_-0.0000_0.0000_0.0000,0,-0.0000_-0.0000_-0.0000_-0.0000_0.0000
98,0,-0.0000_-0.0000_-0.0000_-0.0000_0.0000,0,-0.0000_-0.0000_-0.0000_-0.0000_-0.0000
99,99496,0.9950_-0.0000_-1.9899_-0.9950_-1.9899,89546,1.9899_-0.9950_0.0000_-1.9899_0.0000
99,89546,1.9899_-0.9950_0.0000_-1.9899_0.0000,69647,1.9899_-0.9950_0.9950_-0.9950_-0.0000
99,69647,1.9899_-0.9950_0.9950_-0.9950_-0.0000,39798,0.9950_-0.0000_0.9950_-0.9950_-0.9950
99,39798,0.9950_-0.0000_0.9950_-0.9950_-0.9950,39798,0.9950_-0.0000_0.9950_-0.9950_-0.9950
99,39798,0.9950_-0.0000_0.9950_-0.9950_-0.9950,19899,0.9950_0.0000_-0.0000_-0.9950_-0.0000
99,19899,0.9950_0.0000_-0.0000_-0.9950_-0.0000,19899,-0.0000_0.9950_-0.0000_-0.9950_-0.0000
99,19899,-0.0000_0.9950_-0.0000_-0.9950_-0.0000,9950,-0.9950_0.0000_-0.0000_-0.0000_-0.0000
99,9950,-0.9950_0.0000_-0.0000_-0.0000_-0.0000,9950,0.0000_0.9950_-0.0000_0.0000_-0.0000
99,9950,0.0000_0.9950_-0.0000_0.0000_-0.0000,9950,-0.0000_0.9950_-0.0000_-0.0000_-0.0000
99,9950,-0.0000_0.9950_-0.0000_-0.0000_-0.0000,9950,-0.0000_-0.0000_-0.0000_0.9950_-0.0000
99,9950,-0.0000_-0.0000_-0.0000_0.9950_-0.0000,9950,-0.9950_-0.0000_-0.0000_-0.0000_0.0000
100,467627,-1.9899_3.9798_-0.9950_-0.9950_4.9747,457678,-1.9899_3.9798_-0.0000_-0.9950_4.9747
100,457678,-1.9899_3.9798_-0.0000_-0.9950_4.9747,417880,1.9899_4.9747_-2.9849_1.9899_-0.0000
100,417880,1.9899_4.9747_-2.9849_1.9899_-0.0000,378082,1.9899_3.9798_-3.9798_0.9950_-0.9950
100,378082,1.9899_3.9798_-3.9798_0.9950_-0.9950,228840,-0.9950_0.9950_-3.9798_-0.9950_-1.9899
100,228840,-0.9950_0.9950_-3.9798_-0.9950_-1.9899,218891,1.9899_-1.9899_-0.9950_-2.9849_1.9899
100,218891,1.9899_-1.9899_-0.9950_-2.9849_1.9899,169143,1.9899_-1.9899_-0.9950_-1.9899_1.9899
100,169143,1.9899_-1.9899_-0.9950_-1.9899_1.9899,149244,1.9899_0.0000_-0.9950_-2.9849_0.9950
100,149244,1.9899_0.0000_-0.9950_-2.9849_0.9950,149244,1.9899_0.0000_-0.9950_-2.9849_0.9950
100,149244,1.9899_0.0000_-0.9950_-2.9849_0.9950,109445,-0.9950_1.9899_1.9899_0.9950_0.9950
100,109445,-0.9950_1.9899_1.9899_0.9950_0.9950,99496,-0.0000_1.9899_1.9899_0.9950_0.9950
100,99496,-0.0000_1.9899_1.9899_0.9950_0.9950,79597,0.9950_1.9899_0.9950_0.9950_0.9950
100,79597,0.9950_1.9899_0.9950_0.9950_0.9950,69647,0.9950_0.9950_0.9950_-0.0000_1.9899
100,69647,0.9950_0.9950_0.9950_-0.0000_1.9899,39798,-0.0000_0.9950_0.9950_0.9950_0.9950
100,39798,-0.0000_0.9950_0.9950_0.9950_0.9950,19899,-0.0000_0.9950_-0.0000_-0.0000_0.9950
100,19899,-0.0000_0.9950_-0.0000_-0.0000_0.9950,9950,0.0000_0.9950_0.0000_0.0000_0.0000
100,9950,0.0000_0.9950_0.0000_0.0000_0.0000,9950,0.0000_0.9950_-0.0000_0.0000_0.0000
100,9950,0.0000_0.9950_-0.0000_0.0000_0.0000,9950,0.0000_-0.0000_-0.9950_-0.0000_-0.0000
100,9950,0.0000_-0.0000_-0.9950_-0.0000_-0.0000,9950,-0.0000_0.9950_-0.0000_-0.0000_-0.0000
100,9950,-0.0000_0.9950_-0.0000_-0.0000_-0.0000,9950,-0.9950_-0.0000_-0.0000_-0.0000_-0.0000
100,9950,-0.9950_-0.0000_-0.0000_-0.0000_-0.0000,9950,0.0000_-0.0000_0.9950_0.0000_0.0000
